9813,1,-0.370,1111,IUM26-IUN26,S,26-Jun-2026,09:37:13,-0.37,SGX,XOF8013,XOF8013,IUM26-IUN26
9813,1,103.620,1111,IUM26,B,25-Jun-2026,09:37:13,103.5,SGX,XOF8013,XOF8013,IUM26
9813,1,103.250,1111,IUN26,S,29-Jul-2026,09:37:13,103.23,SGX,XOF8013,XOF8013,IUN26
9813,1,-0.370,1111,IUM26-IUN26,S,26-Jun-2026,09:37:13,-0.37,SGX,XOF8013,XOF8013,IUM26-IUN26
9813,1,103.600,1111,IUM26,B,25-Jun-2026,09:37:13,103.5,SGX,XOF8013,XOF8013,IUM26
9813,1,103.230,1111,IUN26,S,29-Jul-2026,09:37:13,103.23,SGX,XOF8013,XOF8013,IUN26
9813,1,-0.370,1111,IUM26-IUN26,S,26-Jun-2026,09:37:13,-0.37,SGX,XOF8013,XOF8013,IUM26-IUN26
9813,1,103.600,1111,IUM26,B,25-Jun-2026,09:37:13,103.5,SGX,XOF8013,XOF8013,IUM26
9813,1,103.230,1111,IUN26,S,29-Jul-2026,09:37:13,103.23,SGX,XOF8013,XOF8013,IUN26
9813,1,-0.370,1111,IUM26-IUN26,S,26-Jun-2026,09:37:13,-0.37,SGX,XOF8013,XOF8013,IUM26-IUN26
9813,1,103.610,1111,IUM26,B,25-Jun-2026,09:37:13,103.5,SGX,XOF8013,XOF8013,IUM26
9813,1,103.240,1111,IUN26,S,29-Jul-2026,09:37:13,103.23,SGX,XOF8013,XOF8013,IUN26
9813,1,-0.370,1111,IUM26-IUN26,S,26-Jun-2026,09:37:13,-0.37,SGX,XOF8013,XOF8013,IUM26-IUN26
9813,1,103.600,1111,IUM26,B,25-Jun-2026,09:37:13,103.5,SGX,XOF8013,XOF8013,IUM26
9813,1,103.230,1111,IUN26,S,29-Jul-2026,09:37:13,103.23,SGX,XOF8013,XOF8013,IUN26
9813,1,-0.370,1111,IUM26-IUN26,S,26-Jun-2026,09:37:13,-0.37,SGX,XOF8013,XOF8013,IUM26-IUN26
9813,1,103.600,1111,IUM26,B,25-Jun-2026,09:37:13,103.5,SGX,XOF8013,XOF8013,IUM26
9813,1,103.230,1111,IUN26,S,29-Jul-2026,09:37:13,103.23,SGX,XOF8013,XOF8013,IUN26
9813,1,-0.370,1111,IUM26-IUN26,S,26-Jun-2026,09:37:13,-0.37,SGX,XOF8013,XOF8013,IUM26-IUN26
9813,1,103.580,1111,IUM26,B,25-Jun-2026,09:37:13,103.5,SGX,XOF8013,XOF8013,IUM26
9813,1,103.210,1111,IUN26,S,29-Jul-2026,09:37:13,103.23,SGX,XOF8013,XOF8013,IUN26
9813,1,-0.370,1111,IUM26-IUN26,S,26-Jun-2026,09:37:13,-0.37,SGX,XOF8013,XOF8013,IUM26-IUN26
9813,1,103.590,1111,IUM26,B,25-Jun-2026,09:37:13,103.5,SGX,XOF8013,XOF8013,IUM26
9813,1,103.220,1111,IUN26,S,29-Jul-2026,09:37:13,103.23,SGX,XOF8013,XOF8013,IUN26
9813,1,-0.400,1111,IUM26-IUN26,B,26-Jun-2026,09:02:25,-0.37,SGX,XOF8013,XOF8013,IUM26-IUN26
9813,1,103.590,1111,IUM26,S,25-Jun-2026,09:02:25,103.5,SGX,XOF8013,XOF8013,IUM26
9813,1,103.190,1111,IUN26,B,29-Jul-2026,09:02:25,103.23,SGX,XOF8013,XOF8013,IUN26
9813,1,-0.400,1111,IUM26-IUN26,B,26-Jun-2026,09:02:25,-0.37,SGX,XOF8013,XOF8013,IUM26-IUN26
9813,1,103.590,1111,IUM26,S,25-Jun-2026,09:02:25,103.5,SGX,XOF8013,XOF8013,IUM26
9813,1,103.190,1111,IUN26,B,29-Jul-2026,09:02:25,103.23,SGX,XOF8013,XOF8013,IUN26
9813,1,-0.400,1111,IUM26-IUN26,B,26-Jun-2026,09:02:25,-0.37,SGX,XOF8013,XOF8013,IUM26-IUN26
9813,1,103.590,1111,IUM26,S,25-Jun-2026,09:02:25,103.5,SGX,XOF8013,XOF8013,IUM26
9813,1,103.190,1111,IUN26,B,29-Jul-2026,09:02:25,103.23,SGX,XOF8013,XOF8013,IUN26
9813,1,-0.400,1111,IUM26-IUN26,B,26-Jun-2026,09:02:25,-0.37,SGX,XOF8013,XOF8013,IUM26-IUN26
9813,1,103.590,1111,IUM26,S,25-Jun-2026,09:02:25,103.5,SGX,XOF8013,XOF8013,IUM26
9813,1,103.190,1111,IUN26,B,29-Jul-2026,09:02:25,103.23,SGX,XOF8013,XOF8013,IUN26
9813,1,-0.370,1111,IUM26-IUN26,S,26-Jun-2026,09:37:13,-0.37,SGX,XOF8013,XOF8013,IUM26-IUN26
9813,1,103.620,1111,IUM26,B,25-Jun-2026,09:37:13,103.5,SGX,XOF8013,XOF8013,IUM26
9813,1,103.250,1111,IUN26,S,29-Jul-2026,09:37:13,103.23,SGX,XOF8013,XOF8013,IUN26
9813,1,-0.370,1111,IUM26-IUN26,S,26-Jun-2026,09:37:13,-0.37,SGX,XOF8013,XOF8013,IUM26-IUN26
9813,1,103.630,1111,IUM26,B,25-Jun-2026,09:37:13,103.5,SGX,XOF8013,XOF8013,IUM26
9813,1,103.260,1111,IUN26,S,29-Jul-2026,09:37:13,103.23,SGX,XOF8013,XOF8013,IUN26
9813,1,-0.370,1111,IUM26-IUN26,S,26-Jun-2026,09:37:13,-0.37,SGX,XOF8013,XOF8013,IUM26-IUN26
9813,1,103.630,1111,IUM26,B,25-Jun-2026,09:37:13,103.5,SGX,XOF8013,XOF8013,IUM26
9813,1,103.260,1111,IUN26,S,29-Jul-2026,09:37:13,103.23,SGX,XOF8013,XOF8013,IUN26
9813,2,-0.370,1111,IUM26-IUN26,S,26-Jun-2026,09:37:13,-0.37,SGX,XOF8013,XOF8013,IUM26-IUN26
9813,2,103.630,1111,IUM26,B,25-Jun-2026,09:37:13,103.5,SGX,XOF8013,XOF8013,IUM26
9813,2,103.260,1111,IUN26,S,29-Jul-2026,09:37:13,103.23,SGX,XOF8013,XOF8013,IUN26
9816,4,-0.380,1111,IUK26-IUM26,B,26-May-2026,09:10:08,-0.38,SGX,XOF8016,XOF8016,IUK26-IUM26
9816,4,104.010,1111,IUK26,S,26-May-2026,09:10:08,103.88,SGX,XOF8016,XOF8016,IUK26
9816,4,103.630,1111,IUM26,B,25-Jun-2026,09:10:08,103.5,SGX,XOF8016,XOF8016,IUM26
9813,1,-0.370,1111,IUM26-IUN26,S,26-Jun-2026,09:37:13,-0.37,SGX,XOF8013,XOF8013,IUM26-IUN26
9813,1,103.620,1111,IUM26,B,25-Jun-2026,09:37:13,103.5,SGX,XOF8013,XOF8013,IUM26
9813,1,103.250,1111,IUN26,S,29-Jul-2026,09:37:13,103.23,SGX,XOF8013,XOF8013,IUN26
9816,96,-0.380,1111,IUK26-IUM26,B,26-May-2026,09:10:08,-0.38,SGX,XOF8016,XOF8016,IUK26-IUM26
9816,96,104.000,1111,IUK26,S,26-May-2026,09:10:08,103.88,SGX,XOF8016,XOF8016,IUK26
9816,96,103.620,1111,IUM26,B,25-Jun-2026,09:10:08,103.5,SGX,XOF8016,XOF8016,IUM26
9816,96,-0.380,1111,IUK26-IUM26,S,26-May-2026,09:10:13,-0.38,SGX,XOF8016,XOF8016,IUK26-IUM26
9816,96,103.610,1111,IUM26,S,25-Jun-2026,09:10:13,103.5,SGX,XOF8016,XOF8016,IUM26
9816,96,103.990,1111,IUK26,B,26-May-2026,09:10:13,103.88,SGX,XOF8016,XOF8016,IUK26
9816,4,-0.380,1111,IUK26-IUM26,S,26-May-2026,09:10:13,-0.38,SGX,XOF8016,XOF8016,IUK26-IUM26
9816,4,103.610,1111,IUM26,S,25-Jun-2026,09:10:13,103.5,SGX,XOF8016,XOF8016,IUM26
9816,4,103.990,1111,IUK26,B,26-May-2026,09:10:13,103.88,SGX,XOF8016,XOF8016,IUK26
9816,46,-0.380,1111,IUK26-IUM26,S,26-May-2026,09:10:17,-0.38,SGX,XOF8016,XOF8016,IUK26-IUM26
9816,46,103.990,1111,IUK26,B,26-May-2026,09:10:17,103.88,SGX,XOF8016,XOF8016,IUK26
9816,46,103.610,1111,IUM26,S,25-Jun-2026,09:10:17,103.5,SGX,XOF8016,XOF8016,IUM26
9816,54,-0.380,1111,IUK26-IUM26,S,26-May-2026,09:10:17,-0.38,SGX,XOF8016,XOF8016,IUK26-IUM26
9816,54,103.990,1111,IUK26,B,26-May-2026,09:10:17,103.88,SGX,XOF8016,XOF8016,IUK26
9816,54,103.610,1111,IUM26,S,25-Jun-2026,09:10:17,103.5,SGX,XOF8016,XOF8016,IUM26
9816,46,-0.380,1111,IUK26-IUM26,S,26-May-2026,09:10:17,-0.38,SGX,XOF8016,XOF8016,IUK26-IUM26
9816,46,103.610,1111,IUM26,S,25-Jun-2026,09:10:17,103.5,SGX,XOF8016,XOF8016,IUM26
9816,46,103.990,1111,IUK26,B,26-May-2026,09:10:17,103.88,SGX,XOF8016,XOF8016,IUK26
9816,54,-0.380,1111,IUK26-IUM26,S,26-May-2026,09:10:17,-0.38,SGX,XOF8016,XOF8016,IUK26-IUM26
9816,54,103.610,1111,IUM26,S,25-Jun-2026,09:10:17,103.5,SGX,XOF8016,XOF8016,IUM26
9816,54,103.990,1111,IUK26,B,26-May-2026,09:10:17,103.88,SGX,XOF8016,XOF8016,IUK26
9813,1,-0.370,1111,IUM26-IUN26,S,26-Jun-2026,09:37:13,-0.37,SGX,XOF8013,XOF8013,IUM26-IUN26
9813,1,103.630,1111,IUM26,B,25-Jun-2026,09:37:13,103.5,SGX,XOF8013,XOF8013,IUM26
9813,1,103.260,1111,IUN26,S,29-Jul-2026,09:37:13,103.23,SGX,XOF8013,XOF8013,IUN26
9813,1,-0.370,1111,IUM26-IUN26,S,26-Jun-2026,09:37:13,-0.37,SGX,XOF8013,XOF8013,IUM26-IUN26
9813,1,103.630,1111,IUM26,B,25-Jun-2026,09:37:13,103.5,SGX,XOF8013,XOF8013,IUM26
9813,1,103.260,1111,IUN26,S,29-Jul-2026,09:37:13,103.23,SGX,XOF8013,XOF8013,IUN26
9819,40,-0.380,1111,IUK26-IUM26,S,26-May-2026,09:15:11,-0.38,SGX,XOF8019,XOF8019,IUK26-IUM26
9819,40,104.040,1111,IUK26,B,26-May-2026,09:15:11,103.88,SGX,XOF8019,XOF8019,IUK26
9819,40,103.660,1111,IUM26,S,25-Jun-2026,09:15:11,103.5,SGX,XOF8019,XOF8019,IUM26
9819,100,-0.380,1111,IUK26-IUM26,S,26-May-2026,09:15:11,-0.38,SGX,XOF8019,XOF8019,IUK26-IUM26
9819,100,104.040,1111,IUK26,B,26-May-2026,09:15:11,103.88,SGX,XOF8019,XOF8019,IUK26
9819,100,103.660,1111,IUM26,S,25-Jun-2026,09:15:11,103.5,SGX,XOF8019,XOF8019,IUM26
9819,60,-0.380,1111,IUK26-IUM26,S,26-May-2026,09:15:11,-0.38,SGX,XOF8019,XOF8019,IUK26-IUM26
9819,60,104.040,1111,IUK26,B,26-May-2026,09:15:11,103.88,SGX,XOF8019,XOF8019,IUK26
9819,60,103.660,1111,IUM26,S,25-Jun-2026,09:15:11,103.5,SGX,XOF8019,XOF8019,IUM26
9813,1,-0.370,1111,IUM26-IUN26,S,26-Jun-2026,09:37:13,-0.37,SGX,XOF8013,XOF8013,IUM26-IUN26
9813,1,103.660,1111,IUM26,B,25-Jun-2026,09:37:13,103.5,SGX,XOF8013,XOF8013,IUM26
9813,1,103.290,1111,IUN26,S,29-Jul-2026,09:37:13,103.23,SGX,XOF8013,XOF8013,IUN26
9819,40,-0.380,1111,IUK26-IUM26,S,26-May-2026,09:15:13,-0.38,SGX,XOF8019,XOF8019,IUK26-IUM26
9819,40,104.030,1111,IUK26,B,26-May-2026,09:15:13,103.88,SGX,XOF8019,XOF8019,IUK26
9819,40,103.650,1111,IUM26,S,25-Jun-2026,09:15:13,103.5,SGX,XOF8019,XOF8019,IUM26
9819,100,-0.380,1111,IUK26-IUM26,S,26-May-2026,09:15:13,-0.38,SGX,XOF8019,XOF8019,IUK26-IUM26
9819,100,104.030,1111,IUK26,B,26-May-2026,09:15:13,103.88,SGX,XOF8019,XOF8019,IUK26
9819,100,103.650,1111,IUM26,S,25-Jun-2026,09:15:13,103.5,SGX,XOF8019,XOF8019,IUM26
9813,2,-0.380,1111,IUK26-IUM26,B,26-May-2026,09:15:13,-0.38,SGX,XOF8013,XOF8013,IUK26-IUM26
9813,2,104.030,1111,IUK26,S,26-May-2026,09:15:13,103.88,SGX,XOF8013,XOF8013,IUK26
9813,2,103.650,1111,IUM26,B,25-Jun-2026,09:15:13,103.5,SGX,XOF8013,XOF8013,IUM26
9813,1,-0.370,1111,IUM26-IUN26,S,26-Jun-2026,09:37:13,-0.37,SGX,XOF8013,XOF8013,IUM26-IUN26
9813,1,103.650,1111,IUM26,B,25-Jun-2026,09:37:13,103.5,SGX,XOF8013,XOF8013,IUM26
9813,1,103.280,1111,IUN26,S,29-Jul-2026,09:37:13,103.23,SGX,XOF8013,XOF8013,IUN26
9819,1,-0.390,1111,IUK26-IUM26,S,26-May-2026,09:16:52,-0.38,SGX,XOF8019,XOF8019,IUK26-IUM26
9819,1,104.050,1111,IUK26,B,26-May-2026,09:16:52,103.88,SGX,XOF8019,XOF8019,IUK26
9819,1,103.660,1111,IUM26,S,25-Jun-2026,09:16:52,103.5,SGX,XOF8019,XOF8019,IUM26
9813,1,-0.370,1111,IUM26-IUN26,S,26-Jun-2026,09:37:13,-0.37,SGX,XOF8013,XOF8013,IUM26-IUN26
9813,1,103.670,1111,IUM26,B,25-Jun-2026,09:37:13,103.5,SGX,XOF8013,XOF8013,IUM26
9813,1,103.300,1111,IUN26,S,29-Jul-2026,09:37:13,103.23,SGX,XOF8013,XOF8013,IUN26
9813,2,-0.380,1111,IUK26-IUM26,S,26-May-2026,09:19:57,-0.38,SGX,XOF8013,XOF8013,IUK26-IUM26
9813,2,104.060,1111,IUK26,B,26-May-2026,09:19:57,103.88,SGX,XOF8013,XOF8013,IUK26
9813,2,103.680,1111,IUM26,S,25-Jun-2026,09:19:57,103.5,SGX,XOF8013,XOF8013,IUM26
9813,1,-0.370,1111,IUM26-IUN26,S,26-Jun-2026,09:37:13,-0.37,SGX,XOF8013,XOF8013,IUM26-IUN26
9813,1,103.660,1111,IUM26,B,25-Jun-2026,09:37:13,103.5,SGX,XOF8013,XOF8013,IUM26
9813,1,103.290,1111,IUN26,S,29-Jul-2026,09:37:13,103.23,SGX,XOF8013,XOF8013,IUN26
9813,1,-0.370,1111,IUM26-IUN26,S,26-Jun-2026,09:37:13,-0.37,SGX,XOF8013,XOF8013,IUM26-IUN26
9813,1,103.650,1111,IUM26,B,25-Jun-2026,09:37:13,103.5,SGX,XOF8013,XOF8013,IUM26
9813,1,103.280,1111,IUN26,S,29-Jul-2026,09:37:13,103.23,SGX,XOF8013,XOF8013,IUN26
9813,1,-0.370,1111,IUM26-IUN26,S,26-Jun-2026,09:37:13,-0.37,SGX,XOF8013,XOF8013,IUM26-IUN26
9813,1,103.630,1111,IUM26,B,25-Jun-2026,09:37:13,103.5,SGX,XOF8013,XOF8013,IUM26
9813,1,103.260,1111,IUN26,S,29-Jul-2026,09:37:13,103.23,SGX,XOF8013,XOF8013,IUN26
9812,10,-0.390,1111,IUK26-IUM26,S,26-May-2026,09:23:16,-0.38,SGX,XOF8012,XOF8012,IUK26-IUM26
9812,10,104.010,1111,IUK26,B,26-May-2026,09:23:16,103.88,SGX,XOF8012,XOF8012,IUK26
9812,10,103.620,1111,IUM26,S,25-Jun-2026,09:23:16,103.5,SGX,XOF8012,XOF8012,IUM26
9813,1,-0.370,1111,IUM26-IUN26,S,26-Jun-2026,09:37:13,-0.37,SGX,XOF8013,XOF8013,IUM26-IUN26
9813,1,103.620,1111,IUM26,B,25-Jun-2026,09:37:13,103.5,SGX,XOF8013,XOF8013,IUM26
9813,1,103.250,1111,IUN26,S,29-Jul-2026,09:37:13,103.23,SGX,XOF8013,XOF8013,IUN26
9813,4,-0.380,1111,IUM26-IUN26,B,26-Jun-2026,09:29:14,-0.37,SGX,XOF8013,XOF8013,IUM26-IUN26
9813,4,103.600,1111,IUM26,S,25-Jun-2026,09:29:14,103.5,SGX,XOF8013,XOF8013,IUM26
9813,4,103.220,1111,IUN26,B,29-Jul-2026,09:29:14,103.23,SGX,XOF8013,XOF8013,IUN26
9813,1,-0.370,1111,IUM26-IUN26,S,26-Jun-2026,09:37:13,-0.37,SGX,XOF8013,XOF8013,IUM26-IUN26
9813,1,103.590,1111,IUM26,B,25-Jun-2026,09:37:13,103.5,SGX,XOF8013,XOF8013,IUM26
9813,1,103.220,1111,IUN26,S,29-Jul-2026,09:37:13,103.23,SGX,XOF8013,XOF8013,IUN26
9813,2,-0.380,1111,IUM26-IUN26,B,26-Jun-2026,09:29:14,-0.37,SGX,XOF8013,XOF8013,IUM26-IUN26
9813,2,103.610,1111,IUM26,S,25-Jun-2026,09:29:14,103.5,SGX,XOF8013,XOF8013,IUM26
9813,2,103.230,1111,IUN26,B,29-Jul-2026,09:29:14,103.23,SGX,XOF8013,XOF8013,IUN26
9813,2,-0.380,1111,IUM26-IUN26,B,26-Jun-2026,09:29:14,-0.37,SGX,XOF8013,XOF8013,IUM26-IUN26
9813,2,103.610,1111,IUM26,S,25-Jun-2026,09:29:14,103.5,SGX,XOF8013,XOF8013,IUM26
9813,2,103.230,1111,IUN26,B,29-Jul-2026,09:29:14,103.23,SGX,XOF8013,XOF8013,IUN26
9819,7,-0.380,1111,IUK26-IUM26,S,26-May-2026,09:37:06,-0.38,SGX,XOF8019,XOF8019,IUK26-IUM26
9819,7,103.990,1111,IUK26,B,26-May-2026,09:37:06,103.88,SGX,XOF8019,XOF8019,IUK26
9819,7,103.610,1111,IUM26,S,25-Jun-2026,09:37:06,103.5,SGX,XOF8019,XOF8019,IUM26
9819,8,-0.380,1111,IUK26-IUM26,B,26-May-2026,09:37:13,-0.38,SGX,XOF8019,XOF8019,IUK26-IUM26
9819,8,103.970,1111,IUK26,S,26-May-2026,09:37:13,103.88,SGX,XOF8019,XOF8019,IUK26
9819,8,103.590,1111,IUM26,B,25-Jun-2026,09:37:13,103.5,SGX,XOF8019,XOF8019,IUM26
9819,5,-0.380,1111,IUK26-IUM26,B,26-May-2026,09:37:13,-0.38,SGX,XOF8019,XOF8019,IUK26-IUM26
9819,5,103.970,1111,IUK26,S,26-May-2026,09:37:13,103.88,SGX,XOF8019,XOF8019,IUK26
9819,5,103.590,1111,IUM26,B,25-Jun-2026,09:37:13,103.5,SGX,XOF8019,XOF8019,IUM26
9819,20,-0.380,1111,IUK26-IUM26,B,26-May-2026,09:37:13,-0.38,SGX,XOF8019,XOF8019,IUK26-IUM26
9819,20,103.970,1111,IUK26,S,26-May-2026,09:37:13,103.88,SGX,XOF8019,XOF8019,IUK26
9819,20,103.590,1111,IUM26,B,25-Jun-2026,09:37:13,103.5,SGX,XOF8019,XOF8019,IUM26
9813,1,-0.370,1111,IUM26-IUN26,S,26-Jun-2026,09:37:13,-0.37,SGX,XOF8013,XOF8013,IUM26-IUN26
9813,1,103.600,1111,IUM26,B,25-Jun-2026,09:37:13,103.5,SGX,XOF8013,XOF8013,IUM26
9813,1,103.230,1111,IUN26,S,29-Jul-2026,09:37:13,103.23,SGX,XOF8013,XOF8013,IUN26
9816,7,-0.380,1111,IUK26-IUM26,B,26-May-2026,09:38:21,-0.38,SGX,XOF8016,XOF8016,IUK26-IUM26
9816,7,103.590,1111,IUM26,B,25-Jun-2026,09:38:21,103.5,SGX,XOF8016,XOF8016,IUM26
9816,7,103.970,1111,IUK26,S,26-May-2026,09:38:21,103.88,SGX,XOF8016,XOF8016,IUK26
9816,15,-0.380,1111,IUK26-IUM26,B,26-May-2026,09:38:21,-0.38,SGX,XOF8016,XOF8016,IUK26-IUM26
9816,15,103.980,1111,IUK26,S,26-May-2026,09:38:21,103.88,SGX,XOF8016,XOF8016,IUK26
9816,15,103.600,1111,IUM26,B,25-Jun-2026,09:38:21,103.5,SGX,XOF8016,XOF8016,IUM26
9816,27,-0.380,1111,IUK26-IUM26,B,26-May-2026,09:38:21,-0.38,SGX,XOF8016,XOF8016,IUK26-IUM26
9816,27,103.980,1111,IUK26,S,26-May-2026,09:38:21,103.88,SGX,XOF8016,XOF8016,IUK26
9816,27,103.600,1111,IUM26,B,25-Jun-2026,09:38:21,103.5,SGX,XOF8016,XOF8016,IUM26
9816,13,-0.380,1111,IUK26-IUM26,B,26-May-2026,09:38:21,-0.38,SGX,XOF8016,XOF8016,IUK26-IUM26
9816,13,103.990,1111,IUK26,S,26-May-2026,09:38:21,103.88,SGX,XOF8016,XOF8016,IUK26
9816,13,103.610,1111,IUM26,B,25-Jun-2026,09:38:21,103.5,SGX,XOF8016,XOF8016,IUM26
9816,38,-0.380,1111,IUK26-IUM26,B,26-May-2026,09:38:21,-0.38,SGX,XOF8016,XOF8016,IUK26-IUM26
9816,38,103.990,1111,IUK26,S,26-May-2026,09:38:21,103.88,SGX,XOF8016,XOF8016,IUK26
9816,38,103.610,1111,IUM26,B,25-Jun-2026,09:38:21,103.5,SGX,XOF8016,XOF8016,IUM26
9819,200,-0.380,1111,IUK26-IUM26,B,26-May-2026,09:38:21,-0.38,SGX,XOF8019,XOF8019,IUK26-IUM26
9819,200,103.990,1111,IUK26,S,26-May-2026,09:38:21,103.88,SGX,XOF8019,XOF8019,IUK26
9819,200,103.610,1111,IUM26,B,25-Jun-2026,09:38:21,103.5,SGX,XOF8019,XOF8019,IUM26
9819,200,-0.380,1111,IUK26-IUM26,B,26-May-2026,09:38:21,-0.38,SGX,XOF8019,XOF8019,IUK26-IUM26
9819,200,103.990,1111,IUK26,S,26-May-2026,09:38:21,103.88,SGX,XOF8019,XOF8019,IUK26
9819,200,103.610,1111,IUM26,B,25-Jun-2026,09:38:21,103.5,SGX,XOF8019,XOF8019,IUM26
9812,6,-0.380,1111,IUK26-IUM26,B,26-May-2026,09:38:57,-0.38,SGX,XOF8012,XOF8012,IUK26-IUM26
9812,6,103.980,1111,IUK26,S,26-May-2026,09:38:57,103.88,SGX,XOF8012,XOF8012,IUK26
9812,6,103.600,1111,IUM26,B,25-Jun-2026,09:38:57,103.5,SGX,XOF8012,XOF8012,IUM26
9812,5,103.880,1111,IUK26,S,26-May-2026,09:51:36,103.88,SGX,XOF8012,XOF8012,IUK26
9812,5,103.88,1111,DINR,B,26-May-2026,09:51:36,103.88,DGCX,S-XOF8012,S-XOF8012,DINR-20260527
9812,5,103.890,1111,IUK26,S,26-May-2026,09:52:34,103.88,SGX,XOF8012,XOF8012,IUK26
9812,5,103.90,1111,DINR,B,26-May-2026,09:52:34,103.88,DGCX,S-XOF8012,S-XOF8012,DINR-20260527
9812,5,103.910,1111,IUK26,S,26-May-2026,09:52:46,103.88,SGX,XOF8012,XOF8012,IUK26
9812,5,103.530,1111,IUM26,S,25-Jun-2026,09:52:46,103.5,SGX,XOF8012,XOF8012,IUM26
9812,5,103.92,1111,DINR,B,26-May-2026,09:52:46,103.88,DGCX,S-XOF8012,S-XOF8012,DINR-20260527
9812,5,103.920,1111,IUK26,S,26-May-2026,09:52:46,103.88,SGX,XOF8012,XOF8012,IUK26
9812,3,103.93,1111,DINR,B,26-May-2026,09:52:51,103.88,DGCX,S-XOF8012,S-XOF8012,DINR-20260527
9812,2,103.93,1111,DINR,B,26-May-2026,09:52:51,103.88,DGCX,S-XOF8012,S-XOF8012,DINR-20260527
9812,5,103.54,1111,DINR,B,25-Jun-2026,09:52:54,103.51,DGCX,S-XOF8012,S-XOF8012,DINR-20260626
9812,5,103.930,1111,IUK26,S,26-May-2026,09:52:58,103.88,SGX,XOF8012,XOF8012,IUK26
9812,5,103.550,1111,IUM26,S,25-Jun-2026,09:52:58,103.5,SGX,XOF8012,XOF8012,IUM26
9812,5,103.56,1111,DINR,B,25-Jun-2026,09:52:58,103.51,DGCX,S-XOF8012,S-XOF8012,DINR-20260626
9812,5,103.94,1111,DINR,B,26-May-2026,09:52:58,103.88,DGCX,S-XOF8012,S-XOF8012,DINR-20260527
9812,5,103.930,1111,IUK26,S,26-May-2026,09:52:58,103.88,SGX,XOF8012,XOF8012,IUK26
9812,5,103.550,1111,IUM26,S,25-Jun-2026,09:52:58,103.5,SGX,XOF8012,XOF8012,IUM26
9812,5,103.56,1111,DINR,B,25-Jun-2026,09:52:58,103.51,DGCX,S-XOF8012,S-XOF8012,DINR-20260626
9812,5,103.94,1111,DINR,B,26-May-2026,09:52:58,103.88,DGCX,S-XOF8012,S-XOF8012,DINR-20260527
9812,5,103.550,1111,IUM26,S,25-Jun-2026,09:52:58,103.5,SGX,XOF8012,XOF8012,IUM26
9812,5,103.56,1111,DINR,B,25-Jun-2026,09:53:01,103.51,DGCX,S-XOF8012,S-XOF8012,DINR-20260626
9812,2,103.520,1111,IUM26,S,25-Jun-2026,09:53:13,103.5,SGX,XOF8012,XOF8012,IUM26
9812,3,103.520,1111,IUM26,S,25-Jun-2026,09:53:13,103.5,SGX,XOF8012,XOF8012,IUM26
9812,2,103.52,1111,DINR,B,25-Jun-2026,09:53:13,103.51,DGCX,S-XOF8012,S-XOF8012,DINR-20260626
9812,3,103.52,1111,DINR,B,25-Jun-2026,09:53:13,103.51,DGCX,S-XOF8012,S-XOF8012,DINR-20260626
9812,1,103.520,1111,IUM26,S,25-Jun-2026,09:53:20,103.5,SGX,XOF8012,XOF8012,IUM26
9812,1,103.52,1111,DINR,B,25-Jun-2026,09:53:16,103.51,DGCX,S-XOF8012,S-XOF8012,DINR-20260626
9812,4,103.520,1111,IUM26,S,25-Jun-2026,09:53:20,103.5,SGX,XOF8012,XOF8012,IUM26
9812,4,103.53,1111,DINR,B,25-Jun-2026,09:53:20,103.51,DGCX,S-XOF8012,S-XOF8012,DINR-20260626
9816,1,-0.380,1111,IUK26-IUM26,S,26-May-2026,09:53:43,-0.38,SGX,XOF8016,XOF8016,IUK26-IUM26
9816,1,103.900,1111,IUK26,B,26-May-2026,09:53:43,103.88,SGX,XOF8016,XOF8016,IUK26
9816,1,103.520,1111,IUM26,S,25-Jun-2026,09:53:43,103.5,SGX,XOF8016,XOF8016,IUM26
9816,1,-0.380,1111,IUK26-IUM26,S,26-May-2026,09:53:43,-0.38,SGX,XOF8016,XOF8016,IUK26-IUM26
9816,1,103.900,1111,IUK26,B,26-May-2026,09:53:43,103.88,SGX,XOF8016,XOF8016,IUK26
9816,1,103.520,1111,IUM26,S,25-Jun-2026,09:53:43,103.5,SGX,XOF8016,XOF8016,IUM26
9813,1,-0.370,1111,IUM26-IUN26,S,26-Jun-2026,10:01:54,-0.37,SGX,XOF8013,XOF8013,IUM26-IUN26
9813,1,103.520,1111,IUM26,B,25-Jun-2026,10:01:54,103.52,SGX,XOF8013,XOF8013,IUM26
9813,1,103.150,1111,IUN26,S,29-Jul-2026,10:01:54,103.15,SGX,XOF8013,XOF8013,IUN26
9813,1,-0.370,1111,IUM26-IUN26,S,26-Jun-2026,10:03:38,-0.37,SGX,XOF8013,XOF8013,IUM26-IUN26
9813,1,103.510,1111,IUM26,B,25-Jun-2026,10:03:38,103.51,SGX,XOF8013,XOF8013,IUM26
9813,1,103.140,1111,IUN26,S,29-Jul-2026,10:03:38,103.14,SGX,XOF8013,XOF8013,IUN26
9813,1,-0.370,1111,IUM26-IUN26,S,26-Jun-2026,10:13:28,-0.37,SGX,XOF8013,XOF8013,IUM26-IUN26
9813,1,103.520,1111,IUM26,B,25-Jun-2026,10:13:28,103.51,SGX,XOF8013,XOF8013,IUM26
9813,1,103.150,1111,IUN26,S,29-Jul-2026,10:13:28,103.15,SGX,XOF8013,XOF8013,IUN26
9812,5,103.880,1111,IUK26,S,26-May-2026,10:16:36,103.88,SGX,XOF8012,XOF8012,IUK26
9812,5,103.88,1111,DINR,B,26-May-2026,10:16:36,103.88,DGCX,S-XOF8012,S-XOF8012,DINR-20260527
9812,5,103.880,1111,IUK26,S,26-May-2026,10:16:36,103.88,SGX,XOF8012,XOF8012,IUK26
9812,4,103.88,1111,DINR,B,26-May-2026,10:16:36,103.88,DGCX,S-XOF8012,S-XOF8012,DINR-20260527
9812,1,103.88,1111,DINR,B,26-May-2026,10:16:36,103.88,DGCX,S-XOF8012,S-XOF8012,DINR-20260527
9812,5,103.880,1111,IUK26,S,26-May-2026,10:16:37,103.88,SGX,XOF8012,XOF8012,IUK26
9812,5,103.88,1111,DINR,B,26-May-2026,10:16:37,103.88,DGCX,S-XOF8012,S-XOF8012,DINR-20260527
9812,5,103.880,1111,IUK26,S,26-May-2026,10:16:37,103.88,SGX,XOF8012,XOF8012,IUK26
9812,2,103.88,1111,DINR,B,26-May-2026,10:16:38,103.88,DGCX,S-XOF8012,S-XOF8012,DINR-20260527
9812,3,103.88,1111,DINR,B,26-May-2026,10:16:38,103.88,DGCX,S-XOF8012,S-XOF8012,DINR-20260527
9812,5,103.870,1111,IUK26,S,26-May-2026,10:16:41,103.87,SGX,XOF8012,XOF8012,IUK26
9812,5,103.87,1111,DINR,B,26-May-2026,10:16:41,103.88,DGCX,S-XOF8012,S-XOF8012,DINR-20260527
9812,5,103.870,1111,IUK26,S,26-May-2026,10:16:41,103.87,SGX,XOF8012,XOF8012,IUK26
9812,3,103.87,1111,DINR,B,26-May-2026,10:16:41,103.88,DGCX,S-XOF8012,S-XOF8012,DINR-20260527
9812,2,103.88,1111,DINR,B,26-May-2026,10:16:41,103.88,DGCX,S-XOF8012,S-XOF8012,DINR-20260527
9812,5,103.870,1111,IUK26,B,26-May-2026,10:20:10,103.86,SGX,XOF8012,XOF8012,IUK26
9812,5,103.86,1111,DINR,S,26-May-2026,10:20:10,103.86,DGCX,S-XOF8012,S-XOF8012,DINR-20260527
9812,3,103.860,1111,IUK26,B,26-May-2026,10:20:26,103.86,SGX,XOF8012,XOF8012,IUK26
9812,1,103.860,1111,IUK26,B,26-May-2026,10:20:26,103.86,SGX,XOF8012,XOF8012,IUK26
9812,1,103.860,1111,IUK26,B,26-May-2026,10:20:26,103.86,SGX,XOF8012,XOF8012,IUK26
9812,3,103.86,1111,DINR,S,26-May-2026,10:20:26,103.86,DGCX,S-XOF8012,S-XOF8012,DINR-20260527
9812,1,103.86,1111,DINR,S,26-May-2026,10:20:26,103.86,DGCX,S-XOF8012,S-XOF8012,DINR-20260527
9812,1,103.86,1111,DINR,S,26-May-2026,10:20:26,103.86,DGCX,S-XOF8012,S-XOF8012,DINR-20260527
9812,5,103.860,1111,IUK26,B,26-May-2026,10:20:26,103.86,SGX,XOF8012,XOF8012,IUK26
9812,5,103.85,1111,DINR,S,26-May-2026,10:20:27,103.86,DGCX,S-XOF8012,S-XOF8012,DINR-20260527
9812,2,103.860,1111,IUK26,B,26-May-2026,10:20:27,103.86,SGX,XOF8012,XOF8012,IUK26
9812,2,103.860,1111,IUK26,B,26-May-2026,10:20:27,103.85,SGX,XOF8012,XOF8012,IUK26
9812,2,103.86,1111,DINR,S,26-May-2026,10:20:27,103.85,DGCX,S-XOF8012,S-XOF8012,DINR-20260527
9812,1,103.860,1111,IUK26,B,26-May-2026,10:20:27,103.85,SGX,XOF8012,XOF8012,IUK26
9812,2,103.86,1111,DINR,S,26-May-2026,10:20:27,103.85,DGCX,S-XOF8012,S-XOF8012,DINR-20260527
9812,1,103.85,1111,DINR,S,26-May-2026,10:20:27,103.85,DGCX,S-XOF8012,S-XOF8012,DINR-20260527
9812,5,103.860,1111,IUK26,B,26-May-2026,10:20:31,103.86,SGX,XOF8012,XOF8012,IUK26
9812,5,103.85,1111,DINR,S,26-May-2026,10:20:31,103.85,DGCX,S-XOF8012,S-XOF8012,DINR-20260527
9812,1,103.860,1111,IUK26,B,26-May-2026,10:20:32,103.86,SGX,XOF8012,XOF8012,IUK26
9812,1,103.860,1111,IUK26,B,26-May-2026,10:20:32,103.86,SGX,XOF8012,XOF8012,IUK26
9812,1,103.86,1111,DINR,S,26-May-2026,10:20:32,103.85,DGCX,S-XOF8012,S-XOF8012,DINR-20260527
9812,1,103.860,1111,IUK26,B,26-May-2026,10:20:32,103.86,SGX,XOF8012,XOF8012,IUK26
9812,1,103.86,1111,DINR,S,26-May-2026,10:20:32,103.85,DGCX,S-XOF8012,S-XOF8012,DINR-20260527
9812,1,103.860,1111,IUK26,B,26-May-2026,10:20:32,103.86,SGX,XOF8012,XOF8012,IUK26
9812,1,103.86,1111,DINR,S,26-May-2026,10:20:32,103.85,DGCX,S-XOF8012,S-XOF8012,DINR-20260527
9812,1,103.85,1111,DINR,S,26-May-2026,10:20:32,103.85,DGCX,S-XOF8012,S-XOF8012,DINR-20260527
9812,1,103.860,1111,IUK26,B,26-May-2026,10:20:33,103.86,SGX,XOF8012,XOF8012,IUK26
9812,1,103.85,1111,DINR,S,26-May-2026,10:20:33,103.85,DGCX,S-XOF8012,S-XOF8012,DINR-20260527
9816,15,-0.380,1111,IUK26-IUM26,S,26-May-2026,10:22:47,-0.38,SGX,XOF8016,XOF8016,IUK26-IUM26
9816,15,103.790,1111,IUK26,B,26-May-2026,10:22:47,103.79,SGX,XOF8016,XOF8016,IUK26
9816,15,103.410,1111,IUM26,S,25-Jun-2026,10:22:47,103.41,SGX,XOF8016,XOF8016,IUM26
9812,5,103.810,1111,IUK26,B,26-May-2026,10:24:36,103.81,SGX,XOF8012,XOF8012,IUK26
9812,5,103.80,1111,DINR,S,26-May-2026,10:24:36,103.8,DGCX,S-XOF8012,S-XOF8012,DINR-20260527
9812,5,103.810,1111,IUK26,B,26-May-2026,10:24:36,103.81,SGX,XOF8012,XOF8012,IUK26
9812,5,103.80,1111,DINR,S,26-May-2026,10:24:36,103.8,DGCX,S-XOF8012,S-XOF8012,DINR-20260527
9812,5,103.810,1111,IUK26,B,26-May-2026,10:24:36,103.81,SGX,XOF8012,XOF8012,IUK26
9812,5,103.80,1111,DINR,S,26-May-2026,10:24:36,103.8,DGCX,S-XOF8012,S-XOF8012,DINR-20260527
9812,5,103.810,1111,IUK26,B,26-May-2026,10:24:36,103.81,SGX,XOF8012,XOF8012,IUK26
9812,3,103.80,1111,DINR,S,26-May-2026,10:24:36,103.8,DGCX,S-XOF8012,S-XOF8012,DINR-20260527
9812,2,103.80,1111,DINR,S,26-May-2026,10:24:36,103.8,DGCX,S-XOF8012,S-XOF8012,DINR-20260527
9812,5,103.810,1111,IUK26,B,26-May-2026,10:24:36,103.81,SGX,XOF8012,XOF8012,IUK26
9812,5,103.80,1111,DINR,S,26-May-2026,10:24:37,103.8,DGCX,S-XOF8012,S-XOF8012,DINR-20260527
9812,5,103.810,1111,IUK26,B,26-May-2026,10:24:37,103.81,SGX,XOF8012,XOF8012,IUK26
9812,5,103.80,1111,DINR,S,26-May-2026,10:24:37,103.8,DGCX,S-XOF8012,S-XOF8012,DINR-20260527
9812,5,103.780,1111,IUK26,B,26-May-2026,10:25:40,103.79,SGX,XOF8012,XOF8012,IUK26
9812,1,103.79,1111,DINR,S,26-May-2026,10:25:40,103.8,DGCX,S-XOF8012,S-XOF8012,DINR-20260527
9812,1,103.79,1111,DINR,S,26-May-2026,10:25:40,103.8,DGCX,S-XOF8012,S-XOF8012,DINR-20260527
9812,3,103.78,1111,DINR,S,26-May-2026,10:25:40,103.8,DGCX,S-XOF8012,S-XOF8012,DINR-20260527
9812,5,103.800,1111,IUK26,S,26-May-2026,10:26:31,103.8,SGX,XOF8012,XOF8012,IUK26
9812,5,103.80,1111,DINR,B,26-May-2026,10:26:31,103.8,DGCX,S-XOF8012,S-XOF8012,DINR-20260527
9812,5,103.800,1111,IUK26,S,26-May-2026,10:26:35,103.8,SGX,XOF8012,XOF8012,IUK26
9812,5,103.80,1111,DINR,B,26-May-2026,10:26:35,103.8,DGCX,S-XOF8012,S-XOF8012,DINR-20260527
9812,5,103.800,1111,IUK26,S,26-May-2026,10:27:21,103.79,SGX,XOF8012,XOF8012,IUK26
9812,5,103.80,1111,DINR,B,26-May-2026,10:27:21,103.8,DGCX,S-XOF8012,S-XOF8012,DINR-20260527
9812,5,103.800,1111,IUK26,S,26-May-2026,10:27:34,103.8,SGX,XOF8012,XOF8012,IUK26
9812,5,103.81,1111,DINR,B,26-May-2026,10:27:34,103.79,DGCX,S-XOF8012,S-XOF8012,DINR-20260527
9812,4,103.400,1111,IUM26,B,25-Jun-2026,10:29:13,103.39,SGX,XOF8012,XOF8012,IUM26
9812,1,103.400,1111,IUM26,B,25-Jun-2026,10:29:13,103.39,SGX,XOF8012,XOF8012,IUM26
9812,5,103.780,1111,IUK26,B,26-May-2026,10:29:13,103.78,SGX,XOF8012,XOF8012,IUK26
9812,2,103.780,1111,IUK26,S,26-May-2026,10:29:31,103.76,SGX,XOF8012,XOF8012,IUK26
9812,2,103.78,1111,DINR,B,26-May-2026,10:29:31,103.78,DGCX,S-XOF8012,S-XOF8012,DINR-20260527
9812,2,103.78,1111,DINR,S,26-May-2026,10:29:31,103.78,DGCX,S-XOF8012,S-XOF8012,DINR-20260527
9812,3,103.780,1111,IUK26,S,26-May-2026,10:29:36,103.78,SGX,XOF8012,XOF8012,IUK26
9812,3,103.78,1111,DINR,B,26-May-2026,10:29:36,103.78,DGCX,S-XOF8012,S-XOF8012,DINR-20260527
9812,3,103.78,1111,DINR,S,26-May-2026,10:29:36,103.78,DGCX,S-XOF8012,S-XOF8012,DINR-20260527
9812,5,103.780,1111,IUK26,S,26-May-2026,10:29:51,103.78,SGX,XOF8012,XOF8012,IUK26
9812,5,103.78,1111,DINR,B,26-May-2026,10:29:51,103.77,DGCX,S-XOF8012,S-XOF8012,DINR-20260527
9812,1,103.40,1111,DINR,S,25-Jun-2026,10:29:54,103.4,DGCX,S-XOF8012,S-XOF8012,DINR-20260626
9812,1,103.40,1111,DINR,S,25-Jun-2026,10:29:54,103.4,DGCX,S-XOF8012,S-XOF8012,DINR-20260626
9812,4,103.400,1111,IUM26,S,25-Jun-2026,10:29:54,103.42,SGX,XOF8012,XOF8012,IUM26
9812,1,103.400,1111,IUM26,S,25-Jun-2026,10:29:54,103.42,SGX,XOF8012,XOF8012,IUM26
9812,2,103.40,1111,DINR,B,25-Jun-2026,10:29:54,103.4,DGCX,S-XOF8012,S-XOF8012,DINR-20260626
9812,2,103.40,1111,DINR,S,25-Jun-2026,10:29:54,103.4,DGCX,S-XOF8012,S-XOF8012,DINR-20260626
9812,1,103.40,1111,DINR,B,25-Jun-2026,10:29:54,103.4,DGCX,S-XOF8012,S-XOF8012,DINR-20260626
9812,1,103.40,1111,DINR,S,25-Jun-2026,10:29:54,103.4,DGCX,S-XOF8012,S-XOF8012,DINR-20260626
9812,1,103.45,1111,DINR,B,25-Jun-2026,10:33:01,103.45,DGCX,S-XOF8012,S-XOF8012,DINR-20260626
9812,2,103.820,1111,IUK26,S,26-May-2026,10:38:19,103.82,SGX,XOF8012,XOF8012,IUK26
9812,3,103.820,1111,IUK26,S,26-May-2026,10:38:19,103.82,SGX,XOF8012,XOF8012,IUK26
9812,5,103.430,1111,IUM26,S,25-Jun-2026,10:38:19,103.44,SGX,XOF8012,XOF8012,IUM26
9812,5,103.43,1111,DINR,B,25-Jun-2026,10:38:19,103.43,DGCX,S-XOF8012,S-XOF8012,DINR-20260626
9812,2,103.83,1111,DINR,B,26-May-2026,10:38:19,103.83,DGCX,S-XOF8012,S-XOF8012,DINR-20260527
9812,3,103.83,1111,DINR,B,26-May-2026,10:38:19,103.83,DGCX,S-XOF8012,S-XOF8012,DINR-20260527
9812,5,103.430,1111,IUM26,S,25-Jun-2026,10:38:19,103.44,SGX,XOF8012,XOF8012,IUM26
9812,4,103.820,1111,IUK26,S,26-May-2026,10:38:19,103.82,SGX,XOF8012,XOF8012,IUK26
9812,1,103.820,1111,IUK26,S,26-May-2026,10:38:19,103.82,SGX,XOF8012,XOF8012,IUK26
9812,2,103.83,1111,DINR,B,26-May-2026,10:38:19,103.83,DGCX,S-XOF8012,S-XOF8012,DINR-20260527
9812,2,103.83,1111,DINR,B,26-May-2026,10:38:19,103.83,DGCX,S-XOF8012,S-XOF8012,DINR-20260527
9812,1,103.83,1111,DINR,B,26-May-2026,10:38:22,103.83,DGCX,S-XOF8012,S-XOF8012,DINR-20260527
9812,5,103.44,1111,DINR,B,25-Jun-2026,10:38:27,103.44,DGCX,S-XOF8012,S-XOF8012,DINR-20260626
9000,14,0.0005,1111,KUM26-KUN26,B,15-Jun-2026,10:39:10,0.0005,SGX,XOB8000,XOB8000,KUM26-KUN26
9000,14,0.6653,1111,KUM26,S,15-Jun-2026,10:39:10,0,SGX,XOB8000,XOB8000,KUM26
9000,14,0.6658,1111,KUN26,B,20-Jul-2026,10:39:10,0,SGX,XOB8000,XOB8000,KUN26
9000,50,0.0005,1111,KUM26-KUN26,B,15-Jun-2026,10:39:10,0.0005,SGX,XOB8000,XOB8000,KUM26-KUN26
9000,50,0.6653,1111,KUM26,S,15-Jun-2026,10:39:10,0,SGX,XOB8000,XOB8000,KUM26
9000,50,0.6658,1111,KUN26,B,20-Jul-2026,10:39:10,0,SGX,XOB8000,XOB8000,KUN26
9000,50,0.0005,1111,KUM26-KUN26,B,15-Jun-2026,10:39:10,0.0005,SGX,XOB8000,XOB8000,KUM26-KUN26
9000,50,0.6653,1111,KUM26,S,15-Jun-2026,10:39:10,0,SGX,XOB8000,XOB8000,KUM26
9000,50,0.6658,1111,KUN26,B,20-Jul-2026,10:39:10,0,SGX,XOB8000,XOB8000,KUN26
9000,50,0.0005,1111,KUM26-KUN26,B,15-Jun-2026,10:39:10,0.0005,SGX,XOB8000,XOB8000,KUM26-KUN26
9000,50,0.6653,1111,KUM26,S,15-Jun-2026,10:39:10,0,SGX,XOB8000,XOB8000,KUM26
9000,50,0.6658,1111,KUN26,B,20-Jul-2026,10:39:10,0,SGX,XOB8000,XOB8000,KUN26
9000,12,0.0005,1111,KUM26-KUN26,B,15-Jun-2026,10:39:10,0.0005,SGX,XOB8000,XOB8000,KUM26-KUN26
9000,12,0.6653,1111,KUM26,S,15-Jun-2026,10:39:10,0,SGX,XOB8000,XOB8000,KUM26
9000,12,0.6658,1111,KUN26,B,20-Jul-2026,10:39:10,0,SGX,XOB8000,XOB8000,KUN26
9000,50,0.0005,1111,KUM26-KUN26,S,15-Jun-2026,10:39:21,0.0005,SGX,XOB8000,XOB8000,KUM26-KUN26
9000,50,0.6653,1111,KUM26,B,15-Jun-2026,10:39:21,0,SGX,XOB8000,XOB8000,KUM26
9000,50,0.6658,1111,KUN26,S,20-Jul-2026,10:39:21,0,SGX,XOB8000,XOB8000,KUN26
9000,50,0.0005,1111,KUM26-KUN26,S,15-Jun-2026,10:39:21,0.0005,SGX,XOB8000,XOB8000,KUM26-KUN26
9000,50,0.6653,1111,KUM26,B,15-Jun-2026,10:39:21,0,SGX,XOB8000,XOB8000,KUM26
9000,50,0.6658,1111,KUN26,S,20-Jul-2026,10:39:21,0,SGX,XOB8000,XOB8000,KUN26
9000,50,0.0005,1111,KUM26-KUN26,S,15-Jun-2026,10:39:21,0.0005,SGX,XOB8000,XOB8000,KUM26-KUN26
9000,50,0.6653,1111,KUM26,B,15-Jun-2026,10:39:21,0,SGX,XOB8000,XOB8000,KUM26
9000,50,0.6658,1111,KUN26,S,20-Jul-2026,10:39:21,0,SGX,XOB8000,XOB8000,KUN26
9000,50,0.0005,1111,KUM26-KUN26,B,15-Jun-2026,10:39:40,0.0005,SGX,XOB8000,XOB8000,KUM26-KUN26
9000,50,0.6652,1111,KUM26,S,15-Jun-2026,10:39:40,0,SGX,XOB8000,XOB8000,KUM26
9000,50,0.6657,1111,KUN26,B,20-Jul-2026,10:39:40,0,SGX,XOB8000,XOB8000,KUN26
9000,50,0.0005,1111,KUM26-KUN26,B,15-Jun-2026,10:39:40,0.0005,SGX,XOB8000,XOB8000,KUM26-KUN26
9000,50,0.6652,1111,KUM26,S,15-Jun-2026,10:39:40,0,SGX,XOB8000,XOB8000,KUM26
9000,50,0.6657,1111,KUN26,B,20-Jul-2026,10:39:40,0,SGX,XOB8000,XOB8000,KUN26
9000,50,0.0005,1111,KUM26-KUN26,B,15-Jun-2026,10:39:40,0.0005,SGX,XOB8000,XOB8000,KUM26-KUN26
9000,50,0.6652,1111,KUM26,S,15-Jun-2026,10:39:40,0,SGX,XOB8000,XOB8000,KUM26
9000,50,0.6657,1111,KUN26,B,20-Jul-2026,10:39:40,0,SGX,XOB8000,XOB8000,KUN26
9000,39,0.0005,1111,KUM26-KUN26,S,15-Jun-2026,10:39:46,0.0005,SGX,XOB8000,XOB8000,KUM26-KUN26
9000,39,0.6653,1111,KUM26,B,15-Jun-2026,10:39:46,0,SGX,XOB8000,XOB8000,KUM26
9000,39,0.6658,1111,KUN26,S,20-Jul-2026,10:39:46,0,SGX,XOB8000,XOB8000,KUN26
9000,50,0.0005,1111,KUM26-KUN26,S,15-Jun-2026,10:39:46,0.0005,SGX,XOB8000,XOB8000,KUM26-KUN26
9000,50,0.6653,1111,KUM26,B,15-Jun-2026,10:39:46,0,SGX,XOB8000,XOB8000,KUM26
9000,50,0.6658,1111,KUN26,S,20-Jul-2026,10:39:46,0,SGX,XOB8000,XOB8000,KUN26
9000,50,0.0005,1111,KUM26-KUN26,S,15-Jun-2026,10:39:46,0.0005,SGX,XOB8000,XOB8000,KUM26-KUN26
9000,50,0.6653,1111,KUM26,B,15-Jun-2026,10:39:46,0,SGX,XOB8000,XOB8000,KUM26
9000,50,0.6658,1111,KUN26,S,20-Jul-2026,10:39:46,0,SGX,XOB8000,XOB8000,KUN26
9000,50,0.0005,1111,KUM26-KUN26,B,15-Jun-2026,10:39:49,0.0005,SGX,XOB8000,XOB8000,KUM26-KUN26
9000,50,0.6652,1111,KUM26,S,15-Jun-2026,10:39:49,0,SGX,XOB8000,XOB8000,KUM26
9000,50,0.6657,1111,KUN26,B,20-Jul-2026,10:39:49,0,SGX,XOB8000,XOB8000,KUN26
9000,50,0.0005,1111,KUM26-KUN26,B,15-Jun-2026,10:39:49,0.0005,SGX,XOB8000,XOB8000,KUM26-KUN26
9000,50,0.6652,1111,KUM26,S,15-Jun-2026,10:39:49,0,SGX,XOB8000,XOB8000,KUM26
9000,50,0.6657,1111,KUN26,B,20-Jul-2026,10:39:49,0,SGX,XOB8000,XOB8000,KUN26
9000,50,0.0005,1111,KUM26-KUN26,B,15-Jun-2026,10:39:49,0.0005,SGX,XOB8000,XOB8000,KUM26-KUN26
9000,50,0.6652,1111,KUM26,S,15-Jun-2026,10:39:49,0,SGX,XOB8000,XOB8000,KUM26
9000,50,0.6657,1111,KUN26,B,20-Jul-2026,10:39:49,0,SGX,XOB8000,XOB8000,KUN26
9000,49,0.0005,1111,KUM26-KUN26,S,15-Jun-2026,10:39:52,0.0005,SGX,XOB8000,XOB8000,KUM26-KUN26
9000,49,0.6654,1111,KUM26,B,15-Jun-2026,10:39:52,0,SGX,XOB8000,XOB8000,KUM26
9000,49,0.6659,1111,KUN26,S,20-Jul-2026,10:39:52,0,SGX,XOB8000,XOB8000,KUN26
9000,50,0.0005,1111,KUM26-KUN26,S,15-Jun-2026,10:39:52,0.0005,SGX,XOB8000,XOB8000,KUM26-KUN26
9000,50,0.6654,1111,KUM26,B,15-Jun-2026,10:39:52,0,SGX,XOB8000,XOB8000,KUM26
9000,50,0.6659,1111,KUN26,S,20-Jul-2026,10:39:52,0,SGX,XOB8000,XOB8000,KUN26
9000,50,0.0005,1111,KUM26-KUN26,S,15-Jun-2026,10:39:52,0.0005,SGX,XOB8000,XOB8000,KUM26-KUN26
9000,50,0.6654,1111,KUM26,B,15-Jun-2026,10:39:52,0,SGX,XOB8000,XOB8000,KUM26
9000,50,0.6659,1111,KUN26,S,20-Jul-2026,10:39:52,0,SGX,XOB8000,XOB8000,KUN26
9000,50,0.0005,1111,KUM26-KUN26,B,15-Jun-2026,10:39:55,0.0005,SGX,XOB8000,XOB8000,KUM26-KUN26
9000,50,0.6653,1111,KUM26,S,15-Jun-2026,10:39:55,0,SGX,XOB8000,XOB8000,KUM26
9000,50,0.6658,1111,KUN26,B,20-Jul-2026,10:39:55,0,SGX,XOB8000,XOB8000,KUN26
9000,50,0.0005,1111,KUM26-KUN26,B,15-Jun-2026,10:39:55,0.0005,SGX,XOB8000,XOB8000,KUM26-KUN26
9000,50,0.6653,1111,KUM26,S,15-Jun-2026,10:39:55,0,SGX,XOB8000,XOB8000,KUM26
9000,50,0.6658,1111,KUN26,B,20-Jul-2026,10:39:55,0,SGX,XOB8000,XOB8000,KUN26
9000,50,0.0005,1111,KUM26-KUN26,B,15-Jun-2026,10:39:55,0.0005,SGX,XOB8000,XOB8000,KUM26-KUN26
9000,50,0.6653,1111,KUM26,S,15-Jun-2026,10:39:55,0,SGX,XOB8000,XOB8000,KUM26
9000,50,0.6658,1111,KUN26,B,20-Jul-2026,10:39:55,0,SGX,XOB8000,XOB8000,KUN26
9000,37,0.0005,1111,KUM26-KUN26,S,15-Jun-2026,10:39:59,0.0005,SGX,XOB8000,XOB8000,KUM26-KUN26
9000,37,0.6654,1111,KUM26,B,15-Jun-2026,10:39:59,0,SGX,XOB8000,XOB8000,KUM26
9000,37,0.6659,1111,KUN26,S,20-Jul-2026,10:39:59,0,SGX,XOB8000,XOB8000,KUN26
9000,50,0.0005,1111,KUM26-KUN26,S,15-Jun-2026,10:39:59,0.0005,SGX,XOB8000,XOB8000,KUM26-KUN26
9000,50,0.6654,1111,KUM26,B,15-Jun-2026,10:39:59,0,SGX,XOB8000,XOB8000,KUM26
9000,50,0.6659,1111,KUN26,S,20-Jul-2026,10:39:59,0,SGX,XOB8000,XOB8000,KUN26
9000,50,0.0005,1111,KUM26-KUN26,S,15-Jun-2026,10:39:59,0.0005,SGX,XOB8000,XOB8000,KUM26-KUN26
9000,50,0.6654,1111,KUM26,B,15-Jun-2026,10:39:59,0,SGX,XOB8000,XOB8000,KUM26
9000,50,0.6659,1111,KUN26,S,20-Jul-2026,10:39:59,0,SGX,XOB8000,XOB8000,KUN26
9000,50,0.0005,1111,KUM26-KUN26,B,15-Jun-2026,10:40:01,0.0005,SGX,XOB8000,XOB8000,KUM26-KUN26
9000,50,0.6653,1111,KUM26,S,15-Jun-2026,10:40:01,0,SGX,XOB8000,XOB8000,KUM26
9000,50,0.6658,1111,KUN26,B,20-Jul-2026,10:40:01,0,SGX,XOB8000,XOB8000,KUN26
9000,50,0.0005,1111,KUM26-KUN26,B,15-Jun-2026,10:40:01,0.0005,SGX,XOB8000,XOB8000,KUM26-KUN26
9000,50,0.6653,1111,KUM26,S,15-Jun-2026,10:40:01,0,SGX,XOB8000,XOB8000,KUM26
9000,50,0.6658,1111,KUN26,B,20-Jul-2026,10:40:01,0,SGX,XOB8000,XOB8000,KUN26
9000,50,0.0005,1111,KUM26-KUN26,B,15-Jun-2026,10:40:01,0.0005,SGX,XOB8000,XOB8000,KUM26-KUN26
9000,50,0.6653,1111,KUM26,S,15-Jun-2026,10:40:01,0,SGX,XOB8000,XOB8000,KUM26
9000,50,0.6658,1111,KUN26,B,20-Jul-2026,10:40:01,0,SGX,XOB8000,XOB8000,KUN26
9000,49,0.0005,1111,KUM26-KUN26,S,15-Jun-2026,10:40:04,0.0005,SGX,XOB8000,XOB8000,KUM26-KUN26
9000,49,0.6654,1111,KUM26,B,15-Jun-2026,10:40:04,0,SGX,XOB8000,XOB8000,KUM26
9000,49,0.6659,1111,KUN26,S,20-Jul-2026,10:40:04,0,SGX,XOB8000,XOB8000,KUN26
9000,50,0.0005,1111,KUM26-KUN26,S,15-Jun-2026,10:40:04,0.0005,SGX,XOB8000,XOB8000,KUM26-KUN26
9000,50,0.6654,1111,KUM26,B,15-Jun-2026,10:40:04,0,SGX,XOB8000,XOB8000,KUM26
9000,50,0.6659,1111,KUN26,S,20-Jul-2026,10:40:04,0,SGX,XOB8000,XOB8000,KUN26
9000,50,0.0005,1111,KUM26-KUN26,S,15-Jun-2026,10:40:04,0.0005,SGX,XOB8000,XOB8000,KUM26-KUN26
9000,50,0.6654,1111,KUM26,B,15-Jun-2026,10:40:04,0,SGX,XOB8000,XOB8000,KUM26
9000,50,0.6659,1111,KUN26,S,20-Jul-2026,10:40:04,0,SGX,XOB8000,XOB8000,KUN26
9000,50,0.0005,1111,KUM26-KUN26,B,15-Jun-2026,10:40:08,0.0005,SGX,XOB8000,XOB8000,KUM26-KUN26
9000,50,0.6653,1111,KUM26,S,15-Jun-2026,10:40:08,0,SGX,XOB8000,XOB8000,KUM26
9000,50,0.6658,1111,KUN26,B,20-Jul-2026,10:40:08,0,SGX,XOB8000,XOB8000,KUN26
9000,50,0.0005,1111,KUM26-KUN26,B,15-Jun-2026,10:40:08,0.0005,SGX,XOB8000,XOB8000,KUM26-KUN26
9000,50,0.6653,1111,KUM26,S,15-Jun-2026,10:40:08,0,SGX,XOB8000,XOB8000,KUM26
9000,50,0.6658,1111,KUN26,B,20-Jul-2026,10:40:08,0,SGX,XOB8000,XOB8000,KUN26
9000,50,0.0005,1111,KUM26-KUN26,B,15-Jun-2026,10:40:08,0.0005,SGX,XOB8000,XOB8000,KUM26-KUN26
9000,50,0.6653,1111,KUM26,S,15-Jun-2026,10:40:08,0,SGX,XOB8000,XOB8000,KUM26
9000,50,0.6658,1111,KUN26,B,20-Jul-2026,10:40:08,0,SGX,XOB8000,XOB8000,KUN26
9000,38,0.0005,1111,KUM26-KUN26,S,15-Jun-2026,10:40:11,0.0005,SGX,XOB8000,XOB8000,KUM26-KUN26
9000,38,0.6653,1111,KUM26,B,15-Jun-2026,10:40:11,0,SGX,XOB8000,XOB8000,KUM26
9000,38,0.6658,1111,KUN26,S,20-Jul-2026,10:40:11,0,SGX,XOB8000,XOB8000,KUN26
9000,50,0.0005,1111,KUM26-KUN26,S,15-Jun-2026,10:40:11,0.0005,SGX,XOB8000,XOB8000,KUM26-KUN26
9000,50,0.6653,1111,KUM26,B,15-Jun-2026,10:40:11,0,SGX,XOB8000,XOB8000,KUM26
9000,50,0.6658,1111,KUN26,S,20-Jul-2026,10:40:11,0,SGX,XOB8000,XOB8000,KUN26
9000,50,0.0005,1111,KUM26-KUN26,S,15-Jun-2026,10:40:11,0.0005,SGX,XOB8000,XOB8000,KUM26-KUN26
9000,50,0.6653,1111,KUM26,B,15-Jun-2026,10:40:11,0,SGX,XOB8000,XOB8000,KUM26
9000,50,0.6658,1111,KUN26,S,20-Jul-2026,10:40:11,0,SGX,XOB8000,XOB8000,KUN26
9000,50,0.0005,1111,KUM26-KUN26,B,15-Jun-2026,10:40:15,0.0005,SGX,XOB8000,XOB8000,KUM26-KUN26
9000,50,0.6653,1111,KUM26,S,15-Jun-2026,10:40:15,0,SGX,XOB8000,XOB8000,KUM26
9000,50,0.6658,1111,KUN26,B,20-Jul-2026,10:40:15,0,SGX,XOB8000,XOB8000,KUN26
9000,50,0.0005,1111,KUM26-KUN26,B,15-Jun-2026,10:40:15,0.0005,SGX,XOB8000,XOB8000,KUM26-KUN26
9000,50,0.6653,1111,KUM26,S,15-Jun-2026,10:40:15,0,SGX,XOB8000,XOB8000,KUM26
9000,50,0.6658,1111,KUN26,B,20-Jul-2026,10:40:15,0,SGX,XOB8000,XOB8000,KUN26
9000,1,0.0005,1111,KUM26-KUN26,B,15-Jun-2026,10:40:23,0.0005,SGX,XOB8000,XOB8000,KUM26-KUN26
9000,1,0.6653,1111,KUM26,S,15-Jun-2026,10:40:23,0,SGX,XOB8000,XOB8000,KUM26
9000,1,0.6658,1111,KUN26,B,20-Jul-2026,10:40:23,0,SGX,XOB8000,XOB8000,KUN26
9000,49,0.0005,1111,KUM26-KUN26,S,15-Jun-2026,10:40:27,0.0005,SGX,XOB8000,XOB8000,KUM26-KUN26
9000,49,0.6653,1111,KUM26,B,15-Jun-2026,10:40:27,0,SGX,XOB8000,XOB8000,KUM26
9000,49,0.6658,1111,KUN26,S,20-Jul-2026,10:40:27,0,SGX,XOB8000,XOB8000,KUN26
9000,50,0.0005,1111,KUM26-KUN26,S,15-Jun-2026,10:40:27,0.0005,SGX,XOB8000,XOB8000,KUM26-KUN26
9000,50,0.6653,1111,KUM26,B,15-Jun-2026,10:40:27,0,SGX,XOB8000,XOB8000,KUM26
9000,50,0.6658,1111,KUN26,S,20-Jul-2026,10:40:27,0,SGX,XOB8000,XOB8000,KUN26
9000,50,0.0005,1111,KUM26-KUN26,B,15-Jun-2026,10:40:30,0.0005,SGX,XOB8000,XOB8000,KUM26-KUN26
9000,50,0.6653,1111,KUM26,S,15-Jun-2026,10:40:30,0,SGX,XOB8000,XOB8000,KUM26
9000,50,0.6658,1111,KUN26,B,20-Jul-2026,10:40:30,0,SGX,XOB8000,XOB8000,KUN26
9000,50,0.0005,1111,KUM26-KUN26,B,15-Jun-2026,10:40:30,0.0005,SGX,XOB8000,XOB8000,KUM26-KUN26
9000,50,0.6653,1111,KUM26,S,15-Jun-2026,10:40:30,0,SGX,XOB8000,XOB8000,KUM26
9000,50,0.6658,1111,KUN26,B,20-Jul-2026,10:40:30,0,SGX,XOB8000,XOB8000,KUN26
9000,50,0.0005,1111,KUM26-KUN26,S,15-Jun-2026,10:40:33,0.0005,SGX,XOB8000,XOB8000,KUM26-KUN26
9000,50,0.6653,1111,KUM26,B,15-Jun-2026,10:40:33,0,SGX,XOB8000,XOB8000,KUM26
9000,50,0.6658,1111,KUN26,S,20-Jul-2026,10:40:33,0,SGX,XOB8000,XOB8000,KUN26
9000,50,0.0005,1111,KUM26-KUN26,S,15-Jun-2026,10:40:33,0.0005,SGX,XOB8000,XOB8000,KUM26-KUN26
9000,50,0.6653,1111,KUM26,B,15-Jun-2026,10:40:33,0,SGX,XOB8000,XOB8000,KUM26
9000,50,0.6658,1111,KUN26,S,20-Jul-2026,10:40:33,0,SGX,XOB8000,XOB8000,KUN26
9000,50,0.0005,1111,KUM26-KUN26,B,15-Jun-2026,10:40:39,0.0005,SGX,XOB8000,XOB8000,KUM26-KUN26
9000,50,0.6653,1111,KUM26,S,15-Jun-2026,10:40:39,0,SGX,XOB8000,XOB8000,KUM26
9000,50,0.6658,1111,KUN26,B,20-Jul-2026,10:40:39,0,SGX,XOB8000,XOB8000,KUN26
9000,50,0.0005,1111,KUM26-KUN26,B,15-Jun-2026,10:40:39,0.0005,SGX,XOB8000,XOB8000,KUM26-KUN26
9000,50,0.6653,1111,KUM26,S,15-Jun-2026,10:40:39,0,SGX,XOB8000,XOB8000,KUM26
9000,50,0.6658,1111,KUN26,B,20-Jul-2026,10:40:39,0,SGX,XOB8000,XOB8000,KUN26
9000,37,0.0005,1111,KUM26-KUN26,S,15-Jun-2026,10:40:43,0.0005,SGX,XOB8000,XOB8000,KUM26-KUN26
9000,37,0.6653,1111,KUM26,B,15-Jun-2026,10:40:43,0,SGX,XOB8000,XOB8000,KUM26
9000,37,0.6658,1111,KUN26,S,20-Jul-2026,10:40:43,0,SGX,XOB8000,XOB8000,KUN26
9000,50,0.0005,1111,KUM26-KUN26,S,15-Jun-2026,10:40:43,0.0005,SGX,XOB8000,XOB8000,KUM26-KUN26
9000,50,0.6653,1111,KUM26,B,15-Jun-2026,10:40:43,0,SGX,XOB8000,XOB8000,KUM26
9000,50,0.6658,1111,KUN26,S,20-Jul-2026,10:40:43,0,SGX,XOB8000,XOB8000,KUN26
9000,50,0.0005,1111,KUM26-KUN26,B,15-Jun-2026,10:40:46,0.0005,SGX,XOB8000,XOB8000,KUM26-KUN26
9000,50,0.6653,1111,KUM26,S,15-Jun-2026,10:40:46,0,SGX,XOB8000,XOB8000,KUM26
9000,50,0.6658,1111,KUN26,B,20-Jul-2026,10:40:46,0,SGX,XOB8000,XOB8000,KUN26
9000,50,0.0005,1111,KUM26-KUN26,B,15-Jun-2026,10:40:46,0.0005,SGX,XOB8000,XOB8000,KUM26-KUN26
9000,50,0.6653,1111,KUM26,S,15-Jun-2026,10:40:46,0,SGX,XOB8000,XOB8000,KUM26
9000,50,0.6658,1111,KUN26,B,20-Jul-2026,10:40:46,0,SGX,XOB8000,XOB8000,KUN26
9000,49,0.0005,1111,KUM26-KUN26,S,15-Jun-2026,10:40:49,0.0005,SGX,XOB8000,XOB8000,KUM26-KUN26
9000,49,0.6653,1111,KUM26,B,15-Jun-2026,10:40:49,0,SGX,XOB8000,XOB8000,KUM26
9000,49,0.6658,1111,KUN26,S,20-Jul-2026,10:40:49,0,SGX,XOB8000,XOB8000,KUN26
9000,50,0.0005,1111,KUM26-KUN26,S,15-Jun-2026,10:40:49,0.0005,SGX,XOB8000,XOB8000,KUM26-KUN26
9000,50,0.6653,1111,KUM26,B,15-Jun-2026,10:40:49,0,SGX,XOB8000,XOB8000,KUM26
9000,50,0.6658,1111,KUN26,S,20-Jul-2026,10:40:49,0,SGX,XOB8000,XOB8000,KUN26
9812,5,103.830,1111,IUK26,B,26-May-2026,10:40:50,103.82,SGX,XOF8012,XOF8012,IUK26
9812,5,103.440,1111,IUM26,B,25-Jun-2026,10:40:50,103.43,SGX,XOF8012,XOF8012,IUM26
9812,4,103.830,1111,IUK26,S,26-May-2026,10:40:52,103.83,SGX,XOF8012,XOF8012,IUK26
9812,4,103.83,1111,DINR,B,26-May-2026,10:40:52,103.83,DGCX,S-XOF8012,S-XOF8012,DINR-20260527
9812,4,103.83,1111,DINR,S,26-May-2026,10:40:52,103.83,DGCX,S-XOF8012,S-XOF8012,DINR-20260527
9000,50,0.0005,1111,KUM26-KUN26,B,15-Jun-2026,10:40:52,0.0005,SGX,XOB8000,XOB8000,KUM26-KUN26
9000,50,0.6652,1111,KUM26,S,15-Jun-2026,10:40:52,0,SGX,XOB8000,XOB8000,KUM26
9000,50,0.6657,1111,KUN26,B,20-Jul-2026,10:40:52,0,SGX,XOB8000,XOB8000,KUN26
9000,50,0.0005,1111,KUM26-KUN26,B,15-Jun-2026,10:40:52,0.0005,SGX,XOB8000,XOB8000,KUM26-KUN26
9000,50,0.6652,1111,KUM26,S,15-Jun-2026,10:40:52,0,SGX,XOB8000,XOB8000,KUM26
9000,50,0.6657,1111,KUN26,B,20-Jul-2026,10:40:52,0,SGX,XOB8000,XOB8000,KUN26
9812,1,103.830,1111,IUK26,S,26-May-2026,10:40:53,103.84,SGX,XOF8012,XOF8012,IUK26
9812,5,103.440,1111,IUM26,S,25-Jun-2026,10:40:53,103.44,SGX,XOF8012,XOF8012,IUM26
9812,1,103.83,1111,DINR,B,26-May-2026,10:40:53,103.83,DGCX,S-XOF8012,S-XOF8012,DINR-20260527
9812,1,103.83,1111,DINR,S,26-May-2026,10:40:53,103.83,DGCX,S-XOF8012,S-XOF8012,DINR-20260527
9812,5,103.44,1111,DINR,B,25-Jun-2026,10:40:53,103.44,DGCX,S-XOF8012,S-XOF8012,DINR-20260626
9812,5,103.44,1111,DINR,S,25-Jun-2026,10:40:53,103.44,DGCX,S-XOF8012,S-XOF8012,DINR-20260626
9812,5,103.830,1111,IUK26,S,26-May-2026,10:40:54,103.84,SGX,XOF8012,XOF8012,IUK26
9812,5,103.85,1111,DINR,B,26-May-2026,10:40:54,103.83,DGCX,S-XOF8012,S-XOF8012,DINR-20260527
9819,5,103.85,1111,DINR,S,26-May-2026,10:40:54,103.83,DGCX,S-XOF8019,S-XOF8019,DINR-20260527
9819,5,103.830,1111,IUK26,B,26-May-2026,10:40:58,103.83,SGX,XOF8019,XOF8019,IUK26
9000,1,0.0005,1111,KUM26-KUN26,B,15-Jun-2026,10:40:59,0.0005,SGX,XOB8000,XOB8000,KUM26-KUN26
9000,1,0.6652,1111,KUM26,S,15-Jun-2026,10:40:59,0,SGX,XOB8000,XOB8000,KUM26
9000,1,0.6657,1111,KUN26,B,20-Jul-2026,10:40:59,0,SGX,XOB8000,XOB8000,KUN26
9000,49,0.0005,1111,KUM26-KUN26,S,15-Jun-2026,10:41:03,0.0005,SGX,XOB8000,XOB8000,KUM26-KUN26
9000,49,0.6653,1111,KUM26,B,15-Jun-2026,10:41:03,0,SGX,XOB8000,XOB8000,KUM26
9000,49,0.6658,1111,KUN26,S,20-Jul-2026,10:41:03,0,SGX,XOB8000,XOB8000,KUN26
9000,50,0.0005,1111,KUM26-KUN26,S,15-Jun-2026,10:41:03,0.0005,SGX,XOB8000,XOB8000,KUM26-KUN26
9000,50,0.6653,1111,KUM26,B,15-Jun-2026,10:41:03,0,SGX,XOB8000,XOB8000,KUM26
9000,50,0.6658,1111,KUN26,S,20-Jul-2026,10:41:03,0,SGX,XOB8000,XOB8000,KUN26
9000,50,0.0005,1111,KUM26-KUN26,B,15-Jun-2026,10:41:06,0.0005,SGX,XOB8000,XOB8000,KUM26-KUN26
9000,50,0.6652,1111,KUM26,S,15-Jun-2026,10:41:06,0,SGX,XOB8000,XOB8000,KUM26
9000,50,0.6657,1111,KUN26,B,20-Jul-2026,10:41:06,0,SGX,XOB8000,XOB8000,KUN26
9000,50,0.0005,1111,KUM26-KUN26,B,15-Jun-2026,10:41:06,0.0005,SGX,XOB8000,XOB8000,KUM26-KUN26
9000,50,0.6652,1111,KUM26,S,15-Jun-2026,10:41:06,0,SGX,XOB8000,XOB8000,KUM26
9000,50,0.6657,1111,KUN26,B,20-Jul-2026,10:41:06,0,SGX,XOB8000,XOB8000,KUN26
9812,5,103.840,1111,IUK26,S,26-May-2026,10:41:08,103.84,SGX,XOF8012,XOF8012,IUK26
9812,5,103.85,1111,DINR,B,26-May-2026,10:41:08,103.85,DGCX,S-XOF8012,S-XOF8012,DINR-20260527
9000,40,0.0005,1111,KUM26-KUN26,S,15-Jun-2026,10:41:11,0.0005,SGX,XOB8000,XOB8000,KUM26-KUN26
9000,40,0.6653,1111,KUM26,B,15-Jun-2026,10:41:11,0,SGX,XOB8000,XOB8000,KUM26
9000,40,0.6658,1111,KUN26,S,20-Jul-2026,10:41:11,0,SGX,XOB8000,XOB8000,KUN26
9000,50,0.0005,1111,KUM26-KUN26,S,15-Jun-2026,10:41:11,0.0005,SGX,XOB8000,XOB8000,KUM26-KUN26
9000,50,0.6653,1111,KUM26,B,15-Jun-2026,10:41:11,0,SGX,XOB8000,XOB8000,KUM26
9000,50,0.6658,1111,KUN26,S,20-Jul-2026,10:41:11,0,SGX,XOB8000,XOB8000,KUN26
9812,5,103.850,1111,IUK26,S,26-May-2026,10:41:14,103.86,SGX,XOF8012,XOF8012,IUK26
9812,5,103.86,1111,DINR,B,26-May-2026,10:41:14,103.86,DGCX,S-XOF8012,S-XOF8012,DINR-20260527
9000,50,0.0005,1111,KUM26-KUN26,B,15-Jun-2026,10:41:14,0.0005,SGX,XOB8000,XOB8000,KUM26-KUN26
9000,50,0.6652,1111,KUM26,S,15-Jun-2026,10:41:14,0,SGX,XOB8000,XOB8000,KUM26
9000,50,0.6657,1111,KUN26,B,20-Jul-2026,10:41:14,0,SGX,XOB8000,XOB8000,KUN26
9000,50,0.0005,1111,KUM26-KUN26,B,15-Jun-2026,10:41:14,0.0005,SGX,XOB8000,XOB8000,KUM26-KUN26
9000,50,0.6652,1111,KUM26,S,15-Jun-2026,10:41:14,0,SGX,XOB8000,XOB8000,KUM26
9000,50,0.6657,1111,KUN26,B,20-Jul-2026,10:41:14,0,SGX,XOB8000,XOB8000,KUN26
9000,49,0.0005,1111,KUM26-KUN26,S,15-Jun-2026,10:41:17,0.0005,SGX,XOB8000,XOB8000,KUM26-KUN26
9000,49,0.6653,1111,KUM26,B,15-Jun-2026,10:41:17,0,SGX,XOB8000,XOB8000,KUM26
9000,49,0.6658,1111,KUN26,S,20-Jul-2026,10:41:17,0,SGX,XOB8000,XOB8000,KUN26
9000,50,0.0005,1111,KUM26-KUN26,S,15-Jun-2026,10:41:17,0.0005,SGX,XOB8000,XOB8000,KUM26-KUN26
9000,50,0.6653,1111,KUM26,B,15-Jun-2026,10:41:17,0,SGX,XOB8000,XOB8000,KUM26
9000,50,0.6658,1111,KUN26,S,20-Jul-2026,10:41:17,0,SGX,XOB8000,XOB8000,KUN26
9000,50,0.0005,1111,KUM26-KUN26,B,15-Jun-2026,10:41:21,0.0005,SGX,XOB8000,XOB8000,KUM26-KUN26
9000,50,0.6652,1111,KUM26,S,15-Jun-2026,10:41:21,0,SGX,XOB8000,XOB8000,KUM26
9000,50,0.6657,1111,KUN26,B,20-Jul-2026,10:41:21,0,SGX,XOB8000,XOB8000,KUN26
9000,50,0.0005,1111,KUM26-KUN26,B,15-Jun-2026,10:41:21,0.0005,SGX,XOB8000,XOB8000,KUM26-KUN26
9000,50,0.6652,1111,KUM26,S,15-Jun-2026,10:41:21,0,SGX,XOB8000,XOB8000,KUM26
9000,50,0.6657,1111,KUN26,B,20-Jul-2026,10:41:21,0,SGX,XOB8000,XOB8000,KUN26
9000,42,0.0005,1111,KUM26-KUN26,S,15-Jun-2026,10:41:26,0.0005,SGX,XOB8000,XOB8000,KUM26-KUN26
9000,42,0.6653,1111,KUM26,B,15-Jun-2026,10:41:26,0,SGX,XOB8000,XOB8000,KUM26
9000,42,0.6658,1111,KUN26,S,20-Jul-2026,10:41:26,0,SGX,XOB8000,XOB8000,KUN26
9000,50,0.0005,1111,KUM26-KUN26,S,15-Jun-2026,10:41:26,0.0005,SGX,XOB8000,XOB8000,KUM26-KUN26
9000,50,0.6653,1111,KUM26,B,15-Jun-2026,10:41:26,0,SGX,XOB8000,XOB8000,KUM26
9000,50,0.6658,1111,KUN26,S,20-Jul-2026,10:41:26,0,SGX,XOB8000,XOB8000,KUN26
9000,50,0.0005,1111,KUM26-KUN26,B,15-Jun-2026,10:41:29,0.0005,SGX,XOB8000,XOB8000,KUM26-KUN26
9000,50,0.6652,1111,KUM26,S,15-Jun-2026,10:41:29,0,SGX,XOB8000,XOB8000,KUM26
9000,50,0.6657,1111,KUN26,B,20-Jul-2026,10:41:29,0,SGX,XOB8000,XOB8000,KUN26
9000,50,0.0005,1111,KUM26-KUN26,B,15-Jun-2026,10:41:29,0.0005,SGX,XOB8000,XOB8000,KUM26-KUN26
9000,50,0.6652,1111,KUM26,S,15-Jun-2026,10:41:29,0,SGX,XOB8000,XOB8000,KUM26
9000,50,0.6657,1111,KUN26,B,20-Jul-2026,10:41:29,0,SGX,XOB8000,XOB8000,KUN26
9000,49,0.0005,1111,KUM26-KUN26,S,15-Jun-2026,10:41:32,0.0005,SGX,XOB8000,XOB8000,KUM26-KUN26
9000,49,0.6653,1111,KUM26,B,15-Jun-2026,10:41:32,0,SGX,XOB8000,XOB8000,KUM26
9000,49,0.6658,1111,KUN26,S,20-Jul-2026,10:41:32,0,SGX,XOB8000,XOB8000,KUN26
9000,50,0.0005,1111,KUM26-KUN26,S,15-Jun-2026,10:41:32,0.0005,SGX,XOB8000,XOB8000,KUM26-KUN26
9000,50,0.6653,1111,KUM26,B,15-Jun-2026,10:41:32,0,SGX,XOB8000,XOB8000,KUM26
9000,50,0.6658,1111,KUN26,S,20-Jul-2026,10:41:32,0,SGX,XOB8000,XOB8000,KUN26
9813,1,-0.370,1111,IUM26-IUN26,S,26-Jun-2026,10:42:07,-0.37,SGX,XOF8013,XOF8013,IUM26-IUN26
9813,1,103.460,1111,IUM26,B,25-Jun-2026,10:42:07,103.46,SGX,XOF8013,XOF8013,IUM26
9813,1,103.090,1111,IUN26,S,29-Jul-2026,10:42:07,103.09,SGX,XOF8013,XOF8013,IUN26
9000,50,0.0005,1111,KUM26-KUN26,B,15-Jun-2026,10:42:30,0.0004,SGX,XOB8000,XOB8000,KUM26-KUN26
9000,50,0.6653,1111,KUM26,S,15-Jun-2026,10:42:30,0,SGX,XOB8000,XOB8000,KUM26
9000,50,0.6658,1111,KUN26,B,20-Jul-2026,10:42:30,0,SGX,XOB8000,XOB8000,KUN26
9000,50,0.0005,1111,KUM26-KUN26,B,15-Jun-2026,10:42:30,0.0004,SGX,XOB8000,XOB8000,KUM26-KUN26
9000,50,0.6653,1111,KUM26,S,15-Jun-2026,10:42:30,0,SGX,XOB8000,XOB8000,KUM26
9000,50,0.6658,1111,KUN26,B,20-Jul-2026,10:42:30,0,SGX,XOB8000,XOB8000,KUN26
9000,50,0.0005,1111,KUM26-KUN26,B,15-Jun-2026,10:42:39,0.0005,SGX,XOB8000,XOB8000,KUM26-KUN26
9000,50,0.6653,1111,KUM26,S,15-Jun-2026,10:42:39,0,SGX,XOB8000,XOB8000,KUM26
9000,50,0.6658,1111,KUN26,B,20-Jul-2026,10:42:39,0,SGX,XOB8000,XOB8000,KUN26
9000,50,0.0005,1111,KUM26-KUN26,B,15-Jun-2026,10:42:39,0.0005,SGX,XOB8000,XOB8000,KUM26-KUN26
9000,50,0.6653,1111,KUM26,S,15-Jun-2026,10:42:39,0,SGX,XOB8000,XOB8000,KUM26
9000,50,0.6658,1111,KUN26,B,20-Jul-2026,10:42:39,0,SGX,XOB8000,XOB8000,KUN26
9000,49,0.0005,1111,KUM26-KUN26,S,15-Jun-2026,10:42:42,0.0005,SGX,XOB8000,XOB8000,KUM26-KUN26
9000,49,0.6653,1111,KUM26,B,15-Jun-2026,10:42:42,0,SGX,XOB8000,XOB8000,KUM26
9000,49,0.6658,1111,KUN26,S,20-Jul-2026,10:42:42,0,SGX,XOB8000,XOB8000,KUN26
9000,50,0.0005,1111,KUM26-KUN26,S,15-Jun-2026,10:42:42,0.0005,SGX,XOB8000,XOB8000,KUM26-KUN26
9000,50,0.6653,1111,KUM26,B,15-Jun-2026,10:42:42,0,SGX,XOB8000,XOB8000,KUM26
9000,50,0.6658,1111,KUN26,S,20-Jul-2026,10:42:42,0,SGX,XOB8000,XOB8000,KUN26
9000,50,0.0005,1111,KUM26-KUN26,S,15-Jun-2026,10:42:42,0.0005,SGX,XOB8000,XOB8000,KUM26-KUN26
9000,50,0.6653,1111,KUM26,B,15-Jun-2026,10:42:42,0,SGX,XOB8000,XOB8000,KUM26
9000,50,0.6658,1111,KUN26,S,20-Jul-2026,10:42:42,0,SGX,XOB8000,XOB8000,KUN26
9000,50,0.0005,1111,KUM26-KUN26,S,15-Jun-2026,10:42:42,0.0005,SGX,XOB8000,XOB8000,KUM26-KUN26
9000,50,0.6653,1111,KUM26,B,15-Jun-2026,10:42:42,0,SGX,XOB8000,XOB8000,KUM26
9000,50,0.6658,1111,KUN26,S,20-Jul-2026,10:42:42,0,SGX,XOB8000,XOB8000,KUN26
9000,50,0.0005,1111,KUM26-KUN26,B,15-Jun-2026,10:42:46,0.0004,SGX,XOB8000,XOB8000,KUM26-KUN26
9000,50,0.6652,1111,KUM26,S,15-Jun-2026,10:42:46,0,SGX,XOB8000,XOB8000,KUM26
9000,50,0.6657,1111,KUN26,B,20-Jul-2026,10:42:46,0,SGX,XOB8000,XOB8000,KUN26
9000,50,0.0005,1111,KUM26-KUN26,B,15-Jun-2026,10:42:46,0.0004,SGX,XOB8000,XOB8000,KUM26-KUN26
9000,50,0.6652,1111,KUM26,S,15-Jun-2026,10:42:46,0,SGX,XOB8000,XOB8000,KUM26
9000,50,0.6657,1111,KUN26,B,20-Jul-2026,10:42:46,0,SGX,XOB8000,XOB8000,KUN26
9000,50,0.0005,1111,KUM26-KUN26,B,15-Jun-2026,10:42:46,0.0004,SGX,XOB8000,XOB8000,KUM26-KUN26
9000,50,0.6652,1111,KUM26,S,15-Jun-2026,10:42:46,0,SGX,XOB8000,XOB8000,KUM26
9000,50,0.6657,1111,KUN26,B,20-Jul-2026,10:42:46,0,SGX,XOB8000,XOB8000,KUN26
9000,50,0.0005,1111,KUM26-KUN26,B,15-Jun-2026,10:42:46,0.0004,SGX,XOB8000,XOB8000,KUM26-KUN26
9000,50,0.6652,1111,KUM26,S,15-Jun-2026,10:42:46,0,SGX,XOB8000,XOB8000,KUM26
9000,50,0.6657,1111,KUN26,B,20-Jul-2026,10:42:46,0,SGX,XOB8000,XOB8000,KUN26
9000,50,0.0005,1111,KUM26-KUN26,S,15-Jun-2026,10:42:53,0.0005,SGX,XOB8000,XOB8000,KUM26-KUN26
9000,50,0.6653,1111,KUM26,B,15-Jun-2026,10:42:53,0,SGX,XOB8000,XOB8000,KUM26
9000,50,0.6658,1111,KUN26,S,20-Jul-2026,10:42:53,0,SGX,XOB8000,XOB8000,KUN26
9000,50,0.0005,1111,KUM26-KUN26,S,15-Jun-2026,10:42:53,0.0005,SGX,XOB8000,XOB8000,KUM26-KUN26
9000,50,0.6653,1111,KUM26,B,15-Jun-2026,10:42:53,0,SGX,XOB8000,XOB8000,KUM26
9000,50,0.6658,1111,KUN26,S,20-Jul-2026,10:42:53,0,SGX,XOB8000,XOB8000,KUN26
9000,50,0.0005,1111,KUM26-KUN26,S,15-Jun-2026,10:42:53,0.0005,SGX,XOB8000,XOB8000,KUM26-KUN26
9000,50,0.6653,1111,KUM26,B,15-Jun-2026,10:42:53,0,SGX,XOB8000,XOB8000,KUM26
9000,50,0.6658,1111,KUN26,S,20-Jul-2026,10:42:53,0,SGX,XOB8000,XOB8000,KUN26
9000,50,0.0005,1111,KUM26-KUN26,S,15-Jun-2026,10:42:53,0.0005,SGX,XOB8000,XOB8000,KUM26-KUN26
9000,50,0.6653,1111,KUM26,B,15-Jun-2026,10:42:53,0,SGX,XOB8000,XOB8000,KUM26
9000,50,0.6658,1111,KUN26,S,20-Jul-2026,10:42:53,0,SGX,XOB8000,XOB8000,KUN26
9000,50,0.0005,1111,KUM26-KUN26,B,15-Jun-2026,10:42:57,0.0005,SGX,XOB8000,XOB8000,KUM26-KUN26
9000,50,0.6653,1111,KUM26,S,15-Jun-2026,10:42:57,0,SGX,XOB8000,XOB8000,KUM26
9000,50,0.6658,1111,KUN26,B,20-Jul-2026,10:42:57,0,SGX,XOB8000,XOB8000,KUN26
9000,50,0.0005,1111,KUM26-KUN26,B,15-Jun-2026,10:42:57,0.0005,SGX,XOB8000,XOB8000,KUM26-KUN26
9000,50,0.6653,1111,KUM26,S,15-Jun-2026,10:42:57,0,SGX,XOB8000,XOB8000,KUM26
9000,50,0.6658,1111,KUN26,B,20-Jul-2026,10:42:57,0,SGX,XOB8000,XOB8000,KUN26
9000,50,0.0005,1111,KUM26-KUN26,B,15-Jun-2026,10:42:57,0.0005,SGX,XOB8000,XOB8000,KUM26-KUN26
9000,50,0.6653,1111,KUM26,S,15-Jun-2026,10:42:57,0,SGX,XOB8000,XOB8000,KUM26
9000,50,0.6658,1111,KUN26,B,20-Jul-2026,10:42:57,0,SGX,XOB8000,XOB8000,KUN26
9000,50,0.0005,1111,KUM26-KUN26,B,15-Jun-2026,10:42:57,0.0005,SGX,XOB8000,XOB8000,KUM26-KUN26
9000,50,0.6653,1111,KUM26,S,15-Jun-2026,10:42:57,0,SGX,XOB8000,XOB8000,KUM26
9000,50,0.6658,1111,KUN26,B,20-Jul-2026,10:42:57,0,SGX,XOB8000,XOB8000,KUN26
9000,37,0.0005,1111,KUM26-KUN26,S,15-Jun-2026,10:43:04,0.0005,SGX,XOB8000,XOB8000,KUM26-KUN26
9000,37,0.6653,1111,KUM26,B,15-Jun-2026,10:43:04,0,SGX,XOB8000,XOB8000,KUM26
9000,37,0.6658,1111,KUN26,S,20-Jul-2026,10:43:04,0,SGX,XOB8000,XOB8000,KUN26
9000,50,0.0005,1111,KUM26-KUN26,S,15-Jun-2026,10:43:04,0.0005,SGX,XOB8000,XOB8000,KUM26-KUN26
9000,50,0.6653,1111,KUM26,B,15-Jun-2026,10:43:04,0,SGX,XOB8000,XOB8000,KUM26
9000,50,0.6658,1111,KUN26,S,20-Jul-2026,10:43:04,0,SGX,XOB8000,XOB8000,KUN26
9000,50,0.0005,1111,KUM26-KUN26,S,15-Jun-2026,10:43:04,0.0005,SGX,XOB8000,XOB8000,KUM26-KUN26
9000,50,0.6653,1111,KUM26,B,15-Jun-2026,10:43:04,0,SGX,XOB8000,XOB8000,KUM26
9000,50,0.6658,1111,KUN26,S,20-Jul-2026,10:43:04,0,SGX,XOB8000,XOB8000,KUN26
9000,50,0.0005,1111,KUM26-KUN26,S,15-Jun-2026,10:43:04,0.0005,SGX,XOB8000,XOB8000,KUM26-KUN26
9000,50,0.6653,1111,KUM26,B,15-Jun-2026,10:43:04,0,SGX,XOB8000,XOB8000,KUM26
9000,50,0.6658,1111,KUN26,S,20-Jul-2026,10:43:04,0,SGX,XOB8000,XOB8000,KUN26
9000,50,0.0005,1111,KUM26-KUN26,B,15-Jun-2026,10:43:06,0.0005,SGX,XOB8000,XOB8000,KUM26-KUN26
9000,50,0.6653,1111,KUM26,S,15-Jun-2026,10:43:06,0,SGX,XOB8000,XOB8000,KUM26
9000,50,0.6658,1111,KUN26,B,20-Jul-2026,10:43:06,0,SGX,XOB8000,XOB8000,KUN26
9000,50,0.0005,1111,KUM26-KUN26,B,15-Jun-2026,10:43:06,0.0005,SGX,XOB8000,XOB8000,KUM26-KUN26
9000,50,0.6653,1111,KUM26,S,15-Jun-2026,10:43:06,0,SGX,XOB8000,XOB8000,KUM26
9000,50,0.6658,1111,KUN26,B,20-Jul-2026,10:43:06,0,SGX,XOB8000,XOB8000,KUN26
9000,50,0.0005,1111,KUM26-KUN26,B,15-Jun-2026,10:43:06,0.0005,SGX,XOB8000,XOB8000,KUM26-KUN26
9000,50,0.6653,1111,KUM26,S,15-Jun-2026,10:43:06,0,SGX,XOB8000,XOB8000,KUM26
9000,50,0.6658,1111,KUN26,B,20-Jul-2026,10:43:06,0,SGX,XOB8000,XOB8000,KUN26
9000,50,0.0005,1111,KUM26-KUN26,B,15-Jun-2026,10:43:06,0.0005,SGX,XOB8000,XOB8000,KUM26-KUN26
9000,50,0.6653,1111,KUM26,S,15-Jun-2026,10:43:06,0,SGX,XOB8000,XOB8000,KUM26
9000,50,0.6658,1111,KUN26,B,20-Jul-2026,10:43:06,0,SGX,XOB8000,XOB8000,KUN26
9000,41,0.0005,1111,KUM26-KUN26,S,15-Jun-2026,10:43:11,0.0005,SGX,XOB8000,XOB8000,KUM26-KUN26
9000,41,0.6653,1111,KUM26,B,15-Jun-2026,10:43:11,0,SGX,XOB8000,XOB8000,KUM26
9000,41,0.6658,1111,KUN26,S,20-Jul-2026,10:43:11,0,SGX,XOB8000,XOB8000,KUN26
9000,50,0.0005,1111,KUM26-KUN26,S,15-Jun-2026,10:43:11,0.0005,SGX,XOB8000,XOB8000,KUM26-KUN26
9000,50,0.6653,1111,KUM26,B,15-Jun-2026,10:43:11,0,SGX,XOB8000,XOB8000,KUM26
9000,50,0.6658,1111,KUN26,S,20-Jul-2026,10:43:11,0,SGX,XOB8000,XOB8000,KUN26
9000,50,0.0005,1111,KUM26-KUN26,S,15-Jun-2026,10:43:11,0.0005,SGX,XOB8000,XOB8000,KUM26-KUN26
9000,50,0.6653,1111,KUM26,B,15-Jun-2026,10:43:11,0,SGX,XOB8000,XOB8000,KUM26
9000,50,0.6658,1111,KUN26,S,20-Jul-2026,10:43:11,0,SGX,XOB8000,XOB8000,KUN26
9000,50,0.0005,1111,KUM26-KUN26,S,15-Jun-2026,10:43:11,0.0005,SGX,XOB8000,XOB8000,KUM26-KUN26
9000,50,0.6653,1111,KUM26,B,15-Jun-2026,10:43:11,0,SGX,XOB8000,XOB8000,KUM26
9000,50,0.6658,1111,KUN26,S,20-Jul-2026,10:43:11,0,SGX,XOB8000,XOB8000,KUN26
9000,50,0.0005,1111,KUM26-KUN26,B,15-Jun-2026,10:43:15,0.0005,SGX,XOB8000,XOB8000,KUM26-KUN26
9000,50,0.6653,1111,KUM26,S,15-Jun-2026,10:43:15,0,SGX,XOB8000,XOB8000,KUM26
9000,50,0.6658,1111,KUN26,B,20-Jul-2026,10:43:15,0,SGX,XOB8000,XOB8000,KUN26
9000,50,0.0005,1111,KUM26-KUN26,B,15-Jun-2026,10:43:15,0.0005,SGX,XOB8000,XOB8000,KUM26-KUN26
9000,50,0.6653,1111,KUM26,S,15-Jun-2026,10:43:15,0,SGX,XOB8000,XOB8000,KUM26
9000,50,0.6658,1111,KUN26,B,20-Jul-2026,10:43:15,0,SGX,XOB8000,XOB8000,KUN26
9000,50,0.0005,1111,KUM26-KUN26,B,15-Jun-2026,10:43:15,0.0005,SGX,XOB8000,XOB8000,KUM26-KUN26
9000,50,0.6653,1111,KUM26,S,15-Jun-2026,10:43:15,0,SGX,XOB8000,XOB8000,KUM26
9000,50,0.6658,1111,KUN26,B,20-Jul-2026,10:43:15,0,SGX,XOB8000,XOB8000,KUN26
9000,50,0.0005,1111,KUM26-KUN26,B,15-Jun-2026,10:43:15,0.0005,SGX,XOB8000,XOB8000,KUM26-KUN26
9000,50,0.6653,1111,KUM26,S,15-Jun-2026,10:43:15,0,SGX,XOB8000,XOB8000,KUM26
9000,50,0.6658,1111,KUN26,B,20-Jul-2026,10:43:15,0,SGX,XOB8000,XOB8000,KUN26
9000,49,0.0005,1111,KUM26-KUN26,S,15-Jun-2026,10:43:18,0.0005,SGX,XOB8000,XOB8000,KUM26-KUN26
9000,49,0.6653,1111,KUM26,B,15-Jun-2026,10:43:18,0,SGX,XOB8000,XOB8000,KUM26
9000,49,0.6658,1111,KUN26,S,20-Jul-2026,10:43:18,0,SGX,XOB8000,XOB8000,KUN26
9000,50,0.0005,1111,KUM26-KUN26,S,15-Jun-2026,10:43:18,0.0005,SGX,XOB8000,XOB8000,KUM26-KUN26
9000,50,0.6653,1111,KUM26,B,15-Jun-2026,10:43:18,0,SGX,XOB8000,XOB8000,KUM26
9000,50,0.6658,1111,KUN26,S,20-Jul-2026,10:43:18,0,SGX,XOB8000,XOB8000,KUN26
9000,50,0.0005,1111,KUM26-KUN26,S,15-Jun-2026,10:43:18,0.0005,SGX,XOB8000,XOB8000,KUM26-KUN26
9000,50,0.6653,1111,KUM26,B,15-Jun-2026,10:43:18,0,SGX,XOB8000,XOB8000,KUM26
9000,50,0.6658,1111,KUN26,S,20-Jul-2026,10:43:18,0,SGX,XOB8000,XOB8000,KUN26
9000,50,0.0005,1111,KUM26-KUN26,S,15-Jun-2026,10:43:18,0.0005,SGX,XOB8000,XOB8000,KUM26-KUN26
9000,50,0.6653,1111,KUM26,B,15-Jun-2026,10:43:18,0,SGX,XOB8000,XOB8000,KUM26
9000,50,0.6658,1111,KUN26,S,20-Jul-2026,10:43:18,0,SGX,XOB8000,XOB8000,KUN26
9000,50,0.0005,1111,KUM26-KUN26,B,15-Jun-2026,10:43:21,0.0005,SGX,XOB8000,XOB8000,KUM26-KUN26
9000,50,0.6653,1111,KUM26,S,15-Jun-2026,10:43:21,0,SGX,XOB8000,XOB8000,KUM26
9000,50,0.6658,1111,KUN26,B,20-Jul-2026,10:43:21,0,SGX,XOB8000,XOB8000,KUN26
9000,50,0.0005,1111,KUM26-KUN26,B,15-Jun-2026,10:43:21,0.0005,SGX,XOB8000,XOB8000,KUM26-KUN26
9000,50,0.6653,1111,KUM26,S,15-Jun-2026,10:43:21,0,SGX,XOB8000,XOB8000,KUM26
9000,50,0.6658,1111,KUN26,B,20-Jul-2026,10:43:21,0,SGX,XOB8000,XOB8000,KUN26
9000,50,0.0005,1111,KUM26-KUN26,B,15-Jun-2026,10:43:21,0.0005,SGX,XOB8000,XOB8000,KUM26-KUN26
9000,50,0.6653,1111,KUM26,S,15-Jun-2026,10:43:21,0,SGX,XOB8000,XOB8000,KUM26
9000,50,0.6658,1111,KUN26,B,20-Jul-2026,10:43:21,0,SGX,XOB8000,XOB8000,KUN26
9000,50,0.0005,1111,KUM26-KUN26,B,15-Jun-2026,10:43:21,0.0005,SGX,XOB8000,XOB8000,KUM26-KUN26
9000,50,0.6653,1111,KUM26,S,15-Jun-2026,10:43:21,0,SGX,XOB8000,XOB8000,KUM26
9000,50,0.6658,1111,KUN26,B,20-Jul-2026,10:43:21,0,SGX,XOB8000,XOB8000,KUN26
9000,36,0.0005,1111,KUM26-KUN26,S,15-Jun-2026,10:43:27,0.0005,SGX,XOB8000,XOB8000,KUM26-KUN26
9000,36,0.6653,1111,KUM26,B,15-Jun-2026,10:43:27,0,SGX,XOB8000,XOB8000,KUM26
9000,36,0.6658,1111,KUN26,S,20-Jul-2026,10:43:27,0,SGX,XOB8000,XOB8000,KUN26
9000,50,0.0005,1111,KUM26-KUN26,S,15-Jun-2026,10:43:27,0.0005,SGX,XOB8000,XOB8000,KUM26-KUN26
9000,50,0.6653,1111,KUM26,B,15-Jun-2026,10:43:27,0,SGX,XOB8000,XOB8000,KUM26
9000,50,0.6658,1111,KUN26,S,20-Jul-2026,10:43:27,0,SGX,XOB8000,XOB8000,KUN26
9000,50,0.0005,1111,KUM26-KUN26,S,15-Jun-2026,10:43:27,0.0005,SGX,XOB8000,XOB8000,KUM26-KUN26
9000,50,0.6653,1111,KUM26,B,15-Jun-2026,10:43:27,0,SGX,XOB8000,XOB8000,KUM26
9000,50,0.6658,1111,KUN26,S,20-Jul-2026,10:43:27,0,SGX,XOB8000,XOB8000,KUN26
9000,50,0.0005,1111,KUM26-KUN26,S,15-Jun-2026,10:43:27,0.0005,SGX,XOB8000,XOB8000,KUM26-KUN26
9000,50,0.6653,1111,KUM26,B,15-Jun-2026,10:43:27,0,SGX,XOB8000,XOB8000,KUM26
9000,50,0.6658,1111,KUN26,S,20-Jul-2026,10:43:27,0,SGX,XOB8000,XOB8000,KUN26
9000,50,0.0005,1111,KUM26-KUN26,B,15-Jun-2026,10:43:31,0.0005,SGX,XOB8000,XOB8000,KUM26-KUN26
9000,50,0.6653,1111,KUM26,S,15-Jun-2026,10:43:31,0,SGX,XOB8000,XOB8000,KUM26
9000,50,0.6658,1111,KUN26,B,20-Jul-2026,10:43:31,0,SGX,XOB8000,XOB8000,KUN26
9000,50,0.0005,1111,KUM26-KUN26,B,15-Jun-2026,10:43:31,0.0005,SGX,XOB8000,XOB8000,KUM26-KUN26
9000,50,0.6653,1111,KUM26,S,15-Jun-2026,10:43:31,0,SGX,XOB8000,XOB8000,KUM26
9000,50,0.6658,1111,KUN26,B,20-Jul-2026,10:43:31,0,SGX,XOB8000,XOB8000,KUN26
9000,50,0.0005,1111,KUM26-KUN26,B,15-Jun-2026,10:43:31,0.0005,SGX,XOB8000,XOB8000,KUM26-KUN26
9000,50,0.6653,1111,KUM26,S,15-Jun-2026,10:43:31,0,SGX,XOB8000,XOB8000,KUM26
9000,50,0.6658,1111,KUN26,B,20-Jul-2026,10:43:31,0,SGX,XOB8000,XOB8000,KUN26
9000,50,0.0005,1111,KUM26-KUN26,B,15-Jun-2026,10:43:31,0.0005,SGX,XOB8000,XOB8000,KUM26-KUN26
9000,50,0.6653,1111,KUM26,S,15-Jun-2026,10:43:31,0,SGX,XOB8000,XOB8000,KUM26
9000,50,0.6658,1111,KUN26,B,20-Jul-2026,10:43:31,0,SGX,XOB8000,XOB8000,KUN26
9000,37,0.0005,1111,KUM26-KUN26,S,15-Jun-2026,10:43:35,0.0005,SGX,XOB8000,XOB8000,KUM26-KUN26
9000,37,0.6653,1111,KUM26,B,15-Jun-2026,10:43:35,0,SGX,XOB8000,XOB8000,KUM26
9000,37,0.6658,1111,KUN26,S,20-Jul-2026,10:43:35,0,SGX,XOB8000,XOB8000,KUN26
9000,50,0.0005,1111,KUM26-KUN26,S,15-Jun-2026,10:43:35,0.0005,SGX,XOB8000,XOB8000,KUM26-KUN26
9000,50,0.6653,1111,KUM26,B,15-Jun-2026,10:43:35,0,SGX,XOB8000,XOB8000,KUM26
9000,50,0.6658,1111,KUN26,S,20-Jul-2026,10:43:35,0,SGX,XOB8000,XOB8000,KUN26
9000,50,0.0005,1111,KUM26-KUN26,S,15-Jun-2026,10:43:35,0.0005,SGX,XOB8000,XOB8000,KUM26-KUN26
9000,50,0.6653,1111,KUM26,B,15-Jun-2026,10:43:35,0,SGX,XOB8000,XOB8000,KUM26
9000,50,0.6658,1111,KUN26,S,20-Jul-2026,10:43:35,0,SGX,XOB8000,XOB8000,KUN26
9000,50,0.0005,1111,KUM26-KUN26,S,15-Jun-2026,10:43:35,0.0005,SGX,XOB8000,XOB8000,KUM26-KUN26
9000,50,0.6653,1111,KUM26,B,15-Jun-2026,10:43:35,0,SGX,XOB8000,XOB8000,KUM26
9000,50,0.6658,1111,KUN26,S,20-Jul-2026,10:43:35,0,SGX,XOB8000,XOB8000,KUN26
9000,50,0.0005,1111,KUM26-KUN26,B,15-Jun-2026,10:43:40,0.0005,SGX,XOB8000,XOB8000,KUM26-KUN26
9000,50,0.6652,1111,KUM26,S,15-Jun-2026,10:43:40,0,SGX,XOB8000,XOB8000,KUM26
9000,50,0.6657,1111,KUN26,B,20-Jul-2026,10:43:40,0,SGX,XOB8000,XOB8000,KUN26
9000,50,0.0005,1111,KUM26-KUN26,B,15-Jun-2026,10:43:40,0.0005,SGX,XOB8000,XOB8000,KUM26-KUN26
9000,50,0.6652,1111,KUM26,S,15-Jun-2026,10:43:40,0,SGX,XOB8000,XOB8000,KUM26
9000,50,0.6657,1111,KUN26,B,20-Jul-2026,10:43:40,0,SGX,XOB8000,XOB8000,KUN26
9000,50,0.0005,1111,KUM26-KUN26,B,15-Jun-2026,10:43:40,0.0005,SGX,XOB8000,XOB8000,KUM26-KUN26
9000,50,0.6652,1111,KUM26,S,15-Jun-2026,10:43:40,0,SGX,XOB8000,XOB8000,KUM26
9000,50,0.6657,1111,KUN26,B,20-Jul-2026,10:43:40,0,SGX,XOB8000,XOB8000,KUN26
9000,50,0.0005,1111,KUM26-KUN26,B,15-Jun-2026,10:43:40,0.0005,SGX,XOB8000,XOB8000,KUM26-KUN26
9000,50,0.6652,1111,KUM26,S,15-Jun-2026,10:43:40,0,SGX,XOB8000,XOB8000,KUM26
9000,50,0.6657,1111,KUN26,B,20-Jul-2026,10:43:40,0,SGX,XOB8000,XOB8000,KUN26
9000,45,0.0005,1111,KUM26-KUN26,S,15-Jun-2026,10:43:46,0.0005,SGX,XOB8000,XOB8000,KUM26-KUN26
9000,45,0.6653,1111,KUM26,B,15-Jun-2026,10:43:46,0,SGX,XOB8000,XOB8000,KUM26
9000,45,0.6658,1111,KUN26,S,20-Jul-2026,10:43:46,0,SGX,XOB8000,XOB8000,KUN26
9000,50,0.0005,1111,KUM26-KUN26,S,15-Jun-2026,10:43:46,0.0005,SGX,XOB8000,XOB8000,KUM26-KUN26
9000,50,0.6653,1111,KUM26,B,15-Jun-2026,10:43:46,0,SGX,XOB8000,XOB8000,KUM26
9000,50,0.6658,1111,KUN26,S,20-Jul-2026,10:43:46,0,SGX,XOB8000,XOB8000,KUN26
9000,50,0.0005,1111,KUM26-KUN26,S,15-Jun-2026,10:43:46,0.0005,SGX,XOB8000,XOB8000,KUM26-KUN26
9000,50,0.6653,1111,KUM26,B,15-Jun-2026,10:43:46,0,SGX,XOB8000,XOB8000,KUM26
9000,50,0.6658,1111,KUN26,S,20-Jul-2026,10:43:46,0,SGX,XOB8000,XOB8000,KUN26
9000,50,0.0005,1111,KUM26-KUN26,S,15-Jun-2026,10:43:46,0.0005,SGX,XOB8000,XOB8000,KUM26-KUN26
9000,50,0.6653,1111,KUM26,B,15-Jun-2026,10:43:46,0,SGX,XOB8000,XOB8000,KUM26
9000,50,0.6658,1111,KUN26,S,20-Jul-2026,10:43:46,0,SGX,XOB8000,XOB8000,KUN26
9812,5,103.830,1111,IUK26,S,26-May-2026,10:44:18,103.84,SGX,XOF8012,XOF8012,IUK26
9812,5,103.83,1111,DINR,B,26-May-2026,10:44:18,103.83,DGCX,S-XOF8012,S-XOF8012,DINR-20260527
9812,5,103.830,1111,IUK26,S,26-May-2026,10:44:19,103.84,SGX,XOF8012,XOF8012,IUK26
9812,5,103.83,1111,DINR,B,26-May-2026,10:44:19,103.84,DGCX,S-XOF8012,S-XOF8012,DINR-20260527
9812,5,103.830,1111,IUK26,S,26-May-2026,10:44:21,103.84,SGX,XOF8012,XOF8012,IUK26
9812,2,103.83,1111,DINR,B,26-May-2026,10:44:21,103.84,DGCX,S-XOF8012,S-XOF8012,DINR-20260527
9812,3,103.84,1111,DINR,B,26-May-2026,10:44:21,103.84,DGCX,S-XOF8012,S-XOF8012,DINR-20260527
9812,5,103.820,1111,IUK26,S,26-May-2026,10:45:59,103.81,SGX,XOF8012,XOF8012,IUK26
9812,5,103.83,1111,DINR,B,26-May-2026,10:46:00,103.83,DGCX,S-XOF8012,S-XOF8012,DINR-20260527
9812,5,103.840,1111,IUK26,S,26-May-2026,10:46:31,103.84,SGX,XOF8012,XOF8012,IUK26
9812,5,103.84,1111,DINR,B,26-May-2026,10:46:31,103.84,DGCX,S-XOF8012,S-XOF8012,DINR-20260527
9812,5,103.430,1111,IUM26,B,25-Jun-2026,10:46:44,103.43,SGX,XOF8012,XOF8012,IUM26
9812,5,103.43,1111,DINR,S,25-Jun-2026,10:46:44,103.43,DGCX,S-XOF8012,S-XOF8012,DINR-20260626
9812,5,103.840,1111,IUK26,S,26-May-2026,10:48:04,103.84,SGX,XOF8012,XOF8012,IUK26
9812,5,103.85,1111,DINR,B,26-May-2026,10:48:04,103.84,DGCX,S-XOF8012,S-XOF8012,DINR-20260527
9812,5,103.450,1111,IUM26,B,25-Jun-2026,10:49:23,103.45,SGX,XOF8012,XOF8012,IUM26
9812,5,103.45,1111,DINR,S,25-Jun-2026,10:49:23,103.45,DGCX,S-XOF8012,S-XOF8012,DINR-20260626
9812,1,103.450,1111,IUM26,S,25-Jun-2026,10:51:24,103.45,SGX,XOF8012,XOF8012,IUM26
9812,4,103.450,1111,IUM26,S,25-Jun-2026,10:51:24,103.45,SGX,XOF8012,XOF8012,IUM26
9812,1,103.46,1111,DINR,B,25-Jun-2026,10:51:24,103.45,DGCX,S-XOF8012,S-XOF8012,DINR-20260626
9812,4,103.46,1111,DINR,B,25-Jun-2026,10:51:24,103.45,DGCX,S-XOF8012,S-XOF8012,DINR-20260626
9816,1,-0.390,1111,IUK26-IUM26,B,26-May-2026,10:58:10,-0.39,SGX,XOF8016,XOF8016,IUK26-IUM26
9816,1,103.810,1111,IUK26,S,26-May-2026,10:58:10,103.81,SGX,XOF8016,XOF8016,IUK26
9816,1,103.420,1111,IUM26,B,25-Jun-2026,10:58:10,103.42,SGX,XOF8016,XOF8016,IUM26
9812,4,103.830,1111,IUK26,S,26-May-2026,10:58:17,103.83,SGX,XOF8012,XOF8012,IUK26
9812,1,103.830,1111,IUK26,S,26-May-2026,10:58:17,103.83,SGX,XOF8012,XOF8012,IUK26
9816,1,-0.390,1111,IUK26-IUM26,B,26-May-2026,10:58:17,-0.39,SGX,XOF8016,XOF8016,IUK26-IUM26
9816,1,103.830,1111,IUK26,S,26-May-2026,10:58:17,103.83,SGX,XOF8016,XOF8016,IUK26
9816,1,103.440,1111,IUM26,B,25-Jun-2026,10:58:17,103.45,SGX,XOF8016,XOF8016,IUM26
9812,1,103.83,1111,DINR,B,26-May-2026,10:58:17,103.84,DGCX,S-XOF8012,S-XOF8012,DINR-20260527
9812,1,103.83,1111,DINR,B,26-May-2026,10:58:17,103.84,DGCX,S-XOF8012,S-XOF8012,DINR-20260527
9812,2,103.84,1111,DINR,B,26-May-2026,10:58:17,103.84,DGCX,S-XOF8012,S-XOF8012,DINR-20260527
9812,1,103.84,1111,DINR,B,26-May-2026,10:58:17,103.84,DGCX,S-XOF8012,S-XOF8012,DINR-20260527
9812,2,103.830,1111,IUK26,S,26-May-2026,10:58:17,103.83,SGX,XOF8012,XOF8012,IUK26
9812,2,103.830,1111,IUK26,S,26-May-2026,10:58:17,103.83,SGX,XOF8012,XOF8012,IUK26
9812,1,103.830,1111,IUK26,S,26-May-2026,10:58:17,103.83,SGX,XOF8012,XOF8012,IUK26
9816,29,-0.390,1111,IUK26-IUM26,B,26-May-2026,10:58:17,-0.39,SGX,XOF8016,XOF8016,IUK26-IUM26
9816,29,103.830,1111,IUK26,S,26-May-2026,10:58:17,103.83,SGX,XOF8016,XOF8016,IUK26
9816,29,103.440,1111,IUM26,B,25-Jun-2026,10:58:17,103.45,SGX,XOF8016,XOF8016,IUM26
9816,15,-0.390,1111,IUK26-IUM26,B,26-May-2026,10:58:17,-0.39,SGX,XOF8016,XOF8016,IUK26-IUM26
9816,15,103.830,1111,IUK26,S,26-May-2026,10:58:17,103.83,SGX,XOF8016,XOF8016,IUK26
9816,15,103.440,1111,IUM26,B,25-Jun-2026,10:58:17,103.45,SGX,XOF8016,XOF8016,IUM26
9816,22,-0.390,1111,IUK26-IUM26,B,26-May-2026,10:58:17,-0.39,SGX,XOF8016,XOF8016,IUK26-IUM26
9816,22,103.830,1111,IUK26,S,26-May-2026,10:58:17,103.83,SGX,XOF8016,XOF8016,IUK26
9816,22,103.440,1111,IUM26,B,25-Jun-2026,10:58:17,103.45,SGX,XOF8016,XOF8016,IUM26
9812,2,103.84,1111,DINR,B,26-May-2026,10:58:17,103.84,DGCX,S-XOF8012,S-XOF8012,DINR-20260527
9812,2,103.84,1111,DINR,B,26-May-2026,10:58:17,103.84,DGCX,S-XOF8012,S-XOF8012,DINR-20260527
9812,1,103.84,1111,DINR,B,26-May-2026,10:58:17,103.84,DGCX,S-XOF8012,S-XOF8012,DINR-20260527
9813,1,-0.370,1111,IUM26-IUN26,S,26-Jun-2026,10:58:18,-0.37,SGX,XOF8013,XOF8013,IUM26-IUN26
9813,1,103.450,1111,IUM26,B,25-Jun-2026,10:58:18,103.45,SGX,XOF8013,XOF8013,IUM26
9813,1,103.080,1111,IUN26,S,29-Jul-2026,10:58:18,103.08,SGX,XOF8013,XOF8013,IUN26
9813,1,-0.370,1111,IUM26-IUN26,S,26-Jun-2026,10:58:18,-0.37,SGX,XOF8013,XOF8013,IUM26-IUN26
9813,1,103.440,1111,IUM26,B,25-Jun-2026,10:58:18,103.45,SGX,XOF8013,XOF8013,IUM26
9813,1,103.070,1111,IUN26,S,29-Jul-2026,10:58:18,103.08,SGX,XOF8013,XOF8013,IUN26
9812,5,103.830,1111,IUK26,S,26-May-2026,10:59:34,103.83,SGX,XOF8012,XOF8012,IUK26
9816,32,-0.390,1111,IUK26-IUM26,B,26-May-2026,10:59:34,-0.39,SGX,XOF8016,XOF8016,IUK26-IUM26
9816,32,103.830,1111,IUK26,S,26-May-2026,10:59:34,103.83,SGX,XOF8016,XOF8016,IUK26
9816,32,103.440,1111,IUM26,B,25-Jun-2026,10:59:34,103.44,SGX,XOF8016,XOF8016,IUM26
9812,1,103.83,1111,DINR,B,26-May-2026,10:59:34,103.84,DGCX,S-XOF8012,S-XOF8012,DINR-20260527
9812,1,103.83,1111,DINR,B,26-May-2026,10:59:34,103.84,DGCX,S-XOF8012,S-XOF8012,DINR-20260527
9812,1,103.84,1111,DINR,B,26-May-2026,10:59:34,103.84,DGCX,S-XOF8012,S-XOF8012,DINR-20260527
9812,2,103.84,1111,DINR,B,26-May-2026,10:59:34,103.84,DGCX,S-XOF8012,S-XOF8012,DINR-20260527
9812,5,103.830,1111,IUK26,S,26-May-2026,11:00:00,103.83,SGX,XOF8012,XOF8012,IUK26
9812,1,103.83,1111,DINR,B,26-May-2026,11:00:00,103.84,DGCX,S-XOF8012,S-XOF8012,DINR-20260527
9812,1,103.83,1111,DINR,B,26-May-2026,11:00:00,103.84,DGCX,S-XOF8012,S-XOF8012,DINR-20260527
9812,3,103.84,1111,DINR,B,26-May-2026,11:00:00,103.84,DGCX,S-XOF8012,S-XOF8012,DINR-20260527
9816,17,-0.390,1111,IUK26-IUM26,B,26-May-2026,11:00:50,-0.39,SGX,XOF8016,XOF8016,IUK26-IUM26
9816,17,103.830,1111,IUK26,S,26-May-2026,11:00:50,103.82,SGX,XOF8016,XOF8016,IUK26
9816,17,103.440,1111,IUM26,B,25-Jun-2026,11:00:50,103.44,SGX,XOF8016,XOF8016,IUM26
9812,1,103.800,1111,IUK26,S,26-May-2026,11:02:51,103.8,SGX,XOF8012,XOF8012,IUK26
9812,1,103.81,1111,DINR,B,26-May-2026,11:02:51,103.81,DGCX,S-XOF8012,S-XOF8012,DINR-20260527
9812,4,103.800,1111,IUK26,S,26-May-2026,11:03:09,103.8,SGX,XOF8012,XOF8012,IUK26
9812,4,103.81,1111,DINR,B,26-May-2026,11:03:09,103.81,DGCX,S-XOF8012,S-XOF8012,DINR-20260527
9812,5,103.810,1111,IUK26,S,26-May-2026,11:04:41,103.81,SGX,XOF8012,XOF8012,IUK26
9812,5,103.82,1111,DINR,B,26-May-2026,11:04:41,103.82,DGCX,S-XOF8012,S-XOF8012,DINR-20260527
9812,5,103.430,1111,IUM26,S,25-Jun-2026,11:05:11,103.43,SGX,XOF8012,XOF8012,IUM26
9812,5,103.44,1111,DINR,B,25-Jun-2026,11:05:11,103.44,DGCX,S-XOF8012,S-XOF8012,DINR-20260626
9812,5,103.430,1111,IUM26,S,25-Jun-2026,11:05:11,103.43,SGX,XOF8012,XOF8012,IUM26
9812,5,103.44,1111,DINR,B,25-Jun-2026,11:05:12,103.44,DGCX,S-XOF8012,S-XOF8012,DINR-20260626
9812,5,103.430,1111,IUM26,S,25-Jun-2026,11:05:12,103.43,SGX,XOF8012,XOF8012,IUM26
9812,1,103.44,1111,DINR,B,25-Jun-2026,11:05:12,103.44,DGCX,S-XOF8012,S-XOF8012,DINR-20260626
9812,4,103.44,1111,DINR,B,25-Jun-2026,11:05:12,103.44,DGCX,S-XOF8012,S-XOF8012,DINR-20260626
9812,5,103.460,1111,IUM26,S,25-Jun-2026,11:05:22,103.46,SGX,XOF8012,XOF8012,IUM26
9812,5,103.46,1111,DINR,B,25-Jun-2026,11:05:22,103.46,DGCX,S-XOF8012,S-XOF8012,DINR-20260626
9812,5,103.460,1111,IUM26,S,25-Jun-2026,11:05:22,103.46,SGX,XOF8012,XOF8012,IUM26
9812,5,103.47,1111,DINR,B,25-Jun-2026,11:05:24,103.47,DGCX,S-XOF8012,S-XOF8012,DINR-20260626
9812,4,103.470,1111,IUM26,S,25-Jun-2026,11:08:42,103.47,SGX,XOF8012,XOF8012,IUM26
9812,4,103.47,1111,DINR,B,25-Jun-2026,11:08:41,103.47,DGCX,S-XOF8012,S-XOF8012,DINR-20260626
9812,1,103.470,1111,IUM26,S,25-Jun-2026,11:08:42,103.47,SGX,XOF8012,XOF8012,IUM26
9812,1,103.47,1111,DINR,B,25-Jun-2026,11:08:42,103.47,DGCX,S-XOF8012,S-XOF8012,DINR-20260626
9812,5,103.860,1111,IUK26,S,26-May-2026,11:09:41,103.86,SGX,XOF8012,XOF8012,IUK26
9812,5,103.86,1111,DINR,B,26-May-2026,11:09:41,103.86,DGCX,S-XOF8012,S-XOF8012,DINR-20260527
9812,2,103.860,1111,IUK26,S,26-May-2026,11:09:52,103.86,SGX,XOF8012,XOF8012,IUK26
9812,2,103.86,1111,DINR,B,26-May-2026,11:09:51,103.86,DGCX,S-XOF8012,S-XOF8012,DINR-20260527
9812,3,103.860,1111,IUK26,S,26-May-2026,11:09:52,103.86,SGX,XOF8012,XOF8012,IUK26
9812,3,103.86,1111,DINR,B,26-May-2026,11:09:52,103.86,DGCX,S-XOF8012,S-XOF8012,DINR-20260527
9816,69,-0.390,1111,IUK26-IUM26,S,26-May-2026,11:10:04,-0.39,SGX,XOF8016,XOF8016,IUK26-IUM26
9816,69,103.860,1111,IUK26,B,26-May-2026,11:10:04,103.86,SGX,XOF8016,XOF8016,IUK26
9816,69,103.470,1111,IUM26,S,25-Jun-2026,11:10:04,103.47,SGX,XOF8016,XOF8016,IUM26
9816,31,-0.390,1111,IUK26-IUM26,S,26-May-2026,11:10:04,-0.39,SGX,XOF8016,XOF8016,IUK26-IUM26
9816,31,103.860,1111,IUK26,B,26-May-2026,11:10:04,103.86,SGX,XOF8016,XOF8016,IUK26
9816,31,103.470,1111,IUM26,S,25-Jun-2026,11:10:04,103.47,SGX,XOF8016,XOF8016,IUM26
9816,6,-0.390,1111,IUK26-IUM26,S,26-May-2026,11:10:10,-0.39,SGX,XOF8016,XOF8016,IUK26-IUM26
9816,6,103.850,1111,IUK26,B,26-May-2026,11:10:10,103.86,SGX,XOF8016,XOF8016,IUK26
9816,6,103.460,1111,IUM26,S,25-Jun-2026,11:10:10,103.46,SGX,XOF8016,XOF8016,IUM26
9816,11,-0.390,1111,IUK26-IUM26,S,26-May-2026,11:10:10,-0.39,SGX,XOF8016,XOF8016,IUK26-IUM26
9816,11,103.850,1111,IUK26,B,26-May-2026,11:10:10,103.86,SGX,XOF8016,XOF8016,IUK26
9816,11,103.460,1111,IUM26,S,25-Jun-2026,11:10:10,103.46,SGX,XOF8016,XOF8016,IUM26
9816,42,-0.390,1111,IUK26-IUM26,S,26-May-2026,11:10:10,-0.39,SGX,XOF8016,XOF8016,IUK26-IUM26
9816,42,103.850,1111,IUK26,B,26-May-2026,11:10:10,103.86,SGX,XOF8016,XOF8016,IUK26
9816,42,103.460,1111,IUM26,S,25-Jun-2026,11:10:10,103.46,SGX,XOF8016,XOF8016,IUM26
9816,5,-0.390,1111,IUK26-IUM26,S,26-May-2026,11:10:10,-0.39,SGX,XOF8016,XOF8016,IUK26-IUM26
9816,5,103.850,1111,IUK26,B,26-May-2026,11:10:10,103.86,SGX,XOF8016,XOF8016,IUK26
9816,5,103.460,1111,IUM26,S,25-Jun-2026,11:10:10,103.46,SGX,XOF8016,XOF8016,IUM26
9816,5,-0.390,1111,IUK26-IUM26,S,26-May-2026,11:10:10,-0.39,SGX,XOF8016,XOF8016,IUK26-IUM26
9816,5,103.850,1111,IUK26,B,26-May-2026,11:10:10,103.86,SGX,XOF8016,XOF8016,IUK26
9816,5,103.460,1111,IUM26,S,25-Jun-2026,11:10:10,103.46,SGX,XOF8016,XOF8016,IUM26
9812,5,103.860,1111,IUK26,S,26-May-2026,11:10:16,103.86,SGX,XOF8012,XOF8012,IUK26
9812,5,103.86,1111,DINR,B,26-May-2026,11:10:16,103.86,DGCX,S-XOF8012,S-XOF8012,DINR-20260527
9812,2,103.850,1111,IUK26,S,26-May-2026,11:11:10,103.85,SGX,XOF8012,XOF8012,IUK26
9812,2,103.85,1111,DINR,B,26-May-2026,11:11:09,103.85,DGCX,S-XOF8012,S-XOF8012,DINR-20260527
9812,3,103.850,1111,IUK26,S,26-May-2026,11:11:10,103.85,SGX,XOF8012,XOF8012,IUK26
9812,3,103.85,1111,DINR,B,26-May-2026,11:11:10,103.85,DGCX,S-XOF8012,S-XOF8012,DINR-20260527
9812,5,103.850,1111,IUK26,S,26-May-2026,11:13:06,103.85,SGX,XOF8012,XOF8012,IUK26
9812,5,103.85,1111,DINR,B,26-May-2026,11:13:06,103.85,DGCX,S-XOF8012,S-XOF8012,DINR-20260527
9812,5,103.850,1111,IUK26,S,26-May-2026,11:13:18,103.85,SGX,XOF8012,XOF8012,IUK26
9812,5,103.85,1111,DINR,B,26-May-2026,11:13:18,103.84,DGCX,S-XOF8012,S-XOF8012,DINR-20260527
9816,20,103.440,1111,IUM26,B,25-Jun-2026,11:15:34,103.44,SGX,XOF8016,XOF8016,IUM26
9816,10,103.440,1111,IUM26,B,25-Jun-2026,11:15:34,103.44,SGX,XOF8016,XOF8016,IUM26
9816,9,103.840,1111,IUK26,S,26-May-2026,11:15:48,103.84,SGX,XOF8016,XOF8016,IUK26
9816,10,103.840,1111,IUK26,S,26-May-2026,11:15:50,103.84,SGX,XOF8016,XOF8016,IUK26
9816,10,103.840,1111,IUK26,S,26-May-2026,11:15:50,103.84,SGX,XOF8016,XOF8016,IUK26
9816,1,103.840,1111,IUK26,S,26-May-2026,11:15:51,103.85,SGX,XOF8016,XOF8016,IUK26
9816,21,103.450,1111,IUM26,B,25-Jun-2026,11:16:06,103.45,SGX,XOF8016,XOF8016,IUM26
9816,9,103.450,1111,IUM26,B,25-Jun-2026,11:16:06,103.45,SGX,XOF8016,XOF8016,IUM26
9816,1,103.850,1111,IUK26,S,26-May-2026,11:16:18,103.85,SGX,XOF8016,XOF8016,IUK26
9816,10,103.850,1111,IUK26,S,26-May-2026,11:16:20,103.85,SGX,XOF8016,XOF8016,IUK26
9816,10,103.850,1111,IUK26,S,26-May-2026,11:16:20,103.85,SGX,XOF8016,XOF8016,IUK26
9816,9,103.850,1111,IUK26,S,26-May-2026,11:16:22,103.85,SGX,XOF8016,XOF8016,IUK26
9816,13,103.450,1111,IUM26,B,25-Jun-2026,11:16:36,103.45,SGX,XOF8016,XOF8016,IUM26
9816,15,103.450,1111,IUM26,B,25-Jun-2026,11:16:36,103.45,SGX,XOF8016,XOF8016,IUM26
9816,2,103.450,1111,IUM26,B,25-Jun-2026,11:16:36,103.45,SGX,XOF8016,XOF8016,IUM26
9816,10,103.850,1111,IUK26,S,26-May-2026,11:16:45,103.85,SGX,XOF8016,XOF8016,IUK26
9816,10,103.850,1111,IUK26,S,26-May-2026,11:16:46,103.85,SGX,XOF8016,XOF8016,IUK26
9816,10,103.850,1111,IUK26,S,26-May-2026,11:16:47,103.85,SGX,XOF8016,XOF8016,IUK26
9816,20,103.450,1111,IUM26,B,25-Jun-2026,11:17:09,103.45,SGX,XOF8016,XOF8016,IUM26
9816,10,103.450,1111,IUM26,B,25-Jun-2026,11:17:09,103.45,SGX,XOF8016,XOF8016,IUM26
9812,5,103.460,1111,IUM26,S,25-Jun-2026,11:17:13,103.46,SGX,XOF8012,XOF8012,IUM26
9812,5,103.46,1111,DINR,B,25-Jun-2026,11:17:14,103.46,DGCX,S-XOF8012,S-XOF8012,DINR-20260626
9816,5,103.850,1111,IUK26,S,26-May-2026,11:17:18,103.85,SGX,XOF8016,XOF8016,IUK26
9816,10,103.850,1111,IUK26,S,26-May-2026,11:17:18,103.85,SGX,XOF8016,XOF8016,IUK26
9816,10,103.850,1111,IUK26,S,26-May-2026,11:17:20,103.85,SGX,XOF8016,XOF8016,IUK26
9816,5,103.850,1111,IUK26,S,26-May-2026,11:17:21,103.85,SGX,XOF8016,XOF8016,IUK26
9813,1,-0.370,1111,IUM26-IUN26,S,26-Jun-2026,11:18:03,-0.37,SGX,XOF8013,XOF8013,IUM26-IUN26
9813,1,103.460,1111,IUM26,B,25-Jun-2026,11:18:03,103.46,SGX,XOF8013,XOF8013,IUM26
9813,1,103.090,1111,IUN26,S,29-Jul-2026,11:18:03,103.09,SGX,XOF8013,XOF8013,IUN26
9819,29,0.39,1111,DINR,B,27-May-2026,11:19:53,0.39,DGCX,S-XOF8019,S-XOF8019,DINR-20260527-20260626
9819,29,103.84,1111,DINR,B,26-May-2026,11:19:53,103.84,DGCX,S-XOF8019,S-XOF8019,DINR-20260527
9819,29,103.45,1111,DINR,S,25-Jun-2026,11:19:53,103.45,DGCX,S-XOF8019,S-XOF8019,DINR-20260626
9819,56,0.39,1111,DINR,B,27-May-2026,11:19:53,0.39,DGCX,S-XOF8019,S-XOF8019,DINR-20260527-20260626
9819,56,103.84,1111,DINR,B,26-May-2026,11:19:53,103.84,DGCX,S-XOF8019,S-XOF8019,DINR-20260527
9819,56,103.45,1111,DINR,S,25-Jun-2026,11:19:53,103.45,DGCX,S-XOF8019,S-XOF8019,DINR-20260626
9000,5,0.0005,1111,KUM26-KUN26,S,15-Jun-2026,11:21:41,0.0005,SGX,XOB8000,XOB8000,KUM26-KUN26
9000,5,0.6657,1111,KUM26,B,15-Jun-2026,11:21:41,0,SGX,XOB8000,XOB8000,KUM26
9000,5,0.6662,1111,KUN26,S,20-Jul-2026,11:21:41,0,SGX,XOB8000,XOB8000,KUN26
9816,9,103.440,1111,IUM26,B,25-Jun-2026,11:28:00,103.44,SGX,XOF8016,XOF8016,IUM26
9816,20,103.440,1111,IUM26,B,25-Jun-2026,11:28:00,103.44,SGX,XOF8016,XOF8016,IUM26
9816,1,103.440,1111,IUM26,B,25-Jun-2026,11:28:00,103.44,SGX,XOF8016,XOF8016,IUM26
9816,1,103.840,1111,IUK26,S,26-May-2026,11:29:02,103.83,SGX,XOF8016,XOF8016,IUK26
9816,5,103.840,1111,IUK26,S,26-May-2026,11:29:04,103.84,SGX,XOF8016,XOF8016,IUK26
9816,5,103.840,1111,IUK26,S,26-May-2026,11:29:04,103.84,SGX,XOF8016,XOF8016,IUK26
9816,5,103.840,1111,IUK26,S,26-May-2026,11:29:06,103.84,SGX,XOF8016,XOF8016,IUK26
9816,5,103.840,1111,IUK26,S,26-May-2026,11:29:06,103.84,SGX,XOF8016,XOF8016,IUK26
9816,5,103.840,1111,IUK26,S,26-May-2026,11:29:08,103.84,SGX,XOF8016,XOF8016,IUK26
9816,4,103.840,1111,IUK26,S,26-May-2026,11:29:09,103.84,SGX,XOF8016,XOF8016,IUK26
9816,19,103.440,1111,IUM26,B,25-Jun-2026,11:29:16,103.44,SGX,XOF8016,XOF8016,IUM26
9816,3,103.840,1111,IUK26,S,26-May-2026,11:29:48,103.84,SGX,XOF8016,XOF8016,IUK26
9816,5,103.840,1111,IUK26,S,26-May-2026,11:29:50,103.84,SGX,XOF8016,XOF8016,IUK26
9816,5,103.840,1111,IUK26,S,26-May-2026,11:29:50,103.84,SGX,XOF8016,XOF8016,IUK26
9816,5,103.840,1111,IUK26,S,26-May-2026,11:29:52,103.84,SGX,XOF8016,XOF8016,IUK26
9816,1,103.840,1111,IUK26,S,26-May-2026,11:29:52,103.84,SGX,XOF8016,XOF8016,IUK26
9000,35,0.0005,1111,KUM26-KUN26,B,15-Jun-2026,11:34:43,0.0005,SGX,XOB8000,XOB8000,KUM26-KUN26
9000,35,0.6658,1111,KUM26,S,15-Jun-2026,11:34:43,0,SGX,XOB8000,XOB8000,KUM26
9000,35,0.6663,1111,KUN26,B,20-Jul-2026,11:34:43,0,SGX,XOB8000,XOB8000,KUN26
9000,50,0.0005,1111,KUM26-KUN26,B,15-Jun-2026,11:34:43,0.0005,SGX,XOB8000,XOB8000,KUM26-KUN26
9000,50,0.6658,1111,KUM26,S,15-Jun-2026,11:34:43,0,SGX,XOB8000,XOB8000,KUM26
9000,50,0.6663,1111,KUN26,B,20-Jul-2026,11:34:43,0,SGX,XOB8000,XOB8000,KUN26
9000,50,0.0005,1111,KUM26-KUN26,B,15-Jun-2026,11:34:43,0.0005,SGX,XOB8000,XOB8000,KUM26-KUN26
9000,50,0.6658,1111,KUM26,S,15-Jun-2026,11:34:43,0,SGX,XOB8000,XOB8000,KUM26
9000,50,0.6663,1111,KUN26,B,20-Jul-2026,11:34:43,0,SGX,XOB8000,XOB8000,KUN26
9000,50,0.0005,1111,KUM26-KUN26,B,15-Jun-2026,11:34:43,0.0005,SGX,XOB8000,XOB8000,KUM26-KUN26
9000,50,0.6658,1111,KUM26,S,15-Jun-2026,11:34:43,0,SGX,XOB8000,XOB8000,KUM26
9000,50,0.6663,1111,KUN26,B,20-Jul-2026,11:34:43,0,SGX,XOB8000,XOB8000,KUN26
9000,50,0.0005,1111,KUM26-KUN26,S,15-Jun-2026,11:34:49,0.0005,SGX,XOB8000,XOB8000,KUM26-KUN26
9000,50,0.6658,1111,KUM26,B,15-Jun-2026,11:34:49,0,SGX,XOB8000,XOB8000,KUM26
9000,50,0.6663,1111,KUN26,S,20-Jul-2026,11:34:49,0,SGX,XOB8000,XOB8000,KUN26
9000,50,0.0005,1111,KUM26-KUN26,S,15-Jun-2026,11:34:49,0.0005,SGX,XOB8000,XOB8000,KUM26-KUN26
9000,50,0.6658,1111,KUM26,B,15-Jun-2026,11:34:49,0,SGX,XOB8000,XOB8000,KUM26
9000,50,0.6663,1111,KUN26,S,20-Jul-2026,11:34:49,0,SGX,XOB8000,XOB8000,KUN26
9000,50,0.0005,1111,KUM26-KUN26,S,15-Jun-2026,11:34:49,0.0005,SGX,XOB8000,XOB8000,KUM26-KUN26
9000,50,0.6658,1111,KUM26,B,15-Jun-2026,11:34:49,0,SGX,XOB8000,XOB8000,KUM26
9000,50,0.6663,1111,KUN26,S,20-Jul-2026,11:34:49,0,SGX,XOB8000,XOB8000,KUN26
9000,50,0.0005,1111,KUM26-KUN26,S,15-Jun-2026,11:34:49,0.0005,SGX,XOB8000,XOB8000,KUM26-KUN26
9000,50,0.6658,1111,KUM26,B,15-Jun-2026,11:34:49,0,SGX,XOB8000,XOB8000,KUM26
9000,50,0.6663,1111,KUN26,S,20-Jul-2026,11:34:49,0,SGX,XOB8000,XOB8000,KUN26
9813,1,-0.370,1111,IUM26-IUN26,S,26-Jun-2026,11:34:54,-0.37,SGX,XOF8013,XOF8013,IUM26-IUN26
9813,1,103.450,1111,IUM26,B,25-Jun-2026,11:34:54,103.45,SGX,XOF8013,XOF8013,IUM26
9813,1,103.080,1111,IUN26,S,29-Jul-2026,11:34:54,103.08,SGX,XOF8013,XOF8013,IUN26
9000,50,0.0005,1111,KUM26-KUN26,B,15-Jun-2026,11:35:01,0.0005,SGX,XOB8000,XOB8000,KUM26-KUN26
9000,50,0.6658,1111,KUM26,S,15-Jun-2026,11:35:01,0,SGX,XOB8000,XOB8000,KUM26
9000,50,0.6663,1111,KUN26,B,20-Jul-2026,11:35:01,0,SGX,XOB8000,XOB8000,KUN26
9000,50,0.0005,1111,KUM26-KUN26,B,15-Jun-2026,11:35:01,0.0005,SGX,XOB8000,XOB8000,KUM26-KUN26
9000,50,0.6658,1111,KUM26,S,15-Jun-2026,11:35:01,0,SGX,XOB8000,XOB8000,KUM26
9000,50,0.6663,1111,KUN26,B,20-Jul-2026,11:35:01,0,SGX,XOB8000,XOB8000,KUN26
9000,50,0.0005,1111,KUM26-KUN26,B,15-Jun-2026,11:35:01,0.0005,SGX,XOB8000,XOB8000,KUM26-KUN26
9000,50,0.6658,1111,KUM26,S,15-Jun-2026,11:35:01,0,SGX,XOB8000,XOB8000,KUM26
9000,50,0.6663,1111,KUN26,B,20-Jul-2026,11:35:01,0,SGX,XOB8000,XOB8000,KUN26
9000,50,0.0005,1111,KUM26-KUN26,B,15-Jun-2026,11:35:01,0.0005,SGX,XOB8000,XOB8000,KUM26-KUN26
9000,50,0.6658,1111,KUM26,S,15-Jun-2026,11:35:01,0,SGX,XOB8000,XOB8000,KUM26
9000,50,0.6663,1111,KUN26,B,20-Jul-2026,11:35:01,0,SGX,XOB8000,XOB8000,KUN26
9000,50,0.0005,1111,KUM26-KUN26,S,15-Jun-2026,11:35:05,0.0005,SGX,XOB8000,XOB8000,KUM26-KUN26
9000,50,0.6658,1111,KUM26,B,15-Jun-2026,11:35:05,0,SGX,XOB8000,XOB8000,KUM26
9000,50,0.6663,1111,KUN26,S,20-Jul-2026,11:35:05,0,SGX,XOB8000,XOB8000,KUN26
9000,50,0.0005,1111,KUM26-KUN26,S,15-Jun-2026,11:35:05,0.0005,SGX,XOB8000,XOB8000,KUM26-KUN26
9000,50,0.6658,1111,KUM26,B,15-Jun-2026,11:35:05,0,SGX,XOB8000,XOB8000,KUM26
9000,50,0.6663,1111,KUN26,S,20-Jul-2026,11:35:05,0,SGX,XOB8000,XOB8000,KUN26
9000,50,0.0005,1111,KUM26-KUN26,S,15-Jun-2026,11:35:05,0.0005,SGX,XOB8000,XOB8000,KUM26-KUN26
9000,50,0.6658,1111,KUM26,B,15-Jun-2026,11:35:05,0,SGX,XOB8000,XOB8000,KUM26
9000,50,0.6663,1111,KUN26,S,20-Jul-2026,11:35:05,0,SGX,XOB8000,XOB8000,KUN26
9000,50,0.0005,1111,KUM26-KUN26,S,15-Jun-2026,11:35:05,0.0005,SGX,XOB8000,XOB8000,KUM26-KUN26
9000,50,0.6658,1111,KUM26,B,15-Jun-2026,11:35:05,0,SGX,XOB8000,XOB8000,KUM26
9000,50,0.6663,1111,KUN26,S,20-Jul-2026,11:35:05,0,SGX,XOB8000,XOB8000,KUN26
9000,50,0.0005,1111,KUM26-KUN26,B,15-Jun-2026,11:35:12,0.0005,SGX,XOB8000,XOB8000,KUM26-KUN26
9000,50,0.6658,1111,KUM26,S,15-Jun-2026,11:35:12,0,SGX,XOB8000,XOB8000,KUM26
9000,50,0.6663,1111,KUN26,B,20-Jul-2026,11:35:12,0,SGX,XOB8000,XOB8000,KUN26
9000,50,0.0005,1111,KUM26-KUN26,B,15-Jun-2026,11:35:12,0.0005,SGX,XOB8000,XOB8000,KUM26-KUN26
9000,50,0.6658,1111,KUM26,S,15-Jun-2026,11:35:12,0,SGX,XOB8000,XOB8000,KUM26
9000,50,0.6663,1111,KUN26,B,20-Jul-2026,11:35:12,0,SGX,XOB8000,XOB8000,KUN26
9000,50,0.0005,1111,KUM26-KUN26,B,15-Jun-2026,11:35:12,0.0005,SGX,XOB8000,XOB8000,KUM26-KUN26
9000,50,0.6658,1111,KUM26,S,15-Jun-2026,11:35:12,0,SGX,XOB8000,XOB8000,KUM26
9000,50,0.6663,1111,KUN26,B,20-Jul-2026,11:35:12,0,SGX,XOB8000,XOB8000,KUN26
9000,50,0.0005,1111,KUM26-KUN26,B,15-Jun-2026,11:35:12,0.0005,SGX,XOB8000,XOB8000,KUM26-KUN26
9000,50,0.6658,1111,KUM26,S,15-Jun-2026,11:35:12,0,SGX,XOB8000,XOB8000,KUM26
9000,50,0.6663,1111,KUN26,B,20-Jul-2026,11:35:12,0,SGX,XOB8000,XOB8000,KUN26
9000,50,0.0005,1111,KUM26-KUN26,S,15-Jun-2026,11:35:36,0.0005,SGX,XOB8000,XOB8000,KUM26-KUN26
9000,50,0.6661,1111,KUM26,B,15-Jun-2026,11:35:36,0,SGX,XOB8000,XOB8000,KUM26
9000,50,0.6666,1111,KUN26,S,20-Jul-2026,11:35:36,0,SGX,XOB8000,XOB8000,KUN26
9000,50,0.0005,1111,KUM26-KUN26,S,15-Jun-2026,11:35:36,0.0005,SGX,XOB8000,XOB8000,KUM26-KUN26
9000,50,0.6661,1111,KUM26,B,15-Jun-2026,11:35:36,0,SGX,XOB8000,XOB8000,KUM26
9000,50,0.6666,1111,KUN26,S,20-Jul-2026,11:35:36,0,SGX,XOB8000,XOB8000,KUN26
9000,50,0.0005,1111,KUM26-KUN26,S,15-Jun-2026,11:35:36,0.0005,SGX,XOB8000,XOB8000,KUM26-KUN26
9000,50,0.6661,1111,KUM26,B,15-Jun-2026,11:35:36,0,SGX,XOB8000,XOB8000,KUM26
9000,50,0.6666,1111,KUN26,S,20-Jul-2026,11:35:36,0,SGX,XOB8000,XOB8000,KUN26
9000,50,0.0005,1111,KUM26-KUN26,S,15-Jun-2026,11:35:36,0.0005,SGX,XOB8000,XOB8000,KUM26-KUN26
9000,50,0.6661,1111,KUM26,B,15-Jun-2026,11:35:36,0,SGX,XOB8000,XOB8000,KUM26
9000,50,0.6666,1111,KUN26,S,20-Jul-2026,11:35:36,0,SGX,XOB8000,XOB8000,KUN26
9000,50,0.0005,1111,KUM26-KUN26,B,15-Jun-2026,11:35:39,0.0005,SGX,XOB8000,XOB8000,KUM26-KUN26
9000,50,0.6661,1111,KUM26,S,15-Jun-2026,11:35:39,0,SGX,XOB8000,XOB8000,KUM26
9000,50,0.6666,1111,KUN26,B,20-Jul-2026,11:35:39,0,SGX,XOB8000,XOB8000,KUN26
9000,50,0.0005,1111,KUM26-KUN26,B,15-Jun-2026,11:35:39,0.0005,SGX,XOB8000,XOB8000,KUM26-KUN26
9000,50,0.6661,1111,KUM26,S,15-Jun-2026,11:35:39,0,SGX,XOB8000,XOB8000,KUM26
9000,50,0.6666,1111,KUN26,B,20-Jul-2026,11:35:39,0,SGX,XOB8000,XOB8000,KUN26
9000,50,0.0005,1111,KUM26-KUN26,B,15-Jun-2026,11:35:39,0.0005,SGX,XOB8000,XOB8000,KUM26-KUN26
9000,50,0.6661,1111,KUM26,S,15-Jun-2026,11:35:39,0,SGX,XOB8000,XOB8000,KUM26
9000,50,0.6666,1111,KUN26,B,20-Jul-2026,11:35:39,0,SGX,XOB8000,XOB8000,KUN26
9000,50,0.0005,1111,KUM26-KUN26,B,15-Jun-2026,11:35:39,0.0005,SGX,XOB8000,XOB8000,KUM26-KUN26
9000,50,0.6661,1111,KUM26,S,15-Jun-2026,11:35:39,0,SGX,XOB8000,XOB8000,KUM26
9000,50,0.6666,1111,KUN26,B,20-Jul-2026,11:35:39,0,SGX,XOB8000,XOB8000,KUN26
9000,50,0.0005,1111,KUM26-KUN26,S,15-Jun-2026,11:35:42,0.0005,SGX,XOB8000,XOB8000,KUM26-KUN26
9000,50,0.6661,1111,KUM26,B,15-Jun-2026,11:35:42,0,SGX,XOB8000,XOB8000,KUM26
9000,50,0.6666,1111,KUN26,S,20-Jul-2026,11:35:42,0,SGX,XOB8000,XOB8000,KUN26
9000,50,0.0005,1111,KUM26-KUN26,S,15-Jun-2026,11:35:42,0.0005,SGX,XOB8000,XOB8000,KUM26-KUN26
9000,50,0.6661,1111,KUM26,B,15-Jun-2026,11:35:42,0,SGX,XOB8000,XOB8000,KUM26
9000,50,0.6666,1111,KUN26,S,20-Jul-2026,11:35:42,0,SGX,XOB8000,XOB8000,KUN26
9000,50,0.0005,1111,KUM26-KUN26,S,15-Jun-2026,11:35:42,0.0005,SGX,XOB8000,XOB8000,KUM26-KUN26
9000,50,0.6661,1111,KUM26,B,15-Jun-2026,11:35:42,0,SGX,XOB8000,XOB8000,KUM26
9000,50,0.6666,1111,KUN26,S,20-Jul-2026,11:35:42,0,SGX,XOB8000,XOB8000,KUN26
9000,50,0.0005,1111,KUM26-KUN26,S,15-Jun-2026,11:35:42,0.0005,SGX,XOB8000,XOB8000,KUM26-KUN26
9000,50,0.6661,1111,KUM26,B,15-Jun-2026,11:35:42,0,SGX,XOB8000,XOB8000,KUM26
9000,50,0.6666,1111,KUN26,S,20-Jul-2026,11:35:42,0,SGX,XOB8000,XOB8000,KUN26
9000,50,0.0005,1111,KUM26-KUN26,B,15-Jun-2026,11:35:45,0.0005,SGX,XOB8000,XOB8000,KUM26-KUN26
9000,50,0.6661,1111,KUM26,S,15-Jun-2026,11:35:45,0,SGX,XOB8000,XOB8000,KUM26
9000,50,0.6666,1111,KUN26,B,20-Jul-2026,11:35:45,0,SGX,XOB8000,XOB8000,KUN26
9000,50,0.0005,1111,KUM26-KUN26,B,15-Jun-2026,11:35:45,0.0005,SGX,XOB8000,XOB8000,KUM26-KUN26
9000,50,0.6661,1111,KUM26,S,15-Jun-2026,11:35:45,0,SGX,XOB8000,XOB8000,KUM26
9000,50,0.6666,1111,KUN26,B,20-Jul-2026,11:35:45,0,SGX,XOB8000,XOB8000,KUN26
9000,50,0.0005,1111,KUM26-KUN26,B,15-Jun-2026,11:35:45,0.0005,SGX,XOB8000,XOB8000,KUM26-KUN26
9000,50,0.6661,1111,KUM26,S,15-Jun-2026,11:35:45,0,SGX,XOB8000,XOB8000,KUM26
9000,50,0.6666,1111,KUN26,B,20-Jul-2026,11:35:45,0,SGX,XOB8000,XOB8000,KUN26
9000,50,0.0005,1111,KUM26-KUN26,B,15-Jun-2026,11:35:45,0.0005,SGX,XOB8000,XOB8000,KUM26-KUN26
9000,50,0.6661,1111,KUM26,S,15-Jun-2026,11:35:45,0,SGX,XOB8000,XOB8000,KUM26
9000,50,0.6666,1111,KUN26,B,20-Jul-2026,11:35:45,0,SGX,XOB8000,XOB8000,KUN26
9000,50,0.0005,1111,KUM26-KUN26,S,15-Jun-2026,11:35:47,0.0005,SGX,XOB8000,XOB8000,KUM26-KUN26
9000,50,0.6661,1111,KUM26,B,15-Jun-2026,11:35:47,0,SGX,XOB8000,XOB8000,KUM26
9000,50,0.6666,1111,KUN26,S,20-Jul-2026,11:35:47,0,SGX,XOB8000,XOB8000,KUN26
9000,50,0.0005,1111,KUM26-KUN26,S,15-Jun-2026,11:35:47,0.0005,SGX,XOB8000,XOB8000,KUM26-KUN26
9000,50,0.6661,1111,KUM26,B,15-Jun-2026,11:35:47,0,SGX,XOB8000,XOB8000,KUM26
9000,50,0.6666,1111,KUN26,S,20-Jul-2026,11:35:47,0,SGX,XOB8000,XOB8000,KUN26
9000,50,0.0005,1111,KUM26-KUN26,S,15-Jun-2026,11:35:47,0.0005,SGX,XOB8000,XOB8000,KUM26-KUN26
9000,50,0.6661,1111,KUM26,B,15-Jun-2026,11:35:47,0,SGX,XOB8000,XOB8000,KUM26
9000,50,0.6666,1111,KUN26,S,20-Jul-2026,11:35:47,0,SGX,XOB8000,XOB8000,KUN26
9000,50,0.0005,1111,KUM26-KUN26,S,15-Jun-2026,11:35:47,0.0005,SGX,XOB8000,XOB8000,KUM26-KUN26
9000,50,0.6661,1111,KUM26,B,15-Jun-2026,11:35:47,0,SGX,XOB8000,XOB8000,KUM26
9000,50,0.6666,1111,KUN26,S,20-Jul-2026,11:35:47,0,SGX,XOB8000,XOB8000,KUN26
9000,50,0.0005,1111,KUM26-KUN26,B,15-Jun-2026,11:35:50,0.0005,SGX,XOB8000,XOB8000,KUM26-KUN26
9000,50,0.6661,1111,KUM26,S,15-Jun-2026,11:35:50,0,SGX,XOB8000,XOB8000,KUM26
9000,50,0.6666,1111,KUN26,B,20-Jul-2026,11:35:50,0,SGX,XOB8000,XOB8000,KUN26
9000,50,0.0005,1111,KUM26-KUN26,B,15-Jun-2026,11:35:50,0.0005,SGX,XOB8000,XOB8000,KUM26-KUN26
9000,50,0.6661,1111,KUM26,S,15-Jun-2026,11:35:50,0,SGX,XOB8000,XOB8000,KUM26
9000,50,0.6666,1111,KUN26,B,20-Jul-2026,11:35:50,0,SGX,XOB8000,XOB8000,KUN26
9000,50,0.0005,1111,KUM26-KUN26,B,15-Jun-2026,11:35:50,0.0005,SGX,XOB8000,XOB8000,KUM26-KUN26
9000,50,0.6661,1111,KUM26,S,15-Jun-2026,11:35:50,0,SGX,XOB8000,XOB8000,KUM26
9000,50,0.6666,1111,KUN26,B,20-Jul-2026,11:35:50,0,SGX,XOB8000,XOB8000,KUN26
9000,50,0.0005,1111,KUM26-KUN26,B,15-Jun-2026,11:35:50,0.0005,SGX,XOB8000,XOB8000,KUM26-KUN26
9000,50,0.6661,1111,KUM26,S,15-Jun-2026,11:35:50,0,SGX,XOB8000,XOB8000,KUM26
9000,50,0.6666,1111,KUN26,B,20-Jul-2026,11:35:50,0,SGX,XOB8000,XOB8000,KUN26
9000,50,0.0005,1111,KUM26-KUN26,S,15-Jun-2026,11:35:52,0.0005,SGX,XOB8000,XOB8000,KUM26-KUN26
9000,50,0.6661,1111,KUM26,B,15-Jun-2026,11:35:52,0,SGX,XOB8000,XOB8000,KUM26
9000,50,0.6666,1111,KUN26,S,20-Jul-2026,11:35:52,0,SGX,XOB8000,XOB8000,KUN26
9000,50,0.0005,1111,KUM26-KUN26,S,15-Jun-2026,11:35:52,0.0005,SGX,XOB8000,XOB8000,KUM26-KUN26
9000,50,0.6661,1111,KUM26,B,15-Jun-2026,11:35:52,0,SGX,XOB8000,XOB8000,KUM26
9000,50,0.6666,1111,KUN26,S,20-Jul-2026,11:35:52,0,SGX,XOB8000,XOB8000,KUN26
9000,50,0.0005,1111,KUM26-KUN26,S,15-Jun-2026,11:35:52,0.0005,SGX,XOB8000,XOB8000,KUM26-KUN26
9000,50,0.6661,1111,KUM26,B,15-Jun-2026,11:35:52,0,SGX,XOB8000,XOB8000,KUM26
9000,50,0.6666,1111,KUN26,S,20-Jul-2026,11:35:52,0,SGX,XOB8000,XOB8000,KUN26
9000,50,0.0005,1111,KUM26-KUN26,S,15-Jun-2026,11:35:52,0.0005,SGX,XOB8000,XOB8000,KUM26-KUN26
9000,50,0.6661,1111,KUM26,B,15-Jun-2026,11:35:52,0,SGX,XOB8000,XOB8000,KUM26
9000,50,0.6666,1111,KUN26,S,20-Jul-2026,11:35:52,0,SGX,XOB8000,XOB8000,KUN26
9000,50,0.0005,1111,KUM26-KUN26,B,15-Jun-2026,11:35:55,0.0005,SGX,XOB8000,XOB8000,KUM26-KUN26
9000,50,0.6661,1111,KUM26,S,15-Jun-2026,11:35:55,0,SGX,XOB8000,XOB8000,KUM26
9000,50,0.6666,1111,KUN26,B,20-Jul-2026,11:35:55,0,SGX,XOB8000,XOB8000,KUN26
9000,50,0.0005,1111,KUM26-KUN26,B,15-Jun-2026,11:35:55,0.0005,SGX,XOB8000,XOB8000,KUM26-KUN26
9000,50,0.6661,1111,KUM26,S,15-Jun-2026,11:35:55,0,SGX,XOB8000,XOB8000,KUM26
9000,50,0.6666,1111,KUN26,B,20-Jul-2026,11:35:55,0,SGX,XOB8000,XOB8000,KUN26
9000,50,0.0005,1111,KUM26-KUN26,B,15-Jun-2026,11:35:55,0.0005,SGX,XOB8000,XOB8000,KUM26-KUN26
9000,50,0.6661,1111,KUM26,S,15-Jun-2026,11:35:55,0,SGX,XOB8000,XOB8000,KUM26
9000,50,0.6666,1111,KUN26,B,20-Jul-2026,11:35:55,0,SGX,XOB8000,XOB8000,KUN26
9000,50,0.0005,1111,KUM26-KUN26,B,15-Jun-2026,11:35:55,0.0005,SGX,XOB8000,XOB8000,KUM26-KUN26
9000,50,0.6661,1111,KUM26,S,15-Jun-2026,11:35:55,0,SGX,XOB8000,XOB8000,KUM26
9000,50,0.6666,1111,KUN26,B,20-Jul-2026,11:35:55,0,SGX,XOB8000,XOB8000,KUN26
9000,50,0.0005,1111,KUM26-KUN26,S,15-Jun-2026,11:35:57,0.0005,SGX,XOB8000,XOB8000,KUM26-KUN26
9000,50,0.6662,1111,KUM26,B,15-Jun-2026,11:35:57,0,SGX,XOB8000,XOB8000,KUM26
9000,50,0.6667,1111,KUN26,S,20-Jul-2026,11:35:57,0,SGX,XOB8000,XOB8000,KUN26
9000,50,0.0005,1111,KUM26-KUN26,S,15-Jun-2026,11:35:57,0.0005,SGX,XOB8000,XOB8000,KUM26-KUN26
9000,50,0.6662,1111,KUM26,B,15-Jun-2026,11:35:57,0,SGX,XOB8000,XOB8000,KUM26
9000,50,0.6667,1111,KUN26,S,20-Jul-2026,11:35:57,0,SGX,XOB8000,XOB8000,KUN26
9000,50,0.0005,1111,KUM26-KUN26,S,15-Jun-2026,11:35:57,0.0005,SGX,XOB8000,XOB8000,KUM26-KUN26
9000,50,0.6662,1111,KUM26,B,15-Jun-2026,11:35:57,0,SGX,XOB8000,XOB8000,KUM26
9000,50,0.6667,1111,KUN26,S,20-Jul-2026,11:35:57,0,SGX,XOB8000,XOB8000,KUN26
9000,50,0.0005,1111,KUM26-KUN26,S,15-Jun-2026,11:35:57,0.0005,SGX,XOB8000,XOB8000,KUM26-KUN26
9000,50,0.6662,1111,KUM26,B,15-Jun-2026,11:35:57,0,SGX,XOB8000,XOB8000,KUM26
9000,50,0.6667,1111,KUN26,S,20-Jul-2026,11:35:57,0,SGX,XOB8000,XOB8000,KUN26
9000,50,0.0005,1111,KUM26-KUN26,B,15-Jun-2026,11:35:59,0.0005,SGX,XOB8000,XOB8000,KUM26-KUN26
9000,50,0.6661,1111,KUM26,S,15-Jun-2026,11:35:59,0,SGX,XOB8000,XOB8000,KUM26
9000,50,0.6666,1111,KUN26,B,20-Jul-2026,11:35:59,0,SGX,XOB8000,XOB8000,KUN26
9000,50,0.0005,1111,KUM26-KUN26,B,15-Jun-2026,11:35:59,0.0005,SGX,XOB8000,XOB8000,KUM26-KUN26
9000,50,0.6661,1111,KUM26,S,15-Jun-2026,11:35:59,0,SGX,XOB8000,XOB8000,KUM26
9000,50,0.6666,1111,KUN26,B,20-Jul-2026,11:35:59,0,SGX,XOB8000,XOB8000,KUN26
9000,50,0.0005,1111,KUM26-KUN26,B,15-Jun-2026,11:35:59,0.0005,SGX,XOB8000,XOB8000,KUM26-KUN26
9000,50,0.6661,1111,KUM26,S,15-Jun-2026,11:35:59,0,SGX,XOB8000,XOB8000,KUM26
9000,50,0.6666,1111,KUN26,B,20-Jul-2026,11:35:59,0,SGX,XOB8000,XOB8000,KUN26
9000,50,0.0005,1111,KUM26-KUN26,B,15-Jun-2026,11:35:59,0.0005,SGX,XOB8000,XOB8000,KUM26-KUN26
9000,50,0.6661,1111,KUM26,S,15-Jun-2026,11:35:59,0,SGX,XOB8000,XOB8000,KUM26
9000,50,0.6666,1111,KUN26,B,20-Jul-2026,11:35:59,0,SGX,XOB8000,XOB8000,KUN26
9000,50,0.0005,1111,KUM26-KUN26,S,15-Jun-2026,11:36:02,0.0005,SGX,XOB8000,XOB8000,KUM26-KUN26
9000,50,0.6661,1111,KUM26,B,15-Jun-2026,11:36:02,0,SGX,XOB8000,XOB8000,KUM26
9000,50,0.6666,1111,KUN26,S,20-Jul-2026,11:36:02,0,SGX,XOB8000,XOB8000,KUN26
9000,50,0.0005,1111,KUM26-KUN26,S,15-Jun-2026,11:36:02,0.0005,SGX,XOB8000,XOB8000,KUM26-KUN26
9000,50,0.6661,1111,KUM26,B,15-Jun-2026,11:36:02,0,SGX,XOB8000,XOB8000,KUM26
9000,50,0.6666,1111,KUN26,S,20-Jul-2026,11:36:02,0,SGX,XOB8000,XOB8000,KUN26
9000,50,0.0005,1111,KUM26-KUN26,S,15-Jun-2026,11:36:02,0.0005,SGX,XOB8000,XOB8000,KUM26-KUN26
9000,50,0.6661,1111,KUM26,B,15-Jun-2026,11:36:02,0,SGX,XOB8000,XOB8000,KUM26
9000,50,0.6666,1111,KUN26,S,20-Jul-2026,11:36:02,0,SGX,XOB8000,XOB8000,KUN26
9000,50,0.0005,1111,KUM26-KUN26,S,15-Jun-2026,11:36:02,0.0005,SGX,XOB8000,XOB8000,KUM26-KUN26
9000,50,0.6661,1111,KUM26,B,15-Jun-2026,11:36:02,0,SGX,XOB8000,XOB8000,KUM26
9000,50,0.6666,1111,KUN26,S,20-Jul-2026,11:36:02,0,SGX,XOB8000,XOB8000,KUN26
9000,50,0.0005,1111,KUM26-KUN26,B,15-Jun-2026,11:36:06,0.0005,SGX,XOB8000,XOB8000,KUM26-KUN26
9000,50,0.6661,1111,KUM26,S,15-Jun-2026,11:36:06,0,SGX,XOB8000,XOB8000,KUM26
9000,50,0.6666,1111,KUN26,B,20-Jul-2026,11:36:06,0,SGX,XOB8000,XOB8000,KUN26
9000,50,0.0005,1111,KUM26-KUN26,B,15-Jun-2026,11:36:06,0.0005,SGX,XOB8000,XOB8000,KUM26-KUN26
9000,50,0.6661,1111,KUM26,S,15-Jun-2026,11:36:06,0,SGX,XOB8000,XOB8000,KUM26
9000,50,0.6666,1111,KUN26,B,20-Jul-2026,11:36:06,0,SGX,XOB8000,XOB8000,KUN26
9000,50,0.0005,1111,KUM26-KUN26,B,15-Jun-2026,11:36:06,0.0005,SGX,XOB8000,XOB8000,KUM26-KUN26
9000,50,0.6661,1111,KUM26,S,15-Jun-2026,11:36:06,0,SGX,XOB8000,XOB8000,KUM26
9000,50,0.6666,1111,KUN26,B,20-Jul-2026,11:36:06,0,SGX,XOB8000,XOB8000,KUN26
9000,50,0.0005,1111,KUM26-KUN26,B,15-Jun-2026,11:36:06,0.0005,SGX,XOB8000,XOB8000,KUM26-KUN26
9000,50,0.6661,1111,KUM26,S,15-Jun-2026,11:36:06,0,SGX,XOB8000,XOB8000,KUM26
9000,50,0.6666,1111,KUN26,B,20-Jul-2026,11:36:06,0,SGX,XOB8000,XOB8000,KUN26
9000,50,0.0005,1111,KUM26-KUN26,S,15-Jun-2026,11:36:08,0.0005,SGX,XOB8000,XOB8000,KUM26-KUN26
9000,50,0.6661,1111,KUM26,B,15-Jun-2026,11:36:08,0,SGX,XOB8000,XOB8000,KUM26
9000,50,0.6666,1111,KUN26,S,20-Jul-2026,11:36:08,0,SGX,XOB8000,XOB8000,KUN26
9000,50,0.0005,1111,KUM26-KUN26,S,15-Jun-2026,11:36:08,0.0005,SGX,XOB8000,XOB8000,KUM26-KUN26
9000,50,0.6661,1111,KUM26,B,15-Jun-2026,11:36:08,0,SGX,XOB8000,XOB8000,KUM26
9000,50,0.6666,1111,KUN26,S,20-Jul-2026,11:36:08,0,SGX,XOB8000,XOB8000,KUN26
9000,50,0.0005,1111,KUM26-KUN26,S,15-Jun-2026,11:36:08,0.0005,SGX,XOB8000,XOB8000,KUM26-KUN26
9000,50,0.6661,1111,KUM26,B,15-Jun-2026,11:36:08,0,SGX,XOB8000,XOB8000,KUM26
9000,50,0.6666,1111,KUN26,S,20-Jul-2026,11:36:08,0,SGX,XOB8000,XOB8000,KUN26
9000,50,0.0005,1111,KUM26-KUN26,S,15-Jun-2026,11:36:08,0.0005,SGX,XOB8000,XOB8000,KUM26-KUN26
9000,50,0.6661,1111,KUM26,B,15-Jun-2026,11:36:08,0,SGX,XOB8000,XOB8000,KUM26
9000,50,0.6666,1111,KUN26,S,20-Jul-2026,11:36:08,0,SGX,XOB8000,XOB8000,KUN26
9000,50,0.0005,1111,KUM26-KUN26,B,15-Jun-2026,11:36:11,0.0005,SGX,XOB8000,XOB8000,KUM26-KUN26
9000,50,0.6661,1111,KUM26,S,15-Jun-2026,11:36:11,0,SGX,XOB8000,XOB8000,KUM26
9000,50,0.6666,1111,KUN26,B,20-Jul-2026,11:36:11,0,SGX,XOB8000,XOB8000,KUN26
9000,50,0.0005,1111,KUM26-KUN26,B,15-Jun-2026,11:36:11,0.0005,SGX,XOB8000,XOB8000,KUM26-KUN26
9000,50,0.6661,1111,KUM26,S,15-Jun-2026,11:36:11,0,SGX,XOB8000,XOB8000,KUM26
9000,50,0.6666,1111,KUN26,B,20-Jul-2026,11:36:11,0,SGX,XOB8000,XOB8000,KUN26
9000,50,0.0005,1111,KUM26-KUN26,B,15-Jun-2026,11:36:11,0.0005,SGX,XOB8000,XOB8000,KUM26-KUN26
9000,50,0.6661,1111,KUM26,S,15-Jun-2026,11:36:11,0,SGX,XOB8000,XOB8000,KUM26
9000,50,0.6666,1111,KUN26,B,20-Jul-2026,11:36:11,0,SGX,XOB8000,XOB8000,KUN26
9000,50,0.0005,1111,KUM26-KUN26,B,15-Jun-2026,11:36:11,0.0005,SGX,XOB8000,XOB8000,KUM26-KUN26
9000,50,0.6661,1111,KUM26,S,15-Jun-2026,11:36:11,0,SGX,XOB8000,XOB8000,KUM26
9000,50,0.6666,1111,KUN26,B,20-Jul-2026,11:36:11,0,SGX,XOB8000,XOB8000,KUN26
9000,50,0.0005,1111,KUM26-KUN26,S,15-Jun-2026,11:36:13,0.0005,SGX,XOB8000,XOB8000,KUM26-KUN26
9000,50,0.6661,1111,KUM26,B,15-Jun-2026,11:36:13,0,SGX,XOB8000,XOB8000,KUM26
9000,50,0.6666,1111,KUN26,S,20-Jul-2026,11:36:13,0,SGX,XOB8000,XOB8000,KUN26
9000,50,0.0005,1111,KUM26-KUN26,S,15-Jun-2026,11:36:13,0.0005,SGX,XOB8000,XOB8000,KUM26-KUN26
9000,50,0.6661,1111,KUM26,B,15-Jun-2026,11:36:13,0,SGX,XOB8000,XOB8000,KUM26
9000,50,0.6666,1111,KUN26,S,20-Jul-2026,11:36:13,0,SGX,XOB8000,XOB8000,KUN26
9000,50,0.0005,1111,KUM26-KUN26,S,15-Jun-2026,11:36:13,0.0005,SGX,XOB8000,XOB8000,KUM26-KUN26
9000,50,0.6661,1111,KUM26,B,15-Jun-2026,11:36:13,0,SGX,XOB8000,XOB8000,KUM26
9000,50,0.6666,1111,KUN26,S,20-Jul-2026,11:36:13,0,SGX,XOB8000,XOB8000,KUN26
9000,50,0.0005,1111,KUM26-KUN26,S,15-Jun-2026,11:36:13,0.0005,SGX,XOB8000,XOB8000,KUM26-KUN26
9000,50,0.6661,1111,KUM26,B,15-Jun-2026,11:36:13,0,SGX,XOB8000,XOB8000,KUM26
9000,50,0.6666,1111,KUN26,S,20-Jul-2026,11:36:13,0,SGX,XOB8000,XOB8000,KUN26
9813,1,-0.370,1111,IUM26-IUN26,S,26-Jun-2026,11:36:14,-0.37,SGX,XOF8013,XOF8013,IUM26-IUN26
9813,1,103.470,1111,IUM26,B,25-Jun-2026,11:36:14,103.47,SGX,XOF8013,XOF8013,IUM26
9813,1,103.100,1111,IUN26,S,29-Jul-2026,11:36:14,103.1,SGX,XOF8013,XOF8013,IUN26
9000,50,0.0005,1111,KUM26-KUN26,B,15-Jun-2026,11:36:16,0.0005,SGX,XOB8000,XOB8000,KUM26-KUN26
9000,50,0.6661,1111,KUM26,S,15-Jun-2026,11:36:16,0,SGX,XOB8000,XOB8000,KUM26
9000,50,0.6666,1111,KUN26,B,20-Jul-2026,11:36:16,0,SGX,XOB8000,XOB8000,KUN26
9000,50,0.0005,1111,KUM26-KUN26,B,15-Jun-2026,11:36:16,0.0005,SGX,XOB8000,XOB8000,KUM26-KUN26
9000,50,0.6661,1111,KUM26,S,15-Jun-2026,11:36:16,0,SGX,XOB8000,XOB8000,KUM26
9000,50,0.6666,1111,KUN26,B,20-Jul-2026,11:36:16,0,SGX,XOB8000,XOB8000,KUN26
9000,50,0.0005,1111,KUM26-KUN26,B,15-Jun-2026,11:36:16,0.0005,SGX,XOB8000,XOB8000,KUM26-KUN26
9000,50,0.6661,1111,KUM26,S,15-Jun-2026,11:36:16,0,SGX,XOB8000,XOB8000,KUM26
9000,50,0.6666,1111,KUN26,B,20-Jul-2026,11:36:16,0,SGX,XOB8000,XOB8000,KUN26
9000,50,0.0005,1111,KUM26-KUN26,B,15-Jun-2026,11:36:16,0.0005,SGX,XOB8000,XOB8000,KUM26-KUN26
9000,50,0.6661,1111,KUM26,S,15-Jun-2026,11:36:16,0,SGX,XOB8000,XOB8000,KUM26
9000,50,0.6666,1111,KUN26,B,20-Jul-2026,11:36:16,0,SGX,XOB8000,XOB8000,KUN26
9000,50,0.0005,1111,KUM26-KUN26,S,15-Jun-2026,11:36:18,0.0005,SGX,XOB8000,XOB8000,KUM26-KUN26
9000,50,0.6661,1111,KUM26,B,15-Jun-2026,11:36:18,0,SGX,XOB8000,XOB8000,KUM26
9000,50,0.6666,1111,KUN26,S,20-Jul-2026,11:36:18,0,SGX,XOB8000,XOB8000,KUN26
9000,50,0.0005,1111,KUM26-KUN26,S,15-Jun-2026,11:36:18,0.0005,SGX,XOB8000,XOB8000,KUM26-KUN26
9000,50,0.6661,1111,KUM26,B,15-Jun-2026,11:36:18,0,SGX,XOB8000,XOB8000,KUM26
9000,50,0.6666,1111,KUN26,S,20-Jul-2026,11:36:18,0,SGX,XOB8000,XOB8000,KUN26
9000,50,0.0005,1111,KUM26-KUN26,S,15-Jun-2026,11:36:18,0.0005,SGX,XOB8000,XOB8000,KUM26-KUN26
9000,50,0.6661,1111,KUM26,B,15-Jun-2026,11:36:18,0,SGX,XOB8000,XOB8000,KUM26
9000,50,0.6666,1111,KUN26,S,20-Jul-2026,11:36:18,0,SGX,XOB8000,XOB8000,KUN26
9000,50,0.0005,1111,KUM26-KUN26,S,15-Jun-2026,11:36:18,0.0005,SGX,XOB8000,XOB8000,KUM26-KUN26
9000,50,0.6661,1111,KUM26,B,15-Jun-2026,11:36:18,0,SGX,XOB8000,XOB8000,KUM26
9000,50,0.6666,1111,KUN26,S,20-Jul-2026,11:36:18,0,SGX,XOB8000,XOB8000,KUN26
9000,50,0.0005,1111,KUM26-KUN26,B,15-Jun-2026,11:36:21,0.0005,SGX,XOB8000,XOB8000,KUM26-KUN26
9000,50,0.6661,1111,KUM26,S,15-Jun-2026,11:36:21,0,SGX,XOB8000,XOB8000,KUM26
9000,50,0.6666,1111,KUN26,B,20-Jul-2026,11:36:21,0,SGX,XOB8000,XOB8000,KUN26
9000,50,0.0005,1111,KUM26-KUN26,B,15-Jun-2026,11:36:21,0.0005,SGX,XOB8000,XOB8000,KUM26-KUN26
9000,50,0.6661,1111,KUM26,S,15-Jun-2026,11:36:21,0,SGX,XOB8000,XOB8000,KUM26
9000,50,0.6666,1111,KUN26,B,20-Jul-2026,11:36:21,0,SGX,XOB8000,XOB8000,KUN26
9000,50,0.0005,1111,KUM26-KUN26,B,15-Jun-2026,11:36:21,0.0005,SGX,XOB8000,XOB8000,KUM26-KUN26
9000,50,0.6661,1111,KUM26,S,15-Jun-2026,11:36:21,0,SGX,XOB8000,XOB8000,KUM26
9000,50,0.6666,1111,KUN26,B,20-Jul-2026,11:36:21,0,SGX,XOB8000,XOB8000,KUN26
9000,50,0.0005,1111,KUM26-KUN26,B,15-Jun-2026,11:36:21,0.0005,SGX,XOB8000,XOB8000,KUM26-KUN26
9000,50,0.6661,1111,KUM26,S,15-Jun-2026,11:36:21,0,SGX,XOB8000,XOB8000,KUM26
9000,50,0.6666,1111,KUN26,B,20-Jul-2026,11:36:21,0,SGX,XOB8000,XOB8000,KUN26
9000,50,0.0005,1111,KUM26-KUN26,S,15-Jun-2026,11:36:23,0.0005,SGX,XOB8000,XOB8000,KUM26-KUN26
9000,50,0.6662,1111,KUM26,B,15-Jun-2026,11:36:23,0,SGX,XOB8000,XOB8000,KUM26
9000,50,0.6667,1111,KUN26,S,20-Jul-2026,11:36:23,0,SGX,XOB8000,XOB8000,KUN26
9000,50,0.0005,1111,KUM26-KUN26,S,15-Jun-2026,11:36:23,0.0005,SGX,XOB8000,XOB8000,KUM26-KUN26
9000,50,0.6662,1111,KUM26,B,15-Jun-2026,11:36:23,0,SGX,XOB8000,XOB8000,KUM26
9000,50,0.6667,1111,KUN26,S,20-Jul-2026,11:36:23,0,SGX,XOB8000,XOB8000,KUN26
9000,50,0.0005,1111,KUM26-KUN26,S,15-Jun-2026,11:36:23,0.0005,SGX,XOB8000,XOB8000,KUM26-KUN26
9000,50,0.6662,1111,KUM26,B,15-Jun-2026,11:36:23,0,SGX,XOB8000,XOB8000,KUM26
9000,50,0.6667,1111,KUN26,S,20-Jul-2026,11:36:23,0,SGX,XOB8000,XOB8000,KUN26
9000,50,0.0005,1111,KUM26-KUN26,S,15-Jun-2026,11:36:23,0.0005,SGX,XOB8000,XOB8000,KUM26-KUN26
9000,50,0.6662,1111,KUM26,B,15-Jun-2026,11:36:23,0,SGX,XOB8000,XOB8000,KUM26
9000,50,0.6667,1111,KUN26,S,20-Jul-2026,11:36:23,0,SGX,XOB8000,XOB8000,KUN26
9812,5,103.900,1111,IUK26,S,26-May-2026,11:38:02,103.9,SGX,XOF8012,XOF8012,IUK26
9812,1,103.91,1111,DINR,B,26-May-2026,11:38:04,103.9,DGCX,S-XOF8012,S-XOF8012,DINR-20260527
9812,1,103.91,1111,DINR,B,26-May-2026,11:38:04,103.9,DGCX,S-XOF8012,S-XOF8012,DINR-20260527
9812,1,103.91,1111,DINR,B,26-May-2026,11:38:04,103.9,DGCX,S-XOF8012,S-XOF8012,DINR-20260527
9812,1,103.91,1111,DINR,B,26-May-2026,11:38:04,103.9,DGCX,S-XOF8012,S-XOF8012,DINR-20260527
9812,1,103.91,1111,DINR,B,26-May-2026,11:38:04,103.9,DGCX,S-XOF8012,S-XOF8012,DINR-20260527
9812,2,103.910,1111,IUK26,S,26-May-2026,11:38:14,103.9,SGX,XOF8012,XOF8012,IUK26
9812,1,103.91,1111,DINR,B,26-May-2026,11:38:13,103.91,DGCX,S-XOF8012,S-XOF8012,DINR-20260527
9812,1,103.91,1111,DINR,B,26-May-2026,11:38:13,103.91,DGCX,S-XOF8012,S-XOF8012,DINR-20260527
9812,3,103.910,1111,IUK26,S,26-May-2026,11:38:14,103.9,SGX,XOF8012,XOF8012,IUK26
9812,1,103.91,1111,DINR,B,26-May-2026,11:38:14,103.91,DGCX,S-XOF8012,S-XOF8012,DINR-20260527
9812,2,103.91,1111,DINR,B,26-May-2026,11:38:14,103.91,DGCX,S-XOF8012,S-XOF8012,DINR-20260527
9812,5,103.910,1111,IUK26,S,26-May-2026,11:38:32,103.91,SGX,XOF8012,XOF8012,IUK26
9812,1,103.91,1111,DINR,B,26-May-2026,11:38:32,103.92,DGCX,S-XOF8012,S-XOF8012,DINR-20260527
9812,1,103.91,1111,DINR,B,26-May-2026,11:38:32,103.92,DGCX,S-XOF8012,S-XOF8012,DINR-20260527
9812,1,103.92,1111,DINR,B,26-May-2026,11:38:32,103.92,DGCX,S-XOF8012,S-XOF8012,DINR-20260527
9812,2,103.92,1111,DINR,B,26-May-2026,11:38:32,103.92,DGCX,S-XOF8012,S-XOF8012,DINR-20260527
9812,5,103.910,1111,IUK26,S,26-May-2026,11:38:35,103.92,SGX,XOF8012,XOF8012,IUK26
9812,5,103.910,1111,IUK26,S,26-May-2026,11:38:35,103.92,SGX,XOF8012,XOF8012,IUK26
9812,1,103.91,1111,DINR,B,26-May-2026,11:38:35,103.92,DGCX,S-XOF8012,S-XOF8012,DINR-20260527
9812,1,103.91,1111,DINR,B,26-May-2026,11:38:35,103.92,DGCX,S-XOF8012,S-XOF8012,DINR-20260527
9812,3,103.92,1111,DINR,B,26-May-2026,11:38:35,103.92,DGCX,S-XOF8012,S-XOF8012,DINR-20260527
9812,3,103.520,1111,IUM26,S,25-Jun-2026,11:38:35,103.51,SGX,XOF8012,XOF8012,IUM26
9812,1,103.520,1111,IUM26,S,25-Jun-2026,11:38:35,103.51,SGX,XOF8012,XOF8012,IUM26
9812,2,103.53,1111,DINR,B,25-Jun-2026,11:38:35,103.53,DGCX,S-XOF8012,S-XOF8012,DINR-20260626
9812,1,103.53,1111,DINR,B,25-Jun-2026,11:38:35,103.53,DGCX,S-XOF8012,S-XOF8012,DINR-20260626
9812,1,103.520,1111,IUM26,S,25-Jun-2026,11:38:35,103.51,SGX,XOF8012,XOF8012,IUM26
9812,1,103.53,1111,DINR,B,25-Jun-2026,11:38:35,103.53,DGCX,S-XOF8012,S-XOF8012,DINR-20260626
9812,1,103.53,1111,DINR,B,25-Jun-2026,11:38:36,103.53,DGCX,S-XOF8012,S-XOF8012,DINR-20260626
9812,1,103.92,1111,DINR,B,26-May-2026,11:38:36,103.92,DGCX,S-XOF8012,S-XOF8012,DINR-20260527
9812,1,103.92,1111,DINR,B,26-May-2026,11:38:36,103.92,DGCX,S-XOF8012,S-XOF8012,DINR-20260527
9812,1,103.92,1111,DINR,B,26-May-2026,11:38:38,103.92,DGCX,S-XOF8012,S-XOF8012,DINR-20260527
9812,1,103.92,1111,DINR,B,26-May-2026,11:38:38,103.92,DGCX,S-XOF8012,S-XOF8012,DINR-20260527
9812,1,103.92,1111,DINR,B,26-May-2026,11:38:38,103.92,DGCX,S-XOF8012,S-XOF8012,DINR-20260527
9812,3,103.920,1111,IUK26,S,26-May-2026,11:38:42,103.93,SGX,XOF8012,XOF8012,IUK26
9812,1,103.92,1111,DINR,B,26-May-2026,11:38:42,103.93,DGCX,S-XOF8012,S-XOF8012,DINR-20260527
9812,1,103.92,1111,DINR,B,26-May-2026,11:38:42,103.93,DGCX,S-XOF8012,S-XOF8012,DINR-20260527
9812,1,103.93,1111,DINR,B,26-May-2026,11:38:42,103.93,DGCX,S-XOF8012,S-XOF8012,DINR-20260527
9812,1,103.920,1111,IUK26,S,26-May-2026,11:38:42,103.93,SGX,XOF8012,XOF8012,IUK26
9812,1,103.920,1111,IUK26,S,26-May-2026,11:38:42,103.93,SGX,XOF8012,XOF8012,IUK26
9812,1,103.93,1111,DINR,B,26-May-2026,11:38:42,103.93,DGCX,S-XOF8012,S-XOF8012,DINR-20260527
9812,1,103.93,1111,DINR,B,26-May-2026,11:38:42,103.93,DGCX,S-XOF8012,S-XOF8012,DINR-20260527
9816,100,-0.400,1111,IUK26-IUM26,S,26-May-2026,11:39:38,-0.4,SGX,XOF8016,XOF8016,IUK26-IUM26
9816,100,103.920,1111,IUK26,B,26-May-2026,11:39:38,103.92,SGX,XOF8016,XOF8016,IUK26
9816,100,103.520,1111,IUM26,S,25-Jun-2026,11:39:38,103.52,SGX,XOF8016,XOF8016,IUM26
9000,9,0.0005,1111,KUM26-KUN26,S,15-Jun-2026,11:39:56,0.0005,SGX,XOB8000,XOB8000,KUM26-KUN26
9000,9,0.6664,1111,KUM26,B,15-Jun-2026,11:39:56,0,SGX,XOB8000,XOB8000,KUM26
9000,9,0.6669,1111,KUN26,S,20-Jul-2026,11:39:56,0,SGX,XOB8000,XOB8000,KUN26
9000,8,0.0005,1111,KUM26-KUN26,S,15-Jun-2026,11:39:56,0.0005,SGX,XOB8000,XOB8000,KUM26-KUN26
9000,8,0.6664,1111,KUM26,B,15-Jun-2026,11:39:56,0,SGX,XOB8000,XOB8000,KUM26
9000,8,0.6669,1111,KUN26,S,20-Jul-2026,11:39:56,0,SGX,XOB8000,XOB8000,KUN26
9000,11,0.0005,1111,KUM26-KUN26,S,15-Jun-2026,11:39:56,0.0005,SGX,XOB8000,XOB8000,KUM26-KUN26
9000,11,0.6664,1111,KUM26,B,15-Jun-2026,11:39:56,0,SGX,XOB8000,XOB8000,KUM26
9000,11,0.6669,1111,KUN26,S,20-Jul-2026,11:39:56,0,SGX,XOB8000,XOB8000,KUN26
9000,11,0.0005,1111,KUM26-KUN26,S,15-Jun-2026,11:39:56,0.0005,SGX,XOB8000,XOB8000,KUM26-KUN26
9000,11,0.6664,1111,KUM26,B,15-Jun-2026,11:39:56,0,SGX,XOB8000,XOB8000,KUM26
9000,11,0.6669,1111,KUN26,S,20-Jul-2026,11:39:56,0,SGX,XOB8000,XOB8000,KUN26
9000,11,0.0005,1111,KUM26-KUN26,S,15-Jun-2026,11:39:56,0.0005,SGX,XOB8000,XOB8000,KUM26-KUN26
9000,11,0.6664,1111,KUM26,B,15-Jun-2026,11:39:56,0,SGX,XOB8000,XOB8000,KUM26
9000,11,0.6669,1111,KUN26,S,20-Jul-2026,11:39:56,0,SGX,XOB8000,XOB8000,KUN26
9000,2,0.0005,1111,KUM26-KUN26,S,15-Jun-2026,11:39:56,0.0005,SGX,XOB8000,XOB8000,KUM26-KUN26
9000,2,0.6664,1111,KUM26,B,15-Jun-2026,11:39:56,0,SGX,XOB8000,XOB8000,KUM26
9000,2,0.6669,1111,KUN26,S,20-Jul-2026,11:39:56,0,SGX,XOB8000,XOB8000,KUN26
9000,2,0.0005,1111,KUM26-KUN26,S,15-Jun-2026,11:39:56,0.0005,SGX,XOB8000,XOB8000,KUM26-KUN26
9000,2,0.6664,1111,KUM26,B,15-Jun-2026,11:39:56,0,SGX,XOB8000,XOB8000,KUM26
9000,2,0.6669,1111,KUN26,S,20-Jul-2026,11:39:56,0,SGX,XOB8000,XOB8000,KUN26
9000,11,0.0005,1111,KUM26-KUN26,S,15-Jun-2026,11:39:56,0.0005,SGX,XOB8000,XOB8000,KUM26-KUN26
9000,11,0.6664,1111,KUM26,B,15-Jun-2026,11:39:56,0,SGX,XOB8000,XOB8000,KUM26
9000,11,0.6669,1111,KUN26,S,20-Jul-2026,11:39:56,0,SGX,XOB8000,XOB8000,KUN26
9000,11,0.0005,1111,KUM26-KUN26,S,15-Jun-2026,11:39:56,0.0005,SGX,XOB8000,XOB8000,KUM26-KUN26
9000,11,0.6664,1111,KUM26,B,15-Jun-2026,11:39:56,0,SGX,XOB8000,XOB8000,KUM26
9000,11,0.6669,1111,KUN26,S,20-Jul-2026,11:39:56,0,SGX,XOB8000,XOB8000,KUN26
9000,11,0.0005,1111,KUM26-KUN26,S,15-Jun-2026,11:39:56,0.0005,SGX,XOB8000,XOB8000,KUM26-KUN26
9000,11,0.6664,1111,KUM26,B,15-Jun-2026,11:39:56,0,SGX,XOB8000,XOB8000,KUM26
9000,11,0.6669,1111,KUN26,S,20-Jul-2026,11:39:56,0,SGX,XOB8000,XOB8000,KUN26
9000,11,0.0005,1111,KUM26-KUN26,S,15-Jun-2026,11:39:56,0.0005,SGX,XOB8000,XOB8000,KUM26-KUN26
9000,11,0.6664,1111,KUM26,B,15-Jun-2026,11:39:56,0,SGX,XOB8000,XOB8000,KUM26
9000,11,0.6669,1111,KUN26,S,20-Jul-2026,11:39:56,0,SGX,XOB8000,XOB8000,KUN26
9000,2,0.0005,1111,KUM26-KUN26,S,15-Jun-2026,11:39:56,0.0005,SGX,XOB8000,XOB8000,KUM26-KUN26
9000,2,0.6664,1111,KUM26,B,15-Jun-2026,11:39:56,0,SGX,XOB8000,XOB8000,KUM26
9000,2,0.6669,1111,KUN26,S,20-Jul-2026,11:39:56,0,SGX,XOB8000,XOB8000,KUN26
9000,8,0.0005,1111,KUM26-KUN26,S,15-Jun-2026,11:39:56,0.0005,SGX,XOB8000,XOB8000,KUM26-KUN26
9000,8,0.6663,1111,KUM26,B,15-Jun-2026,11:39:56,0,SGX,XOB8000,XOB8000,KUM26
9000,8,0.6668,1111,KUN26,S,20-Jul-2026,11:39:56,0,SGX,XOB8000,XOB8000,KUN26
9812,5,103.510,1111,IUM26,B,25-Jun-2026,11:41:10,103.51,SGX,XOF8012,XOF8012,IUM26
9812,5,103.51,1111,DINR,S,25-Jun-2026,11:41:10,103.51,DGCX,S-XOF8012,S-XOF8012,DINR-20260626
9000,30,0.0005,1111,KUM26-KUN26,S,15-Jun-2026,11:41:38,0.0005,SGX,XOB8000,XOB8000,KUM26-KUN26
9000,30,0.6665,1111,KUM26,B,15-Jun-2026,11:41:38,0,SGX,XOB8000,XOB8000,KUM26
9000,30,0.6670,1111,KUN26,S,20-Jul-2026,11:41:38,0,SGX,XOB8000,XOB8000,KUN26
9813,1,-0.370,1111,IUM26-IUN26,S,26-Jun-2026,11:44:08,-0.37,SGX,XOF8013,XOF8013,IUM26-IUN26
9813,1,103.520,1111,IUM26,B,25-Jun-2026,11:44:08,103.52,SGX,XOF8013,XOF8013,IUM26
9813,1,103.150,1111,IUN26,S,29-Jul-2026,11:44:08,103.15,SGX,XOF8013,XOF8013,IUN26
9812,5,103.470,1111,IUM26,B,25-Jun-2026,11:54:14,103.47,SGX,XOF8012,XOF8012,IUM26
9812,5,103.48,1111,DINR,S,25-Jun-2026,11:54:14,103.47,DGCX,S-XOF8012,S-XOF8012,DINR-20260626
9812,5,103.470,1111,IUM26,B,25-Jun-2026,11:54:14,103.47,SGX,XOF8012,XOF8012,IUM26
9812,5,103.47,1111,DINR,S,25-Jun-2026,11:54:14,103.47,DGCX,S-XOF8012,S-XOF8012,DINR-20260626
9812,1,103.470,1111,IUM26,B,25-Jun-2026,11:54:14,103.47,SGX,XOF8012,XOF8012,IUM26
9812,1,103.47,1111,DINR,S,25-Jun-2026,11:54:14,103.47,DGCX,S-XOF8012,S-XOF8012,DINR-20260626
9812,5,103.460,1111,IUM26,B,25-Jun-2026,11:54:34,103.46,SGX,XOF8012,XOF8012,IUM26
9812,5,103.46,1111,DINR,S,25-Jun-2026,11:54:34,103.46,DGCX,S-XOF8012,S-XOF8012,DINR-20260626
9816,26,-0.400,1111,IUK26-IUM26,B,26-May-2026,11:54:37,-0.4,SGX,XOF8016,XOF8016,IUK26-IUM26
9816,26,103.460,1111,IUM26,B,25-Jun-2026,11:54:37,103.46,SGX,XOF8016,XOF8016,IUM26
9816,26,103.860,1111,IUK26,S,26-May-2026,11:54:37,103.86,SGX,XOF8016,XOF8016,IUK26
9816,5,-0.400,1111,IUK26-IUM26,B,26-May-2026,11:54:37,-0.4,SGX,XOF8016,XOF8016,IUK26-IUM26
9816,5,103.460,1111,IUM26,B,25-Jun-2026,11:54:37,103.46,SGX,XOF8016,XOF8016,IUM26
9816,5,103.860,1111,IUK26,S,26-May-2026,11:54:37,103.86,SGX,XOF8016,XOF8016,IUK26
9816,21,103.470,1111,IUM26,B,25-Jun-2026,11:56:29,103.47,SGX,XOF8016,XOF8016,IUM26
9816,8,103.470,1111,IUM26,B,25-Jun-2026,11:56:29,103.47,SGX,XOF8016,XOF8016,IUM26
9816,1,103.470,1111,IUM26,B,25-Jun-2026,11:56:29,103.47,SGX,XOF8016,XOF8016,IUM26
9816,29,103.870,1111,IUK26,S,26-May-2026,11:58:36,103.86,SGX,XOF8016,XOF8016,IUK26
9816,1,103.870,1111,IUK26,S,26-May-2026,11:58:36,103.86,SGX,XOF8016,XOF8016,IUK26
9812,5,103.450,1111,IUM26,B,25-Jun-2026,12:00:20,103.45,SGX,XOF8012,XOF8012,IUM26
9812,5,103.46,1111,DINR,S,25-Jun-2026,12:00:20,103.46,DGCX,S-XOF8012,S-XOF8012,DINR-20260626
9813,1,-0.370,1111,IUM26-IUN26,S,26-Jun-2026,12:01:24,-0.37,SGX,XOF8013,XOF8013,IUM26-IUN26
9813,1,103.460,1111,IUM26,B,25-Jun-2026,12:01:24,103.46,SGX,XOF8013,XOF8013,IUM26
9813,1,103.090,1111,IUN26,S,29-Jul-2026,12:01:24,103.09,SGX,XOF8013,XOF8013,IUN26
9816,4,103.870,1111,IUK26,S,26-May-2026,12:14:02,103.87,SGX,XOF8016,XOF8016,IUK26
9816,16,103.870,1111,IUK26,S,26-May-2026,12:14:04,103.87,SGX,XOF8016,XOF8016,IUK26
9816,20,103.890,1111,IUK26,B,26-May-2026,12:16:00,103.89,SGX,XOF8016,XOF8016,IUK26
9816,10,103.470,1111,IUM26,B,25-Jun-2026,12:20:01,103.47,SGX,XOF8016,XOF8016,IUM26
9816,10,103.470,1111,IUM26,B,25-Jun-2026,12:20:01,103.47,SGX,XOF8016,XOF8016,IUM26
9812,5,103.470,1111,IUM26,B,25-Jun-2026,12:20:01,103.47,SGX,XOF8012,XOF8012,IUM26
9812,5,103.47,1111,DINR,S,25-Jun-2026,12:20:01,103.47,DGCX,S-XOF8012,S-XOF8012,DINR-20260626
9816,1,103.860,1111,IUK26,S,26-May-2026,12:20:45,103.86,SGX,XOF8016,XOF8016,IUK26
9816,8,103.860,1111,IUK26,S,26-May-2026,12:20:45,103.86,SGX,XOF8016,XOF8016,IUK26
9816,1,103.860,1111,IUK26,S,26-May-2026,12:20:45,103.86,SGX,XOF8016,XOF8016,IUK26
9816,8,103.860,1111,IUK26,S,26-May-2026,12:20:45,103.86,SGX,XOF8016,XOF8016,IUK26
9816,1,103.860,1111,IUK26,S,26-May-2026,12:20:45,103.86,SGX,XOF8016,XOF8016,IUK26
9816,1,103.860,1111,IUK26,S,26-May-2026,12:20:45,103.86,SGX,XOF8016,XOF8016,IUK26
9816,5,-0.390,1111,IUK26-IUM26,S,26-May-2026,12:20:58,-0.39,SGX,XOF8016,XOF8016,IUK26-IUM26
9816,5,103.860,1111,IUK26,B,26-May-2026,12:20:58,103.86,SGX,XOF8016,XOF8016,IUK26
9816,5,103.470,1111,IUM26,S,25-Jun-2026,12:20:58,103.47,SGX,XOF8016,XOF8016,IUM26
9812,5,103.860,1111,IUK26,S,26-May-2026,12:21:31,103.85,SGX,XOF8012,XOF8012,IUK26
9812,5,103.86,1111,DINR,B,26-May-2026,12:21:31,103.86,DGCX,S-XOF8012,S-XOF8012,DINR-20260527
9816,30,103.850,1111,IUK26,S,26-May-2026,12:22:07,103.84,SGX,XOF8016,XOF8016,IUK26
9816,1,103.840,1111,IUK26,B,26-May-2026,12:23:04,103.84,SGX,XOF8016,XOF8016,IUK26
9816,29,103.840,1111,IUK26,B,26-May-2026,12:23:04,103.84,SGX,XOF8016,XOF8016,IUK26
9816,9,103.840,1111,IUK26,S,26-May-2026,12:24:04,103.83,SGX,XOF8016,XOF8016,IUK26
9816,5,103.840,1111,IUK26,S,26-May-2026,12:24:04,103.83,SGX,XOF8016,XOF8016,IUK26
9816,1,103.840,1111,IUK26,S,26-May-2026,12:24:06,103.84,SGX,XOF8016,XOF8016,IUK26
9816,5,103.840,1111,IUK26,S,26-May-2026,12:24:06,103.84,SGX,XOF8016,XOF8016,IUK26
9816,1,103.840,1111,IUK26,B,26-May-2026,12:25:00,103.84,SGX,XOF8016,XOF8016,IUK26
9816,8,103.840,1111,IUK26,B,26-May-2026,12:25:00,103.84,SGX,XOF8016,XOF8016,IUK26
9816,5,103.840,1111,IUK26,B,26-May-2026,12:25:00,103.84,SGX,XOF8016,XOF8016,IUK26
9816,5,103.840,1111,IUK26,B,26-May-2026,12:25:02,103.84,SGX,XOF8016,XOF8016,IUK26
9816,1,103.840,1111,IUK26,B,26-May-2026,12:25:03,103.84,SGX,XOF8016,XOF8016,IUK26
9816,20,103.850,1111,IUK26,S,26-May-2026,12:25:42,103.84,SGX,XOF8016,XOF8016,IUK26
9816,4,103.850,1111,IUK26,B,26-May-2026,12:26:05,103.85,SGX,XOF8016,XOF8016,IUK26
9816,5,103.850,1111,IUK26,B,26-May-2026,12:26:08,103.85,SGX,XOF8016,XOF8016,IUK26
9816,5,103.850,1111,IUK26,B,26-May-2026,12:26:08,103.85,SGX,XOF8016,XOF8016,IUK26
9816,1,-0.400,1111,IUK26-IUM26,B,26-May-2026,12:26:09,-0.4,SGX,XOF8016,XOF8016,IUK26-IUM26
9816,1,103.860,1111,IUK26,S,26-May-2026,12:26:09,103.85,SGX,XOF8016,XOF8016,IUK26
9816,1,103.460,1111,IUM26,B,25-Jun-2026,12:26:09,103.45,SGX,XOF8016,XOF8016,IUM26
9816,5,103.850,1111,IUK26,B,26-May-2026,12:26:10,103.85,SGX,XOF8016,XOF8016,IUK26
9816,1,103.850,1111,IUK26,B,26-May-2026,12:26:10,103.85,SGX,XOF8016,XOF8016,IUK26
9816,22,-0.400,1111,IUK26-IUM26,B,26-May-2026,12:26:37,-0.4,SGX,XOF8016,XOF8016,IUK26-IUM26
9816,22,103.460,1111,IUM26,B,25-Jun-2026,12:26:37,103.47,SGX,XOF8016,XOF8016,IUM26
9816,22,103.860,1111,IUK26,S,26-May-2026,12:26:37,103.85,SGX,XOF8016,XOF8016,IUK26
9813,1,-0.370,1111,IUM26-IUN26,S,26-Jun-2026,12:27:18,-0.37,SGX,XOF8013,XOF8013,IUM26-IUN26
9813,1,103.470,1111,IUM26,B,25-Jun-2026,12:27:18,103.47,SGX,XOF8013,XOF8013,IUM26
9813,1,103.100,1111,IUN26,S,29-Jul-2026,12:27:18,103.1,SGX,XOF8013,XOF8013,IUN26
9813,1,-0.370,1111,IUM26-IUN26,S,26-Jun-2026,12:29:34,-0.37,SGX,XOF8013,XOF8013,IUM26-IUN26
9813,1,103.450,1111,IUM26,B,25-Jun-2026,12:29:34,103.45,SGX,XOF8013,XOF8013,IUM26
9813,1,103.080,1111,IUN26,S,29-Jul-2026,12:29:34,103.08,SGX,XOF8013,XOF8013,IUN26
9816,23,-0.390,1111,IUK26-IUM26,S,26-May-2026,12:31:26,-0.39,SGX,XOF8016,XOF8016,IUK26-IUM26
9816,23,103.850,1111,IUK26,B,26-May-2026,12:31:26,103.85,SGX,XOF8016,XOF8016,IUK26
9816,23,103.460,1111,IUM26,S,25-Jun-2026,12:31:26,103.46,SGX,XOF8016,XOF8016,IUM26
9812,5,103.850,1111,IUK26,S,26-May-2026,12:33:16,103.84,SGX,XOF8012,XOF8012,IUK26
9812,2,103.85,1111,DINR,B,26-May-2026,12:33:16,103.86,DGCX,S-XOF8012,S-XOF8012,DINR-20260527
9812,3,103.86,1111,DINR,B,26-May-2026,12:33:16,103.86,DGCX,S-XOF8012,S-XOF8012,DINR-20260527
9816,3,-0.390,1111,IUK26-IUM26,S,26-May-2026,12:33:45,-0.39,SGX,XOF8016,XOF8016,IUK26-IUM26
9816,3,103.840,1111,IUK26,B,26-May-2026,12:33:45,103.84,SGX,XOF8016,XOF8016,IUK26
9816,3,103.450,1111,IUM26,S,25-Jun-2026,12:33:45,103.45,SGX,XOF8016,XOF8016,IUM26
9812,4,103.450,1111,IUM26,B,25-Jun-2026,12:33:50,103.45,SGX,XOF8012,XOF8012,IUM26
9812,4,103.46,1111,DINR,S,25-Jun-2026,12:33:50,103.46,DGCX,S-XOF8012,S-XOF8012,DINR-20260626
9812,1,103.450,1111,IUM26,B,25-Jun-2026,12:33:52,103.45,SGX,XOF8012,XOF8012,IUM26
9812,1,103.450,1111,IUM26,B,25-Jun-2026,12:33:52,103.45,SGX,XOF8012,XOF8012,IUM26
9812,1,103.46,1111,DINR,S,25-Jun-2026,12:33:52,103.46,DGCX,S-XOF8012,S-XOF8012,DINR-20260626
9812,1,103.46,1111,DINR,S,25-Jun-2026,12:33:52,103.46,DGCX,S-XOF8012,S-XOF8012,DINR-20260626
9812,4,103.450,1111,IUM26,B,25-Jun-2026,12:33:53,103.45,SGX,XOF8012,XOF8012,IUM26
9812,4,103.46,1111,DINR,S,25-Jun-2026,12:33:53,103.45,DGCX,S-XOF8012,S-XOF8012,DINR-20260626
9812,5,103.450,1111,IUM26,B,25-Jun-2026,12:33:54,103.45,SGX,XOF8012,XOF8012,IUM26
9812,5,103.45,1111,DINR,S,25-Jun-2026,12:33:54,103.45,DGCX,S-XOF8012,S-XOF8012,DINR-20260626
9812,5,103.440,1111,IUM26,B,25-Jun-2026,12:34:16,103.44,SGX,XOF8012,XOF8012,IUM26
9813,5,-0.390,1111,IUK26-IUM26,S,26-May-2026,12:34:16,-0.39,SGX,XOF8013,XOF8013,IUK26-IUM26
9813,5,103.830,1111,IUK26,B,26-May-2026,12:34:16,103.83,SGX,XOF8013,XOF8013,IUK26
9813,5,103.440,1111,IUM26,S,25-Jun-2026,12:34:16,103.44,SGX,XOF8013,XOF8013,IUM26
9813,1,-0.370,1111,IUM26-IUN26,S,26-Jun-2026,12:34:16,-0.37,SGX,XOF8013,XOF8013,IUM26-IUN26
9813,1,103.440,1111,IUM26,B,25-Jun-2026,12:34:16,103.44,SGX,XOF8013,XOF8013,IUM26
9813,1,103.070,1111,IUN26,S,29-Jul-2026,12:34:16,103.07,SGX,XOF8013,XOF8013,IUN26
9812,2,103.440,1111,IUM26,B,25-Jun-2026,12:34:16,103.44,SGX,XOF8012,XOF8012,IUM26
9812,5,103.45,1111,DINR,S,25-Jun-2026,12:34:16,103.44,DGCX,S-XOF8012,S-XOF8012,DINR-20260626
9812,2,103.440,1111,IUM26,B,25-Jun-2026,12:34:16,103.44,SGX,XOF8012,XOF8012,IUM26
9812,2,103.44,1111,DINR,S,25-Jun-2026,12:34:16,103.44,DGCX,S-XOF8012,S-XOF8012,DINR-20260626
9812,2,103.44,1111,DINR,S,25-Jun-2026,12:34:16,103.44,DGCX,S-XOF8012,S-XOF8012,DINR-20260626
9812,1,103.440,1111,IUM26,B,25-Jun-2026,12:34:17,103.44,SGX,XOF8012,XOF8012,IUM26
9813,1,-0.390,1111,IUK26-IUM26,S,26-May-2026,12:34:17,-0.39,SGX,XOF8013,XOF8013,IUK26-IUM26
9813,1,103.830,1111,IUK26,B,26-May-2026,12:34:17,103.82,SGX,XOF8013,XOF8013,IUK26
9813,1,103.440,1111,IUM26,S,25-Jun-2026,12:34:17,103.44,SGX,XOF8013,XOF8013,IUM26
9812,1,103.43,1111,DINR,S,25-Jun-2026,12:34:17,103.43,DGCX,S-XOF8012,S-XOF8012,DINR-20260626
9813,1,-0.370,1111,IUM26-IUN26,S,26-Jun-2026,12:35:15,-0.37,SGX,XOF8013,XOF8013,IUM26-IUN26
9813,1,103.450,1111,IUM26,B,25-Jun-2026,12:35:15,103.45,SGX,XOF8013,XOF8013,IUM26
9813,1,103.080,1111,IUN26,S,29-Jul-2026,12:35:15,103.08,SGX,XOF8013,XOF8013,IUN26
9813,7,-0.390,1111,IUK26-IUM26,S,26-May-2026,12:35:25,-0.39,SGX,XOF8013,XOF8013,IUK26-IUM26
9813,7,103.840,1111,IUK26,B,26-May-2026,12:35:25,103.84,SGX,XOF8013,XOF8013,IUK26
9813,7,103.450,1111,IUM26,S,25-Jun-2026,12:35:25,103.45,SGX,XOF8013,XOF8013,IUM26
9813,37,-0.390,1111,IUK26-IUM26,S,26-May-2026,12:36:43,-0.39,SGX,XOF8013,XOF8013,IUK26-IUM26
9813,37,103.850,1111,IUK26,B,26-May-2026,12:36:43,103.85,SGX,XOF8013,XOF8013,IUK26
9813,37,103.460,1111,IUM26,S,25-Jun-2026,12:36:43,103.46,SGX,XOF8013,XOF8013,IUM26
9813,34,-0.390,1111,IUK26-IUM26,S,26-May-2026,12:36:43,-0.39,SGX,XOF8013,XOF8013,IUK26-IUM26
9813,34,103.850,1111,IUK26,B,26-May-2026,12:36:43,103.85,SGX,XOF8013,XOF8013,IUK26
9813,34,103.460,1111,IUM26,S,25-Jun-2026,12:36:43,103.46,SGX,XOF8013,XOF8013,IUM26
9813,16,-0.390,1111,IUK26-IUM26,S,26-May-2026,12:36:43,-0.39,SGX,XOF8013,XOF8013,IUK26-IUM26
9813,16,103.850,1111,IUK26,B,26-May-2026,12:36:43,103.85,SGX,XOF8013,XOF8013,IUK26
9813,16,103.460,1111,IUM26,S,25-Jun-2026,12:36:43,103.46,SGX,XOF8013,XOF8013,IUM26
9812,5,103.870,1111,IUK26,S,26-May-2026,12:37:09,103.86,SGX,XOF8012,XOF8012,IUK26
9812,1,103.87,1111,DINR,B,26-May-2026,12:37:09,103.88,DGCX,S-XOF8012,S-XOF8012,DINR-20260527
9812,1,103.87,1111,DINR,B,26-May-2026,12:37:09,103.88,DGCX,S-XOF8012,S-XOF8012,DINR-20260527
9812,3,103.88,1111,DINR,B,26-May-2026,12:37:09,103.88,DGCX,S-XOF8012,S-XOF8012,DINR-20260527
9818,3,103.88,1111,DINR,S,26-May-2026,12:37:09,103.88,DGCX,S-XOF8018,S-XOF8018,DINR-20260527
9812,5,103.870,1111,IUK26,S,26-May-2026,12:37:09,103.87,SGX,XOF8012,XOF8012,IUK26
9812,1,103.88,1111,DINR,B,26-May-2026,12:37:10,103.88,DGCX,S-XOF8012,S-XOF8012,DINR-20260527
9812,1,103.88,1111,DINR,B,26-May-2026,12:37:10,103.88,DGCX,S-XOF8012,S-XOF8012,DINR-20260527
9812,1,103.88,1111,DINR,B,26-May-2026,12:37:10,103.88,DGCX,S-XOF8012,S-XOF8012,DINR-20260527
9812,1,103.88,1111,DINR,B,26-May-2026,12:37:10,103.88,DGCX,S-XOF8012,S-XOF8012,DINR-20260527
9812,1,103.88,1111,DINR,B,26-May-2026,12:37:11,103.88,DGCX,S-XOF8012,S-XOF8012,DINR-20260527
9818,1,103.870,1111,IUK26,B,26-May-2026,12:37:13,103.87,SGX,XOF8018,XOF8018,IUK26
9818,2,103.870,1111,IUK26,B,26-May-2026,12:37:26,103.87,SGX,XOF8018,XOF8018,IUK26
9813,4,-0.380,1111,IUM26-IUN26,B,26-Jun-2026,12:44:06,-0.38,SGX,XOF8013,XOF8013,IUM26-IUN26
9813,4,103.440,1111,IUM26,S,25-Jun-2026,12:44:06,103.44,SGX,XOF8013,XOF8013,IUM26
9813,4,103.060,1111,IUN26,B,29-Jul-2026,12:44:06,103.06,SGX,XOF8013,XOF8013,IUN26
9000,48,0.0005,1111,KUM26-KUN26,B,15-Jun-2026,12:45:10,0.0005,SGX,XOB8000,XOB8000,KUM26-KUN26
9000,48,0.6677,1111,KUM26,S,15-Jun-2026,12:45:10,0,SGX,XOB8000,XOB8000,KUM26
9000,48,0.6682,1111,KUN26,B,20-Jul-2026,12:45:10,0,SGX,XOB8000,XOB8000,KUN26
9000,50,0.0005,1111,KUM26-KUN26,B,15-Jun-2026,12:45:10,0.0005,SGX,XOB8000,XOB8000,KUM26-KUN26
9000,50,0.6677,1111,KUM26,S,15-Jun-2026,12:45:10,0,SGX,XOB8000,XOB8000,KUM26
9000,50,0.6682,1111,KUN26,B,20-Jul-2026,12:45:10,0,SGX,XOB8000,XOB8000,KUN26
9000,50,0.0005,1111,KUM26-KUN26,B,15-Jun-2026,12:45:10,0.0005,SGX,XOB8000,XOB8000,KUM26-KUN26
9000,50,0.6677,1111,KUM26,S,15-Jun-2026,12:45:10,0,SGX,XOB8000,XOB8000,KUM26
9000,50,0.6682,1111,KUN26,B,20-Jul-2026,12:45:10,0,SGX,XOB8000,XOB8000,KUN26
9000,50,0.0005,1111,KUM26-KUN26,B,15-Jun-2026,12:45:10,0.0005,SGX,XOB8000,XOB8000,KUM26-KUN26
9000,50,0.6677,1111,KUM26,S,15-Jun-2026,12:45:10,0,SGX,XOB8000,XOB8000,KUM26
9000,50,0.6682,1111,KUN26,B,20-Jul-2026,12:45:10,0,SGX,XOB8000,XOB8000,KUN26
9000,2,0.0005,1111,KUM26-KUN26,B,15-Jun-2026,12:45:10,0.0005,SGX,XOB8000,XOB8000,KUM26-KUN26
9000,2,0.6677,1111,KUM26,S,15-Jun-2026,12:45:10,0,SGX,XOB8000,XOB8000,KUM26
9000,2,0.6682,1111,KUN26,B,20-Jul-2026,12:45:10,0,SGX,XOB8000,XOB8000,KUN26
9000,50,0.0005,1111,KUM26-KUN26,S,15-Jun-2026,12:45:12,0.0005,SGX,XOB8000,XOB8000,KUM26-KUN26
9000,50,0.6676,1111,KUM26,B,15-Jun-2026,12:45:12,0,SGX,XOB8000,XOB8000,KUM26
9000,50,0.6681,1111,KUN26,S,20-Jul-2026,12:45:12,0,SGX,XOB8000,XOB8000,KUN26
9000,50,0.0005,1111,KUM26-KUN26,S,15-Jun-2026,12:45:12,0.0005,SGX,XOB8000,XOB8000,KUM26-KUN26
9000,50,0.6676,1111,KUM26,B,15-Jun-2026,12:45:12,0,SGX,XOB8000,XOB8000,KUM26
9000,50,0.6681,1111,KUN26,S,20-Jul-2026,12:45:12,0,SGX,XOB8000,XOB8000,KUN26
9000,50,0.0005,1111,KUM26-KUN26,S,15-Jun-2026,12:45:12,0.0005,SGX,XOB8000,XOB8000,KUM26-KUN26
9000,50,0.6676,1111,KUM26,B,15-Jun-2026,12:45:12,0,SGX,XOB8000,XOB8000,KUM26
9000,50,0.6681,1111,KUN26,S,20-Jul-2026,12:45:12,0,SGX,XOB8000,XOB8000,KUN26
9000,50,0.0005,1111,KUM26-KUN26,S,15-Jun-2026,12:45:12,0.0005,SGX,XOB8000,XOB8000,KUM26-KUN26
9000,50,0.6676,1111,KUM26,B,15-Jun-2026,12:45:12,0,SGX,XOB8000,XOB8000,KUM26
9000,50,0.6681,1111,KUN26,S,20-Jul-2026,12:45:12,0,SGX,XOB8000,XOB8000,KUN26
9000,50,0.0005,1111,KUM26-KUN26,B,15-Jun-2026,12:45:14,0.0005,SGX,XOB8000,XOB8000,KUM26-KUN26
9000,50,0.6676,1111,KUM26,S,15-Jun-2026,12:45:14,0,SGX,XOB8000,XOB8000,KUM26
9000,50,0.6681,1111,KUN26,B,20-Jul-2026,12:45:14,0,SGX,XOB8000,XOB8000,KUN26
9000,50,0.0005,1111,KUM26-KUN26,B,15-Jun-2026,12:45:14,0.0005,SGX,XOB8000,XOB8000,KUM26-KUN26
9000,50,0.6676,1111,KUM26,S,15-Jun-2026,12:45:14,0,SGX,XOB8000,XOB8000,KUM26
9000,50,0.6681,1111,KUN26,B,20-Jul-2026,12:45:14,0,SGX,XOB8000,XOB8000,KUN26
9000,50,0.0005,1111,KUM26-KUN26,B,15-Jun-2026,12:45:14,0.0005,SGX,XOB8000,XOB8000,KUM26-KUN26
9000,50,0.6676,1111,KUM26,S,15-Jun-2026,12:45:14,0,SGX,XOB8000,XOB8000,KUM26
9000,50,0.6681,1111,KUN26,B,20-Jul-2026,12:45:14,0,SGX,XOB8000,XOB8000,KUN26
9000,50,0.0005,1111,KUM26-KUN26,B,15-Jun-2026,12:45:14,0.0005,SGX,XOB8000,XOB8000,KUM26-KUN26
9000,50,0.6676,1111,KUM26,S,15-Jun-2026,12:45:14,0,SGX,XOB8000,XOB8000,KUM26
9000,50,0.6681,1111,KUN26,B,20-Jul-2026,12:45:14,0,SGX,XOB8000,XOB8000,KUN26
9000,50,0.0005,1111,KUM26-KUN26,S,15-Jun-2026,12:45:19,0.0005,SGX,XOB8000,XOB8000,KUM26-KUN26
9000,50,0.6677,1111,KUM26,B,15-Jun-2026,12:45:19,0,SGX,XOB8000,XOB8000,KUM26
9000,50,0.6682,1111,KUN26,S,20-Jul-2026,12:45:19,0,SGX,XOB8000,XOB8000,KUN26
9000,50,0.0005,1111,KUM26-KUN26,S,15-Jun-2026,12:45:19,0.0005,SGX,XOB8000,XOB8000,KUM26-KUN26
9000,50,0.6677,1111,KUM26,B,15-Jun-2026,12:45:19,0,SGX,XOB8000,XOB8000,KUM26
9000,50,0.6682,1111,KUN26,S,20-Jul-2026,12:45:19,0,SGX,XOB8000,XOB8000,KUN26
9000,50,0.0005,1111,KUM26-KUN26,S,15-Jun-2026,12:45:19,0.0005,SGX,XOB8000,XOB8000,KUM26-KUN26
9000,50,0.6677,1111,KUM26,B,15-Jun-2026,12:45:19,0,SGX,XOB8000,XOB8000,KUM26
9000,50,0.6682,1111,KUN26,S,20-Jul-2026,12:45:19,0,SGX,XOB8000,XOB8000,KUN26
9000,50,0.0005,1111,KUM26-KUN26,S,15-Jun-2026,12:45:19,0.0005,SGX,XOB8000,XOB8000,KUM26-KUN26
9000,50,0.6677,1111,KUM26,B,15-Jun-2026,12:45:19,0,SGX,XOB8000,XOB8000,KUM26
9000,50,0.6682,1111,KUN26,S,20-Jul-2026,12:45:19,0,SGX,XOB8000,XOB8000,KUN26
9000,50,0.0005,1111,KUM26-KUN26,B,15-Jun-2026,12:45:21,0.0005,SGX,XOB8000,XOB8000,KUM26-KUN26
9000,50,0.6677,1111,KUM26,S,15-Jun-2026,12:45:21,0,SGX,XOB8000,XOB8000,KUM26
9000,50,0.6682,1111,KUN26,B,20-Jul-2026,12:45:21,0,SGX,XOB8000,XOB8000,KUN26
9000,50,0.0005,1111,KUM26-KUN26,B,15-Jun-2026,12:45:21,0.0005,SGX,XOB8000,XOB8000,KUM26-KUN26
9000,50,0.6677,1111,KUM26,S,15-Jun-2026,12:45:21,0,SGX,XOB8000,XOB8000,KUM26
9000,50,0.6682,1111,KUN26,B,20-Jul-2026,12:45:21,0,SGX,XOB8000,XOB8000,KUN26
9000,50,0.0005,1111,KUM26-KUN26,B,15-Jun-2026,12:45:21,0.0005,SGX,XOB8000,XOB8000,KUM26-KUN26
9000,50,0.6677,1111,KUM26,S,15-Jun-2026,12:45:21,0,SGX,XOB8000,XOB8000,KUM26
9000,50,0.6682,1111,KUN26,B,20-Jul-2026,12:45:21,0,SGX,XOB8000,XOB8000,KUN26
9000,50,0.0005,1111,KUM26-KUN26,B,15-Jun-2026,12:45:21,0.0005,SGX,XOB8000,XOB8000,KUM26-KUN26
9000,50,0.6677,1111,KUM26,S,15-Jun-2026,12:45:21,0,SGX,XOB8000,XOB8000,KUM26
9000,50,0.6682,1111,KUN26,B,20-Jul-2026,12:45:21,0,SGX,XOB8000,XOB8000,KUN26
9000,50,0.0005,1111,KUM26-KUN26,S,15-Jun-2026,12:45:27,0.0005,SGX,XOB8000,XOB8000,KUM26-KUN26
9000,50,0.6677,1111,KUM26,B,15-Jun-2026,12:45:27,0,SGX,XOB8000,XOB8000,KUM26
9000,50,0.6682,1111,KUN26,S,20-Jul-2026,12:45:27,0,SGX,XOB8000,XOB8000,KUN26
9000,50,0.0005,1111,KUM26-KUN26,S,15-Jun-2026,12:45:27,0.0005,SGX,XOB8000,XOB8000,KUM26-KUN26
9000,50,0.6677,1111,KUM26,B,15-Jun-2026,12:45:27,0,SGX,XOB8000,XOB8000,KUM26
9000,50,0.6682,1111,KUN26,S,20-Jul-2026,12:45:27,0,SGX,XOB8000,XOB8000,KUN26
9000,50,0.0005,1111,KUM26-KUN26,S,15-Jun-2026,12:45:27,0.0005,SGX,XOB8000,XOB8000,KUM26-KUN26
9000,50,0.6677,1111,KUM26,B,15-Jun-2026,12:45:27,0,SGX,XOB8000,XOB8000,KUM26
9000,50,0.6682,1111,KUN26,S,20-Jul-2026,12:45:27,0,SGX,XOB8000,XOB8000,KUN26
9000,50,0.0005,1111,KUM26-KUN26,S,15-Jun-2026,12:45:27,0.0005,SGX,XOB8000,XOB8000,KUM26-KUN26
9000,50,0.6677,1111,KUM26,B,15-Jun-2026,12:45:27,0,SGX,XOB8000,XOB8000,KUM26
9000,50,0.6682,1111,KUN26,S,20-Jul-2026,12:45:27,0,SGX,XOB8000,XOB8000,KUN26
9000,50,0.0005,1111,KUM26-KUN26,B,15-Jun-2026,12:45:30,0.0005,SGX,XOB8000,XOB8000,KUM26-KUN26
9000,50,0.6677,1111,KUM26,S,15-Jun-2026,12:45:30,0,SGX,XOB8000,XOB8000,KUM26
9000,50,0.6682,1111,KUN26,B,20-Jul-2026,12:45:30,0,SGX,XOB8000,XOB8000,KUN26
9000,50,0.0005,1111,KUM26-KUN26,B,15-Jun-2026,12:45:30,0.0005,SGX,XOB8000,XOB8000,KUM26-KUN26
9000,50,0.6677,1111,KUM26,S,15-Jun-2026,12:45:30,0,SGX,XOB8000,XOB8000,KUM26
9000,50,0.6682,1111,KUN26,B,20-Jul-2026,12:45:30,0,SGX,XOB8000,XOB8000,KUN26
9000,50,0.0005,1111,KUM26-KUN26,B,15-Jun-2026,12:45:30,0.0005,SGX,XOB8000,XOB8000,KUM26-KUN26
9000,50,0.6677,1111,KUM26,S,15-Jun-2026,12:45:30,0,SGX,XOB8000,XOB8000,KUM26
9000,50,0.6682,1111,KUN26,B,20-Jul-2026,12:45:30,0,SGX,XOB8000,XOB8000,KUN26
9000,50,0.0005,1111,KUM26-KUN26,B,15-Jun-2026,12:45:30,0.0005,SGX,XOB8000,XOB8000,KUM26-KUN26
9000,50,0.6677,1111,KUM26,S,15-Jun-2026,12:45:30,0,SGX,XOB8000,XOB8000,KUM26
9000,50,0.6682,1111,KUN26,B,20-Jul-2026,12:45:30,0,SGX,XOB8000,XOB8000,KUN26
9000,50,0.0005,1111,KUM26-KUN26,S,15-Jun-2026,12:45:33,0.0005,SGX,XOB8000,XOB8000,KUM26-KUN26
9000,50,0.6677,1111,KUM26,B,15-Jun-2026,12:45:33,0,SGX,XOB8000,XOB8000,KUM26
9000,50,0.6682,1111,KUN26,S,20-Jul-2026,12:45:33,0,SGX,XOB8000,XOB8000,KUN26
9000,50,0.0005,1111,KUM26-KUN26,S,15-Jun-2026,12:45:33,0.0005,SGX,XOB8000,XOB8000,KUM26-KUN26
9000,50,0.6677,1111,KUM26,B,15-Jun-2026,12:45:33,0,SGX,XOB8000,XOB8000,KUM26
9000,50,0.6682,1111,KUN26,S,20-Jul-2026,12:45:33,0,SGX,XOB8000,XOB8000,KUN26
9000,50,0.0005,1111,KUM26-KUN26,S,15-Jun-2026,12:45:33,0.0005,SGX,XOB8000,XOB8000,KUM26-KUN26
9000,50,0.6677,1111,KUM26,B,15-Jun-2026,12:45:33,0,SGX,XOB8000,XOB8000,KUM26
9000,50,0.6682,1111,KUN26,S,20-Jul-2026,12:45:33,0,SGX,XOB8000,XOB8000,KUN26
9000,50,0.0005,1111,KUM26-KUN26,S,15-Jun-2026,12:45:33,0.0005,SGX,XOB8000,XOB8000,KUM26-KUN26
9000,50,0.6677,1111,KUM26,B,15-Jun-2026,12:45:33,0,SGX,XOB8000,XOB8000,KUM26
9000,50,0.6682,1111,KUN26,S,20-Jul-2026,12:45:33,0,SGX,XOB8000,XOB8000,KUN26
9000,50,0.0005,1111,KUM26-KUN26,B,15-Jun-2026,12:45:35,0.0005,SGX,XOB8000,XOB8000,KUM26-KUN26
9000,50,0.6676,1111,KUM26,S,15-Jun-2026,12:45:35,0,SGX,XOB8000,XOB8000,KUM26
9000,50,0.6681,1111,KUN26,B,20-Jul-2026,12:45:35,0,SGX,XOB8000,XOB8000,KUN26
9000,50,0.0005,1111,KUM26-KUN26,B,15-Jun-2026,12:45:35,0.0005,SGX,XOB8000,XOB8000,KUM26-KUN26
9000,50,0.6676,1111,KUM26,S,15-Jun-2026,12:45:35,0,SGX,XOB8000,XOB8000,KUM26
9000,50,0.6681,1111,KUN26,B,20-Jul-2026,12:45:35,0,SGX,XOB8000,XOB8000,KUN26
9000,50,0.0005,1111,KUM26-KUN26,B,15-Jun-2026,12:45:35,0.0005,SGX,XOB8000,XOB8000,KUM26-KUN26
9000,50,0.6676,1111,KUM26,S,15-Jun-2026,12:45:35,0,SGX,XOB8000,XOB8000,KUM26
9000,50,0.6681,1111,KUN26,B,20-Jul-2026,12:45:35,0,SGX,XOB8000,XOB8000,KUN26
9000,50,0.0005,1111,KUM26-KUN26,B,15-Jun-2026,12:45:35,0.0005,SGX,XOB8000,XOB8000,KUM26-KUN26
9000,50,0.6676,1111,KUM26,S,15-Jun-2026,12:45:35,0,SGX,XOB8000,XOB8000,KUM26
9000,50,0.6681,1111,KUN26,B,20-Jul-2026,12:45:35,0,SGX,XOB8000,XOB8000,KUN26
9000,50,0.0005,1111,KUM26-KUN26,S,15-Jun-2026,12:45:38,0.0005,SGX,XOB8000,XOB8000,KUM26-KUN26
9000,50,0.6677,1111,KUM26,B,15-Jun-2026,12:45:38,0,SGX,XOB8000,XOB8000,KUM26
9000,50,0.6682,1111,KUN26,S,20-Jul-2026,12:45:38,0,SGX,XOB8000,XOB8000,KUN26
9000,50,0.0005,1111,KUM26-KUN26,S,15-Jun-2026,12:45:38,0.0005,SGX,XOB8000,XOB8000,KUM26-KUN26
9000,50,0.6677,1111,KUM26,B,15-Jun-2026,12:45:38,0,SGX,XOB8000,XOB8000,KUM26
9000,50,0.6682,1111,KUN26,S,20-Jul-2026,12:45:38,0,SGX,XOB8000,XOB8000,KUN26
9000,50,0.0005,1111,KUM26-KUN26,S,15-Jun-2026,12:45:38,0.0005,SGX,XOB8000,XOB8000,KUM26-KUN26
9000,50,0.6677,1111,KUM26,B,15-Jun-2026,12:45:38,0,SGX,XOB8000,XOB8000,KUM26
9000,50,0.6682,1111,KUN26,S,20-Jul-2026,12:45:38,0,SGX,XOB8000,XOB8000,KUN26
9000,50,0.0005,1111,KUM26-KUN26,S,15-Jun-2026,12:45:38,0.0005,SGX,XOB8000,XOB8000,KUM26-KUN26
9000,50,0.6677,1111,KUM26,B,15-Jun-2026,12:45:38,0,SGX,XOB8000,XOB8000,KUM26
9000,50,0.6682,1111,KUN26,S,20-Jul-2026,12:45:38,0,SGX,XOB8000,XOB8000,KUN26
9000,50,0.0005,1111,KUM26-KUN26,B,15-Jun-2026,12:45:43,0.0005,SGX,XOB8000,XOB8000,KUM26-KUN26
9000,50,0.6677,1111,KUM26,S,15-Jun-2026,12:45:43,0,SGX,XOB8000,XOB8000,KUM26
9000,50,0.6682,1111,KUN26,B,20-Jul-2026,12:45:43,0,SGX,XOB8000,XOB8000,KUN26
9000,50,0.0005,1111,KUM26-KUN26,B,15-Jun-2026,12:45:43,0.0005,SGX,XOB8000,XOB8000,KUM26-KUN26
9000,50,0.6677,1111,KUM26,S,15-Jun-2026,12:45:43,0,SGX,XOB8000,XOB8000,KUM26
9000,50,0.6682,1111,KUN26,B,20-Jul-2026,12:45:43,0,SGX,XOB8000,XOB8000,KUN26
9000,50,0.0005,1111,KUM26-KUN26,B,15-Jun-2026,12:45:43,0.0005,SGX,XOB8000,XOB8000,KUM26-KUN26
9000,50,0.6677,1111,KUM26,S,15-Jun-2026,12:45:43,0,SGX,XOB8000,XOB8000,KUM26
9000,50,0.6682,1111,KUN26,B,20-Jul-2026,12:45:43,0,SGX,XOB8000,XOB8000,KUN26
9000,50,0.0005,1111,KUM26-KUN26,B,15-Jun-2026,12:45:43,0.0005,SGX,XOB8000,XOB8000,KUM26-KUN26
9000,50,0.6677,1111,KUM26,S,15-Jun-2026,12:45:43,0,SGX,XOB8000,XOB8000,KUM26
9000,50,0.6682,1111,KUN26,B,20-Jul-2026,12:45:43,0,SGX,XOB8000,XOB8000,KUN26
9000,50,0.0005,1111,KUM26-KUN26,S,15-Jun-2026,12:45:45,0.0005,SGX,XOB8000,XOB8000,KUM26-KUN26
9000,50,0.6677,1111,KUM26,B,15-Jun-2026,12:45:45,0,SGX,XOB8000,XOB8000,KUM26
9000,50,0.6682,1111,KUN26,S,20-Jul-2026,12:45:45,0,SGX,XOB8000,XOB8000,KUN26
9000,50,0.0005,1111,KUM26-KUN26,S,15-Jun-2026,12:45:45,0.0005,SGX,XOB8000,XOB8000,KUM26-KUN26
9000,50,0.6677,1111,KUM26,B,15-Jun-2026,12:45:45,0,SGX,XOB8000,XOB8000,KUM26
9000,50,0.6682,1111,KUN26,S,20-Jul-2026,12:45:45,0,SGX,XOB8000,XOB8000,KUN26
9000,50,0.0005,1111,KUM26-KUN26,S,15-Jun-2026,12:45:45,0.0005,SGX,XOB8000,XOB8000,KUM26-KUN26
9000,50,0.6677,1111,KUM26,B,15-Jun-2026,12:45:45,0,SGX,XOB8000,XOB8000,KUM26
9000,50,0.6682,1111,KUN26,S,20-Jul-2026,12:45:45,0,SGX,XOB8000,XOB8000,KUN26
9000,50,0.0005,1111,KUM26-KUN26,S,15-Jun-2026,12:45:45,0.0005,SGX,XOB8000,XOB8000,KUM26-KUN26
9000,50,0.6677,1111,KUM26,B,15-Jun-2026,12:45:45,0,SGX,XOB8000,XOB8000,KUM26
9000,50,0.6682,1111,KUN26,S,20-Jul-2026,12:45:45,0,SGX,XOB8000,XOB8000,KUN26
9000,50,0.0005,1111,KUM26-KUN26,B,15-Jun-2026,12:45:48,0.0005,SGX,XOB8000,XOB8000,KUM26-KUN26
9000,50,0.6676,1111,KUM26,S,15-Jun-2026,12:45:48,0,SGX,XOB8000,XOB8000,KUM26
9000,50,0.6681,1111,KUN26,B,20-Jul-2026,12:45:48,0,SGX,XOB8000,XOB8000,KUN26
9000,50,0.0005,1111,KUM26-KUN26,B,15-Jun-2026,12:45:48,0.0005,SGX,XOB8000,XOB8000,KUM26-KUN26
9000,50,0.6676,1111,KUM26,S,15-Jun-2026,12:45:48,0,SGX,XOB8000,XOB8000,KUM26
9000,50,0.6681,1111,KUN26,B,20-Jul-2026,12:45:48,0,SGX,XOB8000,XOB8000,KUN26
9000,50,0.0005,1111,KUM26-KUN26,B,15-Jun-2026,12:45:48,0.0005,SGX,XOB8000,XOB8000,KUM26-KUN26
9000,50,0.6676,1111,KUM26,S,15-Jun-2026,12:45:48,0,SGX,XOB8000,XOB8000,KUM26
9000,50,0.6681,1111,KUN26,B,20-Jul-2026,12:45:48,0,SGX,XOB8000,XOB8000,KUN26
9000,50,0.0005,1111,KUM26-KUN26,B,15-Jun-2026,12:45:48,0.0005,SGX,XOB8000,XOB8000,KUM26-KUN26
9000,50,0.6676,1111,KUM26,S,15-Jun-2026,12:45:48,0,SGX,XOB8000,XOB8000,KUM26
9000,50,0.6681,1111,KUN26,B,20-Jul-2026,12:45:48,0,SGX,XOB8000,XOB8000,KUN26
9000,50,0.0005,1111,KUM26-KUN26,S,15-Jun-2026,12:45:50,0.0005,SGX,XOB8000,XOB8000,KUM26-KUN26
9000,50,0.6677,1111,KUM26,B,15-Jun-2026,12:45:50,0,SGX,XOB8000,XOB8000,KUM26
9000,50,0.6682,1111,KUN26,S,20-Jul-2026,12:45:50,0,SGX,XOB8000,XOB8000,KUN26
9000,50,0.0005,1111,KUM26-KUN26,S,15-Jun-2026,12:45:50,0.0005,SGX,XOB8000,XOB8000,KUM26-KUN26
9000,50,0.6677,1111,KUM26,B,15-Jun-2026,12:45:50,0,SGX,XOB8000,XOB8000,KUM26
9000,50,0.6682,1111,KUN26,S,20-Jul-2026,12:45:50,0,SGX,XOB8000,XOB8000,KUN26
9000,50,0.0005,1111,KUM26-KUN26,S,15-Jun-2026,12:45:50,0.0005,SGX,XOB8000,XOB8000,KUM26-KUN26
9000,50,0.6677,1111,KUM26,B,15-Jun-2026,12:45:50,0,SGX,XOB8000,XOB8000,KUM26
9000,50,0.6682,1111,KUN26,S,20-Jul-2026,12:45:50,0,SGX,XOB8000,XOB8000,KUN26
9000,50,0.0005,1111,KUM26-KUN26,S,15-Jun-2026,12:45:50,0.0005,SGX,XOB8000,XOB8000,KUM26-KUN26
9000,50,0.6677,1111,KUM26,B,15-Jun-2026,12:45:50,0,SGX,XOB8000,XOB8000,KUM26
9000,50,0.6682,1111,KUN26,S,20-Jul-2026,12:45:50,0,SGX,XOB8000,XOB8000,KUN26
9000,50,0.0005,1111,KUM26-KUN26,B,15-Jun-2026,12:45:53,0.0005,SGX,XOB8000,XOB8000,KUM26-KUN26
9000,50,0.6677,1111,KUM26,S,15-Jun-2026,12:45:53,0,SGX,XOB8000,XOB8000,KUM26
9000,50,0.6682,1111,KUN26,B,20-Jul-2026,12:45:53,0,SGX,XOB8000,XOB8000,KUN26
9000,50,0.0005,1111,KUM26-KUN26,B,15-Jun-2026,12:45:53,0.0005,SGX,XOB8000,XOB8000,KUM26-KUN26
9000,50,0.6677,1111,KUM26,S,15-Jun-2026,12:45:53,0,SGX,XOB8000,XOB8000,KUM26
9000,50,0.6682,1111,KUN26,B,20-Jul-2026,12:45:53,0,SGX,XOB8000,XOB8000,KUN26
9000,50,0.0005,1111,KUM26-KUN26,B,15-Jun-2026,12:45:53,0.0005,SGX,XOB8000,XOB8000,KUM26-KUN26
9000,50,0.6677,1111,KUM26,S,15-Jun-2026,12:45:53,0,SGX,XOB8000,XOB8000,KUM26
9000,50,0.6682,1111,KUN26,B,20-Jul-2026,12:45:53,0,SGX,XOB8000,XOB8000,KUN26
9000,50,0.0005,1111,KUM26-KUN26,B,15-Jun-2026,12:45:53,0.0005,SGX,XOB8000,XOB8000,KUM26-KUN26
9000,50,0.6677,1111,KUM26,S,15-Jun-2026,12:45:53,0,SGX,XOB8000,XOB8000,KUM26
9000,50,0.6682,1111,KUN26,B,20-Jul-2026,12:45:53,0,SGX,XOB8000,XOB8000,KUN26
9000,50,0.0005,1111,KUM26-KUN26,S,15-Jun-2026,12:45:58,0.0005,SGX,XOB8000,XOB8000,KUM26-KUN26
9000,50,0.6677,1111,KUM26,B,15-Jun-2026,12:45:58,0,SGX,XOB8000,XOB8000,KUM26
9000,50,0.6682,1111,KUN26,S,20-Jul-2026,12:45:58,0,SGX,XOB8000,XOB8000,KUN26
9000,50,0.0005,1111,KUM26-KUN26,S,15-Jun-2026,12:45:58,0.0005,SGX,XOB8000,XOB8000,KUM26-KUN26
9000,50,0.6677,1111,KUM26,B,15-Jun-2026,12:45:58,0,SGX,XOB8000,XOB8000,KUM26
9000,50,0.6682,1111,KUN26,S,20-Jul-2026,12:45:58,0,SGX,XOB8000,XOB8000,KUN26
9000,50,0.0005,1111,KUM26-KUN26,S,15-Jun-2026,12:45:58,0.0005,SGX,XOB8000,XOB8000,KUM26-KUN26
9000,50,0.6677,1111,KUM26,B,15-Jun-2026,12:45:58,0,SGX,XOB8000,XOB8000,KUM26
9000,50,0.6682,1111,KUN26,S,20-Jul-2026,12:45:58,0,SGX,XOB8000,XOB8000,KUN26
9000,50,0.0005,1111,KUM26-KUN26,S,15-Jun-2026,12:45:58,0.0005,SGX,XOB8000,XOB8000,KUM26-KUN26
9000,50,0.6677,1111,KUM26,B,15-Jun-2026,12:45:58,0,SGX,XOB8000,XOB8000,KUM26
9000,50,0.6682,1111,KUN26,S,20-Jul-2026,12:45:58,0,SGX,XOB8000,XOB8000,KUN26
9000,50,0.0005,1111,KUM26-KUN26,B,15-Jun-2026,12:46:00,0.0005,SGX,XOB8000,XOB8000,KUM26-KUN26
9000,50,0.6676,1111,KUM26,S,15-Jun-2026,12:46:00,0,SGX,XOB8000,XOB8000,KUM26
9000,50,0.6681,1111,KUN26,B,20-Jul-2026,12:46:00,0,SGX,XOB8000,XOB8000,KUN26
9000,50,0.0005,1111,KUM26-KUN26,B,15-Jun-2026,12:46:00,0.0005,SGX,XOB8000,XOB8000,KUM26-KUN26
9000,50,0.6676,1111,KUM26,S,15-Jun-2026,12:46:00,0,SGX,XOB8000,XOB8000,KUM26
9000,50,0.6681,1111,KUN26,B,20-Jul-2026,12:46:00,0,SGX,XOB8000,XOB8000,KUN26
9000,50,0.0005,1111,KUM26-KUN26,B,15-Jun-2026,12:46:00,0.0005,SGX,XOB8000,XOB8000,KUM26-KUN26
9000,50,0.6676,1111,KUM26,S,15-Jun-2026,12:46:00,0,SGX,XOB8000,XOB8000,KUM26
9000,50,0.6681,1111,KUN26,B,20-Jul-2026,12:46:00,0,SGX,XOB8000,XOB8000,KUN26
9000,50,0.0005,1111,KUM26-KUN26,B,15-Jun-2026,12:46:00,0.0005,SGX,XOB8000,XOB8000,KUM26-KUN26
9000,50,0.6676,1111,KUM26,S,15-Jun-2026,12:46:00,0,SGX,XOB8000,XOB8000,KUM26
9000,50,0.6681,1111,KUN26,B,20-Jul-2026,12:46:00,0,SGX,XOB8000,XOB8000,KUN26
9000,50,0.0005,1111,KUM26-KUN26,S,15-Jun-2026,12:46:04,0.0005,SGX,XOB8000,XOB8000,KUM26-KUN26
9000,50,0.6677,1111,KUM26,B,15-Jun-2026,12:46:04,0,SGX,XOB8000,XOB8000,KUM26
9000,50,0.6682,1111,KUN26,S,20-Jul-2026,12:46:04,0,SGX,XOB8000,XOB8000,KUN26
9000,50,0.0005,1111,KUM26-KUN26,S,15-Jun-2026,12:46:04,0.0005,SGX,XOB8000,XOB8000,KUM26-KUN26
9000,50,0.6677,1111,KUM26,B,15-Jun-2026,12:46:04,0,SGX,XOB8000,XOB8000,KUM26
9000,50,0.6682,1111,KUN26,S,20-Jul-2026,12:46:04,0,SGX,XOB8000,XOB8000,KUN26
9000,50,0.0005,1111,KUM26-KUN26,S,15-Jun-2026,12:46:04,0.0005,SGX,XOB8000,XOB8000,KUM26-KUN26
9000,50,0.6677,1111,KUM26,B,15-Jun-2026,12:46:04,0,SGX,XOB8000,XOB8000,KUM26
9000,50,0.6682,1111,KUN26,S,20-Jul-2026,12:46:04,0,SGX,XOB8000,XOB8000,KUN26
9000,50,0.0005,1111,KUM26-KUN26,S,15-Jun-2026,12:46:04,0.0005,SGX,XOB8000,XOB8000,KUM26-KUN26
9000,50,0.6677,1111,KUM26,B,15-Jun-2026,12:46:04,0,SGX,XOB8000,XOB8000,KUM26
9000,50,0.6682,1111,KUN26,S,20-Jul-2026,12:46:04,0,SGX,XOB8000,XOB8000,KUN26
9000,50,0.0005,1111,KUM26-KUN26,B,15-Jun-2026,12:46:07,0.0005,SGX,XOB8000,XOB8000,KUM26-KUN26
9000,50,0.6676,1111,KUM26,S,15-Jun-2026,12:46:07,0,SGX,XOB8000,XOB8000,KUM26
9000,50,0.6681,1111,KUN26,B,20-Jul-2026,12:46:07,0,SGX,XOB8000,XOB8000,KUN26
9000,50,0.0005,1111,KUM26-KUN26,B,15-Jun-2026,12:46:07,0.0005,SGX,XOB8000,XOB8000,KUM26-KUN26
9000,50,0.6676,1111,KUM26,S,15-Jun-2026,12:46:07,0,SGX,XOB8000,XOB8000,KUM26
9000,50,0.6681,1111,KUN26,B,20-Jul-2026,12:46:07,0,SGX,XOB8000,XOB8000,KUN26
9000,50,0.0005,1111,KUM26-KUN26,B,15-Jun-2026,12:46:07,0.0005,SGX,XOB8000,XOB8000,KUM26-KUN26
9000,50,0.6676,1111,KUM26,S,15-Jun-2026,12:46:07,0,SGX,XOB8000,XOB8000,KUM26
9000,50,0.6681,1111,KUN26,B,20-Jul-2026,12:46:07,0,SGX,XOB8000,XOB8000,KUN26
9000,50,0.0005,1111,KUM26-KUN26,B,15-Jun-2026,12:46:07,0.0005,SGX,XOB8000,XOB8000,KUM26-KUN26
9000,50,0.6676,1111,KUM26,S,15-Jun-2026,12:46:07,0,SGX,XOB8000,XOB8000,KUM26
9000,50,0.6681,1111,KUN26,B,20-Jul-2026,12:46:07,0,SGX,XOB8000,XOB8000,KUN26
9000,50,0.0005,1111,KUM26-KUN26,S,15-Jun-2026,12:46:10,0.0005,SGX,XOB8000,XOB8000,KUM26-KUN26
9000,50,0.6677,1111,KUM26,B,15-Jun-2026,12:46:10,0,SGX,XOB8000,XOB8000,KUM26
9000,50,0.6682,1111,KUN26,S,20-Jul-2026,12:46:10,0,SGX,XOB8000,XOB8000,KUN26
9000,50,0.0005,1111,KUM26-KUN26,S,15-Jun-2026,12:46:10,0.0005,SGX,XOB8000,XOB8000,KUM26-KUN26
9000,50,0.6677,1111,KUM26,B,15-Jun-2026,12:46:10,0,SGX,XOB8000,XOB8000,KUM26
9000,50,0.6682,1111,KUN26,S,20-Jul-2026,12:46:10,0,SGX,XOB8000,XOB8000,KUN26
9000,50,0.0005,1111,KUM26-KUN26,S,15-Jun-2026,12:46:10,0.0005,SGX,XOB8000,XOB8000,KUM26-KUN26
9000,50,0.6677,1111,KUM26,B,15-Jun-2026,12:46:10,0,SGX,XOB8000,XOB8000,KUM26
9000,50,0.6682,1111,KUN26,S,20-Jul-2026,12:46:10,0,SGX,XOB8000,XOB8000,KUN26
9000,50,0.0005,1111,KUM26-KUN26,S,15-Jun-2026,12:46:10,0.0005,SGX,XOB8000,XOB8000,KUM26-KUN26
9000,50,0.6677,1111,KUM26,B,15-Jun-2026,12:46:10,0,SGX,XOB8000,XOB8000,KUM26
9000,50,0.6682,1111,KUN26,S,20-Jul-2026,12:46:10,0,SGX,XOB8000,XOB8000,KUN26
9000,50,0.0005,1111,KUM26-KUN26,B,15-Jun-2026,12:46:12,0.0005,SGX,XOB8000,XOB8000,KUM26-KUN26
9000,50,0.6676,1111,KUM26,S,15-Jun-2026,12:46:12,0,SGX,XOB8000,XOB8000,KUM26
9000,50,0.6681,1111,KUN26,B,20-Jul-2026,12:46:12,0,SGX,XOB8000,XOB8000,KUN26
9000,50,0.0005,1111,KUM26-KUN26,B,15-Jun-2026,12:46:12,0.0005,SGX,XOB8000,XOB8000,KUM26-KUN26
9000,50,0.6676,1111,KUM26,S,15-Jun-2026,12:46:12,0,SGX,XOB8000,XOB8000,KUM26
9000,50,0.6681,1111,KUN26,B,20-Jul-2026,12:46:12,0,SGX,XOB8000,XOB8000,KUN26
9000,50,0.0005,1111,KUM26-KUN26,B,15-Jun-2026,12:46:12,0.0005,SGX,XOB8000,XOB8000,KUM26-KUN26
9000,50,0.6676,1111,KUM26,S,15-Jun-2026,12:46:12,0,SGX,XOB8000,XOB8000,KUM26
9000,50,0.6681,1111,KUN26,B,20-Jul-2026,12:46:12,0,SGX,XOB8000,XOB8000,KUN26
9000,50,0.0005,1111,KUM26-KUN26,B,15-Jun-2026,12:46:12,0.0005,SGX,XOB8000,XOB8000,KUM26-KUN26
9000,50,0.6676,1111,KUM26,S,15-Jun-2026,12:46:12,0,SGX,XOB8000,XOB8000,KUM26
9000,50,0.6681,1111,KUN26,B,20-Jul-2026,12:46:12,0,SGX,XOB8000,XOB8000,KUN26
9000,50,0.0005,1111,KUM26-KUN26,S,15-Jun-2026,12:46:14,0.0005,SGX,XOB8000,XOB8000,KUM26-KUN26
9000,50,0.6677,1111,KUM26,B,15-Jun-2026,12:46:14,0,SGX,XOB8000,XOB8000,KUM26
9000,50,0.6682,1111,KUN26,S,20-Jul-2026,12:46:14,0,SGX,XOB8000,XOB8000,KUN26
9000,50,0.0005,1111,KUM26-KUN26,S,15-Jun-2026,12:46:14,0.0005,SGX,XOB8000,XOB8000,KUM26-KUN26
9000,50,0.6677,1111,KUM26,B,15-Jun-2026,12:46:14,0,SGX,XOB8000,XOB8000,KUM26
9000,50,0.6682,1111,KUN26,S,20-Jul-2026,12:46:14,0,SGX,XOB8000,XOB8000,KUN26
9000,50,0.0005,1111,KUM26-KUN26,S,15-Jun-2026,12:46:14,0.0005,SGX,XOB8000,XOB8000,KUM26-KUN26
9000,50,0.6677,1111,KUM26,B,15-Jun-2026,12:46:14,0,SGX,XOB8000,XOB8000,KUM26
9000,50,0.6682,1111,KUN26,S,20-Jul-2026,12:46:14,0,SGX,XOB8000,XOB8000,KUN26
9000,50,0.0005,1111,KUM26-KUN26,S,15-Jun-2026,12:46:14,0.0005,SGX,XOB8000,XOB8000,KUM26-KUN26
9000,50,0.6677,1111,KUM26,B,15-Jun-2026,12:46:14,0,SGX,XOB8000,XOB8000,KUM26
9000,50,0.6682,1111,KUN26,S,20-Jul-2026,12:46:14,0,SGX,XOB8000,XOB8000,KUN26
9000,50,0.0005,1111,KUM26-KUN26,B,15-Jun-2026,12:46:17,0.0005,SGX,XOB8000,XOB8000,KUM26-KUN26
9000,50,0.6676,1111,KUM26,S,15-Jun-2026,12:46:17,0,SGX,XOB8000,XOB8000,KUM26
9000,50,0.6681,1111,KUN26,B,20-Jul-2026,12:46:17,0,SGX,XOB8000,XOB8000,KUN26
9000,50,0.0005,1111,KUM26-KUN26,B,15-Jun-2026,12:46:17,0.0005,SGX,XOB8000,XOB8000,KUM26-KUN26
9000,50,0.6676,1111,KUM26,S,15-Jun-2026,12:46:17,0,SGX,XOB8000,XOB8000,KUM26
9000,50,0.6681,1111,KUN26,B,20-Jul-2026,12:46:17,0,SGX,XOB8000,XOB8000,KUN26
9000,50,0.0005,1111,KUM26-KUN26,B,15-Jun-2026,12:46:17,0.0005,SGX,XOB8000,XOB8000,KUM26-KUN26
9000,50,0.6676,1111,KUM26,S,15-Jun-2026,12:46:17,0,SGX,XOB8000,XOB8000,KUM26
9000,50,0.6681,1111,KUN26,B,20-Jul-2026,12:46:17,0,SGX,XOB8000,XOB8000,KUN26
9000,50,0.0005,1111,KUM26-KUN26,B,15-Jun-2026,12:46:17,0.0005,SGX,XOB8000,XOB8000,KUM26-KUN26
9000,50,0.6676,1111,KUM26,S,15-Jun-2026,12:46:17,0,SGX,XOB8000,XOB8000,KUM26
9000,50,0.6681,1111,KUN26,B,20-Jul-2026,12:46:17,0,SGX,XOB8000,XOB8000,KUN26
9000,50,0.0005,1111,KUM26-KUN26,S,15-Jun-2026,12:46:20,0.0005,SGX,XOB8000,XOB8000,KUM26-KUN26
9000,50,0.6677,1111,KUM26,B,15-Jun-2026,12:46:20,0,SGX,XOB8000,XOB8000,KUM26
9000,50,0.6682,1111,KUN26,S,20-Jul-2026,12:46:20,0,SGX,XOB8000,XOB8000,KUN26
9000,50,0.0005,1111,KUM26-KUN26,S,15-Jun-2026,12:46:20,0.0005,SGX,XOB8000,XOB8000,KUM26-KUN26
9000,50,0.6677,1111,KUM26,B,15-Jun-2026,12:46:20,0,SGX,XOB8000,XOB8000,KUM26
9000,50,0.6682,1111,KUN26,S,20-Jul-2026,12:46:20,0,SGX,XOB8000,XOB8000,KUN26
9000,50,0.0005,1111,KUM26-KUN26,S,15-Jun-2026,12:46:20,0.0005,SGX,XOB8000,XOB8000,KUM26-KUN26
9000,50,0.6677,1111,KUM26,B,15-Jun-2026,12:46:20,0,SGX,XOB8000,XOB8000,KUM26
9000,50,0.6682,1111,KUN26,S,20-Jul-2026,12:46:20,0,SGX,XOB8000,XOB8000,KUN26
9000,50,0.0005,1111,KUM26-KUN26,S,15-Jun-2026,12:46:20,0.0005,SGX,XOB8000,XOB8000,KUM26-KUN26
9000,50,0.6677,1111,KUM26,B,15-Jun-2026,12:46:20,0,SGX,XOB8000,XOB8000,KUM26
9000,50,0.6682,1111,KUN26,S,20-Jul-2026,12:46:20,0,SGX,XOB8000,XOB8000,KUN26
9000,50,0.0005,1111,KUM26-KUN26,B,15-Jun-2026,12:46:24,0.0005,SGX,XOB8000,XOB8000,KUM26-KUN26
9000,50,0.6677,1111,KUM26,S,15-Jun-2026,12:46:24,0,SGX,XOB8000,XOB8000,KUM26
9000,50,0.6682,1111,KUN26,B,20-Jul-2026,12:46:24,0,SGX,XOB8000,XOB8000,KUN26
9000,50,0.0005,1111,KUM26-KUN26,B,15-Jun-2026,12:46:24,0.0005,SGX,XOB8000,XOB8000,KUM26-KUN26
9000,50,0.6677,1111,KUM26,S,15-Jun-2026,12:46:24,0,SGX,XOB8000,XOB8000,KUM26
9000,50,0.6682,1111,KUN26,B,20-Jul-2026,12:46:24,0,SGX,XOB8000,XOB8000,KUN26
9000,50,0.0005,1111,KUM26-KUN26,B,15-Jun-2026,12:46:24,0.0005,SGX,XOB8000,XOB8000,KUM26-KUN26
9000,50,0.6677,1111,KUM26,S,15-Jun-2026,12:46:24,0,SGX,XOB8000,XOB8000,KUM26
9000,50,0.6682,1111,KUN26,B,20-Jul-2026,12:46:24,0,SGX,XOB8000,XOB8000,KUN26
9000,50,0.0005,1111,KUM26-KUN26,B,15-Jun-2026,12:46:24,0.0005,SGX,XOB8000,XOB8000,KUM26-KUN26
9000,50,0.6677,1111,KUM26,S,15-Jun-2026,12:46:24,0,SGX,XOB8000,XOB8000,KUM26
9000,50,0.6682,1111,KUN26,B,20-Jul-2026,12:46:24,0,SGX,XOB8000,XOB8000,KUN26
9000,50,0.0005,1111,KUM26-KUN26,S,15-Jun-2026,12:46:26,0.0005,SGX,XOB8000,XOB8000,KUM26-KUN26
9000,50,0.6677,1111,KUM26,B,15-Jun-2026,12:46:26,0,SGX,XOB8000,XOB8000,KUM26
9000,50,0.6682,1111,KUN26,S,20-Jul-2026,12:46:26,0,SGX,XOB8000,XOB8000,KUN26
9000,50,0.0005,1111,KUM26-KUN26,S,15-Jun-2026,12:46:26,0.0005,SGX,XOB8000,XOB8000,KUM26-KUN26
9000,50,0.6677,1111,KUM26,B,15-Jun-2026,12:46:26,0,SGX,XOB8000,XOB8000,KUM26
9000,50,0.6682,1111,KUN26,S,20-Jul-2026,12:46:26,0,SGX,XOB8000,XOB8000,KUN26
9000,50,0.0005,1111,KUM26-KUN26,S,15-Jun-2026,12:46:26,0.0005,SGX,XOB8000,XOB8000,KUM26-KUN26
9000,50,0.6677,1111,KUM26,B,15-Jun-2026,12:46:26,0,SGX,XOB8000,XOB8000,KUM26
9000,50,0.6682,1111,KUN26,S,20-Jul-2026,12:46:26,0,SGX,XOB8000,XOB8000,KUN26
9000,50,0.0005,1111,KUM26-KUN26,S,15-Jun-2026,12:46:26,0.0005,SGX,XOB8000,XOB8000,KUM26-KUN26
9000,50,0.6677,1111,KUM26,B,15-Jun-2026,12:46:26,0,SGX,XOB8000,XOB8000,KUM26
9000,50,0.6682,1111,KUN26,S,20-Jul-2026,12:46:26,0,SGX,XOB8000,XOB8000,KUN26
9000,50,0.0005,1111,KUM26-KUN26,B,15-Jun-2026,12:46:29,0.0005,SGX,XOB8000,XOB8000,KUM26-KUN26
9000,50,0.6676,1111,KUM26,S,15-Jun-2026,12:46:29,0,SGX,XOB8000,XOB8000,KUM26
9000,50,0.6681,1111,KUN26,B,20-Jul-2026,12:46:29,0,SGX,XOB8000,XOB8000,KUN26
9000,50,0.0005,1111,KUM26-KUN26,B,15-Jun-2026,12:46:29,0.0005,SGX,XOB8000,XOB8000,KUM26-KUN26
9000,50,0.6676,1111,KUM26,S,15-Jun-2026,12:46:29,0,SGX,XOB8000,XOB8000,KUM26
9000,50,0.6681,1111,KUN26,B,20-Jul-2026,12:46:29,0,SGX,XOB8000,XOB8000,KUN26
9000,50,0.0005,1111,KUM26-KUN26,B,15-Jun-2026,12:46:29,0.0005,SGX,XOB8000,XOB8000,KUM26-KUN26
9000,50,0.6676,1111,KUM26,S,15-Jun-2026,12:46:29,0,SGX,XOB8000,XOB8000,KUM26
9000,50,0.6681,1111,KUN26,B,20-Jul-2026,12:46:29,0,SGX,XOB8000,XOB8000,KUN26
9000,50,0.0005,1111,KUM26-KUN26,B,15-Jun-2026,12:46:29,0.0005,SGX,XOB8000,XOB8000,KUM26-KUN26
9000,50,0.6676,1111,KUM26,S,15-Jun-2026,12:46:29,0,SGX,XOB8000,XOB8000,KUM26
9000,50,0.6681,1111,KUN26,B,20-Jul-2026,12:46:29,0,SGX,XOB8000,XOB8000,KUN26
9000,50,0.0005,1111,KUM26-KUN26,S,15-Jun-2026,12:46:31,0.0005,SGX,XOB8000,XOB8000,KUM26-KUN26
9000,50,0.6677,1111,KUM26,B,15-Jun-2026,12:46:31,0,SGX,XOB8000,XOB8000,KUM26
9000,50,0.6682,1111,KUN26,S,20-Jul-2026,12:46:31,0,SGX,XOB8000,XOB8000,KUN26
9000,50,0.0005,1111,KUM26-KUN26,S,15-Jun-2026,12:46:31,0.0005,SGX,XOB8000,XOB8000,KUM26-KUN26
9000,50,0.6677,1111,KUM26,B,15-Jun-2026,12:46:31,0,SGX,XOB8000,XOB8000,KUM26
9000,50,0.6682,1111,KUN26,S,20-Jul-2026,12:46:31,0,SGX,XOB8000,XOB8000,KUN26
9000,50,0.0005,1111,KUM26-KUN26,S,15-Jun-2026,12:46:31,0.0005,SGX,XOB8000,XOB8000,KUM26-KUN26
9000,50,0.6677,1111,KUM26,B,15-Jun-2026,12:46:31,0,SGX,XOB8000,XOB8000,KUM26
9000,50,0.6682,1111,KUN26,S,20-Jul-2026,12:46:31,0,SGX,XOB8000,XOB8000,KUN26
9000,50,0.0005,1111,KUM26-KUN26,S,15-Jun-2026,12:46:31,0.0005,SGX,XOB8000,XOB8000,KUM26-KUN26
9000,50,0.6677,1111,KUM26,B,15-Jun-2026,12:46:31,0,SGX,XOB8000,XOB8000,KUM26
9000,50,0.6682,1111,KUN26,S,20-Jul-2026,12:46:31,0,SGX,XOB8000,XOB8000,KUN26
9000,50,0.0005,1111,KUM26-KUN26,B,15-Jun-2026,12:46:34,0.0005,SGX,XOB8000,XOB8000,KUM26-KUN26
9000,50,0.6676,1111,KUM26,S,15-Jun-2026,12:46:34,0,SGX,XOB8000,XOB8000,KUM26
9000,50,0.6681,1111,KUN26,B,20-Jul-2026,12:46:34,0,SGX,XOB8000,XOB8000,KUN26
9000,50,0.0005,1111,KUM26-KUN26,B,15-Jun-2026,12:46:34,0.0005,SGX,XOB8000,XOB8000,KUM26-KUN26
9000,50,0.6676,1111,KUM26,S,15-Jun-2026,12:46:34,0,SGX,XOB8000,XOB8000,KUM26
9000,50,0.6681,1111,KUN26,B,20-Jul-2026,12:46:34,0,SGX,XOB8000,XOB8000,KUN26
9000,50,0.0005,1111,KUM26-KUN26,B,15-Jun-2026,12:46:34,0.0005,SGX,XOB8000,XOB8000,KUM26-KUN26
9000,50,0.6676,1111,KUM26,S,15-Jun-2026,12:46:34,0,SGX,XOB8000,XOB8000,KUM26
9000,50,0.6681,1111,KUN26,B,20-Jul-2026,12:46:34,0,SGX,XOB8000,XOB8000,KUN26
9000,50,0.0005,1111,KUM26-KUN26,B,15-Jun-2026,12:46:34,0.0005,SGX,XOB8000,XOB8000,KUM26-KUN26
9000,50,0.6676,1111,KUM26,S,15-Jun-2026,12:46:34,0,SGX,XOB8000,XOB8000,KUM26
9000,50,0.6681,1111,KUN26,B,20-Jul-2026,12:46:34,0,SGX,XOB8000,XOB8000,KUN26
9000,50,0.0005,1111,KUM26-KUN26,S,15-Jun-2026,12:46:39,0.0005,SGX,XOB8000,XOB8000,KUM26-KUN26
9000,50,0.6677,1111,KUM26,B,15-Jun-2026,12:46:39,0,SGX,XOB8000,XOB8000,KUM26
9000,50,0.6682,1111,KUN26,S,20-Jul-2026,12:46:39,0,SGX,XOB8000,XOB8000,KUN26
9000,50,0.0005,1111,KUM26-KUN26,S,15-Jun-2026,12:46:39,0.0005,SGX,XOB8000,XOB8000,KUM26-KUN26
9000,50,0.6677,1111,KUM26,B,15-Jun-2026,12:46:39,0,SGX,XOB8000,XOB8000,KUM26
9000,50,0.6682,1111,KUN26,S,20-Jul-2026,12:46:39,0,SGX,XOB8000,XOB8000,KUN26
9000,50,0.0005,1111,KUM26-KUN26,S,15-Jun-2026,12:46:39,0.0005,SGX,XOB8000,XOB8000,KUM26-KUN26
9000,50,0.6677,1111,KUM26,B,15-Jun-2026,12:46:39,0,SGX,XOB8000,XOB8000,KUM26
9000,50,0.6682,1111,KUN26,S,20-Jul-2026,12:46:39,0,SGX,XOB8000,XOB8000,KUN26
9000,50,0.0005,1111,KUM26-KUN26,S,15-Jun-2026,12:46:39,0.0005,SGX,XOB8000,XOB8000,KUM26-KUN26
9000,50,0.6677,1111,KUM26,B,15-Jun-2026,12:46:39,0,SGX,XOB8000,XOB8000,KUM26
9000,50,0.6682,1111,KUN26,S,20-Jul-2026,12:46:39,0,SGX,XOB8000,XOB8000,KUN26
9000,50,0.0005,1111,KUM26-KUN26,B,15-Jun-2026,12:46:42,0.0005,SGX,XOB8000,XOB8000,KUM26-KUN26
9000,50,0.6677,1111,KUM26,S,15-Jun-2026,12:46:42,0,SGX,XOB8000,XOB8000,KUM26
9000,50,0.6682,1111,KUN26,B,20-Jul-2026,12:46:42,0,SGX,XOB8000,XOB8000,KUN26
9000,50,0.0005,1111,KUM26-KUN26,B,15-Jun-2026,12:46:42,0.0005,SGX,XOB8000,XOB8000,KUM26-KUN26
9000,50,0.6677,1111,KUM26,S,15-Jun-2026,12:46:42,0,SGX,XOB8000,XOB8000,KUM26
9000,50,0.6682,1111,KUN26,B,20-Jul-2026,12:46:42,0,SGX,XOB8000,XOB8000,KUN26
9000,50,0.0005,1111,KUM26-KUN26,B,15-Jun-2026,12:46:42,0.0005,SGX,XOB8000,XOB8000,KUM26-KUN26
9000,50,0.6677,1111,KUM26,S,15-Jun-2026,12:46:42,0,SGX,XOB8000,XOB8000,KUM26
9000,50,0.6682,1111,KUN26,B,20-Jul-2026,12:46:42,0,SGX,XOB8000,XOB8000,KUN26
9000,50,0.0005,1111,KUM26-KUN26,B,15-Jun-2026,12:46:42,0.0005,SGX,XOB8000,XOB8000,KUM26-KUN26
9000,50,0.6677,1111,KUM26,S,15-Jun-2026,12:46:42,0,SGX,XOB8000,XOB8000,KUM26
9000,50,0.6682,1111,KUN26,B,20-Jul-2026,12:46:42,0,SGX,XOB8000,XOB8000,KUN26
9000,50,0.0005,1111,KUM26-KUN26,S,15-Jun-2026,12:46:47,0.0005,SGX,XOB8000,XOB8000,KUM26-KUN26
9000,50,0.6677,1111,KUM26,B,15-Jun-2026,12:46:47,0,SGX,XOB8000,XOB8000,KUM26
9000,50,0.6682,1111,KUN26,S,20-Jul-2026,12:46:47,0,SGX,XOB8000,XOB8000,KUN26
9000,50,0.0005,1111,KUM26-KUN26,S,15-Jun-2026,12:46:47,0.0005,SGX,XOB8000,XOB8000,KUM26-KUN26
9000,50,0.6677,1111,KUM26,B,15-Jun-2026,12:46:47,0,SGX,XOB8000,XOB8000,KUM26
9000,50,0.6682,1111,KUN26,S,20-Jul-2026,12:46:47,0,SGX,XOB8000,XOB8000,KUN26
9000,50,0.0005,1111,KUM26-KUN26,S,15-Jun-2026,12:46:47,0.0005,SGX,XOB8000,XOB8000,KUM26-KUN26
9000,50,0.6677,1111,KUM26,B,15-Jun-2026,12:46:47,0,SGX,XOB8000,XOB8000,KUM26
9000,50,0.6682,1111,KUN26,S,20-Jul-2026,12:46:47,0,SGX,XOB8000,XOB8000,KUN26
9000,50,0.0005,1111,KUM26-KUN26,S,15-Jun-2026,12:46:47,0.0005,SGX,XOB8000,XOB8000,KUM26-KUN26
9000,50,0.6677,1111,KUM26,B,15-Jun-2026,12:46:47,0,SGX,XOB8000,XOB8000,KUM26
9000,50,0.6682,1111,KUN26,S,20-Jul-2026,12:46:47,0,SGX,XOB8000,XOB8000,KUN26
9000,50,0.0005,1111,KUM26-KUN26,B,15-Jun-2026,12:46:50,0.0005,SGX,XOB8000,XOB8000,KUM26-KUN26
9000,50,0.6676,1111,KUM26,S,15-Jun-2026,12:46:50,0,SGX,XOB8000,XOB8000,KUM26
9000,50,0.6681,1111,KUN26,B,20-Jul-2026,12:46:50,0,SGX,XOB8000,XOB8000,KUN26
9000,50,0.0005,1111,KUM26-KUN26,B,15-Jun-2026,12:46:50,0.0005,SGX,XOB8000,XOB8000,KUM26-KUN26
9000,50,0.6676,1111,KUM26,S,15-Jun-2026,12:46:50,0,SGX,XOB8000,XOB8000,KUM26
9000,50,0.6681,1111,KUN26,B,20-Jul-2026,12:46:50,0,SGX,XOB8000,XOB8000,KUN26
9000,50,0.0005,1111,KUM26-KUN26,B,15-Jun-2026,12:46:50,0.0005,SGX,XOB8000,XOB8000,KUM26-KUN26
9000,50,0.6676,1111,KUM26,S,15-Jun-2026,12:46:50,0,SGX,XOB8000,XOB8000,KUM26
9000,50,0.6681,1111,KUN26,B,20-Jul-2026,12:46:50,0,SGX,XOB8000,XOB8000,KUN26
9000,50,0.0005,1111,KUM26-KUN26,B,15-Jun-2026,12:46:50,0.0005,SGX,XOB8000,XOB8000,KUM26-KUN26
9000,50,0.6676,1111,KUM26,S,15-Jun-2026,12:46:50,0,SGX,XOB8000,XOB8000,KUM26
9000,50,0.6681,1111,KUN26,B,20-Jul-2026,12:46:50,0,SGX,XOB8000,XOB8000,KUN26
9000,50,0.0005,1111,KUM26-KUN26,S,15-Jun-2026,12:46:53,0.0005,SGX,XOB8000,XOB8000,KUM26-KUN26
9000,50,0.6677,1111,KUM26,B,15-Jun-2026,12:46:53,0,SGX,XOB8000,XOB8000,KUM26
9000,50,0.6682,1111,KUN26,S,20-Jul-2026,12:46:53,0,SGX,XOB8000,XOB8000,KUN26
9000,50,0.0005,1111,KUM26-KUN26,S,15-Jun-2026,12:46:53,0.0005,SGX,XOB8000,XOB8000,KUM26-KUN26
9000,50,0.6677,1111,KUM26,B,15-Jun-2026,12:46:53,0,SGX,XOB8000,XOB8000,KUM26
9000,50,0.6682,1111,KUN26,S,20-Jul-2026,12:46:53,0,SGX,XOB8000,XOB8000,KUN26
9000,50,0.0005,1111,KUM26-KUN26,S,15-Jun-2026,12:46:53,0.0005,SGX,XOB8000,XOB8000,KUM26-KUN26
9000,50,0.6677,1111,KUM26,B,15-Jun-2026,12:46:53,0,SGX,XOB8000,XOB8000,KUM26
9000,50,0.6682,1111,KUN26,S,20-Jul-2026,12:46:53,0,SGX,XOB8000,XOB8000,KUN26
9000,50,0.0005,1111,KUM26-KUN26,S,15-Jun-2026,12:46:53,0.0005,SGX,XOB8000,XOB8000,KUM26-KUN26
9000,50,0.6677,1111,KUM26,B,15-Jun-2026,12:46:53,0,SGX,XOB8000,XOB8000,KUM26
9000,50,0.6682,1111,KUN26,S,20-Jul-2026,12:46:53,0,SGX,XOB8000,XOB8000,KUN26
9000,50,0.0005,1111,KUM26-KUN26,B,15-Jun-2026,12:47:03,0.0005,SGX,XOB8000,XOB8000,KUM26-KUN26
9000,50,0.6677,1111,KUM26,S,15-Jun-2026,12:47:03,0,SGX,XOB8000,XOB8000,KUM26
9000,50,0.6682,1111,KUN26,B,20-Jul-2026,12:47:03,0,SGX,XOB8000,XOB8000,KUN26
9000,50,0.0005,1111,KUM26-KUN26,B,15-Jun-2026,12:47:03,0.0005,SGX,XOB8000,XOB8000,KUM26-KUN26
9000,50,0.6677,1111,KUM26,S,15-Jun-2026,12:47:03,0,SGX,XOB8000,XOB8000,KUM26
9000,50,0.6682,1111,KUN26,B,20-Jul-2026,12:47:03,0,SGX,XOB8000,XOB8000,KUN26
9000,50,0.0005,1111,KUM26-KUN26,B,15-Jun-2026,12:47:03,0.0005,SGX,XOB8000,XOB8000,KUM26-KUN26
9000,50,0.6677,1111,KUM26,S,15-Jun-2026,12:47:03,0,SGX,XOB8000,XOB8000,KUM26
9000,50,0.6682,1111,KUN26,B,20-Jul-2026,12:47:03,0,SGX,XOB8000,XOB8000,KUN26
9000,50,0.0005,1111,KUM26-KUN26,B,15-Jun-2026,12:47:03,0.0005,SGX,XOB8000,XOB8000,KUM26-KUN26
9000,50,0.6677,1111,KUM26,S,15-Jun-2026,12:47:03,0,SGX,XOB8000,XOB8000,KUM26
9000,50,0.6682,1111,KUN26,B,20-Jul-2026,12:47:03,0,SGX,XOB8000,XOB8000,KUN26
9000,50,0.0005,1111,KUM26-KUN26,S,15-Jun-2026,12:47:06,0.0005,SGX,XOB8000,XOB8000,KUM26-KUN26
9000,50,0.6678,1111,KUM26,B,15-Jun-2026,12:47:06,0,SGX,XOB8000,XOB8000,KUM26
9000,50,0.6683,1111,KUN26,S,20-Jul-2026,12:47:06,0,SGX,XOB8000,XOB8000,KUN26
9000,50,0.0005,1111,KUM26-KUN26,S,15-Jun-2026,12:47:06,0.0005,SGX,XOB8000,XOB8000,KUM26-KUN26
9000,50,0.6678,1111,KUM26,B,15-Jun-2026,12:47:06,0,SGX,XOB8000,XOB8000,KUM26
9000,50,0.6683,1111,KUN26,S,20-Jul-2026,12:47:06,0,SGX,XOB8000,XOB8000,KUN26
9000,50,0.0005,1111,KUM26-KUN26,S,15-Jun-2026,12:47:06,0.0005,SGX,XOB8000,XOB8000,KUM26-KUN26
9000,50,0.6678,1111,KUM26,B,15-Jun-2026,12:47:06,0,SGX,XOB8000,XOB8000,KUM26
9000,50,0.6683,1111,KUN26,S,20-Jul-2026,12:47:06,0,SGX,XOB8000,XOB8000,KUN26
9000,50,0.0005,1111,KUM26-KUN26,S,15-Jun-2026,12:47:06,0.0005,SGX,XOB8000,XOB8000,KUM26-KUN26
9000,50,0.6678,1111,KUM26,B,15-Jun-2026,12:47:06,0,SGX,XOB8000,XOB8000,KUM26
9000,50,0.6683,1111,KUN26,S,20-Jul-2026,12:47:06,0,SGX,XOB8000,XOB8000,KUN26
9813,1,-0.380,1111,IUM26-IUN26,B,26-Jun-2026,12:47:07,-0.38,SGX,XOF8013,XOF8013,IUM26-IUN26
9813,1,103.460,1111,IUM26,S,25-Jun-2026,12:47:07,103.46,SGX,XOF8013,XOF8013,IUM26
9813,1,103.080,1111,IUN26,B,29-Jul-2026,12:47:07,103.08,SGX,XOF8013,XOF8013,IUN26
9000,50,0.0005,1111,KUM26-KUN26,B,15-Jun-2026,12:47:08,0.0005,SGX,XOB8000,XOB8000,KUM26-KUN26
9000,50,0.6677,1111,KUM26,S,15-Jun-2026,12:47:08,0,SGX,XOB8000,XOB8000,KUM26
9000,50,0.6682,1111,KUN26,B,20-Jul-2026,12:47:08,0,SGX,XOB8000,XOB8000,KUN26
9000,50,0.0005,1111,KUM26-KUN26,B,15-Jun-2026,12:47:08,0.0005,SGX,XOB8000,XOB8000,KUM26-KUN26
9000,50,0.6677,1111,KUM26,S,15-Jun-2026,12:47:08,0,SGX,XOB8000,XOB8000,KUM26
9000,50,0.6682,1111,KUN26,B,20-Jul-2026,12:47:08,0,SGX,XOB8000,XOB8000,KUN26
9000,50,0.0005,1111,KUM26-KUN26,B,15-Jun-2026,12:47:08,0.0005,SGX,XOB8000,XOB8000,KUM26-KUN26
9000,50,0.6677,1111,KUM26,S,15-Jun-2026,12:47:08,0,SGX,XOB8000,XOB8000,KUM26
9000,50,0.6682,1111,KUN26,B,20-Jul-2026,12:47:08,0,SGX,XOB8000,XOB8000,KUN26
9000,50,0.0005,1111,KUM26-KUN26,B,15-Jun-2026,12:47:08,0.0005,SGX,XOB8000,XOB8000,KUM26-KUN26
9000,50,0.6677,1111,KUM26,S,15-Jun-2026,12:47:08,0,SGX,XOB8000,XOB8000,KUM26
9000,50,0.6682,1111,KUN26,B,20-Jul-2026,12:47:08,0,SGX,XOB8000,XOB8000,KUN26
9000,50,0.0005,1111,KUM26-KUN26,S,15-Jun-2026,12:47:11,0.0005,SGX,XOB8000,XOB8000,KUM26-KUN26
9000,50,0.6678,1111,KUM26,B,15-Jun-2026,12:47:11,0,SGX,XOB8000,XOB8000,KUM26
9000,50,0.6683,1111,KUN26,S,20-Jul-2026,12:47:11,0,SGX,XOB8000,XOB8000,KUN26
9000,50,0.0005,1111,KUM26-KUN26,S,15-Jun-2026,12:47:11,0.0005,SGX,XOB8000,XOB8000,KUM26-KUN26
9000,50,0.6678,1111,KUM26,B,15-Jun-2026,12:47:11,0,SGX,XOB8000,XOB8000,KUM26
9000,50,0.6683,1111,KUN26,S,20-Jul-2026,12:47:11,0,SGX,XOB8000,XOB8000,KUN26
9000,50,0.0005,1111,KUM26-KUN26,S,15-Jun-2026,12:47:11,0.0005,SGX,XOB8000,XOB8000,KUM26-KUN26
9000,50,0.6678,1111,KUM26,B,15-Jun-2026,12:47:11,0,SGX,XOB8000,XOB8000,KUM26
9000,50,0.6683,1111,KUN26,S,20-Jul-2026,12:47:11,0,SGX,XOB8000,XOB8000,KUN26
9000,50,0.0005,1111,KUM26-KUN26,S,15-Jun-2026,12:47:11,0.0005,SGX,XOB8000,XOB8000,KUM26-KUN26
9000,50,0.6678,1111,KUM26,B,15-Jun-2026,12:47:11,0,SGX,XOB8000,XOB8000,KUM26
9000,50,0.6683,1111,KUN26,S,20-Jul-2026,12:47:11,0,SGX,XOB8000,XOB8000,KUN26
9000,50,0.0005,1111,KUM26-KUN26,B,15-Jun-2026,12:47:14,0.0005,SGX,XOB8000,XOB8000,KUM26-KUN26
9000,50,0.6677,1111,KUM26,S,15-Jun-2026,12:47:14,0,SGX,XOB8000,XOB8000,KUM26
9000,50,0.6682,1111,KUN26,B,20-Jul-2026,12:47:14,0,SGX,XOB8000,XOB8000,KUN26
9000,50,0.0005,1111,KUM26-KUN26,B,15-Jun-2026,12:47:14,0.0005,SGX,XOB8000,XOB8000,KUM26-KUN26
9000,50,0.6677,1111,KUM26,S,15-Jun-2026,12:47:14,0,SGX,XOB8000,XOB8000,KUM26
9000,50,0.6682,1111,KUN26,B,20-Jul-2026,12:47:14,0,SGX,XOB8000,XOB8000,KUN26
9000,50,0.0005,1111,KUM26-KUN26,B,15-Jun-2026,12:47:14,0.0005,SGX,XOB8000,XOB8000,KUM26-KUN26
9000,50,0.6677,1111,KUM26,S,15-Jun-2026,12:47:14,0,SGX,XOB8000,XOB8000,KUM26
9000,50,0.6682,1111,KUN26,B,20-Jul-2026,12:47:14,0,SGX,XOB8000,XOB8000,KUN26
9000,50,0.0005,1111,KUM26-KUN26,B,15-Jun-2026,12:47:14,0.0005,SGX,XOB8000,XOB8000,KUM26-KUN26
9000,50,0.6677,1111,KUM26,S,15-Jun-2026,12:47:14,0,SGX,XOB8000,XOB8000,KUM26
9000,50,0.6682,1111,KUN26,B,20-Jul-2026,12:47:14,0,SGX,XOB8000,XOB8000,KUN26
9000,50,0.0005,1111,KUM26-KUN26,S,15-Jun-2026,12:47:18,0.0005,SGX,XOB8000,XOB8000,KUM26-KUN26
9000,50,0.6678,1111,KUM26,B,15-Jun-2026,12:47:18,0,SGX,XOB8000,XOB8000,KUM26
9000,50,0.6683,1111,KUN26,S,20-Jul-2026,12:47:18,0,SGX,XOB8000,XOB8000,KUN26
9000,50,0.0005,1111,KUM26-KUN26,S,15-Jun-2026,12:47:18,0.0005,SGX,XOB8000,XOB8000,KUM26-KUN26
9000,50,0.6678,1111,KUM26,B,15-Jun-2026,12:47:18,0,SGX,XOB8000,XOB8000,KUM26
9000,50,0.6683,1111,KUN26,S,20-Jul-2026,12:47:18,0,SGX,XOB8000,XOB8000,KUN26
9000,50,0.0005,1111,KUM26-KUN26,S,15-Jun-2026,12:47:18,0.0005,SGX,XOB8000,XOB8000,KUM26-KUN26
9000,50,0.6678,1111,KUM26,B,15-Jun-2026,12:47:18,0,SGX,XOB8000,XOB8000,KUM26
9000,50,0.6683,1111,KUN26,S,20-Jul-2026,12:47:18,0,SGX,XOB8000,XOB8000,KUN26
9000,50,0.0005,1111,KUM26-KUN26,S,15-Jun-2026,12:47:18,0.0005,SGX,XOB8000,XOB8000,KUM26-KUN26
9000,50,0.6678,1111,KUM26,B,15-Jun-2026,12:47:18,0,SGX,XOB8000,XOB8000,KUM26
9000,50,0.6683,1111,KUN26,S,20-Jul-2026,12:47:18,0,SGX,XOB8000,XOB8000,KUN26
9816,16,-0.400,1111,IUK26-IUM26,B,26-May-2026,12:49:48,-0.4,SGX,XOF8016,XOF8016,IUK26-IUM26
9816,16,103.860,1111,IUK26,S,26-May-2026,12:49:48,103.86,SGX,XOF8016,XOF8016,IUK26
9816,16,103.460,1111,IUM26,B,25-Jun-2026,12:49:48,103.44,SGX,XOF8016,XOF8016,IUM26
9813,52,-0.390,1111,IUK26-IUM26,S,26-May-2026,12:50:49,-0.39,SGX,XOF8013,XOF8013,IUK26-IUM26
9813,52,103.830,1111,IUK26,B,26-May-2026,12:50:49,103.83,SGX,XOF8013,XOF8013,IUK26
9813,52,103.440,1111,IUM26,S,25-Jun-2026,12:50:49,103.44,SGX,XOF8013,XOF8013,IUM26
9813,48,-0.390,1111,IUK26-IUM26,S,26-May-2026,12:51:19,-0.39,SGX,XOF8013,XOF8013,IUK26-IUM26
9813,48,103.820,1111,IUK26,B,26-May-2026,12:51:19,103.82,SGX,XOF8013,XOF8013,IUK26
9813,48,103.430,1111,IUM26,S,25-Jun-2026,12:51:19,103.43,SGX,XOF8013,XOF8013,IUM26
9816,83,-0.380,1111,IUK26-IUM26,S,26-May-2026,12:52:41,-0.38,SGX,XOF8016,XOF8016,IUK26-IUM26
9816,83,103.830,1111,IUK26,B,26-May-2026,12:52:41,103.84,SGX,XOF8016,XOF8016,IUK26
9816,83,103.450,1111,IUM26,S,25-Jun-2026,12:52:41,103.44,SGX,XOF8016,XOF8016,IUM26
9813,17,-0.380,1111,IUK26-IUM26,S,26-May-2026,12:52:41,-0.38,SGX,XOF8013,XOF8013,IUK26-IUM26
9813,17,103.830,1111,IUK26,B,26-May-2026,12:52:41,103.84,SGX,XOF8013,XOF8013,IUK26
9813,17,103.450,1111,IUM26,S,25-Jun-2026,12:52:41,103.44,SGX,XOF8013,XOF8013,IUM26
9816,30,103.840,1111,IUK26,S,26-May-2026,12:55:00,103.84,SGX,XOF8016,XOF8016,IUK26
9816,30,103.860,1111,IUK26,B,26-May-2026,12:55:43,103.86,SGX,XOF8016,XOF8016,IUK26
9812,5,103.870,1111,IUK26,S,26-May-2026,12:56:06,103.86,SGX,XOF8012,XOF8012,IUK26
9812,5,103.480,1111,IUM26,S,25-Jun-2026,12:56:06,103.48,SGX,XOF8012,XOF8012,IUM26
9812,1,103.88,1111,DINR,B,26-May-2026,12:56:06,103.88,DGCX,S-XOF8012,S-XOF8012,DINR-20260527
9818,1,103.88,1111,DINR,S,26-May-2026,12:56:06,103.88,DGCX,S-XOF8018,S-XOF8018,DINR-20260527
9812,4,103.88,1111,DINR,B,26-May-2026,12:56:06,103.88,DGCX,S-XOF8012,S-XOF8012,DINR-20260527
9818,4,103.88,1111,DINR,S,26-May-2026,12:56:06,103.88,DGCX,S-XOF8018,S-XOF8018,DINR-20260527
9818,1,103.870,1111,IUK26,B,26-May-2026,12:56:07,103.87,SGX,XOF8018,XOF8018,IUK26
9818,4,103.870,1111,IUK26,B,26-May-2026,12:56:07,103.87,SGX,XOF8018,XOF8018,IUK26
9813,1,-0.380,1111,IUM26-IUN26,B,26-Jun-2026,12:56:16,-0.38,SGX,XOF8013,XOF8013,IUM26-IUN26
9813,1,103.490,1111,IUM26,S,25-Jun-2026,12:56:16,103.49,SGX,XOF8013,XOF8013,IUM26
9813,1,103.110,1111,IUN26,B,29-Jul-2026,12:56:16,103.11,SGX,XOF8013,XOF8013,IUN26
9813,3,-0.380,1111,IUM26-IUN26,B,26-Jun-2026,12:56:24,-0.38,SGX,XOF8013,XOF8013,IUM26-IUN26
9813,3,103.500,1111,IUM26,S,25-Jun-2026,12:56:24,103.51,SGX,XOF8013,XOF8013,IUM26
9813,3,103.120,1111,IUN26,B,29-Jul-2026,12:56:24,103.13,SGX,XOF8013,XOF8013,IUN26
9813,6,-0.380,1111,IUM26-IUN26,B,26-Jun-2026,12:56:24,-0.38,SGX,XOF8013,XOF8013,IUM26-IUN26
9813,6,103.500,1111,IUM26,S,25-Jun-2026,12:56:24,103.51,SGX,XOF8013,XOF8013,IUM26
9813,6,103.120,1111,IUN26,B,29-Jul-2026,12:56:24,103.13,SGX,XOF8013,XOF8013,IUN26
9813,10,-0.380,1111,IUM26-IUN26,B,26-Jun-2026,12:56:24,-0.38,SGX,XOF8013,XOF8013,IUM26-IUN26
9813,10,103.510,1111,IUM26,S,25-Jun-2026,12:56:24,103.51,SGX,XOF8013,XOF8013,IUM26
9813,10,103.130,1111,IUN26,B,29-Jul-2026,12:56:24,103.13,SGX,XOF8013,XOF8013,IUN26
9816,30,103.510,1111,IUM26,B,25-Jun-2026,12:57:08,103.51,SGX,XOF8016,XOF8016,IUM26
9816,8,103.900,1111,IUK26,S,26-May-2026,12:57:40,103.9,SGX,XOF8016,XOF8016,IUK26
9816,4,103.900,1111,IUK26,S,26-May-2026,12:57:40,103.9,SGX,XOF8016,XOF8016,IUK26
9816,18,103.900,1111,IUK26,S,26-May-2026,12:57:40,103.9,SGX,XOF8016,XOF8016,IUK26
9812,1,103.51,1111,DINR,B,25-Jun-2026,12:59:03,103.51,DGCX,S-XOF8012,S-XOF8012,DINR-20260626
9813,9,-0.380,1111,IUM26-IUN26,B,26-Jun-2026,12:59:30,-0.37,SGX,XOF8013,XOF8013,IUM26-IUN26
9813,9,103.510,1111,IUM26,S,25-Jun-2026,12:59:30,103.51,SGX,XOF8013,XOF8013,IUM26
9813,9,103.130,1111,IUN26,B,29-Jul-2026,12:59:30,103.13,SGX,XOF8013,XOF8013,IUN26
9813,1,-0.370,1111,IUM26-IUN26,S,26-Jun-2026,12:59:30,-0.37,SGX,XOF8013,XOF8013,IUM26-IUN26
9813,1,103.510,1111,IUM26,B,25-Jun-2026,12:59:30,103.51,SGX,XOF8013,XOF8013,IUM26
9813,1,103.140,1111,IUN26,S,29-Jul-2026,12:59:30,103.13,SGX,XOF8013,XOF8013,IUN26
9813,4,-0.380,1111,IUM26-IUN26,B,26-Jun-2026,12:59:50,-0.38,SGX,XOF8013,XOF8013,IUM26-IUN26
9813,4,103.520,1111,IUM26,S,25-Jun-2026,12:59:50,103.52,SGX,XOF8013,XOF8013,IUM26
9813,4,103.140,1111,IUN26,B,29-Jul-2026,12:59:50,103.14,SGX,XOF8013,XOF8013,IUN26
9813,83,-0.380,1111,IUK26-IUM26,S,26-May-2026,13:00:21,-0.39,SGX,XOF8013,XOF8013,IUK26-IUM26
9813,83,103.900,1111,IUK26,B,26-May-2026,13:00:21,103.9,SGX,XOF8013,XOF8013,IUK26
9813,83,103.520,1111,IUM26,S,25-Jun-2026,13:00:21,103.52,SGX,XOF8013,XOF8013,IUM26
9819,85,-0.380,1111,IUK26-IUM26,S,26-May-2026,13:00:21,-0.39,SGX,XOF8019,XOF8019,IUK26-IUM26
9819,85,103.900,1111,IUK26,B,26-May-2026,13:00:21,103.9,SGX,XOF8019,XOF8019,IUK26
9819,85,103.520,1111,IUM26,S,25-Jun-2026,13:00:21,103.52,SGX,XOF8019,XOF8019,IUM26
9817,11,-0.380,1111,IUK26-IUM26,S,26-May-2026,13:00:21,-0.39,SGX,XOF8017,XOF8017,IUK26-IUM26
9817,11,103.900,1111,IUK26,B,26-May-2026,13:00:21,103.9,SGX,XOF8017,XOF8017,IUK26
9817,11,103.520,1111,IUM26,S,25-Jun-2026,13:00:21,103.52,SGX,XOF8017,XOF8017,IUM26
9816,1,103.910,1111,IUK26,S,26-May-2026,13:01:08,103.91,SGX,XOF8016,XOF8016,IUK26
9816,22,103.910,1111,IUK26,S,26-May-2026,13:01:11,103.91,SGX,XOF8016,XOF8016,IUK26
9816,5,103.910,1111,IUK26,S,26-May-2026,13:01:11,103.91,SGX,XOF8016,XOF8016,IUK26
9816,2,103.910,1111,IUK26,S,26-May-2026,13:01:11,103.91,SGX,XOF8016,XOF8016,IUK26
9816,5,103.520,1111,IUM26,B,25-Jun-2026,13:01:11,103.52,SGX,XOF8016,XOF8016,IUM26
9816,5,103.520,1111,IUM26,B,25-Jun-2026,13:01:13,103.52,SGX,XOF8016,XOF8016,IUM26
9816,5,103.520,1111,IUM26,B,25-Jun-2026,13:01:42,103.52,SGX,XOF8016,XOF8016,IUM26
9816,4,103.520,1111,IUM26,B,25-Jun-2026,13:01:42,103.52,SGX,XOF8016,XOF8016,IUM26
9816,11,103.520,1111,IUM26,B,25-Jun-2026,13:01:42,103.52,SGX,XOF8016,XOF8016,IUM26
9816,20,103.520,1111,IUM26,B,25-Jun-2026,13:02:31,103.52,SGX,XOF8016,XOF8016,IUM26
9816,20,103.910,1111,IUK26,S,26-May-2026,13:02:49,103.91,SGX,XOF8016,XOF8016,IUK26
9816,14,103.520,1111,IUM26,B,25-Jun-2026,13:03:00,103.52,SGX,XOF8016,XOF8016,IUM26
9816,7,103.910,1111,IUK26,S,26-May-2026,13:03:11,103.91,SGX,XOF8016,XOF8016,IUK26
9816,1,103.910,1111,IUK26,S,26-May-2026,13:03:11,103.91,SGX,XOF8016,XOF8016,IUK26
9816,6,103.910,1111,IUK26,S,26-May-2026,13:03:14,103.91,SGX,XOF8016,XOF8016,IUK26
9812,1,103.900,1111,IUK26,S,26-May-2026,13:07:20,103.9,SGX,XOF8012,XOF8012,IUK26
9812,4,103.900,1111,IUK26,S,26-May-2026,13:07:20,103.9,SGX,XOF8012,XOF8012,IUK26
9812,1,103.90,1111,DINR,B,26-May-2026,13:07:20,103.91,DGCX,S-XOF8012,S-XOF8012,DINR-20260527
9812,4,103.91,1111,DINR,B,26-May-2026,13:07:20,103.91,DGCX,S-XOF8012,S-XOF8012,DINR-20260527
9812,1,103.900,1111,IUK26,S,26-May-2026,13:07:20,103.9,SGX,XOF8012,XOF8012,IUK26
9812,2,103.900,1111,IUK26,S,26-May-2026,13:07:20,103.9,SGX,XOF8012,XOF8012,IUK26
9812,2,103.900,1111,IUK26,S,26-May-2026,13:07:20,103.9,SGX,XOF8012,XOF8012,IUK26
9816,10,103.520,1111,IUM26,B,25-Jun-2026,13:07:40,103.52,SGX,XOF8016,XOF8016,IUM26
9812,1,103.91,1111,DINR,B,26-May-2026,13:08:23,103.91,DGCX,S-XOF8012,S-XOF8012,DINR-20260527
9812,2,103.91,1111,DINR,B,26-May-2026,13:08:23,103.91,DGCX,S-XOF8012,S-XOF8012,DINR-20260527
9812,2,103.91,1111,DINR,B,26-May-2026,13:08:23,103.91,DGCX,S-XOF8012,S-XOF8012,DINR-20260527
9816,6,103.900,1111,IUK26,S,26-May-2026,13:09:00,103.89,SGX,XOF8016,XOF8016,IUK26
9816,4,103.900,1111,IUK26,S,26-May-2026,13:09:00,103.89,SGX,XOF8016,XOF8016,IUK26
9813,1,-0.370,1111,IUM26-IUN26,S,26-Jun-2026,13:09:03,-0.37,SGX,XOF8013,XOF8013,IUM26-IUN26
9813,1,103.500,1111,IUM26,B,25-Jun-2026,13:09:03,103.49,SGX,XOF8013,XOF8013,IUM26
9813,1,103.130,1111,IUN26,S,29-Jul-2026,13:09:03,103.13,SGX,XOF8013,XOF8013,IUN26
9816,10,103.870,1111,IUK26,B,26-May-2026,13:11:04,103.86,SGX,XOF8016,XOF8016,IUK26
9812,5,103.870,1111,IUK26,S,26-May-2026,13:11:23,103.87,SGX,XOF8012,XOF8012,IUK26
9812,5,103.88,1111,DINR,B,26-May-2026,13:11:27,103.88,DGCX,S-XOF8012,S-XOF8012,DINR-20260527
9816,10,103.490,1111,IUM26,S,25-Jun-2026,13:11:59,103.49,SGX,XOF8016,XOF8016,IUM26
9812,5,103.900,1111,IUK26,S,26-May-2026,13:26:29,103.91,SGX,XOF8012,XOF8012,IUK26
9812,5,103.520,1111,IUM26,S,25-Jun-2026,13:26:29,103.53,SGX,XOF8012,XOF8012,IUM26
9812,1,103.90,1111,DINR,B,26-May-2026,13:26:29,103.91,DGCX,S-XOF8012,S-XOF8012,DINR-20260527
9812,1,103.90,1111,DINR,B,26-May-2026,13:26:29,103.91,DGCX,S-XOF8012,S-XOF8012,DINR-20260527
9812,1,103.91,1111,DINR,B,26-May-2026,13:26:29,103.91,DGCX,S-XOF8012,S-XOF8012,DINR-20260527
9812,2,103.91,1111,DINR,B,26-May-2026,13:26:29,103.91,DGCX,S-XOF8012,S-XOF8012,DINR-20260527
9812,5,103.900,1111,IUK26,S,26-May-2026,13:26:29,103.91,SGX,XOF8012,XOF8012,IUK26
9812,5,103.53,1111,DINR,B,25-Jun-2026,13:26:29,103.53,DGCX,S-XOF8012,S-XOF8012,DINR-20260626
9812,5,103.91,1111,DINR,B,26-May-2026,13:26:34,103.91,DGCX,S-XOF8012,S-XOF8012,DINR-20260527
9817,39,-0.380,1111,IUK26-IUM26,S,26-May-2026,13:31:33,-0.39,SGX,XOF8017,XOF8017,IUK26-IUM26
9817,39,103.890,1111,IUK26,B,26-May-2026,13:31:33,103.9,SGX,XOF8017,XOF8017,IUK26
9817,39,103.510,1111,IUM26,S,25-Jun-2026,13:31:33,103.52,SGX,XOF8017,XOF8017,IUM26
9814,160,-0.380,1111,IUK26-IUM26,S,26-May-2026,13:31:33,-0.39,SGX,XOF8014,XOF8014,IUK26-IUM26
9814,160,103.890,1111,IUK26,B,26-May-2026,13:31:33,103.9,SGX,XOF8014,XOF8014,IUK26
9814,160,103.510,1111,IUM26,S,25-Jun-2026,13:31:33,103.52,SGX,XOF8014,XOF8014,IUM26
9812,5,103.490,1111,IUM26,B,25-Jun-2026,13:37:44,103.48,SGX,XOF8012,XOF8012,IUM26
9812,5,103.870,1111,IUK26,B,26-May-2026,13:37:44,103.87,SGX,XOF8012,XOF8012,IUK26
9812,1,103.49,1111,DINR,S,25-Jun-2026,13:37:44,103.49,DGCX,S-XOF8012,S-XOF8012,DINR-20260626
9812,5,103.870,1111,IUK26,S,26-May-2026,13:38:05,103.87,SGX,XOF8012,XOF8012,IUK26
9812,1,103.87,1111,DINR,S,26-May-2026,13:38:05,103.88,DGCX,S-XOF8012,S-XOF8012,DINR-20260527
9812,1,103.87,1111,DINR,S,26-May-2026,13:38:05,103.88,DGCX,S-XOF8012,S-XOF8012,DINR-20260527
9812,3,103.87,1111,DINR,B,26-May-2026,13:38:05,103.88,DGCX,S-XOF8012,S-XOF8012,DINR-20260527
9812,3,103.87,1111,DINR,S,26-May-2026,13:38:05,103.88,DGCX,S-XOF8012,S-XOF8012,DINR-20260527
9812,2,103.88,1111,DINR,B,26-May-2026,13:38:05,103.88,DGCX,S-XOF8012,S-XOF8012,DINR-20260527
9812,4,103.46,1111,DINR,S,25-Jun-2026,13:42:41,103.46,DGCX,S-XOF8012,S-XOF8012,DINR-20260626
9812,3,103.440,1111,IUM26,B,25-Jun-2026,13:46:00,103.44,SGX,XOF8012,XOF8012,IUM26
9814,3,-0.380,1111,IUK26-IUM26,S,26-May-2026,13:46:00,-0.38,SGX,XOF8014,XOF8014,IUK26-IUM26
9814,3,103.820,1111,IUK26,B,26-May-2026,13:46:00,103.82,SGX,XOF8014,XOF8014,IUK26
9814,3,103.440,1111,IUM26,S,25-Jun-2026,13:46:00,103.44,SGX,XOF8014,XOF8014,IUM26
9812,2,103.440,1111,IUM26,B,25-Jun-2026,13:46:00,103.44,SGX,XOF8012,XOF8012,IUM26
9814,2,-0.380,1111,IUK26-IUM26,S,26-May-2026,13:46:00,-0.38,SGX,XOF8014,XOF8014,IUK26-IUM26
9814,2,103.820,1111,IUK26,B,26-May-2026,13:46:00,103.82,SGX,XOF8014,XOF8014,IUK26
9814,2,103.440,1111,IUM26,S,25-Jun-2026,13:46:00,103.44,SGX,XOF8014,XOF8014,IUM26
9812,3,103.45,1111,DINR,S,25-Jun-2026,13:46:00,103.45,DGCX,S-XOF8012,S-XOF8012,DINR-20260626
9812,2,103.45,1111,DINR,S,25-Jun-2026,13:46:00,103.45,DGCX,S-XOF8012,S-XOF8012,DINR-20260626
9812,5,103.850,1111,IUK26,S,26-May-2026,13:48:10,103.85,SGX,XOF8012,XOF8012,IUK26
9812,3,103.86,1111,DINR,B,26-May-2026,13:48:10,103.86,DGCX,S-XOF8012,S-XOF8012,DINR-20260527
9812,2,103.86,1111,DINR,B,26-May-2026,13:48:10,103.86,DGCX,S-XOF8012,S-XOF8012,DINR-20260527
9812,5,103.850,1111,IUK26,S,26-May-2026,13:48:10,103.85,SGX,XOF8012,XOF8012,IUK26
9812,5,103.86,1111,DINR,B,26-May-2026,13:48:10,103.86,DGCX,S-XOF8012,S-XOF8012,DINR-20260527
9814,35,-0.380,1111,IUK26-IUM26,S,26-May-2026,14:05:57,-0.39,SGX,XOF8014,XOF8014,IUK26-IUM26
9814,35,103.880,1111,IUK26,B,26-May-2026,14:05:57,103.88,SGX,XOF8014,XOF8014,IUK26
9814,35,103.500,1111,IUM26,S,25-Jun-2026,14:05:57,103.51,SGX,XOF8014,XOF8014,IUM26
9816,62,-0.380,1111,IUK26-IUM26,S,26-May-2026,14:06:37,-0.38,SGX,XOF8016,XOF8016,IUK26-IUM26
9816,62,103.870,1111,IUK26,B,26-May-2026,14:06:37,103.88,SGX,XOF8016,XOF8016,IUK26
9816,62,103.490,1111,IUM26,S,25-Jun-2026,14:06:37,103.5,SGX,XOF8016,XOF8016,IUM26
9816,38,-0.380,1111,IUK26-IUM26,S,26-May-2026,14:06:51,-0.38,SGX,XOF8016,XOF8016,IUK26-IUM26
9816,38,103.870,1111,IUK26,B,26-May-2026,14:06:51,103.87,SGX,XOF8016,XOF8016,IUK26
9816,38,103.490,1111,IUM26,S,25-Jun-2026,14:06:51,103.5,SGX,XOF8016,XOF8016,IUM26
9819,85,-0.380,1111,IUK26-IUM26,B,26-May-2026,14:07:51,-0.38,SGX,XOF8019,XOF8019,IUK26-IUM26
9819,85,103.880,1111,IUK26,S,26-May-2026,14:07:51,103.87,SGX,XOF8019,XOF8019,IUK26
9819,85,103.500,1111,IUM26,B,25-Jun-2026,14:07:51,103.5,SGX,XOF8019,XOF8019,IUM26
9816,19,103.500,1111,IUM26,B,25-Jun-2026,14:09:29,103.5,SGX,XOF8016,XOF8016,IUM26
9816,1,103.500,1111,IUM26,B,25-Jun-2026,14:09:29,103.5,SGX,XOF8016,XOF8016,IUM26
9816,20,103.890,1111,IUK26,S,26-May-2026,14:11:46,103.89,SGX,XOF8016,XOF8016,IUK26
9812,5,103.890,1111,IUK26,S,26-May-2026,14:11:46,103.89,SGX,XOF8012,XOF8012,IUK26
9812,1,103.89,1111,DINR,B,26-May-2026,14:11:47,103.9,DGCX,S-XOF8012,S-XOF8012,DINR-20260527
9812,4,103.90,1111,DINR,B,26-May-2026,14:11:47,103.9,DGCX,S-XOF8012,S-XOF8012,DINR-20260527
9816,1,103.890,1111,IUK26,S,26-May-2026,14:13:49,103.89,SGX,XOF8016,XOF8016,IUK26
9816,1,103.890,1111,IUK26,S,26-May-2026,14:14:03,103.89,SGX,XOF8016,XOF8016,IUK26
9816,20,103.500,1111,IUM26,B,25-Jun-2026,14:14:07,103.5,SGX,XOF8016,XOF8016,IUM26
9816,2,103.890,1111,IUK26,S,26-May-2026,14:14:17,103.89,SGX,XOF8016,XOF8016,IUK26
9816,3,103.890,1111,IUK26,S,26-May-2026,14:14:28,103.89,SGX,XOF8016,XOF8016,IUK26
9816,13,103.890,1111,IUK26,S,26-May-2026,14:14:28,103.89,SGX,XOF8016,XOF8016,IUK26
9812,3,103.520,1111,IUM26,S,25-Jun-2026,14:21:38,103.52,SGX,XOF8012,XOF8012,IUM26
9812,1,103.52,1111,DINR,B,25-Jun-2026,14:21:38,103.53,DGCX,S-XOF8012,S-XOF8012,DINR-20260626
9812,1,103.53,1111,DINR,B,25-Jun-2026,14:21:38,103.53,DGCX,S-XOF8012,S-XOF8012,DINR-20260626
9812,1,103.53,1111,DINR,B,25-Jun-2026,14:22:02,103.53,DGCX,S-XOF8012,S-XOF8012,DINR-20260626
9812,1,103.900,1111,IUK26,S,26-May-2026,14:24:42,103.9,SGX,XOF8012,XOF8012,IUK26
9812,4,103.900,1111,IUK26,S,26-May-2026,14:24:42,103.9,SGX,XOF8012,XOF8012,IUK26
9812,1,103.91,1111,DINR,B,26-May-2026,14:24:42,103.91,DGCX,S-XOF8012,S-XOF8012,DINR-20260527
9812,4,103.91,1111,DINR,B,26-May-2026,14:24:42,103.91,DGCX,S-XOF8012,S-XOF8012,DINR-20260527
9816,1,103.520,1111,IUM26,B,25-Jun-2026,14:28:31,103.52,SGX,XOF8016,XOF8016,IUM26
9816,1,103.520,1111,IUM26,B,25-Jun-2026,14:28:57,103.52,SGX,XOF8016,XOF8016,IUM26
9816,1,103.910,1111,IUK26,S,26-May-2026,14:29:39,103.91,SGX,XOF8016,XOF8016,IUK26
9816,1,103.910,1111,IUK26,S,26-May-2026,14:29:39,103.91,SGX,XOF8016,XOF8016,IUK26
9818,1,103.90,1111,DINR,S,26-May-2026,14:32:46,103.9,DGCX,S-XOF8018,S-XOF8018,DINR-20260527
9818,1,103.890,1111,IUK26,B,26-May-2026,14:32:46,103.88,SGX,XOF8018,XOF8018,IUK26
9000,44,-0.0129,1111,UCM26-UCN26,S,15-Jun-2026,14:39:13,-0.0129,SGX,XOB8000,XOB8000,UCM26-UCN26
9000,44,6.7871,1111,UCM26,B,15-Jun-2026,14:39:13,0,SGX,XOB8000,XOB8000,UCM26
9000,44,6.7742,1111,UCN26,S,13-Jul-2026,14:39:13,0,SGX,XOB8000,XOB8000,UCN26
9000,100,-0.0129,1111,UCM26-UCN26,S,15-Jun-2026,14:39:13,-0.0129,SGX,XOB8000,XOB8000,UCM26-UCN26
9000,100,6.7871,1111,UCM26,B,15-Jun-2026,14:39:13,0,SGX,XOB8000,XOB8000,UCM26
9000,100,6.7742,1111,UCN26,S,13-Jul-2026,14:39:13,0,SGX,XOB8000,XOB8000,UCN26
9000,10,-0.0129,1111,UCM26-UCN26,S,15-Jun-2026,14:39:13,-0.0129,SGX,XOB8000,XOB8000,UCM26-UCN26
9000,10,6.7871,1111,UCM26,B,15-Jun-2026,14:39:13,0,SGX,XOB8000,XOB8000,UCM26
9000,10,6.7742,1111,UCN26,S,13-Jul-2026,14:39:13,0,SGX,XOB8000,XOB8000,UCN26
9000,10,-0.0129,1111,UCM26-UCN26,S,15-Jun-2026,14:39:13,-0.0129,SGX,XOB8000,XOB8000,UCM26-UCN26
9000,10,6.7871,1111,UCM26,B,15-Jun-2026,14:39:13,0,SGX,XOB8000,XOB8000,UCM26
9000,10,6.7742,1111,UCN26,S,13-Jul-2026,14:39:13,0,SGX,XOB8000,XOB8000,UCN26
9000,10,-0.0129,1111,UCM26-UCN26,S,15-Jun-2026,14:39:13,-0.0129,SGX,XOB8000,XOB8000,UCM26-UCN26
9000,10,6.7871,1111,UCM26,B,15-Jun-2026,14:39:13,0,SGX,XOB8000,XOB8000,UCM26
9000,10,6.7742,1111,UCN26,S,13-Jul-2026,14:39:13,0,SGX,XOB8000,XOB8000,UCN26
9000,10,-0.0129,1111,UCM26-UCN26,S,15-Jun-2026,14:39:13,-0.0129,SGX,XOB8000,XOB8000,UCM26-UCN26
9000,10,6.7871,1111,UCM26,B,15-Jun-2026,14:39:13,0,SGX,XOB8000,XOB8000,UCM26
9000,10,6.7742,1111,UCN26,S,13-Jul-2026,14:39:13,0,SGX,XOB8000,XOB8000,UCN26
9000,10,-0.0129,1111,UCM26-UCN26,S,15-Jun-2026,14:39:13,-0.0129,SGX,XOB8000,XOB8000,UCM26-UCN26
9000,10,6.7871,1111,UCM26,B,15-Jun-2026,14:39:13,0,SGX,XOB8000,XOB8000,UCM26
9000,10,6.7742,1111,UCN26,S,13-Jul-2026,14:39:13,0,SGX,XOB8000,XOB8000,UCN26
9000,6,-0.0129,1111,UCM26-UCN26,S,15-Jun-2026,14:39:13,-0.0129,SGX,XOB8000,XOB8000,UCM26-UCN26
9000,6,6.7871,1111,UCM26,B,15-Jun-2026,14:39:13,0,SGX,XOB8000,XOB8000,UCM26
9000,6,6.7742,1111,UCN26,S,13-Jul-2026,14:39:13,0,SGX,XOB8000,XOB8000,UCN26
9000,94,-0.0129,1111,UCM26-UCN26,S,15-Jun-2026,14:39:14,-0.0129,SGX,XOB8000,XOB8000,UCM26-UCN26
9000,94,6.7871,1111,UCM26,B,15-Jun-2026,14:39:14,0,SGX,XOB8000,XOB8000,UCM26
9000,94,6.7742,1111,UCN26,S,13-Jul-2026,14:39:14,0,SGX,XOB8000,XOB8000,UCN26
9000,50,-0.0129,1111,UCM26-UCN26,B,15-Jun-2026,14:39:21,-0.0129,SGX,XOB8000,XOB8000,UCM26-UCN26
9000,50,6.7871,1111,UCM26,S,15-Jun-2026,14:39:21,0,SGX,XOB8000,XOB8000,UCM26
9000,50,6.7742,1111,UCN26,B,13-Jul-2026,14:39:21,0,SGX,XOB8000,XOB8000,UCN26
9000,5,-0.0129,1111,UCM26-UCN26,B,15-Jun-2026,14:39:40,-0.0129,SGX,XOB8000,XOB8000,UCM26-UCN26
9000,5,6.7872,1111,UCM26,S,15-Jun-2026,14:39:40,0,SGX,XOB8000,XOB8000,UCM26
9000,5,6.7743,1111,UCN26,B,13-Jul-2026,14:39:40,0,SGX,XOB8000,XOB8000,UCN26
9000,50,-0.0129,1111,UCM26-UCN26,S,15-Jun-2026,14:39:53,-0.0129,SGX,XOB8000,XOB8000,UCM26-UCN26
9000,50,6.7872,1111,UCM26,B,15-Jun-2026,14:39:53,0,SGX,XOB8000,XOB8000,UCM26
9000,50,6.7743,1111,UCN26,S,13-Jul-2026,14:39:53,0,SGX,XOB8000,XOB8000,UCN26
9000,50,-0.0129,1111,UCM26-UCN26,B,15-Jun-2026,14:40:02,-0.0129,SGX,XOB8000,XOB8000,UCM26-UCN26
9000,50,6.7873,1111,UCM26,S,15-Jun-2026,14:40:02,0,SGX,XOB8000,XOB8000,UCM26
9000,50,6.7744,1111,UCN26,B,13-Jul-2026,14:40:02,0,SGX,XOB8000,XOB8000,UCN26
9814,77,-0.380,1111,IUK26-IUM26,B,26-May-2026,14:42:53,-0.39,SGX,XOF8014,XOF8014,IUK26-IUM26
9814,77,103.860,1111,IUK26,S,26-May-2026,14:42:53,103.85,SGX,XOF8014,XOF8014,IUK26
9814,77,103.480,1111,IUM26,B,25-Jun-2026,14:42:53,103.47,SGX,XOF8014,XOF8014,IUM26
9814,5,-0.380,1111,IUK26-IUM26,B,26-May-2026,14:42:53,-0.39,SGX,XOF8014,XOF8014,IUK26-IUM26
9814,5,103.860,1111,IUK26,S,26-May-2026,14:42:53,103.85,SGX,XOF8014,XOF8014,IUK26
9814,5,103.480,1111,IUM26,B,25-Jun-2026,14:42:53,103.47,SGX,XOF8014,XOF8014,IUM26
9814,115,-0.380,1111,IUK26-IUM26,B,26-May-2026,14:42:53,-0.39,SGX,XOF8014,XOF8014,IUK26-IUM26
9814,115,103.860,1111,IUK26,S,26-May-2026,14:42:53,103.85,SGX,XOF8014,XOF8014,IUK26
9814,115,103.480,1111,IUM26,B,25-Jun-2026,14:42:53,103.47,SGX,XOF8014,XOF8014,IUM26
9814,3,-0.380,1111,IUK26-IUM26,B,26-May-2026,14:42:53,-0.39,SGX,XOF8014,XOF8014,IUK26-IUM26
9814,3,103.860,1111,IUK26,S,26-May-2026,14:42:53,103.85,SGX,XOF8014,XOF8014,IUK26
9814,3,103.480,1111,IUM26,B,25-Jun-2026,14:42:53,103.47,SGX,XOF8014,XOF8014,IUM26
9817,50,-0.380,1111,IUK26-IUM26,B,26-May-2026,14:44:21,-0.38,SGX,XOF8017,XOF8017,IUK26-IUM26
9817,50,103.860,1111,IUK26,S,26-May-2026,14:44:21,103.86,SGX,XOF8017,XOF8017,IUK26
9817,50,103.480,1111,IUM26,B,25-Jun-2026,14:44:21,103.48,SGX,XOF8017,XOF8017,IUM26
9813,200,-0.380,1111,IUK26-IUM26,B,26-May-2026,14:44:28,-0.39,SGX,XOF8013,XOF8013,IUK26-IUM26
9813,200,103.860,1111,IUK26,S,26-May-2026,14:44:28,103.86,SGX,XOF8013,XOF8013,IUK26
9813,200,103.480,1111,IUM26,B,25-Jun-2026,14:44:28,103.48,SGX,XOF8013,XOF8013,IUM26
9816,23,103.470,1111,IUM26,B,25-Jun-2026,14:48:32,103.47,SGX,XOF8016,XOF8016,IUM26
9816,7,103.470,1111,IUM26,B,25-Jun-2026,14:48:32,103.47,SGX,XOF8016,XOF8016,IUM26
9812,5,103.850,1111,IUK26,B,26-May-2026,14:48:32,103.84,SGX,XOF8012,XOF8012,IUK26
9812,5,103.85,1111,DINR,S,26-May-2026,14:48:32,103.84,DGCX,S-XOF8012,S-XOF8012,DINR-20260527
9812,5,103.850,1111,IUK26,B,26-May-2026,14:48:32,103.84,SGX,XOF8012,XOF8012,IUK26
9812,1,103.84,1111,DINR,S,26-May-2026,14:48:32,103.84,DGCX,S-XOF8012,S-XOF8012,DINR-20260527
9812,4,103.84,1111,DINR,S,26-May-2026,14:48:32,103.84,DGCX,S-XOF8012,S-XOF8012,DINR-20260527
9812,5,103.850,1111,IUK26,B,26-May-2026,14:49:49,103.84,SGX,XOF8012,XOF8012,IUK26
9812,1,103.85,1111,DINR,S,26-May-2026,14:49:49,103.84,DGCX,S-XOF8012,S-XOF8012,DINR-20260527
9812,4,103.84,1111,DINR,S,26-May-2026,14:49:49,103.84,DGCX,S-XOF8012,S-XOF8012,DINR-20260527
9816,90,103.840,1111,IUK26,B,26-May-2026,14:49:49,103.84,SGX,XOF8016,XOF8016,IUK26
9816,8,103.840,1111,IUK26,B,26-May-2026,14:49:49,103.84,SGX,XOF8016,XOF8016,IUK26
9816,82,103.840,1111,IUK26,B,26-May-2026,14:49:49,103.84,SGX,XOF8016,XOF8016,IUK26
9812,5,103.460,1111,IUM26,B,25-Jun-2026,14:49:49,103.46,SGX,XOF8012,XOF8012,IUM26
9812,5,103.840,1111,IUK26,B,26-May-2026,14:49:49,103.84,SGX,XOF8012,XOF8012,IUK26
9812,2,103.46,1111,DINR,S,25-Jun-2026,14:49:49,103.46,DGCX,S-XOF8012,S-XOF8012,DINR-20260626
9812,3,103.46,1111,DINR,S,25-Jun-2026,14:49:49,103.46,DGCX,S-XOF8012,S-XOF8012,DINR-20260626
9812,5,103.460,1111,IUM26,B,25-Jun-2026,14:49:49,103.46,SGX,XOF8012,XOF8012,IUM26
9816,9,103.820,1111,IUK26,S,26-May-2026,14:50:39,103.81,SGX,XOF8016,XOF8016,IUK26
9816,10,103.820,1111,IUK26,S,26-May-2026,14:50:39,103.81,SGX,XOF8016,XOF8016,IUK26
9816,5,103.820,1111,IUK26,S,26-May-2026,14:50:39,103.81,SGX,XOF8016,XOF8016,IUK26
9816,4,103.820,1111,IUK26,S,26-May-2026,14:50:39,103.81,SGX,XOF8016,XOF8016,IUK26
9816,5,103.820,1111,IUK26,S,26-May-2026,14:50:39,103.81,SGX,XOF8016,XOF8016,IUK26
9816,9,103.820,1111,IUK26,S,26-May-2026,14:50:41,103.81,SGX,XOF8016,XOF8016,IUK26
9816,5,103.820,1111,IUK26,S,26-May-2026,14:51:33,103.82,SGX,XOF8016,XOF8016,IUK26
9816,2,103.820,1111,IUK26,S,26-May-2026,14:51:33,103.82,SGX,XOF8016,XOF8016,IUK26
9816,25,103.820,1111,IUK26,S,26-May-2026,14:51:33,103.82,SGX,XOF8016,XOF8016,IUK26
9816,40,103.820,1111,IUK26,S,26-May-2026,14:51:33,103.82,SGX,XOF8016,XOF8016,IUK26
9816,59,103.820,1111,IUK26,S,26-May-2026,14:51:33,103.82,SGX,XOF8016,XOF8016,IUK26
9816,37,103.820,1111,IUK26,S,26-May-2026,14:51:33,103.82,SGX,XOF8016,XOF8016,IUK26
9000,3,-0.0129,1111,UCM26-UCN26,B,15-Jun-2026,14:52:06,-0.0129,SGX,XOB8000,XOB8000,UCM26-UCN26
9000,3,6.7873,1111,UCM26,S,15-Jun-2026,14:52:06,0,SGX,XOB8000,XOB8000,UCM26
9000,3,6.7744,1111,UCN26,B,13-Jul-2026,14:52:06,0,SGX,XOB8000,XOB8000,UCN26
9000,88,-0.0129,1111,UCM26-UCN26,S,15-Jun-2026,14:53:08,-0.0129,SGX,XOB8000,XOB8000,UCM26-UCN26
9000,88,6.7871,1111,UCM26,B,15-Jun-2026,14:53:08,0,SGX,XOB8000,XOB8000,UCM26
9000,88,6.7742,1111,UCN26,S,13-Jul-2026,14:53:08,0,SGX,XOB8000,XOB8000,UCN26
9816,25,103.840,1111,IUK26,B,26-May-2026,14:54:00,103.84,SGX,XOF8016,XOF8016,IUK26
9816,5,103.840,1111,IUK26,B,26-May-2026,14:54:00,103.84,SGX,XOF8016,XOF8016,IUK26
9812,5,103.440,1111,IUM26,S,25-Jun-2026,14:54:14,103.44,SGX,XOF8012,XOF8012,IUM26
9812,4,103.830,1111,IUK26,B,26-May-2026,14:55:03,103.83,SGX,XOF8012,XOF8012,IUK26
9812,1,103.830,1111,IUK26,B,26-May-2026,14:55:03,103.83,SGX,XOF8012,XOF8012,IUK26
9812,4,103.83,1111,DINR,S,26-May-2026,14:55:03,103.82,DGCX,S-XOF8012,S-XOF8012,DINR-20260527
9812,1,103.82,1111,DINR,S,26-May-2026,14:55:04,103.82,DGCX,S-XOF8012,S-XOF8012,DINR-20260527
9812,5,103.820,1111,IUK26,B,26-May-2026,14:57:06,103.81,SGX,XOF8012,XOF8012,IUK26
9812,5,103.81,1111,DINR,S,26-May-2026,14:57:06,103.81,DGCX,S-XOF8012,S-XOF8012,DINR-20260527
9812,5,103.810,1111,IUK26,B,26-May-2026,14:58:56,103.8,SGX,XOF8012,XOF8012,IUK26
9812,1,103.80,1111,DINR,S,26-May-2026,14:58:56,103.8,DGCX,S-XOF8012,S-XOF8012,DINR-20260527
9812,4,103.80,1111,DINR,S,26-May-2026,14:58:56,103.8,DGCX,S-XOF8012,S-XOF8012,DINR-20260527
9812,5,103.810,1111,IUK26,B,26-May-2026,14:59:34,103.8,SGX,XOF8012,XOF8012,IUK26
9812,5,103.81,1111,DINR,S,26-May-2026,14:59:34,103.8,DGCX,S-XOF8012,S-XOF8012,DINR-20260527
9812,5,103.810,1111,IUK26,B,26-May-2026,14:59:34,103.8,SGX,XOF8012,XOF8012,IUK26
9812,1,103.80,1111,DINR,S,26-May-2026,14:59:35,103.8,DGCX,S-XOF8012,S-XOF8012,DINR-20260527
9812,2,103.80,1111,DINR,S,26-May-2026,14:59:35,103.8,DGCX,S-XOF8012,S-XOF8012,DINR-20260527
9812,1,103.80,1111,DINR,S,26-May-2026,14:59:35,103.8,DGCX,S-XOF8012,S-XOF8012,DINR-20260527
9814,1,103.80,1111,DINR,B,26-May-2026,14:59:35,103.8,DGCX,S-XOF8014,S-XOF8014,DINR-20260527
9812,1,103.80,1111,DINR,S,26-May-2026,14:59:35,103.8,DGCX,S-XOF8012,S-XOF8012,DINR-20260527
9812,5,103.810,1111,IUK26,B,26-May-2026,14:59:35,103.8,SGX,XOF8012,XOF8012,IUK26
9812,1,103.80,1111,DINR,S,26-May-2026,14:59:35,103.8,DGCX,S-XOF8012,S-XOF8012,DINR-20260527
9812,2,103.80,1111,DINR,S,26-May-2026,14:59:35,103.8,DGCX,S-XOF8012,S-XOF8012,DINR-20260527
9812,5,103.800,1111,IUK26,S,26-May-2026,14:59:35,103.8,SGX,XOF8012,XOF8012,IUK26
9812,2,103.80,1111,DINR,S,26-May-2026,14:59:35,103.8,DGCX,S-XOF8012,S-XOF8012,DINR-20260527
9814,1,103.810,1111,IUK26,S,26-May-2026,15:00:21,103.81,SGX,XOF8014,XOF8014,IUK26
9816,1,103.810,1111,IUK26,S,26-May-2026,15:02:02,103.81,SGX,XOF8016,XOF8016,IUK26
9816,22,103.810,1111,IUK26,S,26-May-2026,15:02:02,103.81,SGX,XOF8016,XOF8016,IUK26
9816,7,103.810,1111,IUK26,S,26-May-2026,15:02:02,103.81,SGX,XOF8016,XOF8016,IUK26
9000,2,-0.0129,1111,UCM26-UCN26,B,15-Jun-2026,15:02:51,-0.0129,SGX,XOB8000,XOB8000,UCM26-UCN26
9000,2,6.7882,1111,UCM26,S,15-Jun-2026,15:02:51,0,SGX,XOB8000,XOB8000,UCM26
9000,2,6.7753,1111,UCN26,B,13-Jul-2026,15:02:51,0,SGX,XOB8000,XOB8000,UCN26
9812,5,103.460,1111,IUM26,S,25-Jun-2026,15:03:40,103.46,SGX,XOF8012,XOF8012,IUM26
9812,1,103.46,1111,DINR,B,25-Jun-2026,15:03:40,103.46,DGCX,S-XOF8012,S-XOF8012,DINR-20260626
9812,1,103.47,1111,DINR,B,25-Jun-2026,15:03:40,103.46,DGCX,S-XOF8012,S-XOF8012,DINR-20260626
9812,1,103.47,1111,DINR,B,25-Jun-2026,15:03:40,103.46,DGCX,S-XOF8012,S-XOF8012,DINR-20260626
9812,1,103.47,1111,DINR,B,25-Jun-2026,15:03:40,103.46,DGCX,S-XOF8012,S-XOF8012,DINR-20260626
9812,1,103.47,1111,DINR,B,25-Jun-2026,15:03:40,103.46,DGCX,S-XOF8012,S-XOF8012,DINR-20260626
9812,5,103.440,1111,IUM26,B,25-Jun-2026,15:03:55,103.43,SGX,XOF8012,XOF8012,IUM26
9812,5,103.83,1111,DINR,B,26-May-2026,15:03:55,103.82,DGCX,S-XOF8012,S-XOF8012,DINR-20260527
9812,1,103.44,1111,DINR,S,25-Jun-2026,15:03:55,103.44,DGCX,S-XOF8012,S-XOF8012,DINR-20260626
9812,4,103.44,1111,DINR,S,25-Jun-2026,15:03:55,103.44,DGCX,S-XOF8012,S-XOF8012,DINR-20260626
9812,5,103.410,1111,IUM26,B,25-Jun-2026,15:08:03,103.41,SGX,XOF8012,XOF8012,IUM26
9812,1,103.41,1111,DINR,S,25-Jun-2026,15:08:03,103.41,DGCX,S-XOF8012,S-XOF8012,DINR-20260626
9812,1,103.41,1111,DINR,S,25-Jun-2026,15:08:03,103.41,DGCX,S-XOF8012,S-XOF8012,DINR-20260626
9812,1,103.41,1111,DINR,S,25-Jun-2026,15:08:03,103.41,DGCX,S-XOF8012,S-XOF8012,DINR-20260626
9812,2,103.41,1111,DINR,S,25-Jun-2026,15:08:03,103.41,DGCX,S-XOF8012,S-XOF8012,DINR-20260626
9812,3,103.410,1111,IUM26,B,25-Jun-2026,15:08:03,103.41,SGX,XOF8012,XOF8012,IUM26
9812,2,103.410,1111,IUM26,B,25-Jun-2026,15:08:03,103.41,SGX,XOF8012,XOF8012,IUM26
9812,3,103.41,1111,DINR,S,25-Jun-2026,15:08:04,103.41,DGCX,S-XOF8012,S-XOF8012,DINR-20260626
9812,1,103.41,1111,DINR,S,25-Jun-2026,15:08:04,103.41,DGCX,S-XOF8012,S-XOF8012,DINR-20260626
9812,1,103.41,1111,DINR,S,25-Jun-2026,15:08:04,103.41,DGCX,S-XOF8012,S-XOF8012,DINR-20260626
9812,1,103.410,1111,IUM26,B,25-Jun-2026,15:08:04,103.41,SGX,XOF8012,XOF8012,IUM26
9812,1,103.410,1111,IUM26,B,25-Jun-2026,15:08:04,103.41,SGX,XOF8012,XOF8012,IUM26
9812,1,103.41,1111,DINR,S,25-Jun-2026,15:08:04,103.41,DGCX,S-XOF8012,S-XOF8012,DINR-20260626
9812,1,103.41,1111,DINR,S,25-Jun-2026,15:08:04,103.41,DGCX,S-XOF8012,S-XOF8012,DINR-20260626
9812,1,103.410,1111,IUM26,B,25-Jun-2026,15:08:04,103.41,SGX,XOF8012,XOF8012,IUM26
9812,1,103.410,1111,IUM26,B,25-Jun-2026,15:08:04,103.41,SGX,XOF8012,XOF8012,IUM26
9812,1,103.410,1111,IUM26,B,25-Jun-2026,15:08:04,103.41,SGX,XOF8012,XOF8012,IUM26
9812,1,103.41,1111,DINR,S,25-Jun-2026,15:08:04,103.41,DGCX,S-XOF8012,S-XOF8012,DINR-20260626
9812,1,103.41,1111,DINR,S,25-Jun-2026,15:08:04,103.41,DGCX,S-XOF8012,S-XOF8012,DINR-20260626
9812,1,103.41,1111,DINR,S,25-Jun-2026,15:08:04,103.41,DGCX,S-XOF8012,S-XOF8012,DINR-20260626
9812,1,103.410,1111,IUM26,B,25-Jun-2026,15:09:37,103.41,SGX,XOF8012,XOF8012,IUM26
9812,1,103.410,1111,IUM26,B,25-Jun-2026,15:09:37,103.41,SGX,XOF8012,XOF8012,IUM26
9812,1,103.41,1111,DINR,S,25-Jun-2026,15:09:37,103.41,DGCX,S-XOF8012,S-XOF8012,DINR-20260626
9812,1,103.410,1111,IUM26,B,25-Jun-2026,15:09:37,103.41,SGX,XOF8012,XOF8012,IUM26
9812,1,103.41,1111,DINR,S,25-Jun-2026,15:09:37,103.41,DGCX,S-XOF8012,S-XOF8012,DINR-20260626
9812,1,103.410,1111,IUM26,B,25-Jun-2026,15:09:37,103.41,SGX,XOF8012,XOF8012,IUM26
9812,1,103.41,1111,DINR,S,25-Jun-2026,15:09:37,103.41,DGCX,S-XOF8012,S-XOF8012,DINR-20260626
9812,1,103.410,1111,IUM26,B,25-Jun-2026,15:09:37,103.41,SGX,XOF8012,XOF8012,IUM26
9812,1,103.41,1111,DINR,S,25-Jun-2026,15:09:37,103.41,DGCX,S-XOF8012,S-XOF8012,DINR-20260626
9812,1,103.41,1111,DINR,S,25-Jun-2026,15:09:37,103.41,DGCX,S-XOF8012,S-XOF8012,DINR-20260626
9812,5,103.400,1111,IUM26,B,25-Jun-2026,15:13:48,103.39,SGX,XOF8012,XOF8012,IUM26
9812,1,103.41,1111,DINR,S,25-Jun-2026,15:13:48,103.4,DGCX,S-XOF8012,S-XOF8012,DINR-20260626
9812,4,103.40,1111,DINR,S,25-Jun-2026,15:13:48,103.4,DGCX,S-XOF8012,S-XOF8012,DINR-20260626
9812,5,103.780,1111,IUK26,S,26-May-2026,15:15:17,103.79,SGX,XOF8012,XOF8012,IUK26
9812,3,103.400,1111,IUM26,S,25-Jun-2026,15:15:18,103.4,SGX,XOF8012,XOF8012,IUM26
9812,1,103.79,1111,DINR,B,26-May-2026,15:15:17,103.79,DGCX,S-XOF8012,S-XOF8012,DINR-20260527
9812,4,103.79,1111,DINR,B,26-May-2026,15:15:17,103.79,DGCX,S-XOF8012,S-XOF8012,DINR-20260527
9812,1,103.780,1111,IUK26,S,26-May-2026,15:15:17,103.79,SGX,XOF8012,XOF8012,IUK26
9812,2,103.780,1111,IUK26,S,26-May-2026,15:15:17,103.79,SGX,XOF8012,XOF8012,IUK26
9812,2,103.780,1111,IUK26,S,26-May-2026,15:15:17,103.79,SGX,XOF8012,XOF8012,IUK26
9812,2,103.400,1111,IUM26,S,25-Jun-2026,15:15:18,103.4,SGX,XOF8012,XOF8012,IUM26
9812,1,103.79,1111,DINR,B,26-May-2026,15:15:22,103.79,DGCX,S-XOF8012,S-XOF8012,DINR-20260527
9812,2,103.79,1111,DINR,B,26-May-2026,15:15:22,103.79,DGCX,S-XOF8012,S-XOF8012,DINR-20260527
9812,2,103.79,1111,DINR,B,26-May-2026,15:15:22,103.79,DGCX,S-XOF8012,S-XOF8012,DINR-20260527
9812,5,103.790,1111,IUK26,S,26-May-2026,15:15:34,103.8,SGX,XOF8012,XOF8012,IUK26
9812,4,103.80,1111,DINR,B,26-May-2026,15:15:35,103.81,DGCX,S-XOF8012,S-XOF8012,DINR-20260527
9812,1,103.80,1111,DINR,B,26-May-2026,15:15:35,103.81,DGCX,S-XOF8012,S-XOF8012,DINR-20260527
9812,3,103.41,1111,DINR,B,25-Jun-2026,15:16:01,103.41,DGCX,S-XOF8012,S-XOF8012,DINR-20260626
9812,2,103.41,1111,DINR,B,25-Jun-2026,15:16:01,103.41,DGCX,S-XOF8012,S-XOF8012,DINR-20260626
9816,25,-0.380,1111,IUK26-IUM26,B,26-May-2026,15:17:22,-0.38,SGX,XOF8016,XOF8016,IUK26-IUM26
9816,25,103.770,1111,IUK26,S,26-May-2026,15:17:22,103.77,SGX,XOF8016,XOF8016,IUK26
9816,25,103.390,1111,IUM26,B,25-Jun-2026,15:17:22,103.4,SGX,XOF8016,XOF8016,IUM26
9816,5,-0.380,1111,IUK26-IUM26,B,26-May-2026,15:17:22,-0.38,SGX,XOF8016,XOF8016,IUK26-IUM26
9816,5,103.770,1111,IUK26,S,26-May-2026,15:17:22,103.77,SGX,XOF8016,XOF8016,IUK26
9816,5,103.390,1111,IUM26,B,25-Jun-2026,15:17:22,103.4,SGX,XOF8016,XOF8016,IUM26
9816,164,-0.380,1111,IUK26-IUM26,B,26-May-2026,15:17:22,-0.38,SGX,XOF8016,XOF8016,IUK26-IUM26
9816,164,103.770,1111,IUK26,S,26-May-2026,15:17:22,103.77,SGX,XOF8016,XOF8016,IUK26
9816,164,103.390,1111,IUM26,B,25-Jun-2026,15:17:22,103.4,SGX,XOF8016,XOF8016,IUM26
9816,6,-0.380,1111,IUK26-IUM26,B,26-May-2026,15:17:22,-0.38,SGX,XOF8016,XOF8016,IUK26-IUM26
9816,6,103.770,1111,IUK26,S,26-May-2026,15:17:22,103.77,SGX,XOF8016,XOF8016,IUK26
9816,6,103.390,1111,IUM26,B,25-Jun-2026,15:17:22,103.4,SGX,XOF8016,XOF8016,IUM26
9816,28,-0.380,1111,IUK26-IUM26,B,26-May-2026,15:17:45,-0.38,SGX,XOF8016,XOF8016,IUK26-IUM26
9816,28,103.770,1111,IUK26,S,26-May-2026,15:17:45,103.76,SGX,XOF8016,XOF8016,IUK26
9816,28,103.390,1111,IUM26,B,25-Jun-2026,15:17:45,103.39,SGX,XOF8016,XOF8016,IUM26
9813,98,-0.380,1111,IUK26-IUM26,B,26-May-2026,15:17:55,-0.38,SGX,XOF8013,XOF8013,IUK26-IUM26
9813,98,103.770,1111,IUK26,S,26-May-2026,15:17:55,103.77,SGX,XOF8013,XOF8013,IUK26
9813,98,103.390,1111,IUM26,B,25-Jun-2026,15:17:55,103.39,SGX,XOF8013,XOF8013,IUM26
9813,2,-0.380,1111,IUK26-IUM26,B,26-May-2026,15:17:58,-0.38,SGX,XOF8013,XOF8013,IUK26-IUM26
9813,2,103.760,1111,IUK26,S,26-May-2026,15:17:58,103.76,SGX,XOF8013,XOF8013,IUK26
9813,2,103.380,1111,IUM26,B,25-Jun-2026,15:17:58,103.38,SGX,XOF8013,XOF8013,IUM26
9812,3,103.750,1111,IUK26,S,26-May-2026,15:18:17,103.76,SGX,XOF8012,XOF8012,IUK26
9812,2,103.750,1111,IUK26,S,26-May-2026,15:18:17,103.76,SGX,XOF8012,XOF8012,IUK26
9812,1,103.76,1111,DINR,B,26-May-2026,15:18:17,103.76,DGCX,S-XOF8012,S-XOF8012,DINR-20260527
9812,1,103.76,1111,DINR,B,26-May-2026,15:18:17,103.76,DGCX,S-XOF8012,S-XOF8012,DINR-20260527
9812,1,103.76,1111,DINR,B,26-May-2026,15:18:17,103.76,DGCX,S-XOF8012,S-XOF8012,DINR-20260527
9812,2,103.76,1111,DINR,B,26-May-2026,15:18:17,103.76,DGCX,S-XOF8012,S-XOF8012,DINR-20260527
9813,1,-0.380,1111,IUK26-IUM26,S,26-May-2026,15:18:24,-0.38,SGX,XOF8013,XOF8013,IUK26-IUM26
9813,1,103.740,1111,IUK26,B,26-May-2026,15:18:24,103.74,SGX,XOF8013,XOF8013,IUK26
9813,1,103.360,1111,IUM26,S,25-Jun-2026,15:18:24,103.36,SGX,XOF8013,XOF8013,IUM26
9812,16,0.38,1111,DINR,B,27-May-2026,15:18:28,0.38,DGCX,S-XOF8012,S-XOF8012,DINR-20260527-20260626
9812,16,103.75,1111,DINR,B,26-May-2026,15:18:28,103.75,DGCX,S-XOF8012,S-XOF8012,DINR-20260527
9812,16,103.37,1111,DINR,S,25-Jun-2026,15:18:28,103.37,DGCX,S-XOF8012,S-XOF8012,DINR-20260626
9812,5,-0.380,1111,IUK26-IUM26,B,26-May-2026,15:18:35,-0.38,SGX,XOF8012,XOF8012,IUK26-IUM26
9812,5,103.740,1111,IUK26,S,26-May-2026,15:18:35,103.74,SGX,XOF8012,XOF8012,IUK26
9812,5,103.360,1111,IUM26,B,25-Jun-2026,15:18:35,103.36,SGX,XOF8012,XOF8012,IUM26
9812,8,-0.380,1111,IUK26-IUM26,B,26-May-2026,15:18:35,-0.38,SGX,XOF8012,XOF8012,IUK26-IUM26
9812,8,103.740,1111,IUK26,S,26-May-2026,15:18:35,103.74,SGX,XOF8012,XOF8012,IUK26
9812,8,103.360,1111,IUM26,B,25-Jun-2026,15:18:35,103.36,SGX,XOF8012,XOF8012,IUM26
9812,5,-0.380,1111,IUK26-IUM26,B,26-May-2026,15:18:36,-0.38,SGX,XOF8012,XOF8012,IUK26-IUM26
9812,5,103.740,1111,IUK26,S,26-May-2026,15:18:36,103.74,SGX,XOF8012,XOF8012,IUK26
9812,5,103.360,1111,IUM26,B,25-Jun-2026,15:18:36,103.36,SGX,XOF8012,XOF8012,IUM26
9812,5,-0.380,1111,IUK26-IUM26,B,26-May-2026,15:18:37,-0.38,SGX,XOF8012,XOF8012,IUK26-IUM26
9812,5,103.740,1111,IUK26,S,26-May-2026,15:18:37,103.74,SGX,XOF8012,XOF8012,IUK26
9812,5,103.360,1111,IUM26,B,25-Jun-2026,15:18:37,103.36,SGX,XOF8012,XOF8012,IUM26
9812,5,-0.380,1111,IUK26-IUM26,B,26-May-2026,15:18:37,-0.38,SGX,XOF8012,XOF8012,IUK26-IUM26
9812,5,103.740,1111,IUK26,S,26-May-2026,15:18:37,103.75,SGX,XOF8012,XOF8012,IUK26
9812,5,103.360,1111,IUM26,B,25-Jun-2026,15:18:37,103.36,SGX,XOF8012,XOF8012,IUM26
9812,5,-0.380,1111,IUK26-IUM26,B,26-May-2026,15:18:37,-0.38,SGX,XOF8012,XOF8012,IUK26-IUM26
9812,5,103.740,1111,IUK26,S,26-May-2026,15:18:37,103.75,SGX,XOF8012,XOF8012,IUK26
9812,5,103.360,1111,IUM26,B,25-Jun-2026,15:18:37,103.36,SGX,XOF8012,XOF8012,IUM26
9812,5,-0.380,1111,IUK26-IUM26,B,26-May-2026,15:18:37,-0.38,SGX,XOF8012,XOF8012,IUK26-IUM26
9812,5,103.740,1111,IUK26,S,26-May-2026,15:18:37,103.75,SGX,XOF8012,XOF8012,IUK26
9812,5,103.360,1111,IUM26,B,25-Jun-2026,15:18:37,103.36,SGX,XOF8012,XOF8012,IUM26
9812,20,0.38,1111,DINR,B,27-May-2026,15:18:52,0.38,DGCX,S-XOF8012,S-XOF8012,DINR-20260527-20260626
9812,20,103.75,1111,DINR,B,26-May-2026,15:18:52,103.75,DGCX,S-XOF8012,S-XOF8012,DINR-20260527
9812,20,103.37,1111,DINR,S,25-Jun-2026,15:18:52,103.37,DGCX,S-XOF8012,S-XOF8012,DINR-20260626
9812,1,-0.380,1111,IUK26-IUM26,B,26-May-2026,15:19:17,-0.38,SGX,XOF8012,XOF8012,IUK26-IUM26
9812,1,103.740,1111,IUK26,S,26-May-2026,15:19:17,103.75,SGX,XOF8012,XOF8012,IUK26
9812,1,103.360,1111,IUM26,B,25-Jun-2026,15:19:17,103.36,SGX,XOF8012,XOF8012,IUM26
9812,1,-0.380,1111,IUK26-IUM26,B,26-May-2026,15:19:17,-0.38,SGX,XOF8012,XOF8012,IUK26-IUM26
9812,1,103.740,1111,IUK26,S,26-May-2026,15:19:17,103.75,SGX,XOF8012,XOF8012,IUK26
9812,1,103.360,1111,IUM26,B,25-Jun-2026,15:19:17,103.36,SGX,XOF8012,XOF8012,IUM26
9812,1,-0.380,1111,IUK26-IUM26,B,26-May-2026,15:19:17,-0.38,SGX,XOF8012,XOF8012,IUK26-IUM26
9812,1,103.740,1111,IUK26,S,26-May-2026,15:19:17,103.75,SGX,XOF8012,XOF8012,IUK26
9812,1,103.360,1111,IUM26,B,25-Jun-2026,15:19:17,103.36,SGX,XOF8012,XOF8012,IUM26
9812,1,-0.380,1111,IUK26-IUM26,B,26-May-2026,15:19:17,-0.38,SGX,XOF8012,XOF8012,IUK26-IUM26
9812,1,103.740,1111,IUK26,S,26-May-2026,15:19:17,103.75,SGX,XOF8012,XOF8012,IUK26
9812,1,103.360,1111,IUM26,B,25-Jun-2026,15:19:17,103.36,SGX,XOF8012,XOF8012,IUM26
9812,1,-0.380,1111,IUK26-IUM26,B,26-May-2026,15:19:17,-0.38,SGX,XOF8012,XOF8012,IUK26-IUM26
9812,1,103.740,1111,IUK26,S,26-May-2026,15:19:17,103.75,SGX,XOF8012,XOF8012,IUK26
9812,1,103.360,1111,IUM26,B,25-Jun-2026,15:19:17,103.36,SGX,XOF8012,XOF8012,IUM26
9812,1,0.38,1111,DINR,B,27-May-2026,15:19:27,0.38,DGCX,S-XOF8012,S-XOF8012,DINR-20260527-20260626
9812,1,103.74,1111,DINR,B,26-May-2026,15:19:27,103.74,DGCX,S-XOF8012,S-XOF8012,DINR-20260527
9812,1,103.36,1111,DINR,S,25-Jun-2026,15:19:27,103.36,DGCX,S-XOF8012,S-XOF8012,DINR-20260626
9812,2,0.38,1111,DINR,B,27-May-2026,15:19:32,0.38,DGCX,S-XOF8012,S-XOF8012,DINR-20260527-20260626
9812,2,103.36,1111,DINR,S,25-Jun-2026,15:19:32,103.36,DGCX,S-XOF8012,S-XOF8012,DINR-20260626
9812,2,103.74,1111,DINR,B,26-May-2026,15:19:32,103.74,DGCX,S-XOF8012,S-XOF8012,DINR-20260527
9812,5,103.740,1111,IUK26,S,26-May-2026,15:21:36,103.75,SGX,XOF8012,XOF8012,IUK26
9812,5,103.75,1111,DINR,B,26-May-2026,15:21:36,103.75,DGCX,S-XOF8012,S-XOF8012,DINR-20260527
9812,5,103.360,1111,IUM26,S,25-Jun-2026,15:21:37,103.36,SGX,XOF8012,XOF8012,IUM26
9812,5,103.37,1111,DINR,B,25-Jun-2026,15:21:53,103.37,DGCX,S-XOF8012,S-XOF8012,DINR-20260626
9812,5,103.360,1111,IUM26,S,25-Jun-2026,15:23:21,103.37,SGX,XOF8012,XOF8012,IUM26
9812,2,103.37,1111,DINR,B,25-Jun-2026,15:23:21,103.37,DGCX,S-XOF8012,S-XOF8012,DINR-20260626
9812,1,103.37,1111,DINR,B,25-Jun-2026,15:23:21,103.37,DGCX,S-XOF8012,S-XOF8012,DINR-20260626
9812,2,103.37,1111,DINR,B,25-Jun-2026,15:23:21,103.37,DGCX,S-XOF8012,S-XOF8012,DINR-20260626
9812,5,103.360,1111,IUM26,S,25-Jun-2026,15:23:21,103.37,SGX,XOF8012,XOF8012,IUM26
9812,5,103.37,1111,DINR,B,25-Jun-2026,15:23:21,103.37,DGCX,S-XOF8012,S-XOF8012,DINR-20260626
9812,5,103.370,1111,IUM26,S,25-Jun-2026,15:23:22,103.37,SGX,XOF8012,XOF8012,IUM26
9812,2,103.38,1111,DINR,B,25-Jun-2026,15:23:28,103.38,DGCX,S-XOF8012,S-XOF8012,DINR-20260626
9812,1,103.38,1111,DINR,B,25-Jun-2026,15:23:28,103.38,DGCX,S-XOF8012,S-XOF8012,DINR-20260626
9812,2,103.38,1111,DINR,B,25-Jun-2026,15:23:28,103.38,DGCX,S-XOF8012,S-XOF8012,DINR-20260626
9813,1,-0.380,1111,IUK26-IUM26,S,26-May-2026,15:29:30,-0.38,SGX,XOF8013,XOF8013,IUK26-IUM26
9813,1,103.760,1111,IUK26,B,26-May-2026,15:29:30,103.76,SGX,XOF8013,XOF8013,IUK26
9813,1,103.380,1111,IUM26,S,25-Jun-2026,15:29:30,103.38,SGX,XOF8013,XOF8013,IUM26
9813,20,-0.380,1111,IUK26-IUM26,S,26-May-2026,15:33:42,-0.38,SGX,XOF8013,XOF8013,IUK26-IUM26
9813,20,103.740,1111,IUK26,B,26-May-2026,15:33:42,103.74,SGX,XOF8013,XOF8013,IUK26
9813,20,103.360,1111,IUM26,S,25-Jun-2026,15:33:42,103.36,SGX,XOF8013,XOF8013,IUM26
9813,17,-0.380,1111,IUK26-IUM26,S,26-May-2026,15:34:07,-0.38,SGX,XOF8013,XOF8013,IUK26-IUM26
9813,17,103.730,1111,IUK26,B,26-May-2026,15:34:07,103.74,SGX,XOF8013,XOF8013,IUK26
9813,17,103.350,1111,IUM26,S,25-Jun-2026,15:34:07,103.35,SGX,XOF8013,XOF8013,IUM26
9813,7,-0.380,1111,IUK26-IUM26,S,26-May-2026,15:34:07,-0.38,SGX,XOF8013,XOF8013,IUK26-IUM26
9813,7,103.730,1111,IUK26,B,26-May-2026,15:34:07,103.74,SGX,XOF8013,XOF8013,IUK26
9813,7,103.350,1111,IUM26,S,25-Jun-2026,15:34:07,103.35,SGX,XOF8013,XOF8013,IUM26
9813,30,-0.380,1111,IUK26-IUM26,S,26-May-2026,15:34:07,-0.38,SGX,XOF8013,XOF8013,IUK26-IUM26
9813,30,103.730,1111,IUK26,B,26-May-2026,15:34:07,103.74,SGX,XOF8013,XOF8013,IUK26
9813,30,103.350,1111,IUM26,S,25-Jun-2026,15:34:07,103.35,SGX,XOF8013,XOF8013,IUM26
9813,24,-0.380,1111,IUK26-IUM26,S,26-May-2026,15:34:07,-0.38,SGX,XOF8013,XOF8013,IUK26-IUM26
9813,24,103.730,1111,IUK26,B,26-May-2026,15:34:07,103.74,SGX,XOF8013,XOF8013,IUK26
9813,24,103.350,1111,IUM26,S,25-Jun-2026,15:34:07,103.35,SGX,XOF8013,XOF8013,IUM26
9000,70,-0.0129,1111,UCM26-UCN26,S,15-Jun-2026,16:04:34,-0.0129,SGX,XOB8000,XOB8000,UCM26-UCN26
9000,70,6.7907,1111,UCM26,B,15-Jun-2026,16:04:34,0,SGX,XOB8000,XOB8000,UCM26
9000,70,6.7778,1111,UCN26,S,13-Jul-2026,16:04:34,0,SGX,XOB8000,XOB8000,UCN26
9000,35,-0.0129,1111,UCM26-UCN26,S,15-Jun-2026,16:04:34,-0.0129,SGX,XOB8000,XOB8000,UCM26-UCN26
9000,35,6.7907,1111,UCM26,B,15-Jun-2026,16:04:34,0,SGX,XOB8000,XOB8000,UCM26
9000,35,6.7778,1111,UCN26,S,13-Jul-2026,16:04:34,0,SGX,XOB8000,XOB8000,UCN26
9000,95,-0.0129,1111,UCM26-UCN26,S,15-Jun-2026,16:04:34,-0.0129,SGX,XOB8000,XOB8000,UCM26-UCN26
9000,95,6.7907,1111,UCM26,B,15-Jun-2026,16:04:34,0,SGX,XOB8000,XOB8000,UCM26
9000,95,6.7778,1111,UCN26,S,13-Jul-2026,16:04:34,0,SGX,XOB8000,XOB8000,UCN26
9000,65,-0.0129,1111,UCM26-UCN26,B,15-Jun-2026,16:04:35,-0.0129,SGX,XOB8000,XOB8000,UCM26-UCN26
9000,65,6.7907,1111,UCM26,S,15-Jun-2026,16:04:35,0,SGX,XOB8000,XOB8000,UCM26
9000,65,6.7778,1111,UCN26,B,13-Jul-2026,16:04:35,0,SGX,XOB8000,XOB8000,UCN26
9000,35,-0.0129,1111,UCM26-UCN26,B,15-Jun-2026,16:04:35,-0.0129,SGX,XOB8000,XOB8000,UCM26-UCN26
9000,35,6.7907,1111,UCM26,S,15-Jun-2026,16:04:35,0,SGX,XOB8000,XOB8000,UCM26
9000,35,6.7778,1111,UCN26,B,13-Jul-2026,16:04:35,0,SGX,XOB8000,XOB8000,UCN26
9000,70,-0.0129,1111,UCM26-UCN26,S,15-Jun-2026,16:04:34,-0.0129,SGX,XOB8000,XOB8000,UCM26-UCN26
9000,70,6.7907,1111,UCM26,B,15-Jun-2026,16:04:34,0,SGX,XOB8000,XOB8000,UCM26
9000,70,6.7778,1111,UCN26,S,13-Jul-2026,16:04:34,0,SGX,XOB8000,XOB8000,UCN26
9000,35,-0.0129,1111,UCM26-UCN26,S,15-Jun-2026,16:04:34,-0.0129,SGX,XOB8000,XOB8000,UCM26-UCN26
9000,35,6.7907,1111,UCM26,B,15-Jun-2026,16:04:34,0,SGX,XOB8000,XOB8000,UCM26
9000,35,6.7778,1111,UCN26,S,13-Jul-2026,16:04:34,0,SGX,XOB8000,XOB8000,UCN26
9000,70,-0.0129,1111,UCM26-UCN26,B,15-Jun-2026,16:04:35,-0.0129,SGX,XOB8000,XOB8000,UCM26-UCN26
9000,70,6.7907,1111,UCM26,S,15-Jun-2026,16:04:35,0,SGX,XOB8000,XOB8000,UCM26
9000,70,6.7778,1111,UCN26,B,13-Jul-2026,16:04:35,0,SGX,XOB8000,XOB8000,UCN26
9000,30,-0.0129,1111,UCM26-UCN26,B,15-Jun-2026,16:04:35,-0.0129,SGX,XOB8000,XOB8000,UCM26-UCN26
9000,30,6.7907,1111,UCM26,S,15-Jun-2026,16:04:35,0,SGX,XOB8000,XOB8000,UCM26
9000,30,6.7778,1111,UCN26,B,13-Jul-2026,16:04:35,0,SGX,XOB8000,XOB8000,UCN26
9000,5,-0.0129,1111,UCM26-UCN26,B,15-Jun-2026,16:04:35,-0.0129,SGX,XOB8000,XOB8000,UCM26-UCN26
9000,5,6.7907,1111,UCM26,S,15-Jun-2026,16:04:35,0,SGX,XOB8000,XOB8000,UCM26
9000,5,6.7778,1111,UCN26,B,13-Jul-2026,16:04:35,0,SGX,XOB8000,XOB8000,UCN26
9000,35,-0.0129,1111,UCM26-UCN26,S,15-Jun-2026,16:04:35,-0.0129,SGX,XOB8000,XOB8000,UCM26-UCN26
9000,35,6.7907,1111,UCM26,B,15-Jun-2026,16:04:35,0,SGX,XOB8000,XOB8000,UCM26
9000,35,6.7778,1111,UCN26,S,13-Jul-2026,16:04:35,0,SGX,XOB8000,XOB8000,UCN26
9000,70,-0.0129,1111,UCM26-UCN26,S,15-Jun-2026,16:04:35,-0.0129,SGX,XOB8000,XOB8000,UCM26-UCN26
9000,70,6.7907,1111,UCM26,B,15-Jun-2026,16:04:35,0,SGX,XOB8000,XOB8000,UCM26
9000,70,6.7778,1111,UCN26,S,13-Jul-2026,16:04:35,0,SGX,XOB8000,XOB8000,UCN26
9000,35,-0.0129,1111,UCM26-UCN26,B,15-Jun-2026,16:04:35,-0.0129,SGX,XOB8000,XOB8000,UCM26-UCN26
9000,35,6.7907,1111,UCM26,S,15-Jun-2026,16:04:35,0,SGX,XOB8000,XOB8000,UCM26
9000,35,6.7778,1111,UCN26,B,13-Jul-2026,16:04:35,0,SGX,XOB8000,XOB8000,UCN26
9000,70,-0.0129,1111,UCM26-UCN26,B,15-Jun-2026,16:04:35,-0.0129,SGX,XOB8000,XOB8000,UCM26-UCN26
9000,70,6.7907,1111,UCM26,S,15-Jun-2026,16:04:35,0,SGX,XOB8000,XOB8000,UCM26
9000,70,6.7778,1111,UCN26,B,13-Jul-2026,16:04:35,0,SGX,XOB8000,XOB8000,UCN26
9000,35,-0.0129,1111,UCM26-UCN26,S,15-Jun-2026,16:04:35,-0.0129,SGX,XOB8000,XOB8000,UCM26-UCN26
9000,35,6.7907,1111,UCM26,B,15-Jun-2026,16:04:35,0,SGX,XOB8000,XOB8000,UCM26
9000,35,6.7778,1111,UCN26,S,13-Jul-2026,16:04:35,0,SGX,XOB8000,XOB8000,UCN26
9000,70,-0.0129,1111,UCM26-UCN26,S,15-Jun-2026,16:04:35,-0.0129,SGX,XOB8000,XOB8000,UCM26-UCN26
9000,70,6.7907,1111,UCM26,B,15-Jun-2026,16:04:35,0,SGX,XOB8000,XOB8000,UCM26
9000,70,6.7778,1111,UCN26,S,13-Jul-2026,16:04:35,0,SGX,XOB8000,XOB8000,UCN26
9000,12,-0.0129,1111,UCM26-UCN26,B,15-Jun-2026,16:04:35,-0.0129,SGX,XOB8000,XOB8000,UCM26-UCN26
9000,12,6.7907,1111,UCM26,S,15-Jun-2026,16:04:35,0,SGX,XOB8000,XOB8000,UCM26
9000,12,6.7778,1111,UCN26,B,13-Jul-2026,16:04:35,0,SGX,XOB8000,XOB8000,UCN26
9000,23,-0.0129,1111,UCM26-UCN26,B,15-Jun-2026,16:04:35,-0.0129,SGX,XOB8000,XOB8000,UCM26-UCN26
9000,23,6.7907,1111,UCM26,S,15-Jun-2026,16:04:35,0,SGX,XOB8000,XOB8000,UCM26
9000,23,6.7778,1111,UCN26,B,13-Jul-2026,16:04:35,0,SGX,XOB8000,XOB8000,UCN26
9000,70,-0.0129,1111,UCM26-UCN26,B,15-Jun-2026,16:04:35,-0.0129,SGX,XOB8000,XOB8000,UCM26-UCN26
9000,70,6.7907,1111,UCM26,S,15-Jun-2026,16:04:35,0,SGX,XOB8000,XOB8000,UCM26
9000,70,6.7778,1111,UCN26,B,13-Jul-2026,16:04:35,0,SGX,XOB8000,XOB8000,UCN26
9000,70,-0.0129,1111,UCM26-UCN26,S,15-Jun-2026,16:04:36,-0.0129,SGX,XOB8000,XOB8000,UCM26-UCN26
9000,70,6.7907,1111,UCM26,B,15-Jun-2026,16:04:36,0,SGX,XOB8000,XOB8000,UCM26
9000,70,6.7778,1111,UCN26,S,13-Jul-2026,16:04:36,0,SGX,XOB8000,XOB8000,UCN26
9000,35,-0.0129,1111,UCM26-UCN26,S,15-Jun-2026,16:04:36,-0.0129,SGX,XOB8000,XOB8000,UCM26-UCN26
9000,35,6.7907,1111,UCM26,B,15-Jun-2026,16:04:36,0,SGX,XOB8000,XOB8000,UCM26
9000,35,6.7778,1111,UCN26,S,13-Jul-2026,16:04:36,0,SGX,XOB8000,XOB8000,UCN26
9000,70,-0.0129,1111,UCM26-UCN26,B,15-Jun-2026,16:04:36,-0.0129,SGX,XOB8000,XOB8000,UCM26-UCN26
9000,70,6.7907,1111,UCM26,S,15-Jun-2026,16:04:36,0,SGX,XOB8000,XOB8000,UCM26
9000,70,6.7778,1111,UCN26,B,13-Jul-2026,16:04:36,0,SGX,XOB8000,XOB8000,UCN26
9000,35,-0.0129,1111,UCM26-UCN26,B,15-Jun-2026,16:04:36,-0.0129,SGX,XOB8000,XOB8000,UCM26-UCN26
9000,35,6.7907,1111,UCM26,S,15-Jun-2026,16:04:36,0,SGX,XOB8000,XOB8000,UCM26
9000,35,6.7778,1111,UCN26,B,13-Jul-2026,16:04:36,0,SGX,XOB8000,XOB8000,UCN26
9000,70,-0.0129,1111,UCM26-UCN26,S,15-Jun-2026,16:04:36,-0.0129,SGX,XOB8000,XOB8000,UCM26-UCN26
9000,70,6.7907,1111,UCM26,B,15-Jun-2026,16:04:36,0,SGX,XOB8000,XOB8000,UCM26
9000,70,6.7778,1111,UCN26,S,13-Jul-2026,16:04:36,0,SGX,XOB8000,XOB8000,UCN26
9000,35,-0.0129,1111,UCM26-UCN26,S,15-Jun-2026,16:04:36,-0.0129,SGX,XOB8000,XOB8000,UCM26-UCN26
9000,35,6.7907,1111,UCM26,B,15-Jun-2026,16:04:36,0,SGX,XOB8000,XOB8000,UCM26
9000,35,6.7778,1111,UCN26,S,13-Jul-2026,16:04:36,0,SGX,XOB8000,XOB8000,UCN26
9000,2,-0.0129,1111,UCM26-UCN26,B,15-Jun-2026,16:04:36,-0.0129,SGX,XOB8000,XOB8000,UCM26-UCN26
9000,2,6.7907,1111,UCM26,S,15-Jun-2026,16:04:36,0,SGX,XOB8000,XOB8000,UCM26
9000,2,6.7778,1111,UCN26,B,13-Jul-2026,16:04:36,0,SGX,XOB8000,XOB8000,UCN26
9000,68,-0.0129,1111,UCM26-UCN26,B,15-Jun-2026,16:04:40,-0.0129,SGX,XOB8000,XOB8000,UCM26-UCN26
9000,68,6.7907,1111,UCM26,S,15-Jun-2026,16:04:40,0,SGX,XOB8000,XOB8000,UCM26
9000,68,6.7778,1111,UCN26,B,13-Jul-2026,16:04:40,0,SGX,XOB8000,XOB8000,UCN26
9000,35,-0.0129,1111,UCM26-UCN26,B,15-Jun-2026,16:04:40,-0.0129,SGX,XOB8000,XOB8000,UCM26-UCN26
9000,35,6.7907,1111,UCM26,S,15-Jun-2026,16:04:40,0,SGX,XOB8000,XOB8000,UCM26
9000,35,6.7778,1111,UCN26,B,13-Jul-2026,16:04:40,0,SGX,XOB8000,XOB8000,UCN26
9000,97,-0.0129,1111,UCM26-UCN26,B,15-Jun-2026,16:04:40,-0.0129,SGX,XOB8000,XOB8000,UCM26-UCN26
9000,97,6.7907,1111,UCM26,S,15-Jun-2026,16:04:40,0,SGX,XOB8000,XOB8000,UCM26
9000,97,6.7778,1111,UCN26,B,13-Jul-2026,16:04:40,0,SGX,XOB8000,XOB8000,UCN26
9000,3,-0.0129,1111,UCM26-UCN26,B,15-Jun-2026,16:04:41,-0.0129,SGX,XOB8000,XOB8000,UCM26-UCN26
9000,3,6.7907,1111,UCM26,S,15-Jun-2026,16:04:41,0,SGX,XOB8000,XOB8000,UCM26
9000,3,6.7778,1111,UCN26,B,13-Jul-2026,16:04:41,0,SGX,XOB8000,XOB8000,UCN26
9000,35,-0.0129,1111,UCM26-UCN26,B,15-Jun-2026,16:04:41,-0.0129,SGX,XOB8000,XOB8000,UCM26-UCN26
9000,35,6.7907,1111,UCM26,S,15-Jun-2026,16:04:41,0,SGX,XOB8000,XOB8000,UCM26
9000,35,6.7778,1111,UCN26,B,13-Jul-2026,16:04:41,0,SGX,XOB8000,XOB8000,UCN26
9000,70,-0.0129,1111,UCM26-UCN26,B,15-Jun-2026,16:04:41,-0.0129,SGX,XOB8000,XOB8000,UCM26-UCN26
9000,70,6.7907,1111,UCM26,S,15-Jun-2026,16:04:41,0,SGX,XOB8000,XOB8000,UCM26
9000,70,6.7778,1111,UCN26,B,13-Jul-2026,16:04:41,0,SGX,XOB8000,XOB8000,UCN26
9000,35,-0.0129,1111,UCM26-UCN26,S,15-Jun-2026,16:04:41,-0.0129,SGX,XOB8000,XOB8000,UCM26-UCN26
9000,35,6.7907,1111,UCM26,B,15-Jun-2026,16:04:41,0,SGX,XOB8000,XOB8000,UCM26
9000,35,6.7778,1111,UCN26,S,13-Jul-2026,16:04:41,0,SGX,XOB8000,XOB8000,UCN26
9000,70,-0.0129,1111,UCM26-UCN26,S,15-Jun-2026,16:04:41,-0.0129,SGX,XOB8000,XOB8000,UCM26-UCN26
9000,70,6.7907,1111,UCM26,B,15-Jun-2026,16:04:41,0,SGX,XOB8000,XOB8000,UCM26
9000,70,6.7778,1111,UCN26,S,13-Jul-2026,16:04:41,0,SGX,XOB8000,XOB8000,UCN26
9000,100,-0.0129,1111,UCM26-UCN26,B,15-Jun-2026,16:04:41,-0.0129,SGX,XOB8000,XOB8000,UCM26-UCN26
9000,100,6.7907,1111,UCM26,S,15-Jun-2026,16:04:41,0,SGX,XOB8000,XOB8000,UCM26
9000,100,6.7778,1111,UCN26,B,13-Jul-2026,16:04:41,0,SGX,XOB8000,XOB8000,UCN26
9000,70,-0.0129,1111,UCM26-UCN26,B,15-Jun-2026,16:04:41,-0.0129,SGX,XOB8000,XOB8000,UCM26-UCN26
9000,70,6.7907,1111,UCM26,S,15-Jun-2026,16:04:41,0,SGX,XOB8000,XOB8000,UCM26
9000,70,6.7778,1111,UCN26,B,13-Jul-2026,16:04:41,0,SGX,XOB8000,XOB8000,UCN26
9000,30,-0.0129,1111,UCM26-UCN26,B,15-Jun-2026,16:04:41,-0.0129,SGX,XOB8000,XOB8000,UCM26-UCN26
9000,30,6.7907,1111,UCM26,S,15-Jun-2026,16:04:41,0,SGX,XOB8000,XOB8000,UCM26
9000,30,6.7778,1111,UCN26,B,13-Jul-2026,16:04:41,0,SGX,XOB8000,XOB8000,UCN26
9000,70,-0.0129,1111,UCM26-UCN26,S,15-Jun-2026,16:04:41,-0.0129,SGX,XOB8000,XOB8000,UCM26-UCN26
9000,70,6.7907,1111,UCM26,B,15-Jun-2026,16:04:41,0,SGX,XOB8000,XOB8000,UCM26
9000,70,6.7778,1111,UCN26,S,13-Jul-2026,16:04:41,0,SGX,XOB8000,XOB8000,UCN26
9000,5,-0.0129,1111,UCM26-UCN26,B,15-Jun-2026,16:04:41,-0.0129,SGX,XOB8000,XOB8000,UCM26-UCN26
9000,5,6.7907,1111,UCM26,S,15-Jun-2026,16:04:41,0,SGX,XOB8000,XOB8000,UCM26
9000,5,6.7778,1111,UCN26,B,13-Jul-2026,16:04:41,0,SGX,XOB8000,XOB8000,UCN26
9000,70,-0.0129,1111,UCM26-UCN26,B,15-Jun-2026,16:04:41,-0.0129,SGX,XOB8000,XOB8000,UCM26-UCN26
9000,70,6.7907,1111,UCM26,S,15-Jun-2026,16:04:41,0,SGX,XOB8000,XOB8000,UCM26
9000,70,6.7778,1111,UCN26,B,13-Jul-2026,16:04:41,0,SGX,XOB8000,XOB8000,UCN26
9000,25,-0.0129,1111,UCM26-UCN26,S,15-Jun-2026,16:04:41,-0.0129,SGX,XOB8000,XOB8000,UCM26-UCN26
9000,25,6.7907,1111,UCM26,B,15-Jun-2026,16:04:41,0,SGX,XOB8000,XOB8000,UCM26
9000,25,6.7778,1111,UCN26,S,13-Jul-2026,16:04:41,0,SGX,XOB8000,XOB8000,UCN26
9000,10,-0.0129,1111,UCM26-UCN26,S,15-Jun-2026,16:04:42,-0.0129,SGX,XOB8000,XOB8000,UCM26-UCN26
9000,10,6.7907,1111,UCM26,B,15-Jun-2026,16:04:42,0,SGX,XOB8000,XOB8000,UCM26
9000,10,6.7778,1111,UCN26,S,13-Jul-2026,16:04:42,0,SGX,XOB8000,XOB8000,UCN26
9000,70,-0.0129,1111,UCM26-UCN26,S,15-Jun-2026,16:04:42,-0.0129,SGX,XOB8000,XOB8000,UCM26-UCN26
9000,70,6.7907,1111,UCM26,B,15-Jun-2026,16:04:42,0,SGX,XOB8000,XOB8000,UCM26
9000,70,6.7778,1111,UCN26,S,13-Jul-2026,16:04:42,0,SGX,XOB8000,XOB8000,UCN26
9000,35,-0.0129,1111,UCM26-UCN26,B,15-Jun-2026,16:04:42,-0.0129,SGX,XOB8000,XOB8000,UCM26-UCN26
9000,35,6.7907,1111,UCM26,S,15-Jun-2026,16:04:42,0,SGX,XOB8000,XOB8000,UCM26
9000,35,6.7778,1111,UCN26,B,13-Jul-2026,16:04:42,0,SGX,XOB8000,XOB8000,UCN26
9000,70,-0.0129,1111,UCM26-UCN26,B,15-Jun-2026,16:04:42,-0.0129,SGX,XOB8000,XOB8000,UCM26-UCN26
9000,70,6.7907,1111,UCM26,S,15-Jun-2026,16:04:42,0,SGX,XOB8000,XOB8000,UCM26
9000,70,6.7778,1111,UCN26,B,13-Jul-2026,16:04:42,0,SGX,XOB8000,XOB8000,UCN26
9000,35,-0.0129,1111,UCM26-UCN26,S,15-Jun-2026,16:04:42,-0.0129,SGX,XOB8000,XOB8000,UCM26-UCN26
9000,35,6.7907,1111,UCM26,B,15-Jun-2026,16:04:42,0,SGX,XOB8000,XOB8000,UCM26
9000,35,6.7778,1111,UCN26,S,13-Jul-2026,16:04:42,0,SGX,XOB8000,XOB8000,UCN26
9000,70,-0.0129,1111,UCM26-UCN26,S,15-Jun-2026,16:04:42,-0.0129,SGX,XOB8000,XOB8000,UCM26-UCN26
9000,70,6.7907,1111,UCM26,B,15-Jun-2026,16:04:42,0,SGX,XOB8000,XOB8000,UCM26
9000,70,6.7778,1111,UCN26,S,13-Jul-2026,16:04:42,0,SGX,XOB8000,XOB8000,UCN26
9000,35,-0.0129,1111,UCM26-UCN26,B,15-Jun-2026,16:04:42,-0.0129,SGX,XOB8000,XOB8000,UCM26-UCN26
9000,35,6.7907,1111,UCM26,S,15-Jun-2026,16:04:42,0,SGX,XOB8000,XOB8000,UCM26
9000,35,6.7778,1111,UCN26,B,13-Jul-2026,16:04:42,0,SGX,XOB8000,XOB8000,UCN26
9000,70,-0.0129,1111,UCM26-UCN26,B,15-Jun-2026,16:04:42,-0.0129,SGX,XOB8000,XOB8000,UCM26-UCN26
9000,70,6.7907,1111,UCM26,S,15-Jun-2026,16:04:42,0,SGX,XOB8000,XOB8000,UCM26
9000,70,6.7778,1111,UCN26,B,13-Jul-2026,16:04:42,0,SGX,XOB8000,XOB8000,UCN26
9000,15,-0.0129,1111,UCM26-UCN26,S,15-Jun-2026,16:04:42,-0.0129,SGX,XOB8000,XOB8000,UCM26-UCN26
9000,15,6.7907,1111,UCM26,B,15-Jun-2026,16:04:42,0,SGX,XOB8000,XOB8000,UCM26
9000,15,6.7778,1111,UCN26,S,13-Jul-2026,16:04:42,0,SGX,XOB8000,XOB8000,UCN26
9000,20,-0.0129,1111,UCM26-UCN26,S,15-Jun-2026,16:04:43,-0.0129,SGX,XOB8000,XOB8000,UCM26-UCN26
9000,20,6.7907,1111,UCM26,B,15-Jun-2026,16:04:43,0,SGX,XOB8000,XOB8000,UCM26
9000,20,6.7778,1111,UCN26,S,13-Jul-2026,16:04:43,0,SGX,XOB8000,XOB8000,UCN26
9000,70,-0.0129,1111,UCM26-UCN26,S,15-Jun-2026,16:04:43,-0.0129,SGX,XOB8000,XOB8000,UCM26-UCN26
9000,70,6.7907,1111,UCM26,B,15-Jun-2026,16:04:43,0,SGX,XOB8000,XOB8000,UCM26
9000,70,6.7778,1111,UCN26,S,13-Jul-2026,16:04:43,0,SGX,XOB8000,XOB8000,UCN26
9000,5,-0.0129,1111,UCM26-UCN26,S,15-Jun-2026,16:04:43,-0.0129,SGX,XOB8000,XOB8000,UCM26-UCN26
9000,5,6.7906,1111,UCM26,B,15-Jun-2026,16:04:43,0,SGX,XOB8000,XOB8000,UCM26
9000,5,6.7777,1111,UCN26,S,13-Jul-2026,16:04:43,0,SGX,XOB8000,XOB8000,UCN26
9000,70,-0.0129,1111,UCM26-UCN26,B,15-Jun-2026,16:04:42,-0.0129,SGX,XOB8000,XOB8000,UCM26-UCN26
9000,70,6.7905,1111,UCM26,S,15-Jun-2026,16:04:42,0,SGX,XOB8000,XOB8000,UCM26
9000,70,6.7776,1111,UCN26,B,13-Jul-2026,16:04:42,0,SGX,XOB8000,XOB8000,UCN26
9000,35,-0.0129,1111,UCM26-UCN26,B,15-Jun-2026,16:04:42,-0.0129,SGX,XOB8000,XOB8000,UCM26-UCN26
9000,35,6.7905,1111,UCM26,S,15-Jun-2026,16:04:42,0,SGX,XOB8000,XOB8000,UCM26
9000,35,6.7776,1111,UCN26,B,13-Jul-2026,16:04:42,0,SGX,XOB8000,XOB8000,UCN26
9000,70,-0.0129,1111,UCM26-UCN26,S,15-Jun-2026,16:04:43,-0.0129,SGX,XOB8000,XOB8000,UCM26-UCN26
9000,70,6.7905,1111,UCM26,B,15-Jun-2026,16:04:43,0,SGX,XOB8000,XOB8000,UCM26
9000,70,6.7776,1111,UCN26,S,13-Jul-2026,16:04:43,0,SGX,XOB8000,XOB8000,UCN26
9000,35,-0.0129,1111,UCM26-UCN26,S,15-Jun-2026,16:04:43,-0.0129,SGX,XOB8000,XOB8000,UCM26-UCN26
9000,35,6.7905,1111,UCM26,B,15-Jun-2026,16:04:43,0,SGX,XOB8000,XOB8000,UCM26
9000,35,6.7776,1111,UCN26,S,13-Jul-2026,16:04:43,0,SGX,XOB8000,XOB8000,UCN26
9000,70,-0.0129,1111,UCM26-UCN26,B,15-Jun-2026,16:04:43,-0.0129,SGX,XOB8000,XOB8000,UCM26-UCN26
9000,70,6.7905,1111,UCM26,S,15-Jun-2026,16:04:43,0,SGX,XOB8000,XOB8000,UCM26
9000,70,6.7776,1111,UCN26,B,13-Jul-2026,16:04:43,0,SGX,XOB8000,XOB8000,UCN26
9000,70,-0.0129,1111,UCM26-UCN26,S,15-Jun-2026,16:04:43,-0.0129,SGX,XOB8000,XOB8000,UCM26-UCN26
9000,70,6.7905,1111,UCM26,B,15-Jun-2026,16:04:43,0,SGX,XOB8000,XOB8000,UCM26
9000,70,6.7776,1111,UCN26,S,13-Jul-2026,16:04:43,0,SGX,XOB8000,XOB8000,UCN26
9000,70,-0.0129,1111,UCM26-UCN26,B,15-Jun-2026,16:04:43,-0.0129,SGX,XOB8000,XOB8000,UCM26-UCN26
9000,70,6.7905,1111,UCM26,S,15-Jun-2026,16:04:43,0,SGX,XOB8000,XOB8000,UCM26
9000,70,6.7776,1111,UCN26,B,13-Jul-2026,16:04:43,0,SGX,XOB8000,XOB8000,UCN26
9000,35,-0.0129,1111,UCM26-UCN26,B,15-Jun-2026,16:04:43,-0.0129,SGX,XOB8000,XOB8000,UCM26-UCN26
9000,35,6.7905,1111,UCM26,S,15-Jun-2026,16:04:43,0,SGX,XOB8000,XOB8000,UCM26
9000,35,6.7776,1111,UCN26,B,13-Jul-2026,16:04:43,0,SGX,XOB8000,XOB8000,UCN26
9000,70,-0.0129,1111,UCM26-UCN26,S,15-Jun-2026,16:04:43,-0.0129,SGX,XOB8000,XOB8000,UCM26-UCN26
9000,70,6.7905,1111,UCM26,B,15-Jun-2026,16:04:43,0,SGX,XOB8000,XOB8000,UCM26
9000,70,6.7776,1111,UCN26,S,13-Jul-2026,16:04:43,0,SGX,XOB8000,XOB8000,UCN26
9000,35,-0.0129,1111,UCM26-UCN26,S,15-Jun-2026,16:04:43,-0.0129,SGX,XOB8000,XOB8000,UCM26-UCN26
9000,35,6.7905,1111,UCM26,B,15-Jun-2026,16:04:43,0,SGX,XOB8000,XOB8000,UCM26
9000,35,6.7776,1111,UCN26,S,13-Jul-2026,16:04:43,0,SGX,XOB8000,XOB8000,UCN26
9000,25,-0.0129,1111,UCM26-UCN26,S,15-Jun-2026,16:04:43,-0.0129,SGX,XOB8000,XOB8000,UCM26-UCN26
9000,25,6.7905,1111,UCM26,B,15-Jun-2026,16:04:43,0,SGX,XOB8000,XOB8000,UCM26
9000,25,6.7776,1111,UCN26,S,13-Jul-2026,16:04:43,0,SGX,XOB8000,XOB8000,UCN26
9000,175,-0.0129,1111,UCM26-UCN26,S,15-Jun-2026,16:04:43,-0.0129,SGX,XOB8000,XOB8000,UCM26-UCN26
9000,175,6.7905,1111,UCM26,B,15-Jun-2026,16:04:43,0,SGX,XOB8000,XOB8000,UCM26
9000,175,6.7776,1111,UCN26,S,13-Jul-2026,16:04:43,0,SGX,XOB8000,XOB8000,UCN26
9000,35,-0.0129,1111,UCM26-UCN26,B,15-Jun-2026,16:04:43,-0.0129,SGX,XOB8000,XOB8000,UCM26-UCN26
9000,35,6.7905,1111,UCM26,S,15-Jun-2026,16:04:43,0,SGX,XOB8000,XOB8000,UCM26
9000,35,6.7776,1111,UCN26,B,13-Jul-2026,16:04:43,0,SGX,XOB8000,XOB8000,UCN26
9000,70,-0.0129,1111,UCM26-UCN26,B,15-Jun-2026,16:04:43,-0.0129,SGX,XOB8000,XOB8000,UCM26-UCN26
9000,70,6.7905,1111,UCM26,S,15-Jun-2026,16:04:43,0,SGX,XOB8000,XOB8000,UCM26
9000,70,6.7776,1111,UCN26,B,13-Jul-2026,16:04:43,0,SGX,XOB8000,XOB8000,UCN26
9000,25,-0.0129,1111,UCM26-UCN26,S,15-Jun-2026,16:04:43,-0.0129,SGX,XOB8000,XOB8000,UCM26-UCN26
9000,25,6.7905,1111,UCM26,B,15-Jun-2026,16:04:43,0,SGX,XOB8000,XOB8000,UCM26
9000,25,6.7776,1111,UCN26,S,13-Jul-2026,16:04:43,0,SGX,XOB8000,XOB8000,UCN26
9000,10,-0.0129,1111,UCM26-UCN26,S,15-Jun-2026,16:04:44,-0.0129,SGX,XOB8000,XOB8000,UCM26-UCN26
9000,10,6.7905,1111,UCM26,B,15-Jun-2026,16:04:44,0,SGX,XOB8000,XOB8000,UCM26
9000,10,6.7776,1111,UCN26,S,13-Jul-2026,16:04:44,0,SGX,XOB8000,XOB8000,UCN26
9000,70,-0.0129,1111,UCM26-UCN26,S,15-Jun-2026,16:04:44,-0.0129,SGX,XOB8000,XOB8000,UCM26-UCN26
9000,70,6.7905,1111,UCM26,B,15-Jun-2026,16:04:44,0,SGX,XOB8000,XOB8000,UCM26
9000,70,6.7776,1111,UCN26,S,13-Jul-2026,16:04:44,0,SGX,XOB8000,XOB8000,UCN26
9000,120,-0.0129,1111,UCM26-UCN26,S,15-Jun-2026,16:04:44,-0.0129,SGX,XOB8000,XOB8000,UCM26-UCN26
9000,120,6.7905,1111,UCM26,B,15-Jun-2026,16:04:44,0,SGX,XOB8000,XOB8000,UCM26
9000,120,6.7776,1111,UCN26,S,13-Jul-2026,16:04:44,0,SGX,XOB8000,XOB8000,UCN26
9000,80,-0.0129,1111,UCM26-UCN26,S,15-Jun-2026,16:04:49,-0.0129,SGX,XOB8000,XOB8000,UCM26-UCN26
9000,80,6.7905,1111,UCM26,B,15-Jun-2026,16:04:49,0,SGX,XOB8000,XOB8000,UCM26
9000,80,6.7776,1111,UCN26,S,13-Jul-2026,16:04:49,0,SGX,XOB8000,XOB8000,UCN26
9000,35,-0.0129,1111,UCM26-UCN26,S,15-Jun-2026,16:04:49,-0.0129,SGX,XOB8000,XOB8000,UCM26-UCN26
9000,35,6.7905,1111,UCM26,B,15-Jun-2026,16:04:49,0,SGX,XOB8000,XOB8000,UCM26
9000,35,6.7776,1111,UCN26,S,13-Jul-2026,16:04:49,0,SGX,XOB8000,XOB8000,UCN26
9000,70,-0.0129,1111,UCM26-UCN26,S,15-Jun-2026,16:04:49,-0.0129,SGX,XOB8000,XOB8000,UCM26-UCN26
9000,70,6.7905,1111,UCM26,B,15-Jun-2026,16:04:49,0,SGX,XOB8000,XOB8000,UCM26
9000,70,6.7776,1111,UCN26,S,13-Jul-2026,16:04:49,0,SGX,XOB8000,XOB8000,UCN26
9000,15,-0.0129,1111,UCM26-UCN26,S,15-Jun-2026,16:04:49,-0.0129,SGX,XOB8000,XOB8000,UCM26-UCN26
9000,15,6.7905,1111,UCM26,B,15-Jun-2026,16:04:49,0,SGX,XOB8000,XOB8000,UCM26
9000,15,6.7776,1111,UCN26,S,13-Jul-2026,16:04:49,0,SGX,XOB8000,XOB8000,UCN26
9000,35,-0.0129,1111,UCM26-UCN26,B,15-Jun-2026,16:04:49,-0.0129,SGX,XOB8000,XOB8000,UCM26-UCN26
9000,35,6.7905,1111,UCM26,S,15-Jun-2026,16:04:49,0,SGX,XOB8000,XOB8000,UCM26
9000,35,6.7776,1111,UCN26,B,13-Jul-2026,16:04:49,0,SGX,XOB8000,XOB8000,UCN26
9000,70,-0.0129,1111,UCM26-UCN26,B,15-Jun-2026,16:04:49,-0.0129,SGX,XOB8000,XOB8000,UCM26-UCN26
9000,70,6.7905,1111,UCM26,S,15-Jun-2026,16:04:49,0,SGX,XOB8000,XOB8000,UCM26
9000,70,6.7776,1111,UCN26,B,13-Jul-2026,16:04:49,0,SGX,XOB8000,XOB8000,UCN26
9000,85,-0.0129,1111,UCM26-UCN26,S,15-Jun-2026,16:04:50,-0.0129,SGX,XOB8000,XOB8000,UCM26-UCN26
9000,85,6.7905,1111,UCM26,B,15-Jun-2026,16:04:50,0,SGX,XOB8000,XOB8000,UCM26
9000,85,6.7776,1111,UCN26,S,13-Jul-2026,16:04:50,0,SGX,XOB8000,XOB8000,UCN26
9000,115,-0.0129,1111,UCM26-UCN26,S,15-Jun-2026,16:04:50,-0.0129,SGX,XOB8000,XOB8000,UCM26-UCN26
9000,115,6.7905,1111,UCM26,B,15-Jun-2026,16:04:50,0,SGX,XOB8000,XOB8000,UCM26
9000,115,6.7776,1111,UCN26,S,13-Jul-2026,16:04:50,0,SGX,XOB8000,XOB8000,UCN26
9000,85,-0.0129,1111,UCM26-UCN26,S,15-Jun-2026,16:04:50,-0.0129,SGX,XOB8000,XOB8000,UCM26-UCN26
9000,85,6.7905,1111,UCM26,B,15-Jun-2026,16:04:50,0,SGX,XOB8000,XOB8000,UCM26
9000,85,6.7776,1111,UCN26,S,13-Jul-2026,16:04:50,0,SGX,XOB8000,XOB8000,UCN26
9000,18,-0.0129,1111,UCM26-UCN26,S,15-Jun-2026,16:04:50,-0.0129,SGX,XOB8000,XOB8000,UCM26-UCN26
9000,18,6.7905,1111,UCM26,B,15-Jun-2026,16:04:50,0,SGX,XOB8000,XOB8000,UCM26
9000,18,6.7776,1111,UCN26,S,13-Jul-2026,16:04:50,0,SGX,XOB8000,XOB8000,UCN26
9000,35,-0.0129,1111,UCM26-UCN26,S,15-Jun-2026,16:04:50,-0.0129,SGX,XOB8000,XOB8000,UCM26-UCN26
9000,35,6.7905,1111,UCM26,B,15-Jun-2026,16:04:50,0,SGX,XOB8000,XOB8000,UCM26
9000,35,6.7776,1111,UCN26,S,13-Jul-2026,16:04:50,0,SGX,XOB8000,XOB8000,UCN26
9000,62,-0.0129,1111,UCM26-UCN26,S,15-Jun-2026,16:04:50,-0.0129,SGX,XOB8000,XOB8000,UCM26-UCN26
9000,62,6.7905,1111,UCM26,B,15-Jun-2026,16:04:50,0,SGX,XOB8000,XOB8000,UCM26
9000,62,6.7776,1111,UCN26,S,13-Jul-2026,16:04:50,0,SGX,XOB8000,XOB8000,UCN26
9000,35,-0.0129,1111,UCM26-UCN26,B,15-Jun-2026,16:04:50,-0.0129,SGX,XOB8000,XOB8000,UCM26-UCN26
9000,35,6.7905,1111,UCM26,S,15-Jun-2026,16:04:50,0,SGX,XOB8000,XOB8000,UCM26
9000,35,6.7776,1111,UCN26,B,13-Jul-2026,16:04:50,0,SGX,XOB8000,XOB8000,UCN26
9000,60,-0.0129,1111,UCM26-UCN26,B,15-Jun-2026,16:04:54,-0.0129,SGX,XOB8000,XOB8000,UCM26-UCN26
9000,60,6.7906,1111,UCM26,S,15-Jun-2026,16:04:54,0,SGX,XOB8000,XOB8000,UCM26
9000,60,6.7777,1111,UCN26,B,13-Jul-2026,16:04:54,0,SGX,XOB8000,XOB8000,UCN26
9000,41,-0.0129,1111,UCM26-UCN26,B,15-Jun-2026,16:04:54,-0.0129,SGX,XOB8000,XOB8000,UCM26-UCN26
9000,41,6.7906,1111,UCM26,S,15-Jun-2026,16:04:54,0,SGX,XOB8000,XOB8000,UCM26
9000,41,6.7777,1111,UCN26,B,13-Jul-2026,16:04:54,0,SGX,XOB8000,XOB8000,UCN26
9000,101,-0.0129,1111,UCM26-UCN26,B,15-Jun-2026,16:04:57,-0.0129,SGX,XOB8000,XOB8000,UCM26-UCN26
9000,101,6.7906,1111,UCM26,S,15-Jun-2026,16:04:57,0,SGX,XOB8000,XOB8000,UCM26
9000,101,6.7777,1111,UCN26,B,13-Jul-2026,16:04:57,0,SGX,XOB8000,XOB8000,UCN26
9000,58,-0.0129,1111,UCM26-UCN26,B,15-Jun-2026,16:04:59,-0.0129,SGX,XOB8000,XOB8000,UCM26-UCN26
9000,58,6.7906,1111,UCM26,S,15-Jun-2026,16:04:59,0,SGX,XOB8000,XOB8000,UCM26
9000,58,6.7777,1111,UCN26,B,13-Jul-2026,16:04:59,0,SGX,XOB8000,XOB8000,UCN26
9000,43,-0.0129,1111,UCM26-UCN26,B,15-Jun-2026,16:04:59,-0.0129,SGX,XOB8000,XOB8000,UCM26-UCN26
9000,43,6.7906,1111,UCM26,S,15-Jun-2026,16:04:59,0,SGX,XOB8000,XOB8000,UCM26
9000,43,6.7777,1111,UCN26,B,13-Jul-2026,16:04:59,0,SGX,XOB8000,XOB8000,UCN26
9816,30,103.750,1111,IUK26,B,26-May-2026,16:05:08,103.75,SGX,XOF8016,XOF8016,IUK26
9000,101,-0.0129,1111,UCM26-UCN26,B,15-Jun-2026,16:05:12,-0.0129,SGX,XOB8000,XOB8000,UCM26-UCN26
9000,101,6.7906,1111,UCM26,S,15-Jun-2026,16:05:12,0,SGX,XOB8000,XOB8000,UCM26
9000,101,6.7777,1111,UCN26,B,13-Jul-2026,16:05:12,0,SGX,XOB8000,XOB8000,UCN26
9000,56,-0.0129,1111,UCM26-UCN26,B,15-Jun-2026,16:05:15,-0.0129,SGX,XOB8000,XOB8000,UCM26-UCN26
9000,56,6.7906,1111,UCM26,S,15-Jun-2026,16:05:15,0,SGX,XOB8000,XOB8000,UCM26
9000,56,6.7777,1111,UCN26,B,13-Jul-2026,16:05:15,0,SGX,XOB8000,XOB8000,UCN26
9000,45,-0.0129,1111,UCM26-UCN26,B,15-Jun-2026,16:05:15,-0.0129,SGX,XOB8000,XOB8000,UCM26-UCN26
9000,45,6.7906,1111,UCM26,S,15-Jun-2026,16:05:15,0,SGX,XOB8000,XOB8000,UCM26
9000,45,6.7777,1111,UCN26,B,13-Jul-2026,16:05:15,0,SGX,XOB8000,XOB8000,UCN26
9816,23,103.770,1111,IUK26,S,26-May-2026,16:06:45,103.77,SGX,XOF8016,XOF8016,IUK26
9816,7,103.770,1111,IUK26,S,26-May-2026,16:06:45,103.77,SGX,XOF8016,XOF8016,IUK26
9816,30,103.770,1111,IUK26,B,26-May-2026,16:22:25,103.77,SGX,XOF8016,XOF8016,IUK26
9000,4,-0.0129,1111,UCM26-UCN26,B,15-Jun-2026,16:27:37,-0.0129,SGX,XOB8000,XOB8000,UCM26-UCN26
9000,4,6.7906,1111,UCM26,S,15-Jun-2026,16:27:37,0,SGX,XOB8000,XOB8000,UCM26
9000,4,6.7777,1111,UCN26,B,13-Jul-2026,16:27:37,0,SGX,XOB8000,XOB8000,UCN26
9816,7,103.740,1111,IUK26,S,26-May-2026,16:32:55,103.74,SGX,XOF8016,XOF8016,IUK26
9816,23,103.740,1111,IUK26,S,26-May-2026,16:32:55,103.74,SGX,XOF8016,XOF8016,IUK26
9816,30,103.750,1111,IUK26,S,26-May-2026,16:38:50,103.75,SGX,XOF8016,XOF8016,IUK26
9816,8,103.750,1111,IUK26,B,26-May-2026,16:39:10,103.76,SGX,XOF8016,XOF8016,IUK26
9816,10,103.750,1111,IUK26,B,26-May-2026,16:39:10,103.76,SGX,XOF8016,XOF8016,IUK26
9816,9,103.750,1111,IUK26,B,26-May-2026,16:39:10,103.76,SGX,XOF8016,XOF8016,IUK26
9816,3,103.750,1111,IUK26,B,26-May-2026,16:39:10,103.76,SGX,XOF8016,XOF8016,IUK26
9816,9,103.750,1111,IUK26,B,26-May-2026,16:39:11,103.75,SGX,XOF8016,XOF8016,IUK26
9816,21,103.750,1111,IUK26,B,26-May-2026,16:39:11,103.75,SGX,XOF8016,XOF8016,IUK26
9816,90,103.740,1111,IUK26,B,26-May-2026,16:39:52,103.72,SGX,XOF8016,XOF8016,IUK26
9816,90,103.740,1111,IUK26,B,26-May-2026,16:39:52,103.72,SGX,XOF8016,XOF8016,IUK26
9816,60,103.730,1111,IUK26,B,26-May-2026,16:39:53,103.72,SGX,XOF8016,XOF8016,IUK26
9816,30,103.730,1111,IUK26,B,26-May-2026,16:39:53,103.72,SGX,XOF8016,XOF8016,IUK26
9816,75,103.730,1111,IUK26,B,26-May-2026,16:39:53,103.72,SGX,XOF8016,XOF8016,IUK26
9816,15,103.730,1111,IUK26,B,26-May-2026,16:39:53,103.72,SGX,XOF8016,XOF8016,IUK26
9000,1,-0.0129,1111,UCM26-UCN26,B,15-Jun-2026,16:39:53,-0.0129,SGX,XOB8000,XOB8000,UCM26-UCN26
9000,1,6.7925,1111,UCM26,S,15-Jun-2026,16:39:53,0,SGX,XOB8000,XOB8000,UCM26
9000,1,6.7796,1111,UCN26,B,13-Jul-2026,16:39:53,0,SGX,XOB8000,XOB8000,UCN26
9816,7,103.700,1111,IUK26,S,26-May-2026,16:40:38,103.7,SGX,XOF8016,XOF8016,IUK26
9816,5,103.700,1111,IUK26,S,26-May-2026,16:40:38,103.7,SGX,XOF8016,XOF8016,IUK26
9816,1,103.700,1111,IUK26,S,26-May-2026,16:40:38,103.7,SGX,XOF8016,XOF8016,IUK26
9816,77,103.700,1111,IUK26,S,26-May-2026,16:40:40,103.7,SGX,XOF8016,XOF8016,IUK26
9816,63,103.700,1111,IUK26,S,26-May-2026,16:41:08,103.7,SGX,XOF8016,XOF8016,IUK26
9816,25,103.700,1111,IUK26,S,26-May-2026,16:41:08,103.7,SGX,XOF8016,XOF8016,IUK26
9816,2,103.700,1111,IUK26,S,26-May-2026,16:41:08,103.7,SGX,XOF8016,XOF8016,IUK26
9816,19,103.700,1111,IUK26,S,26-May-2026,16:41:35,103.7,SGX,XOF8016,XOF8016,IUK26
9816,5,103.700,1111,IUK26,S,26-May-2026,16:41:35,103.7,SGX,XOF8016,XOF8016,IUK26
9816,66,103.700,1111,IUK26,S,26-May-2026,16:41:35,103.7,SGX,XOF8016,XOF8016,IUK26
9816,12,103.710,1111,IUK26,S,26-May-2026,16:43:05,103.71,SGX,XOF8016,XOF8016,IUK26
9816,78,103.710,1111,IUK26,S,26-May-2026,16:43:05,103.71,SGX,XOF8016,XOF8016,IUK26
9816,30,103.710,1111,IUK26,S,26-May-2026,16:43:16,103.71,SGX,XOF8016,XOF8016,IUK26
9816,2,103.770,1111,IUK26,S,26-May-2026,17:05:00,103.91,SGX,XOF8016,XOF8016,IUK26
9816,2,103.770,1111,IUK26,S,26-May-2026,17:05:00,103.91,SGX,XOF8016,XOF8016,IUK26
9816,4,103.770,1111,IUK26,S,26-May-2026,17:05:00,103.91,SGX,XOF8016,XOF8016,IUK26
9816,2,103.770,1111,IUK26,S,26-May-2026,17:05:00,103.91,SGX,XOF8016,XOF8016,IUK26
9813,8,-0.380,1111,IUK26-IUM26,S,26-May-2026,17:05:00,-0.38,SGX,XOF8013,XOF8013,IUK26-IUM26
9813,8,103.290,1111,IUM26,S,25-Jun-2026,17:05:00,103.3,SGX,XOF8013,XOF8013,IUM26
9813,8,103.670,1111,IUK26,B,26-May-2026,17:05:00,103.91,SGX,XOF8013,XOF8013,IUK26
9813,21,-0.380,1111,IUK26-IUM26,S,26-May-2026,17:05:00,-0.38,SGX,XOF8013,XOF8013,IUK26-IUM26
9813,21,103.290,1111,IUM26,S,25-Jun-2026,17:05:00,103.3,SGX,XOF8013,XOF8013,IUM26
9813,21,103.670,1111,IUK26,B,26-May-2026,17:05:00,103.91,SGX,XOF8013,XOF8013,IUK26
9000,4,-0.0129,1111,UCM26-UCN26,B,15-Jun-2026,17:09:09,-0.0129,SGX,XOB8000,XOB8000,UCM26-UCN26
9000,4,6.7892,1111,UCM26,S,15-Jun-2026,17:09:09,0,SGX,XOB8000,XOB8000,UCM26
9000,4,6.7763,1111,UCN26,B,13-Jul-2026,17:09:09,0,SGX,XOB8000,XOB8000,UCN26
9000,3,-0.0129,1111,UCM26-UCN26,B,15-Jun-2026,17:09:09,-0.0129,SGX,XOB8000,XOB8000,UCM26-UCN26
9000,3,6.7893,1111,UCM26,S,15-Jun-2026,17:09:09,0,SGX,XOB8000,XOB8000,UCM26
9000,3,6.7764,1111,UCN26,B,13-Jul-2026,17:09:09,0,SGX,XOB8000,XOB8000,UCN26
9000,1,-0.0129,1111,UCM26-UCN26,B,15-Jun-2026,17:09:09,-0.0129,SGX,XOB8000,XOB8000,UCM26-UCN26
9000,1,6.7893,1111,UCM26,S,15-Jun-2026,17:09:09,0,SGX,XOB8000,XOB8000,UCM26
9000,1,6.7764,1111,UCN26,B,13-Jul-2026,17:09:09,0,SGX,XOB8000,XOB8000,UCN26
9000,6,-0.0129,1111,UCM26-UCN26,B,15-Jun-2026,17:09:24,-0.0128,SGX,XOB8000,XOB8000,UCM26-UCN26
9000,6,6.7884,1111,UCM26,S,15-Jun-2026,17:09:24,0,SGX,XOB8000,XOB8000,UCM26
9000,6,6.7755,1111,UCN26,B,13-Jul-2026,17:09:24,0,SGX,XOB8000,XOB8000,UCN26
9000,5,-0.0129,1111,UCM26-UCN26,B,15-Jun-2026,17:09:27,-0.0129,SGX,XOB8000,XOB8000,UCM26-UCN26
9000,5,6.7886,1111,UCM26,S,15-Jun-2026,17:09:27,0,SGX,XOB8000,XOB8000,UCM26
9000,5,6.7757,1111,UCN26,B,13-Jul-2026,17:09:27,0,SGX,XOB8000,XOB8000,UCN26
9000,1,-0.0129,1111,UCM26-UCN26,B,15-Jun-2026,17:10:03,-0.0129,SGX,XOB8000,XOB8000,UCM26-UCN26
9000,1,6.7872,1111,UCM26,S,15-Jun-2026,17:10:03,0,SGX,XOB8000,XOB8000,UCM26
9000,1,6.7743,1111,UCN26,B,13-Jul-2026,17:10:03,0,SGX,XOB8000,XOB8000,UCN26
9000,4,-0.0129,1111,UCM26-UCN26,B,15-Jun-2026,17:10:07,-0.0129,SGX,XOB8000,XOB8000,UCM26-UCN26
9000,4,6.7874,1111,UCM26,S,15-Jun-2026,17:10:07,0,SGX,XOB8000,XOB8000,UCM26
9000,4,6.7745,1111,UCN26,B,13-Jul-2026,17:10:07,0,SGX,XOB8000,XOB8000,UCN26
9000,5,-0.0129,1111,UCM26-UCN26,B,15-Jun-2026,17:10:08,-0.0129,SGX,XOB8000,XOB8000,UCM26-UCN26
9000,5,6.7874,1111,UCM26,S,15-Jun-2026,17:10:08,0,SGX,XOB8000,XOB8000,UCM26
9000,5,6.7745,1111,UCN26,B,13-Jul-2026,17:10:08,0,SGX,XOB8000,XOB8000,UCN26
9000,1,-0.0129,1111,UCM26-UCN26,B,15-Jun-2026,17:10:08,-0.0129,SGX,XOB8000,XOB8000,UCM26-UCN26
9000,1,6.7874,1111,UCM26,S,15-Jun-2026,17:10:08,0,SGX,XOB8000,XOB8000,UCM26
9000,1,6.7745,1111,UCN26,B,13-Jul-2026,17:10:08,0,SGX,XOB8000,XOB8000,UCN26
9000,2,-0.0129,1111,UCM26-UCN26,B,15-Jun-2026,17:10:08,-0.0129,SGX,XOB8000,XOB8000,UCM26-UCN26
9000,2,6.7874,1111,UCM26,S,15-Jun-2026,17:10:08,0,SGX,XOB8000,XOB8000,UCM26
9000,2,6.7745,1111,UCN26,B,13-Jul-2026,17:10:08,0,SGX,XOB8000,XOB8000,UCN26
9000,6,-0.0129,1111,UCM26-UCN26,B,15-Jun-2026,17:10:28,-0.0129,SGX,XOB8000,XOB8000,UCM26-UCN26
9000,6,6.7872,1111,UCM26,S,15-Jun-2026,17:10:28,0,SGX,XOB8000,XOB8000,UCM26
9000,6,6.7743,1111,UCN26,B,13-Jul-2026,17:10:28,0,SGX,XOB8000,XOB8000,UCN26
9000,4,-0.0129,1111,UCM26-UCN26,B,15-Jun-2026,17:10:28,-0.0129,SGX,XOB8000,XOB8000,UCM26-UCN26
9000,4,6.7872,1111,UCM26,S,15-Jun-2026,17:10:28,0,SGX,XOB8000,XOB8000,UCM26
9000,4,6.7743,1111,UCN26,B,13-Jul-2026,17:10:28,0,SGX,XOB8000,XOB8000,UCN26
9819,1,103.82,1111,DINR,S,26-May-2026,17:11:24,103.82,DGCX,S-XOF8019,S-XOF8019,DINR-20260527
9819,2,103.82,1111,DINR,S,26-May-2026,17:11:38,103.82,DGCX,S-XOF8019,S-XOF8019,DINR-20260527
9000,2,-0.0129,1111,UCM26-UCN26,B,15-Jun-2026,17:12:05,-0.0129,SGX,XOB8000,XOB8000,UCM26-UCN26
9000,2,6.7864,1111,UCM26,S,15-Jun-2026,17:12:05,0,SGX,XOB8000,XOB8000,UCM26
9000,2,6.7735,1111,UCN26,B,13-Jul-2026,17:12:05,0,SGX,XOB8000,XOB8000,UCN26
9819,20,103.85,1111,DINR,S,26-May-2026,17:12:09,103.85,DGCX,S-XOF8019,S-XOF8019,DINR-20260527
9817,1,103.84,1111,DINR,S,26-May-2026,17:13:56,103.84,DGCX,S-XOF8017,S-XOF8017,DINR-20260527
9000,2,-0.0129,1111,UCM26-UCN26,B,15-Jun-2026,17:16:18,-0.0129,SGX,XOB8000,XOB8000,UCM26-UCN26
9000,2,6.7866,1111,UCM26,S,15-Jun-2026,17:16:18,0,SGX,XOB8000,XOB8000,UCM26
9000,2,6.7737,1111,UCN26,B,13-Jul-2026,17:16:18,0,SGX,XOB8000,XOB8000,UCN26
9000,2,-0.0129,1111,UCM26-UCN26,B,15-Jun-2026,17:16:39,-0.0129,SGX,XOB8000,XOB8000,UCM26-UCN26
9000,2,6.7865,1111,UCM26,S,15-Jun-2026,17:16:39,0,SGX,XOB8000,XOB8000,UCM26
9000,2,6.7736,1111,UCN26,B,13-Jul-2026,17:16:39,0,SGX,XOB8000,XOB8000,UCN26
9817,10,103.80,1111,DINR,S,26-May-2026,17:19:17,103.8,DGCX,S-XOF8017,S-XOF8017,DINR-20260527
9816,10,103.790,1111,IUK26,B,26-May-2026,17:20:00,103.77,SGX,XOF8016,XOF8016,IUK26
9816,10,103.770,1111,IUK26,B,26-May-2026,17:20:00,103.77,SGX,XOF8016,XOF8016,IUK26
9813,7,-0.380,1111,IUK26-IUM26,S,26-May-2026,17:20:02,-0.38,SGX,XOF8013,XOF8013,IUK26-IUM26
9813,7,103.770,1111,IUK26,B,26-May-2026,17:20:02,103.77,SGX,XOF8013,XOF8013,IUK26
9813,7,103.390,1111,IUM26,S,25-Jun-2026,17:20:02,103.39,SGX,XOF8013,XOF8013,IUM26
9819,23,103.78,1111,DINR,B,26-May-2026,17:20:36,103.78,DGCX,S-XOF8019,S-XOF8019,DINR-20260527
9816,10,103.780,1111,IUK26,S,26-May-2026,17:20:42,103.79,SGX,XOF8016,XOF8016,IUK26
9813,2,-0.380,1111,IUK26-IUM26,S,26-May-2026,17:20:59,-0.38,SGX,XOF8013,XOF8013,IUK26-IUM26
9813,2,103.770,1111,IUK26,B,26-May-2026,17:20:59,103.77,SGX,XOF8013,XOF8013,IUK26
9813,2,103.390,1111,IUM26,S,25-Jun-2026,17:20:59,103.39,SGX,XOF8013,XOF8013,IUM26
9817,11,103.78,1111,DINR,B,26-May-2026,17:21:24,103.78,DGCX,S-XOF8017,S-XOF8017,DINR-20260527
9813,11,-0.380,1111,IUK26-IUM26,S,26-May-2026,17:21:51,-0.38,SGX,XOF8013,XOF8013,IUK26-IUM26
9813,11,103.770,1111,IUK26,B,26-May-2026,17:21:51,103.77,SGX,XOF8013,XOF8013,IUK26
9813,11,103.390,1111,IUM26,S,25-Jun-2026,17:21:51,103.39,SGX,XOF8013,XOF8013,IUM26
9812,1,-0.400,1111,IUM26-IUN26,B,26-Jun-2026,17:22:34,-0.4,SGX,XOF8012,XOF8012,IUM26-IUN26
9812,1,103.390,1111,IUM26,S,25-Jun-2026,17:22:34,103.39,SGX,XOF8012,XOF8012,IUM26
9812,1,102.990,1111,IUN26,B,29-Jul-2026,17:22:34,102.99,SGX,XOF8012,XOF8012,IUN26
9812,1,-0.400,1111,IUM26-IUN26,B,26-Jun-2026,17:23:05,-0.4,SGX,XOF8012,XOF8012,IUM26-IUN26
9812,1,103.390,1111,IUM26,S,25-Jun-2026,17:23:05,103.39,SGX,XOF8012,XOF8012,IUM26
9812,1,102.990,1111,IUN26,B,29-Jul-2026,17:23:05,102.99,SGX,XOF8012,XOF8012,IUN26
9000,2,-0.0129,1111,UCM26-UCN26,B,15-Jun-2026,17:23:30,-0.0129,SGX,XOB8000,XOB8000,UCM26-UCN26
9000,2,6.7880,1111,UCM26,S,15-Jun-2026,17:23:30,0,SGX,XOB8000,XOB8000,UCM26
9000,2,6.7751,1111,UCN26,B,13-Jul-2026,17:23:30,0,SGX,XOB8000,XOB8000,UCN26
9812,1,-0.400,1111,IUM26-IUN26,B,26-Jun-2026,17:23:36,-0.4,SGX,XOF8012,XOF8012,IUM26-IUN26
9812,1,103.390,1111,IUM26,S,25-Jun-2026,17:23:36,103.39,SGX,XOF8012,XOF8012,IUM26
9812,1,102.990,1111,IUN26,B,29-Jul-2026,17:23:36,102.99,SGX,XOF8012,XOF8012,IUN26
9812,2,103.770,1111,IUK26,B,26-May-2026,17:25:00,103.77,SGX,XOF8012,XOF8012,IUK26
9812,3,103.770,1111,IUK26,B,26-May-2026,17:25:00,103.77,SGX,XOF8012,XOF8012,IUK26
9812,1,103.77,1111,DINR,S,26-May-2026,17:25:00,103.77,DGCX,S-XOF8012,S-XOF8012,DINR-20260527
9812,1,103.76,1111,DINR,S,26-May-2026,17:25:00,103.77,DGCX,S-XOF8012,S-XOF8012,DINR-20260527
9812,2,103.76,1111,DINR,S,26-May-2026,17:25:00,103.77,DGCX,S-XOF8012,S-XOF8012,DINR-20260527
9812,1,103.76,1111,DINR,S,26-May-2026,17:25:00,103.77,DGCX,S-XOF8012,S-XOF8012,DINR-20260527
9812,1,103.770,1111,IUK26,B,26-May-2026,17:25:00,103.77,SGX,XOF8012,XOF8012,IUK26
9812,1,103.770,1111,IUK26,B,26-May-2026,17:25:00,103.77,SGX,XOF8012,XOF8012,IUK26
9812,1,103.77,1111,DINR,S,26-May-2026,17:25:00,103.77,DGCX,S-XOF8012,S-XOF8012,DINR-20260527
9812,1,103.770,1111,IUK26,B,26-May-2026,17:25:00,103.77,SGX,XOF8012,XOF8012,IUK26
9812,2,103.770,1111,IUK26,B,26-May-2026,17:25:00,103.77,SGX,XOF8012,XOF8012,IUK26
9812,1,103.77,1111,DINR,S,26-May-2026,17:25:00,103.77,DGCX,S-XOF8012,S-XOF8012,DINR-20260527
9812,1,103.77,1111,DINR,S,26-May-2026,17:25:00,103.77,DGCX,S-XOF8012,S-XOF8012,DINR-20260527
9812,2,103.77,1111,DINR,S,26-May-2026,17:25:00,103.77,DGCX,S-XOF8012,S-XOF8012,DINR-20260527
9813,11,-0.380,1111,IUK26-IUM26,S,26-May-2026,17:25:31,-0.38,SGX,XOF8013,XOF8013,IUK26-IUM26
9813,11,103.780,1111,IUK26,B,26-May-2026,17:25:31,103.77,SGX,XOF8013,XOF8013,IUK26
9813,11,103.400,1111,IUM26,S,25-Jun-2026,17:25:31,103.4,SGX,XOF8013,XOF8013,IUM26
9812,5,103.790,1111,IUK26,B,26-May-2026,17:26:34,103.79,SGX,XOF8012,XOF8012,IUK26
9813,23,-0.380,1111,IUK26-IUM26,S,26-May-2026,17:26:34,-0.38,SGX,XOF8013,XOF8013,IUK26-IUM26
9813,23,103.790,1111,IUK26,B,26-May-2026,17:26:34,103.79,SGX,XOF8013,XOF8013,IUK26
9813,23,103.410,1111,IUM26,S,25-Jun-2026,17:26:34,103.41,SGX,XOF8013,XOF8013,IUM26
9813,12,-0.380,1111,IUK26-IUM26,S,26-May-2026,17:26:34,-0.38,SGX,XOF8013,XOF8013,IUK26-IUM26
9813,12,103.790,1111,IUK26,B,26-May-2026,17:26:34,103.79,SGX,XOF8013,XOF8013,IUK26
9813,12,103.410,1111,IUM26,S,25-Jun-2026,17:26:34,103.41,SGX,XOF8013,XOF8013,IUM26
9812,1,103.79,1111,DINR,S,26-May-2026,17:26:34,103.78,DGCX,S-XOF8012,S-XOF8012,DINR-20260527
9812,3,103.78,1111,DINR,S,26-May-2026,17:26:34,103.78,DGCX,S-XOF8012,S-XOF8012,DINR-20260527
9812,1,103.78,1111,DINR,S,26-May-2026,17:26:34,103.78,DGCX,S-XOF8012,S-XOF8012,DINR-20260527
9813,1,-0.380,1111,IUK26-IUM26,S,26-May-2026,17:26:45,-0.38,SGX,XOF8013,XOF8013,IUK26-IUM26
9813,1,103.800,1111,IUK26,B,26-May-2026,17:26:45,103.8,SGX,XOF8013,XOF8013,IUK26
9813,1,103.420,1111,IUM26,S,25-Jun-2026,17:26:45,103.42,SGX,XOF8013,XOF8013,IUM26
9813,1,-0.380,1111,IUK26-IUM26,S,26-May-2026,17:27:52,-0.38,SGX,XOF8013,XOF8013,IUK26-IUM26
9813,1,103.800,1111,IUK26,B,26-May-2026,17:27:52,103.8,SGX,XOF8013,XOF8013,IUK26
9813,1,103.420,1111,IUM26,S,25-Jun-2026,17:27:52,103.42,SGX,XOF8013,XOF8013,IUM26
9812,5,103.790,1111,IUK26,B,26-May-2026,17:27:56,103.78,SGX,XOF8012,XOF8012,IUK26
9813,24,-0.380,1111,IUK26-IUM26,S,26-May-2026,17:27:56,-0.38,SGX,XOF8013,XOF8013,IUK26-IUM26
9813,24,103.790,1111,IUK26,B,26-May-2026,17:27:56,103.78,SGX,XOF8013,XOF8013,IUK26
9813,24,103.410,1111,IUM26,S,25-Jun-2026,17:27:56,103.41,SGX,XOF8013,XOF8013,IUM26
9812,5,103.79,1111,DINR,S,26-May-2026,17:27:56,103.78,DGCX,S-XOF8012,S-XOF8012,DINR-20260527
9812,5,103.790,1111,IUK26,B,26-May-2026,17:27:56,103.78,SGX,XOF8012,XOF8012,IUK26
9812,4,103.78,1111,DINR,S,26-May-2026,17:27:56,103.78,DGCX,S-XOF8012,S-XOF8012,DINR-20260527
9812,1,103.78,1111,DINR,S,26-May-2026,17:27:56,103.78,DGCX,S-XOF8012,S-XOF8012,DINR-20260527
9812,5,103.790,1111,IUK26,B,26-May-2026,17:27:56,103.78,SGX,XOF8012,XOF8012,IUK26
9812,1,103.78,1111,DINR,S,26-May-2026,17:27:57,103.78,DGCX,S-XOF8012,S-XOF8012,DINR-20260527
9812,4,103.78,1111,DINR,S,26-May-2026,17:27:57,103.78,DGCX,S-XOF8012,S-XOF8012,DINR-20260527
9813,21,-0.380,1111,IUK26-IUM26,B,26-May-2026,17:29:39,-0.38,SGX,XOF8013,XOF8013,IUK26-IUM26
9813,21,103.780,1111,IUK26,S,26-May-2026,17:29:39,103.77,SGX,XOF8013,XOF8013,IUK26
9813,21,103.400,1111,IUM26,B,25-Jun-2026,17:29:39,103.4,SGX,XOF8013,XOF8013,IUM26
9812,1,-0.400,1111,IUM26-IUN26,B,26-Jun-2026,17:30:52,-0.4,SGX,XOF8012,XOF8012,IUM26-IUN26
9812,1,103.390,1111,IUM26,S,25-Jun-2026,17:30:52,103.39,SGX,XOF8012,XOF8012,IUM26
9812,1,102.990,1111,IUN26,B,29-Jul-2026,17:30:52,102.99,SGX,XOF8012,XOF8012,IUN26
9812,3,103.790,1111,IUK26,S,26-May-2026,17:32:06,103.79,SGX,XOF8012,XOF8012,IUK26
9812,2,103.790,1111,IUK26,S,26-May-2026,17:32:06,103.79,SGX,XOF8012,XOF8012,IUK26
9812,3,103.79,1111,DINR,B,26-May-2026,17:32:06,103.8,DGCX,S-XOF8012,S-XOF8012,DINR-20260527
9812,2,103.79,1111,DINR,B,26-May-2026,17:32:06,103.8,DGCX,S-XOF8012,S-XOF8012,DINR-20260527
9812,5,103.790,1111,IUK26,S,26-May-2026,17:32:06,103.79,SGX,XOF8012,XOF8012,IUK26
9812,5,103.80,1111,DINR,B,26-May-2026,17:32:07,103.8,DGCX,S-XOF8012,S-XOF8012,DINR-20260527
9000,1,-0.0129,1111,UCM26-UCN26,B,15-Jun-2026,17:34:06,-0.0129,SGX,XOB8000,XOB8000,UCM26-UCN26
9000,1,6.7874,1111,UCM26,S,15-Jun-2026,17:34:06,0,SGX,XOB8000,XOB8000,UCM26
9000,1,6.7745,1111,UCN26,B,13-Jul-2026,17:34:06,0,SGX,XOB8000,XOB8000,UCN26
9000,3,-0.0129,1111,UCM26-UCN26,B,15-Jun-2026,17:34:06,-0.0129,SGX,XOB8000,XOB8000,UCM26-UCN26
9000,3,6.7874,1111,UCM26,S,15-Jun-2026,17:34:06,0,SGX,XOB8000,XOB8000,UCM26
9000,3,6.7745,1111,UCN26,B,13-Jul-2026,17:34:06,0,SGX,XOB8000,XOB8000,UCN26
9812,1,-0.400,1111,IUM26-IUN26,B,26-Jun-2026,17:34:16,-0.4,SGX,XOF8012,XOF8012,IUM26-IUN26
9812,1,103.410,1111,IUM26,S,25-Jun-2026,17:34:16,103.41,SGX,XOF8012,XOF8012,IUM26
9812,1,103.010,1111,IUN26,B,29-Jul-2026,17:34:16,103.01,SGX,XOF8012,XOF8012,IUN26
9813,1,-0.400,1111,IUM26-IUN26,B,26-Jun-2026,17:34:48,-0.4,SGX,XOF8013,XOF8013,IUM26-IUN26
9813,1,103.420,1111,IUM26,S,25-Jun-2026,17:34:48,103.42,SGX,XOF8013,XOF8013,IUM26
9813,1,103.020,1111,IUN26,B,29-Jul-2026,17:34:48,103.02,SGX,XOF8013,XOF8013,IUN26
9813,1,-0.400,1111,IUM26-IUN26,B,26-Jun-2026,17:35:28,-0.4,SGX,XOF8013,XOF8013,IUM26-IUN26
9813,1,103.420,1111,IUM26,S,25-Jun-2026,17:35:28,103.42,SGX,XOF8013,XOF8013,IUM26
9813,1,103.020,1111,IUN26,B,29-Jul-2026,17:35:28,103.02,SGX,XOF8013,XOF8013,IUN26
9816,11,103.430,1111,IUM26,S,25-Jun-2026,17:36:36,103.43,SGX,XOF8016,XOF8016,IUM26
9816,19,103.430,1111,IUM26,S,25-Jun-2026,17:36:36,103.43,SGX,XOF8016,XOF8016,IUM26
9816,7,103.800,1111,IUK26,B,26-May-2026,17:36:38,103.8,SGX,XOF8016,XOF8016,IUK26
9816,4,103.800,1111,IUK26,B,26-May-2026,17:36:43,103.81,SGX,XOF8016,XOF8016,IUK26
9816,16,103.800,1111,IUK26,B,26-May-2026,17:36:45,103.8,SGX,XOF8016,XOF8016,IUK26
9816,1,103.800,1111,IUK26,B,26-May-2026,17:36:49,103.8,SGX,XOF8016,XOF8016,IUK26
9816,2,103.800,1111,IUK26,B,26-May-2026,17:36:50,103.81,SGX,XOF8016,XOF8016,IUK26
9816,2,-0.370,1111,IUK26-IUM26,S,26-May-2026,17:37:53,-0.37,SGX,XOF8016,XOF8016,IUK26-IUM26
9816,2,103.820,1111,IUK26,B,26-May-2026,17:37:53,103.82,SGX,XOF8016,XOF8016,IUK26
9816,2,103.450,1111,IUM26,S,25-Jun-2026,17:37:53,103.45,SGX,XOF8016,XOF8016,IUM26
9816,1,-0.370,1111,IUK26-IUM26,S,26-May-2026,17:38:16,-0.37,SGX,XOF8016,XOF8016,IUK26-IUM26
9816,1,103.820,1111,IUK26,B,26-May-2026,17:38:16,103.82,SGX,XOF8016,XOF8016,IUK26
9816,1,103.450,1111,IUM26,S,25-Jun-2026,17:38:16,103.45,SGX,XOF8016,XOF8016,IUM26
9816,1,-0.370,1111,IUK26-IUM26,S,26-May-2026,17:38:51,-0.37,SGX,XOF8016,XOF8016,IUK26-IUM26
9816,1,103.810,1111,IUK26,B,26-May-2026,17:38:51,103.81,SGX,XOF8016,XOF8016,IUK26
9816,1,103.440,1111,IUM26,S,25-Jun-2026,17:38:51,103.45,SGX,XOF8016,XOF8016,IUM26
9816,28,-0.370,1111,IUK26-IUM26,S,26-May-2026,17:39:07,-0.37,SGX,XOF8016,XOF8016,IUK26-IUM26
9816,28,103.810,1111,IUK26,B,26-May-2026,17:39:07,103.81,SGX,XOF8016,XOF8016,IUK26
9816,28,103.440,1111,IUM26,S,25-Jun-2026,17:39:07,103.44,SGX,XOF8016,XOF8016,IUM26
9816,4,-0.370,1111,IUK26-IUM26,S,26-May-2026,17:39:37,-0.37,SGX,XOF8016,XOF8016,IUK26-IUM26
9816,4,103.820,1111,IUK26,B,26-May-2026,17:39:37,103.82,SGX,XOF8016,XOF8016,IUK26
9816,4,103.450,1111,IUM26,S,25-Jun-2026,17:39:37,103.45,SGX,XOF8016,XOF8016,IUM26
9812,5,103.820,1111,IUK26,S,26-May-2026,17:40:27,103.83,SGX,XOF8012,XOF8012,IUK26
9813,1,-0.400,1111,IUM26-IUN26,B,26-Jun-2026,17:40:37,-0.4,SGX,XOF8013,XOF8013,IUM26-IUN26
9813,1,103.440,1111,IUM26,S,25-Jun-2026,17:40:37,103.44,SGX,XOF8013,XOF8013,IUM26
9813,1,103.040,1111,IUN26,B,29-Jul-2026,17:40:37,103.04,SGX,XOF8013,XOF8013,IUN26
9813,1,-0.400,1111,IUM26-IUN26,B,26-Jun-2026,17:41:59,-0.4,SGX,XOF8013,XOF8013,IUM26-IUN26
9813,1,103.440,1111,IUM26,S,25-Jun-2026,17:41:59,103.44,SGX,XOF8013,XOF8013,IUM26
9813,1,103.040,1111,IUN26,B,29-Jul-2026,17:41:59,103.04,SGX,XOF8013,XOF8013,IUN26
9812,5,103.83,1111,DINR,B,26-May-2026,17:42:03,103.83,DGCX,S-XOF8012,S-XOF8012,DINR-20260527
9813,1,-0.400,1111,IUM26-IUN26,B,26-Jun-2026,17:43:23,-0.4,SGX,XOF8013,XOF8013,IUM26-IUN26
9813,1,103.440,1111,IUM26,S,25-Jun-2026,17:43:23,103.44,SGX,XOF8013,XOF8013,IUM26
9813,1,103.040,1111,IUN26,B,29-Jul-2026,17:43:23,103.04,SGX,XOF8013,XOF8013,IUN26
9812,5,103.420,1111,IUM26,B,25-Jun-2026,17:46:42,103.42,SGX,XOF8012,XOF8012,IUM26
9000,1,-0.0129,1111,UCM26-UCN26,B,15-Jun-2026,17:46:42,-0.0128,SGX,XOB8000,XOB8000,UCM26-UCN26
9000,1,6.7880,1111,UCM26,S,15-Jun-2026,17:46:42,0,SGX,XOB8000,XOB8000,UCM26
9000,1,6.7751,1111,UCN26,B,13-Jul-2026,17:46:42,0,SGX,XOB8000,XOB8000,UCN26
9812,1,103.42,1111,DINR,S,25-Jun-2026,17:46:42,103.42,DGCX,S-XOF8012,S-XOF8012,DINR-20260626
9812,5,103.420,1111,IUM26,S,25-Jun-2026,17:46:52,103.42,SGX,XOF8012,XOF8012,IUM26
9812,4,103.42,1111,DINR,B,25-Jun-2026,17:46:53,103.43,DGCX,S-XOF8012,S-XOF8012,DINR-20260626
9812,4,103.42,1111,DINR,S,25-Jun-2026,17:46:52,103.43,DGCX,S-XOF8012,S-XOF8012,DINR-20260626
9812,1,103.43,1111,DINR,B,25-Jun-2026,17:46:53,103.43,DGCX,S-XOF8012,S-XOF8012,DINR-20260626
9816,164,-0.370,1111,IUK26-IUM26,S,26-May-2026,17:52:52,-0.37,SGX,XOF8016,XOF8016,IUK26-IUM26
9816,164,103.800,1111,IUK26,B,26-May-2026,17:52:52,103.81,SGX,XOF8016,XOF8016,IUK26
9816,164,103.430,1111,IUM26,S,25-Jun-2026,17:52:52,103.42,SGX,XOF8016,XOF8016,IUM26
9816,30,-0.370,1111,IUK26-IUM26,B,26-May-2026,17:53:07,-0.37,SGX,XOF8016,XOF8016,IUK26-IUM26
9816,30,103.800,1111,IUK26,S,26-May-2026,17:53:07,103.81,SGX,XOF8016,XOF8016,IUK26
9816,30,103.430,1111,IUM26,B,25-Jun-2026,17:53:07,103.42,SGX,XOF8016,XOF8016,IUM26
9813,4,-0.370,1111,IUM26-IUN26,S,26-Jun-2026,17:55:29,-0.37,SGX,XOF8013,XOF8013,IUM26-IUN26
9813,4,103.430,1111,IUM26,B,25-Jun-2026,17:55:29,103.43,SGX,XOF8013,XOF8013,IUM26
9813,4,103.060,1111,IUN26,S,29-Jul-2026,17:55:29,103.06,SGX,XOF8013,XOF8013,IUN26
9813,1,-0.370,1111,IUM26-IUN26,S,26-Jun-2026,17:56:25,-0.37,SGX,XOF8013,XOF8013,IUM26-IUN26
9813,1,103.430,1111,IUM26,B,25-Jun-2026,17:56:25,103.43,SGX,XOF8013,XOF8013,IUM26
9813,1,103.060,1111,IUN26,S,29-Jul-2026,17:56:25,103.06,SGX,XOF8013,XOF8013,IUN26
9000,95,-0.0129,1111,UCM26-UCN26,B,15-Jun-2026,18:00:22,-0.0129,SGX,XOB8000,XOB8000,UCM26-UCN26
9000,95,6.7888,1111,UCM26,S,15-Jun-2026,18:00:22,0,SGX,XOB8000,XOB8000,UCM26
9000,95,6.7759,1111,UCN26,B,13-Jul-2026,18:00:22,0,SGX,XOB8000,XOB8000,UCN26
9000,195,-0.0129,1111,UCM26-UCN26,B,15-Jun-2026,18:00:23,-0.0129,SGX,XOB8000,XOB8000,UCM26-UCN26
9000,195,6.7888,1111,UCM26,S,15-Jun-2026,18:00:23,0,SGX,XOB8000,XOB8000,UCM26
9000,195,6.7759,1111,UCN26,B,13-Jul-2026,18:00:23,0,SGX,XOB8000,XOB8000,UCN26
9000,5,-0.0129,1111,UCM26-UCN26,B,15-Jun-2026,18:00:23,-0.0129,SGX,XOB8000,XOB8000,UCM26-UCN26
9000,5,6.7889,1111,UCM26,S,15-Jun-2026,18:00:23,0,SGX,XOB8000,XOB8000,UCM26
9000,5,6.7760,1111,UCN26,B,13-Jul-2026,18:00:23,0,SGX,XOB8000,XOB8000,UCN26
9000,200,-0.0129,1111,UCM26-UCN26,B,15-Jun-2026,18:00:24,-0.0129,SGX,XOB8000,XOB8000,UCM26-UCN26
9000,200,6.7889,1111,UCM26,S,15-Jun-2026,18:00:24,0,SGX,XOB8000,XOB8000,UCM26
9000,200,6.7760,1111,UCN26,B,13-Jul-2026,18:00:24,0,SGX,XOB8000,XOB8000,UCN26
9812,5,103.820,1111,IUK26,S,26-May-2026,18:00:49,103.82,SGX,XOF8012,XOF8012,IUK26
9812,5,103.82,1111,DINR,B,26-May-2026,18:00:49,103.82,DGCX,S-XOF8012,S-XOF8012,DINR-20260527
9813,1,-0.370,1111,IUM26-IUN26,S,26-Jun-2026,18:01:00,-0.37,SGX,XOF8013,XOF8013,IUM26-IUN26
9813,1,103.460,1111,IUM26,B,25-Jun-2026,18:01:00,103.46,SGX,XOF8013,XOF8013,IUM26
9813,1,103.090,1111,IUN26,S,29-Jul-2026,18:01:00,103.09,SGX,XOF8013,XOF8013,IUN26
9813,1,-0.370,1111,IUM26-IUN26,S,26-Jun-2026,18:01:01,-0.37,SGX,XOF8013,XOF8013,IUM26-IUN26
9813,1,103.460,1111,IUM26,B,25-Jun-2026,18:01:01,103.46,SGX,XOF8013,XOF8013,IUM26
9813,1,103.090,1111,IUN26,S,29-Jul-2026,18:01:01,103.09,SGX,XOF8013,XOF8013,IUN26
9813,1,-0.370,1111,IUM26-IUN26,S,26-Jun-2026,18:01:06,-0.37,SGX,XOF8013,XOF8013,IUM26-IUN26
9813,1,103.470,1111,IUM26,B,25-Jun-2026,18:01:06,103.47,SGX,XOF8013,XOF8013,IUM26
9813,1,103.100,1111,IUN26,S,29-Jul-2026,18:01:06,103.1,SGX,XOF8013,XOF8013,IUN26
9812,1,103.460,1111,IUM26,B,25-Jun-2026,18:04:27,103.46,SGX,XOF8012,XOF8012,IUM26
9812,1,103.47,1111,DINR,S,25-Jun-2026,18:04:27,103.46,DGCX,S-XOF8012,S-XOF8012,DINR-20260626
9812,4,103.460,1111,IUM26,B,25-Jun-2026,18:04:27,103.46,SGX,XOF8012,XOF8012,IUM26
9812,1,103.46,1111,DINR,S,25-Jun-2026,18:04:27,103.46,DGCX,S-XOF8012,S-XOF8012,DINR-20260626
9812,3,103.46,1111,DINR,S,25-Jun-2026,18:04:27,103.46,DGCX,S-XOF8012,S-XOF8012,DINR-20260626
9812,5,103.460,1111,IUM26,B,25-Jun-2026,18:04:39,103.46,SGX,XOF8012,XOF8012,IUM26
9812,1,103.46,1111,DINR,S,25-Jun-2026,18:04:39,103.45,DGCX,S-XOF8012,S-XOF8012,DINR-20260626
9812,4,103.45,1111,DINR,S,25-Jun-2026,18:04:39,103.45,DGCX,S-XOF8012,S-XOF8012,DINR-20260626
9812,5,103.860,1111,IUK26,S,26-May-2026,18:04:58,103.86,SGX,XOF8012,XOF8012,IUK26
9812,5,103.87,1111,DINR,B,26-May-2026,18:04:58,103.87,DGCX,S-XOF8012,S-XOF8012,DINR-20260527
9812,1,103.860,1111,IUK26,S,26-May-2026,18:04:58,103.87,SGX,XOF8012,XOF8012,IUK26
9812,4,103.860,1111,IUK26,S,26-May-2026,18:04:58,103.87,SGX,XOF8012,XOF8012,IUK26
9812,1,103.87,1111,DINR,B,26-May-2026,18:04:58,103.87,DGCX,S-XOF8012,S-XOF8012,DINR-20260527
9812,4,103.87,1111,DINR,B,26-May-2026,18:04:58,103.87,DGCX,S-XOF8012,S-XOF8012,DINR-20260527
9813,2,-0.370,1111,IUM26-IUN26,S,26-Jun-2026,18:05:33,-0.37,SGX,XOF8013,XOF8013,IUM26-IUN26
9813,2,103.490,1111,IUM26,B,25-Jun-2026,18:05:33,103.49,SGX,XOF8013,XOF8013,IUM26
9813,2,103.120,1111,IUN26,S,29-Jul-2026,18:05:33,103.12,SGX,XOF8013,XOF8013,IUN26
9813,2,-0.370,1111,IUM26-IUN26,S,26-Jun-2026,18:05:33,-0.37,SGX,XOF8013,XOF8013,IUM26-IUN26
9813,2,103.490,1111,IUM26,B,25-Jun-2026,18:05:33,103.49,SGX,XOF8013,XOF8013,IUM26
9813,2,103.120,1111,IUN26,S,29-Jul-2026,18:05:33,103.12,SGX,XOF8013,XOF8013,IUN26
9812,2,103.500,1111,IUM26,S,25-Jun-2026,18:11:44,103.5,SGX,XOF8012,XOF8012,IUM26
9812,1,103.500,1111,IUM26,S,25-Jun-2026,18:11:44,103.5,SGX,XOF8012,XOF8012,IUM26
9812,2,103.50,1111,DINR,B,25-Jun-2026,18:11:45,103.5,DGCX,S-XOF8012,S-XOF8012,DINR-20260626
9812,1,103.50,1111,DINR,B,25-Jun-2026,18:11:45,103.5,DGCX,S-XOF8012,S-XOF8012,DINR-20260626
9812,2,103.500,1111,IUM26,S,25-Jun-2026,18:11:54,103.5,SGX,XOF8012,XOF8012,IUM26
9812,2,103.51,1111,DINR,B,25-Jun-2026,18:11:54,103.51,DGCX,S-XOF8012,S-XOF8012,DINR-20260626
9812,5,103.510,1111,IUM26,S,25-Jun-2026,18:12:05,103.52,SGX,XOF8012,XOF8012,IUM26
9812,5,103.53,1111,DINR,B,25-Jun-2026,18:12:05,103.53,DGCX,S-XOF8012,S-XOF8012,DINR-20260626
9819,5,103.53,1111,DINR,S,25-Jun-2026,18:12:05,103.53,DGCX,S-XOF8019,S-XOF8019,DINR-20260626
9819,4,103.510,1111,IUM26,B,25-Jun-2026,18:12:42,103.52,SGX,XOF8019,XOF8019,IUM26
9819,1,103.510,1111,IUM26,B,25-Jun-2026,18:12:42,103.51,SGX,XOF8019,XOF8019,IUM26
9812,5,103.530,1111,IUM26,S,25-Jun-2026,18:13:15,103.54,SGX,XOF8012,XOF8012,IUM26
9812,5,103.54,1111,DINR,B,25-Jun-2026,18:13:15,103.54,DGCX,S-XOF8012,S-XOF8012,DINR-20260626
9812,2,103.540,1111,IUM26,S,25-Jun-2026,18:13:36,103.55,SGX,XOF8012,XOF8012,IUM26
9812,3,103.540,1111,IUM26,S,25-Jun-2026,18:13:36,103.55,SGX,XOF8012,XOF8012,IUM26
9812,5,103.540,1111,IUM26,S,25-Jun-2026,18:13:36,103.55,SGX,XOF8012,XOF8012,IUM26
9813,4,-0.370,1111,IUM26-IUN26,S,26-Jun-2026,18:14:12,-0.37,SGX,XOF8013,XOF8013,IUM26-IUN26
9813,4,103.570,1111,IUM26,B,25-Jun-2026,18:14:12,103.57,SGX,XOF8013,XOF8013,IUM26
9813,4,103.200,1111,IUN26,S,29-Jul-2026,18:14:12,103.2,SGX,XOF8013,XOF8013,IUN26
9812,4,103.63,1111,DINR,B,25-Jun-2026,18:15:39,103.63,DGCX,S-XOF8012,S-XOF8012,DINR-20260626
9812,1,103.63,1111,DINR,B,25-Jun-2026,18:15:39,103.63,DGCX,S-XOF8012,S-XOF8012,DINR-20260626
9813,1,-0.370,1111,IUM26-IUN26,S,26-Jun-2026,18:16:15,-0.37,SGX,XOF8013,XOF8013,IUM26-IUN26
9813,1,103.610,1111,IUM26,B,25-Jun-2026,18:16:15,103.6,SGX,XOF8013,XOF8013,IUM26
9813,1,103.240,1111,IUN26,S,29-Jul-2026,18:16:15,103.24,SGX,XOF8013,XOF8013,IUN26
9812,2,103.55,1111,DINR,B,25-Jun-2026,18:23:04,103.55,DGCX,S-XOF8012,S-XOF8012,DINR-20260626
9813,21,-0.380,1111,IUK26-IUM26,S,26-May-2026,18:23:04,-0.37,SGX,XOF8013,XOF8013,IUK26-IUM26
9813,21,103.530,1111,IUM26,S,25-Jun-2026,18:23:04,103.52,SGX,XOF8013,XOF8013,IUM26
9813,21,103.910,1111,IUK26,B,26-May-2026,18:23:04,103.92,SGX,XOF8013,XOF8013,IUK26
9813,20,-0.380,1111,IUK26-IUM26,S,26-May-2026,18:23:04,-0.37,SGX,XOF8013,XOF8013,IUK26-IUM26
9813,20,103.530,1111,IUM26,S,25-Jun-2026,18:23:04,103.52,SGX,XOF8013,XOF8013,IUM26
9813,20,103.910,1111,IUK26,B,26-May-2026,18:23:04,103.92,SGX,XOF8013,XOF8013,IUK26
9813,23,-0.380,1111,IUK26-IUM26,S,26-May-2026,18:23:04,-0.37,SGX,XOF8013,XOF8013,IUK26-IUM26
9813,23,103.530,1111,IUM26,S,25-Jun-2026,18:23:04,103.52,SGX,XOF8013,XOF8013,IUM26
9813,23,103.910,1111,IUK26,B,26-May-2026,18:23:04,103.92,SGX,XOF8013,XOF8013,IUK26
9813,36,-0.380,1111,IUK26-IUM26,S,26-May-2026,18:23:04,-0.37,SGX,XOF8013,XOF8013,IUK26-IUM26
9813,36,103.530,1111,IUM26,S,25-Jun-2026,18:23:04,103.52,SGX,XOF8013,XOF8013,IUM26
9813,36,103.910,1111,IUK26,B,26-May-2026,18:23:04,103.92,SGX,XOF8013,XOF8013,IUK26
9812,1,103.55,1111,DINR,B,25-Jun-2026,18:23:04,103.55,DGCX,S-XOF8012,S-XOF8012,DINR-20260626
9812,2,103.55,1111,DINR,B,25-Jun-2026,18:23:08,103.55,DGCX,S-XOF8012,S-XOF8012,DINR-20260626
9813,3,-0.370,1111,IUM26-IUN26,S,26-Jun-2026,18:42:07,-0.37,SGX,XOF8013,XOF8013,IUM26-IUN26
9813,3,103.530,1111,IUM26,B,25-Jun-2026,18:42:07,103.53,SGX,XOF8013,XOF8013,IUM26
9813,3,103.160,1111,IUN26,S,29-Jul-2026,18:42:07,103.16,SGX,XOF8013,XOF8013,IUN26
9813,1,-0.400,1111,IUM26-IUN26,B,26-Jun-2026,18:42:12,-0.4,SGX,XOF8013,XOF8013,IUM26-IUN26
9813,1,103.520,1111,IUM26,S,25-Jun-2026,18:42:12,103.53,SGX,XOF8013,XOF8013,IUM26
9813,1,103.120,1111,IUN26,B,29-Jul-2026,18:42:12,103.12,SGX,XOF8013,XOF8013,IUN26
9813,1,-0.400,1111,IUM26-IUN26,B,26-Jun-2026,18:44:50,-0.4,SGX,XOF8013,XOF8013,IUM26-IUN26
9813,1,103.510,1111,IUM26,S,25-Jun-2026,18:44:50,103.51,SGX,XOF8013,XOF8013,IUM26
9813,1,103.110,1111,IUN26,B,29-Jul-2026,18:44:50,103.11,SGX,XOF8013,XOF8013,IUN26
9813,1,-0.400,1111,IUM26-IUN26,B,26-Jun-2026,18:45:26,-0.4,SGX,XOF8013,XOF8013,IUM26-IUN26
9813,1,103.490,1111,IUM26,S,25-Jun-2026,18:45:26,103.49,SGX,XOF8013,XOF8013,IUM26
9813,1,103.090,1111,IUN26,B,29-Jul-2026,18:45:26,103.09,SGX,XOF8013,XOF8013,IUN26
9813,1,-0.400,1111,IUM26-IUN26,B,26-Jun-2026,18:45:30,-0.4,SGX,XOF8013,XOF8013,IUM26-IUN26
9813,1,103.490,1111,IUM26,S,25-Jun-2026,18:45:30,103.49,SGX,XOF8013,XOF8013,IUM26
9813,1,103.090,1111,IUN26,B,29-Jul-2026,18:45:30,103.09,SGX,XOF8013,XOF8013,IUN26
9813,1,-0.400,1111,IUM26-IUN26,B,26-Jun-2026,18:47:53,-0.4,SGX,XOF8013,XOF8013,IUM26-IUN26
9813,1,103.500,1111,IUM26,S,25-Jun-2026,18:47:53,103.5,SGX,XOF8013,XOF8013,IUM26
9813,1,103.100,1111,IUN26,B,29-Jul-2026,18:47:53,103.1,SGX,XOF8013,XOF8013,IUN26
9813,10,-0.380,1111,IUK26-IUM26,S,26-May-2026,18:50:05,-0.37,SGX,XOF8013,XOF8013,IUK26-IUM26
9813,10,103.890,1111,IUK26,B,26-May-2026,18:50:05,103.89,SGX,XOF8013,XOF8013,IUK26
9813,10,103.510,1111,IUM26,S,25-Jun-2026,18:50:05,103.5,SGX,XOF8013,XOF8013,IUM26
9813,5,-0.380,1111,IUK26-IUM26,S,26-May-2026,18:50:05,-0.37,SGX,XOF8013,XOF8013,IUK26-IUM26
9813,5,103.890,1111,IUK26,B,26-May-2026,18:50:05,103.89,SGX,XOF8013,XOF8013,IUK26
9813,5,103.510,1111,IUM26,S,25-Jun-2026,18:50:05,103.5,SGX,XOF8013,XOF8013,IUM26
9813,20,-0.380,1111,IUK26-IUM26,S,26-May-2026,18:50:05,-0.37,SGX,XOF8013,XOF8013,IUK26-IUM26
9813,20,103.890,1111,IUK26,B,26-May-2026,18:50:05,103.89,SGX,XOF8013,XOF8013,IUK26
9813,20,103.510,1111,IUM26,S,25-Jun-2026,18:50:05,103.5,SGX,XOF8013,XOF8013,IUM26
9813,15,-0.380,1111,IUK26-IUM26,S,26-May-2026,18:50:05,-0.37,SGX,XOF8013,XOF8013,IUK26-IUM26
9813,15,103.890,1111,IUK26,B,26-May-2026,18:50:05,103.89,SGX,XOF8013,XOF8013,IUK26
9813,15,103.510,1111,IUM26,S,25-Jun-2026,18:50:05,103.5,SGX,XOF8013,XOF8013,IUM26
9813,1,-0.400,1111,IUM26-IUN26,B,26-Jun-2026,18:50:06,-0.4,SGX,XOF8013,XOF8013,IUM26-IUN26
9813,1,103.500,1111,IUM26,S,25-Jun-2026,18:50:06,103.5,SGX,XOF8013,XOF8013,IUM26
9813,1,103.100,1111,IUN26,B,29-Jul-2026,18:50:06,103.1,SGX,XOF8013,XOF8013,IUN26
9813,1,-0.400,1111,IUM26-IUN26,B,26-Jun-2026,18:54:12,-0.4,SGX,XOF8013,XOF8013,IUM26-IUN26
9813,1,103.500,1111,IUM26,S,25-Jun-2026,18:54:12,103.5,SGX,XOF8013,XOF8013,IUM26
9813,1,103.100,1111,IUN26,B,29-Jul-2026,18:54:12,103.1,SGX,XOF8013,XOF8013,IUN26
9813,1,-0.400,1111,IUM26-IUN26,B,26-Jun-2026,19:04:16,-0.4,SGX,XOF8013,XOF8013,IUM26-IUN26
9813,1,103.520,1111,IUM26,S,25-Jun-2026,19:04:16,103.52,SGX,XOF8013,XOF8013,IUM26
9813,1,103.120,1111,IUN26,B,29-Jul-2026,19:04:16,103.12,SGX,XOF8013,XOF8013,IUN26
9813,1,-0.400,1111,IUM26-IUN26,B,26-Jun-2026,19:04:32,-0.4,SGX,XOF8013,XOF8013,IUM26-IUN26
9813,1,103.520,1111,IUM26,S,25-Jun-2026,19:04:32,103.52,SGX,XOF8013,XOF8013,IUM26
9813,1,103.120,1111,IUN26,B,29-Jul-2026,19:04:32,103.12,SGX,XOF8013,XOF8013,IUN26
9813,1,-0.400,1111,IUM26-IUN26,B,26-Jun-2026,19:05:42,-0.4,SGX,XOF8013,XOF8013,IUM26-IUN26
9813,1,103.510,1111,IUM26,S,25-Jun-2026,19:05:42,103.51,SGX,XOF8013,XOF8013,IUM26
9813,1,103.110,1111,IUN26,B,29-Jul-2026,19:05:42,103.11,SGX,XOF8013,XOF8013,IUN26
9813,1,-0.400,1111,IUM26-IUN26,B,26-Jun-2026,19:18:30,-0.4,SGX,XOF8013,XOF8013,IUM26-IUN26
9813,1,103.550,1111,IUM26,S,25-Jun-2026,19:18:30,103.55,SGX,XOF8013,XOF8013,IUM26
9813,1,103.150,1111,IUN26,B,29-Jul-2026,19:18:30,103.15,SGX,XOF8013,XOF8013,IUN26
9813,15,-0.400,1111,IUM26-IUN26,B,26-Jun-2026,19:19:32,-0.4,SGX,XOF8013,XOF8013,IUM26-IUN26
9813,15,103.540,1111,IUM26,S,25-Jun-2026,19:19:32,103.54,SGX,XOF8013,XOF8013,IUM26
9813,15,103.140,1111,IUN26,B,29-Jul-2026,19:19:32,103.14,SGX,XOF8013,XOF8013,IUN26
9000,1,-0.0129,1111,UCM26-UCN26,S,15-Jun-2026,19:21:38,-0.0129,SGX,XOB8000,XOB8000,UCM26-UCN26
9000,1,6.7863,1111,UCM26,B,15-Jun-2026,19:21:38,0,SGX,XOB8000,XOB8000,UCM26
9000,1,6.7734,1111,UCN26,S,13-Jul-2026,19:21:38,0,SGX,XOB8000,XOB8000,UCN26
9000,52,-0.0129,1111,UCM26-UCN26,S,15-Jun-2026,19:21:41,-0.0129,SGX,XOB8000,XOB8000,UCM26-UCN26
9000,52,6.7863,1111,UCM26,B,15-Jun-2026,19:21:41,0,SGX,XOB8000,XOB8000,UCM26
9000,52,6.7734,1111,UCN26,S,13-Jul-2026,19:21:41,0,SGX,XOB8000,XOB8000,UCN26
9812,5,103.950,1111,IUK26,B,26-May-2026,19:22:50,103.94,SGX,XOF8012,XOF8012,IUK26
9812,5,103.95,1111,DINR,S,26-May-2026,19:22:51,103.94,DGCX,S-XOF8012,S-XOF8012,DINR-20260527
9812,5,103.950,1111,IUK26,B,26-May-2026,19:22:51,103.94,SGX,XOF8012,XOF8012,IUK26
9812,5,103.94,1111,DINR,S,26-May-2026,19:22:51,103.94,DGCX,S-XOF8012,S-XOF8012,DINR-20260527
9812,5,103.950,1111,IUK26,B,26-May-2026,19:22:51,103.94,SGX,XOF8012,XOF8012,IUK26
9812,5,103.94,1111,DINR,S,26-May-2026,19:22:51,103.94,DGCX,S-XOF8012,S-XOF8012,DINR-20260527
9812,2,103.950,1111,IUK26,B,26-May-2026,19:23:35,103.95,SGX,XOF8012,XOF8012,IUK26
9812,2,103.950,1111,IUK26,B,26-May-2026,19:23:35,103.95,SGX,XOF8012,XOF8012,IUK26
9812,2,103.95,1111,DINR,S,26-May-2026,19:23:34,103.95,DGCX,S-XOF8012,S-XOF8012,DINR-20260527
9812,1,103.950,1111,IUK26,B,26-May-2026,19:23:35,103.95,SGX,XOF8012,XOF8012,IUK26
9812,2,103.95,1111,DINR,S,26-May-2026,19:23:35,103.95,DGCX,S-XOF8012,S-XOF8012,DINR-20260527
9812,1,103.95,1111,DINR,S,26-May-2026,19:23:35,103.95,DGCX,S-XOF8012,S-XOF8012,DINR-20260527
9812,5,103.970,1111,IUK26,S,26-May-2026,19:23:44,103.97,SGX,XOF8012,XOF8012,IUK26
9812,5,103.97,1111,DINR,B,26-May-2026,19:23:44,103.98,DGCX,S-XOF8012,S-XOF8012,DINR-20260527
9812,5,103.970,1111,IUK26,S,26-May-2026,19:23:44,103.97,SGX,XOF8012,XOF8012,IUK26
9812,2,103.97,1111,DINR,B,26-May-2026,19:23:45,103.98,DGCX,S-XOF8012,S-XOF8012,DINR-20260527
9812,3,103.98,1111,DINR,B,26-May-2026,19:23:45,103.98,DGCX,S-XOF8012,S-XOF8012,DINR-20260527
9812,5,103.970,1111,IUK26,S,26-May-2026,19:23:45,103.97,SGX,XOF8012,XOF8012,IUK26
9812,5,103.98,1111,DINR,B,26-May-2026,19:23:45,103.98,DGCX,S-XOF8012,S-XOF8012,DINR-20260527
9812,5,103.970,1111,IUK26,B,26-May-2026,19:23:50,103.96,SGX,XOF8012,XOF8012,IUK26
9812,3,103.96,1111,DINR,S,26-May-2026,19:23:50,103.96,DGCX,S-XOF8012,S-XOF8012,DINR-20260527
9812,2,103.96,1111,DINR,S,26-May-2026,19:23:50,103.96,DGCX,S-XOF8012,S-XOF8012,DINR-20260527
9812,5,103.970,1111,IUK26,B,26-May-2026,19:23:50,103.96,SGX,XOF8012,XOF8012,IUK26
9812,5,103.96,1111,DINR,S,26-May-2026,19:23:51,103.96,DGCX,S-XOF8012,S-XOF8012,DINR-20260527
9812,5,103.560,1111,IUM26,B,25-Jun-2026,19:28:22,103.56,SGX,XOF8012,XOF8012,IUM26
9812,1,103.56,1111,DINR,S,25-Jun-2026,19:28:23,103.56,DGCX,S-XOF8012,S-XOF8012,DINR-20260626
9812,5,103.560,1111,IUM26,S,25-Jun-2026,19:28:23,103.56,SGX,XOF8012,XOF8012,IUM26
9812,5,103.940,1111,IUK26,S,26-May-2026,19:28:23,103.95,SGX,XOF8012,XOF8012,IUK26
9812,4,103.94,1111,DINR,B,26-May-2026,19:28:23,103.95,DGCX,S-XOF8012,S-XOF8012,DINR-20260527
9812,4,103.56,1111,DINR,S,25-Jun-2026,19:28:23,103.56,DGCX,S-XOF8012,S-XOF8012,DINR-20260626
9812,1,103.95,1111,DINR,B,26-May-2026,19:28:23,103.95,DGCX,S-XOF8012,S-XOF8012,DINR-20260527
9812,5,103.940,1111,IUK26,S,26-May-2026,19:28:24,103.95,SGX,XOF8012,XOF8012,IUK26
9812,3,103.95,1111,DINR,B,26-May-2026,19:28:31,103.95,DGCX,S-XOF8012,S-XOF8012,DINR-20260527
9812,2,103.95,1111,DINR,B,26-May-2026,19:28:31,103.95,DGCX,S-XOF8012,S-XOF8012,DINR-20260527
9812,21,-0.380,1111,IUK26-IUM26,S,26-May-2026,19:30:00,-0.38,SGX,XOF8012,XOF8012,IUK26-IUM26
9812,21,103.550,1111,IUM26,S,25-Jun-2026,19:30:00,103.56,SGX,XOF8012,XOF8012,IUM26
9812,21,103.930,1111,IUK26,B,26-May-2026,19:30:00,103.93,SGX,XOF8012,XOF8012,IUK26
9812,5,-0.380,1111,IUK26-IUM26,S,26-May-2026,19:30:00,-0.38,SGX,XOF8012,XOF8012,IUK26-IUM26
9812,5,103.550,1111,IUM26,S,25-Jun-2026,19:30:00,103.56,SGX,XOF8012,XOF8012,IUM26
9812,5,103.930,1111,IUK26,B,26-May-2026,19:30:00,103.93,SGX,XOF8012,XOF8012,IUK26
9812,20,-0.380,1111,IUK26-IUM26,S,26-May-2026,19:30:00,-0.38,SGX,XOF8012,XOF8012,IUK26-IUM26
9812,20,103.550,1111,IUM26,S,25-Jun-2026,19:30:00,103.56,SGX,XOF8012,XOF8012,IUM26
9812,20,103.930,1111,IUK26,B,26-May-2026,19:30:00,103.93,SGX,XOF8012,XOF8012,IUK26
9812,46,-0.380,1111,IUK26-IUM26,S,26-May-2026,19:30:00,-0.38,SGX,XOF8012,XOF8012,IUK26-IUM26
9812,46,103.550,1111,IUM26,S,25-Jun-2026,19:30:00,103.56,SGX,XOF8012,XOF8012,IUM26
9812,46,103.930,1111,IUK26,B,26-May-2026,19:30:00,103.93,SGX,XOF8012,XOF8012,IUK26
9812,12,-0.380,1111,IUK26-IUM26,S,26-May-2026,19:30:01,-0.38,SGX,XOF8012,XOF8012,IUK26-IUM26
9812,12,103.550,1111,IUM26,S,25-Jun-2026,19:30:01,103.56,SGX,XOF8012,XOF8012,IUM26
9812,12,103.930,1111,IUK26,B,26-May-2026,19:30:01,103.93,SGX,XOF8012,XOF8012,IUK26
9812,50,-0.380,1111,IUK26-IUM26,S,26-May-2026,19:30:01,-0.38,SGX,XOF8012,XOF8012,IUK26-IUM26
9812,50,103.550,1111,IUM26,S,25-Jun-2026,19:30:01,103.56,SGX,XOF8012,XOF8012,IUM26
9812,50,103.930,1111,IUK26,B,26-May-2026,19:30:01,103.93,SGX,XOF8012,XOF8012,IUK26
9812,5,-0.380,1111,IUK26-IUM26,S,26-May-2026,19:30:01,-0.38,SGX,XOF8012,XOF8012,IUK26-IUM26
9812,5,103.550,1111,IUM26,S,25-Jun-2026,19:30:01,103.56,SGX,XOF8012,XOF8012,IUM26
9812,5,103.930,1111,IUK26,B,26-May-2026,19:30:01,103.93,SGX,XOF8012,XOF8012,IUK26
9812,5,-0.380,1111,IUK26-IUM26,S,26-May-2026,19:30:01,-0.38,SGX,XOF8012,XOF8012,IUK26-IUM26
9812,5,103.550,1111,IUM26,S,25-Jun-2026,19:30:01,103.56,SGX,XOF8012,XOF8012,IUM26
9812,5,103.930,1111,IUK26,B,26-May-2026,19:30:01,103.93,SGX,XOF8012,XOF8012,IUK26
9812,42,-0.380,1111,IUK26-IUM26,S,26-May-2026,19:30:01,-0.38,SGX,XOF8012,XOF8012,IUK26-IUM26
9812,42,103.550,1111,IUM26,S,25-Jun-2026,19:30:01,103.56,SGX,XOF8012,XOF8012,IUM26
9812,42,103.930,1111,IUK26,B,26-May-2026,19:30:01,103.93,SGX,XOF8012,XOF8012,IUK26
9812,5,-0.380,1111,IUK26-IUM26,S,26-May-2026,19:30:01,-0.38,SGX,XOF8012,XOF8012,IUK26-IUM26
9812,5,103.550,1111,IUM26,S,25-Jun-2026,19:30:01,103.56,SGX,XOF8012,XOF8012,IUM26
9812,5,103.930,1111,IUK26,B,26-May-2026,19:30:01,103.93,SGX,XOF8012,XOF8012,IUK26
9812,43,-0.380,1111,IUK26-IUM26,S,26-May-2026,19:30:01,-0.38,SGX,XOF8012,XOF8012,IUK26-IUM26
9812,43,103.550,1111,IUM26,S,25-Jun-2026,19:30:01,103.56,SGX,XOF8012,XOF8012,IUM26
9812,43,103.930,1111,IUK26,B,26-May-2026,19:30:01,103.93,SGX,XOF8012,XOF8012,IUK26
9812,5,-0.380,1111,IUK26-IUM26,S,26-May-2026,19:30:01,-0.38,SGX,XOF8012,XOF8012,IUK26-IUM26
9812,5,103.550,1111,IUM26,S,25-Jun-2026,19:30:01,103.56,SGX,XOF8012,XOF8012,IUM26
9812,5,103.930,1111,IUK26,B,26-May-2026,19:30:01,103.93,SGX,XOF8012,XOF8012,IUK26
9812,48,-0.380,1111,IUK26-IUM26,S,26-May-2026,19:30:01,-0.38,SGX,XOF8012,XOF8012,IUK26-IUM26
9812,48,103.550,1111,IUM26,S,25-Jun-2026,19:30:01,103.56,SGX,XOF8012,XOF8012,IUM26
9812,48,103.930,1111,IUK26,B,26-May-2026,19:30:01,103.93,SGX,XOF8012,XOF8012,IUK26
9812,5,-0.380,1111,IUK26-IUM26,S,26-May-2026,19:30:01,-0.38,SGX,XOF8012,XOF8012,IUK26-IUM26
9812,5,103.550,1111,IUM26,S,25-Jun-2026,19:30:01,103.56,SGX,XOF8012,XOF8012,IUM26
9812,5,103.930,1111,IUK26,B,26-May-2026,19:30:01,103.93,SGX,XOF8012,XOF8012,IUK26
9812,49,-0.380,1111,IUK26-IUM26,S,26-May-2026,19:30:01,-0.38,SGX,XOF8012,XOF8012,IUK26-IUM26
9812,49,103.550,1111,IUM26,S,25-Jun-2026,19:30:01,103.56,SGX,XOF8012,XOF8012,IUM26
9812,49,103.930,1111,IUK26,B,26-May-2026,19:30:01,103.93,SGX,XOF8012,XOF8012,IUK26
9812,41,-0.380,1111,IUK26-IUM26,S,26-May-2026,19:30:02,-0.38,SGX,XOF8012,XOF8012,IUK26-IUM26
9812,41,103.550,1111,IUM26,S,25-Jun-2026,19:30:02,103.56,SGX,XOF8012,XOF8012,IUM26
9812,41,103.930,1111,IUK26,B,26-May-2026,19:30:02,103.93,SGX,XOF8012,XOF8012,IUK26
9812,45,-0.380,1111,IUK26-IUM26,S,26-May-2026,19:30:02,-0.38,SGX,XOF8012,XOF8012,IUK26-IUM26
9812,45,103.550,1111,IUM26,S,25-Jun-2026,19:30:02,103.56,SGX,XOF8012,XOF8012,IUM26
9812,45,103.930,1111,IUK26,B,26-May-2026,19:30:02,103.94,SGX,XOF8012,XOF8012,IUK26
9812,45,-0.380,1111,IUK26-IUM26,S,26-May-2026,19:30:02,-0.38,SGX,XOF8012,XOF8012,IUK26-IUM26
9812,45,103.550,1111,IUM26,S,25-Jun-2026,19:30:02,103.56,SGX,XOF8012,XOF8012,IUM26
9812,45,103.930,1111,IUK26,B,26-May-2026,19:30:02,103.94,SGX,XOF8012,XOF8012,IUK26
9812,49,-0.380,1111,IUK26-IUM26,S,26-May-2026,19:30:02,-0.38,SGX,XOF8012,XOF8012,IUK26-IUM26
9812,49,103.550,1111,IUM26,S,25-Jun-2026,19:30:02,103.56,SGX,XOF8012,XOF8012,IUM26
9812,49,103.930,1111,IUK26,B,26-May-2026,19:30:02,103.94,SGX,XOF8012,XOF8012,IUK26
9812,47,-0.380,1111,IUK26-IUM26,S,26-May-2026,19:30:02,-0.38,SGX,XOF8012,XOF8012,IUK26-IUM26
9812,47,103.550,1111,IUM26,S,25-Jun-2026,19:30:02,103.56,SGX,XOF8012,XOF8012,IUM26
9812,47,103.930,1111,IUK26,B,26-May-2026,19:30:02,103.94,SGX,XOF8012,XOF8012,IUK26
9812,48,-0.380,1111,IUK26-IUM26,S,26-May-2026,19:30:02,-0.38,SGX,XOF8012,XOF8012,IUK26-IUM26
9812,48,103.550,1111,IUM26,S,25-Jun-2026,19:30:02,103.56,SGX,XOF8012,XOF8012,IUM26
9812,48,103.930,1111,IUK26,B,26-May-2026,19:30:02,103.94,SGX,XOF8012,XOF8012,IUK26
9812,43,-0.380,1111,IUK26-IUM26,S,26-May-2026,19:30:03,-0.38,SGX,XOF8012,XOF8012,IUK26-IUM26
9812,43,103.940,1111,IUK26,B,26-May-2026,19:30:03,103.94,SGX,XOF8012,XOF8012,IUK26
9812,43,103.560,1111,IUM26,S,25-Jun-2026,19:30:03,103.56,SGX,XOF8012,XOF8012,IUM26
9812,50,-0.380,1111,IUK26-IUM26,S,26-May-2026,19:30:03,-0.38,SGX,XOF8012,XOF8012,IUK26-IUM26
9812,50,103.940,1111,IUK26,B,26-May-2026,19:30:03,103.94,SGX,XOF8012,XOF8012,IUK26
9812,50,103.560,1111,IUM26,S,25-Jun-2026,19:30:03,103.56,SGX,XOF8012,XOF8012,IUM26
9812,40,-0.380,1111,IUK26-IUM26,S,26-May-2026,19:30:03,-0.38,SGX,XOF8012,XOF8012,IUK26-IUM26
9812,40,103.940,1111,IUK26,B,26-May-2026,19:30:03,103.94,SGX,XOF8012,XOF8012,IUK26
9812,40,103.560,1111,IUM26,S,25-Jun-2026,19:30:03,103.56,SGX,XOF8012,XOF8012,IUM26
9812,48,-0.380,1111,IUK26-IUM26,S,26-May-2026,19:30:03,-0.38,SGX,XOF8012,XOF8012,IUK26-IUM26
9812,48,103.940,1111,IUK26,B,26-May-2026,19:30:03,103.94,SGX,XOF8012,XOF8012,IUK26
9812,48,103.560,1111,IUM26,S,25-Jun-2026,19:30:03,103.56,SGX,XOF8012,XOF8012,IUM26
9812,49,-0.380,1111,IUK26-IUM26,S,26-May-2026,19:30:03,-0.38,SGX,XOF8012,XOF8012,IUK26-IUM26
9812,49,103.940,1111,IUK26,B,26-May-2026,19:30:03,103.94,SGX,XOF8012,XOF8012,IUK26
9812,49,103.560,1111,IUM26,S,25-Jun-2026,19:30:03,103.56,SGX,XOF8012,XOF8012,IUM26
9812,44,-0.380,1111,IUK26-IUM26,S,26-May-2026,19:30:04,-0.38,SGX,XOF8012,XOF8012,IUK26-IUM26
9812,44,103.940,1111,IUK26,B,26-May-2026,19:30:04,103.94,SGX,XOF8012,XOF8012,IUK26
9812,44,103.560,1111,IUM26,S,25-Jun-2026,19:30:04,103.56,SGX,XOF8012,XOF8012,IUM26
9812,47,-0.380,1111,IUK26-IUM26,S,26-May-2026,19:30:04,-0.38,SGX,XOF8012,XOF8012,IUK26-IUM26
9812,47,103.940,1111,IUK26,B,26-May-2026,19:30:04,103.94,SGX,XOF8012,XOF8012,IUK26
9812,47,103.560,1111,IUM26,S,25-Jun-2026,19:30:04,103.56,SGX,XOF8012,XOF8012,IUM26
9812,44,-0.380,1111,IUK26-IUM26,S,26-May-2026,19:30:04,-0.38,SGX,XOF8012,XOF8012,IUK26-IUM26
9812,44,103.940,1111,IUK26,B,26-May-2026,19:30:04,103.94,SGX,XOF8012,XOF8012,IUK26
9812,44,103.560,1111,IUM26,S,25-Jun-2026,19:30:04,103.56,SGX,XOF8012,XOF8012,IUM26
9812,47,-0.380,1111,IUK26-IUM26,S,26-May-2026,19:30:04,-0.38,SGX,XOF8012,XOF8012,IUK26-IUM26
9812,47,103.940,1111,IUK26,B,26-May-2026,19:30:04,103.94,SGX,XOF8012,XOF8012,IUK26
9812,47,103.560,1111,IUM26,S,25-Jun-2026,19:30:04,103.56,SGX,XOF8012,XOF8012,IUM26
9812,43,-0.380,1111,IUK26-IUM26,S,26-May-2026,19:30:04,-0.38,SGX,XOF8012,XOF8012,IUK26-IUM26
9812,43,103.940,1111,IUK26,B,26-May-2026,19:30:04,103.94,SGX,XOF8012,XOF8012,IUK26
9812,43,103.560,1111,IUM26,S,25-Jun-2026,19:30:04,103.56,SGX,XOF8012,XOF8012,IUM26
9812,41,-0.380,1111,IUK26-IUM26,S,26-May-2026,19:30:04,-0.38,SGX,XOF8012,XOF8012,IUK26-IUM26
9812,41,103.940,1111,IUK26,B,26-May-2026,19:30:04,103.94,SGX,XOF8012,XOF8012,IUK26
9812,41,103.560,1111,IUM26,S,25-Jun-2026,19:30:04,103.56,SGX,XOF8012,XOF8012,IUM26
9812,48,-0.380,1111,IUK26-IUM26,S,26-May-2026,19:30:05,-0.38,SGX,XOF8012,XOF8012,IUK26-IUM26
9812,48,103.940,1111,IUK26,B,26-May-2026,19:30:05,103.94,SGX,XOF8012,XOF8012,IUK26
9812,48,103.560,1111,IUM26,S,25-Jun-2026,19:30:05,103.56,SGX,XOF8012,XOF8012,IUM26
9812,46,-0.380,1111,IUK26-IUM26,S,26-May-2026,19:30:05,-0.38,SGX,XOF8012,XOF8012,IUK26-IUM26
9812,46,103.940,1111,IUK26,B,26-May-2026,19:30:05,103.94,SGX,XOF8012,XOF8012,IUK26
9812,46,103.560,1111,IUM26,S,25-Jun-2026,19:30:05,103.56,SGX,XOF8012,XOF8012,IUM26
9812,50,-0.380,1111,IUK26-IUM26,S,26-May-2026,19:30:05,-0.38,SGX,XOF8012,XOF8012,IUK26-IUM26
9812,50,103.940,1111,IUK26,B,26-May-2026,19:30:05,103.94,SGX,XOF8012,XOF8012,IUK26
9812,50,103.560,1111,IUM26,S,25-Jun-2026,19:30:05,103.56,SGX,XOF8012,XOF8012,IUM26
9812,49,-0.380,1111,IUK26-IUM26,S,26-May-2026,19:30:05,-0.38,SGX,XOF8012,XOF8012,IUK26-IUM26
9812,49,103.940,1111,IUK26,B,26-May-2026,19:30:05,103.94,SGX,XOF8012,XOF8012,IUK26
9812,49,103.560,1111,IUM26,S,25-Jun-2026,19:30:05,103.56,SGX,XOF8012,XOF8012,IUM26
9812,43,-0.380,1111,IUK26-IUM26,S,26-May-2026,19:30:05,-0.38,SGX,XOF8012,XOF8012,IUK26-IUM26
9812,43,103.550,1111,IUM26,S,25-Jun-2026,19:30:05,103.56,SGX,XOF8012,XOF8012,IUM26
9812,43,103.930,1111,IUK26,B,26-May-2026,19:30:05,103.94,SGX,XOF8012,XOF8012,IUK26
9812,49,-0.380,1111,IUK26-IUM26,S,26-May-2026,19:30:06,-0.38,SGX,XOF8012,XOF8012,IUK26-IUM26
9812,49,103.550,1111,IUM26,S,25-Jun-2026,19:30:06,103.56,SGX,XOF8012,XOF8012,IUM26
9812,49,103.930,1111,IUK26,B,26-May-2026,19:30:06,103.94,SGX,XOF8012,XOF8012,IUK26
9812,47,-0.380,1111,IUK26-IUM26,S,26-May-2026,19:30:06,-0.38,SGX,XOF8012,XOF8012,IUK26-IUM26
9812,47,103.550,1111,IUM26,S,25-Jun-2026,19:30:06,103.56,SGX,XOF8012,XOF8012,IUM26
9812,47,103.930,1111,IUK26,B,26-May-2026,19:30:06,103.94,SGX,XOF8012,XOF8012,IUK26
9812,42,-0.380,1111,IUK26-IUM26,S,26-May-2026,19:30:06,-0.38,SGX,XOF8012,XOF8012,IUK26-IUM26
9812,42,103.550,1111,IUM26,S,25-Jun-2026,19:30:06,103.56,SGX,XOF8012,XOF8012,IUM26
9812,42,103.930,1111,IUK26,B,26-May-2026,19:30:06,103.94,SGX,XOF8012,XOF8012,IUK26
9812,42,-0.380,1111,IUK26-IUM26,S,26-May-2026,19:30:06,-0.38,SGX,XOF8012,XOF8012,IUK26-IUM26
9812,42,103.550,1111,IUM26,S,25-Jun-2026,19:30:06,103.56,SGX,XOF8012,XOF8012,IUM26
9812,42,103.930,1111,IUK26,B,26-May-2026,19:30:06,103.94,SGX,XOF8012,XOF8012,IUK26
9812,25,-0.380,1111,IUK26-IUM26,S,26-May-2026,19:30:06,-0.38,SGX,XOF8012,XOF8012,IUK26-IUM26
9812,25,103.550,1111,IUM26,S,25-Jun-2026,19:30:06,103.56,SGX,XOF8012,XOF8012,IUM26
9812,25,103.930,1111,IUK26,B,26-May-2026,19:30:06,103.94,SGX,XOF8012,XOF8012,IUK26
9812,3,-0.380,1111,IUK26-IUM26,S,26-May-2026,19:30:07,-0.38,SGX,XOF8012,XOF8012,IUK26-IUM26
9812,3,103.940,1111,IUK26,B,26-May-2026,19:30:07,103.94,SGX,XOF8012,XOF8012,IUK26
9812,3,103.560,1111,IUM26,S,25-Jun-2026,19:30:07,103.56,SGX,XOF8012,XOF8012,IUM26
9812,5,103.57,1111,DINR,B,25-Jun-2026,19:30:17,103.57,DGCX,S-XOF8012,S-XOF8012,DINR-20260626
9819,42,0.38,1111,DINR,B,27-May-2026,19:31:55,0.38,DGCX,S-XOF8019,S-XOF8019,DINR-20260527-20260626
9819,42,103.54,1111,DINR,S,25-Jun-2026,19:31:55,103.54,DGCX,S-XOF8019,S-XOF8019,DINR-20260626
9819,42,103.92,1111,DINR,B,26-May-2026,19:31:55,103.92,DGCX,S-XOF8019,S-XOF8019,DINR-20260527
9819,1,0.39,1111,DINR,B,27-May-2026,19:32:49,0.39,DGCX,S-XOF8019,S-XOF8019,DINR-20260527-20260626
9819,1,103.90,1111,DINR,B,26-May-2026,19:32:49,103.9,DGCX,S-XOF8019,S-XOF8019,DINR-20260527
9819,1,103.51,1111,DINR,S,25-Jun-2026,19:32:49,103.51,DGCX,S-XOF8019,S-XOF8019,DINR-20260626
9813,1,-0.400,1111,IUM26-IUN26,B,26-Jun-2026,19:33:26,-0.4,SGX,XOF8013,XOF8013,IUM26-IUN26
9813,1,103.500,1111,IUM26,S,25-Jun-2026,19:33:26,103.5,SGX,XOF8013,XOF8013,IUM26
9813,1,103.100,1111,IUN26,B,29-Jul-2026,19:33:26,103.14,SGX,XOF8013,XOF8013,IUN26
9819,1,0.38,1111,DINR,B,27-May-2026,19:33:46,0.38,DGCX,S-XOF8019,S-XOF8019,DINR-20260527-20260626
9819,1,103.88,1111,DINR,B,26-May-2026,19:33:46,103.88,DGCX,S-XOF8019,S-XOF8019,DINR-20260527
9819,1,103.50,1111,DINR,S,25-Jun-2026,19:33:46,103.5,DGCX,S-XOF8019,S-XOF8019,DINR-20260626
9819,1,0.38,1111,DINR,B,27-May-2026,19:33:46,0.38,DGCX,S-XOF8019,S-XOF8019,DINR-20260527-20260626
9819,1,103.50,1111,DINR,S,25-Jun-2026,19:33:46,103.5,DGCX,S-XOF8019,S-XOF8019,DINR-20260626
9819,1,103.88,1111,DINR,B,26-May-2026,19:33:46,103.88,DGCX,S-XOF8019,S-XOF8019,DINR-20260527
9812,5,103.500,1111,IUM26,S,25-Jun-2026,19:34:16,103.5,SGX,XOF8012,XOF8012,IUM26
9819,5,0.38,1111,DINR,B,27-May-2026,19:34:16,0.38,DGCX,S-XOF8019,S-XOF8019,DINR-20260527-20260626
9819,5,103.50,1111,DINR,S,25-Jun-2026,19:34:16,103.5,DGCX,S-XOF8019,S-XOF8019,DINR-20260626
9819,5,103.88,1111,DINR,B,26-May-2026,19:34:16,103.88,DGCX,S-XOF8019,S-XOF8019,DINR-20260527
9812,5,103.50,1111,DINR,B,25-Jun-2026,19:34:16,103.5,DGCX,S-XOF8012,S-XOF8012,DINR-20260626
9819,1,0.38,1111,DINR,B,27-May-2026,19:34:16,0.38,DGCX,S-XOF8019,S-XOF8019,DINR-20260527-20260626
9819,1,103.88,1111,DINR,B,26-May-2026,19:34:16,103.88,DGCX,S-XOF8019,S-XOF8019,DINR-20260527
9819,1,103.50,1111,DINR,S,25-Jun-2026,19:34:16,103.5,DGCX,S-XOF8019,S-XOF8019,DINR-20260626
9812,5,103.460,1111,IUM26,B,25-Jun-2026,19:35:53,103.45,SGX,XOF8012,XOF8012,IUM26
9812,1,103.47,1111,DINR,S,25-Jun-2026,19:35:53,103.47,DGCX,S-XOF8012,S-XOF8012,DINR-20260626
9813,4,-0.400,1111,IUM26-IUN26,B,26-Jun-2026,19:35:53,-0.4,SGX,XOF8013,XOF8013,IUM26-IUN26
9813,4,103.450,1111,IUM26,S,25-Jun-2026,19:35:53,103.45,SGX,XOF8013,XOF8013,IUM26
9813,4,103.050,1111,IUN26,B,29-Jul-2026,19:35:53,103.05,SGX,XOF8013,XOF8013,IUN26
9812,5,103.460,1111,IUM26,S,25-Jun-2026,19:36:01,103.46,SGX,XOF8012,XOF8012,IUM26
9812,4,103.46,1111,DINR,B,25-Jun-2026,19:36:01,103.46,DGCX,S-XOF8012,S-XOF8012,DINR-20260626
9812,4,103.46,1111,DINR,S,25-Jun-2026,19:36:01,103.46,DGCX,S-XOF8012,S-XOF8012,DINR-20260626
9812,5,103.850,1111,IUK26,S,26-May-2026,19:36:02,103.86,SGX,XOF8012,XOF8012,IUK26
9812,5,103.86,1111,DINR,B,26-May-2026,19:36:03,103.86,DGCX,S-XOF8012,S-XOF8012,DINR-20260527
9812,1,-0.380,1111,IUK26-IUM26,B,26-May-2026,19:49:31,-0.38,SGX,XOF8012,XOF8012,IUK26-IUM26
9812,1,103.890,1111,IUK26,S,26-May-2026,19:49:31,103.9,SGX,XOF8012,XOF8012,IUK26
9812,1,103.510,1111,IUM26,B,25-Jun-2026,19:49:31,103.51,SGX,XOF8012,XOF8012,IUM26
9819,1,0.38,1111,DINR,B,27-May-2026,19:52:36,0.38,DGCX,S-XOF8019,S-XOF8019,DINR-20260527-20260626
9819,1,103.88,1111,DINR,B,26-May-2026,19:52:36,103.88,DGCX,S-XOF8019,S-XOF8019,DINR-20260527
9819,1,103.50,1111,DINR,S,25-Jun-2026,19:52:36,103.5,DGCX,S-XOF8019,S-XOF8019,DINR-20260626
9813,4,-0.400,1111,IUM26-IUN26,B,26-Jun-2026,20:01:18,-0.4,SGX,XOF8013,XOF8013,IUM26-IUN26
9813,4,103.490,1111,IUM26,S,25-Jun-2026,20:01:18,103.49,SGX,XOF8013,XOF8013,IUM26
9813,4,103.090,1111,IUN26,B,29-Jul-2026,20:01:18,103.09,SGX,XOF8013,XOF8013,IUN26
9812,11,-0.380,1111,IUK26-IUM26,B,26-May-2026,20:29:13,-0.38,SGX,XOF8012,XOF8012,IUK26-IUM26
9812,11,103.880,1111,IUK26,S,26-May-2026,20:29:13,103.88,SGX,XOF8012,XOF8012,IUK26
9812,11,103.500,1111,IUM26,B,25-Jun-2026,20:29:13,103.49,SGX,XOF8012,XOF8012,IUM26
9812,9,-0.380,1111,IUK26-IUM26,B,26-May-2026,20:29:17,-0.38,SGX,XOF8012,XOF8012,IUK26-IUM26
9812,9,103.880,1111,IUK26,S,26-May-2026,20:29:17,103.88,SGX,XOF8012,XOF8012,IUK26
9812,9,103.500,1111,IUM26,B,25-Jun-2026,20:29:17,103.49,SGX,XOF8012,XOF8012,IUM26
9812,46,-0.380,1111,IUK26-IUM26,B,26-May-2026,20:48:03,-0.38,SGX,XOF8012,XOF8012,IUK26-IUM26
9812,46,103.800,1111,IUK26,S,26-May-2026,20:48:03,103.78,SGX,XOF8012,XOF8012,IUK26
9812,46,103.420,1111,IUM26,B,25-Jun-2026,20:48:03,103.43,SGX,XOF8012,XOF8012,IUM26
9812,4,-0.390,1111,IUM26-IUN26,S,26-Jun-2026,20:49:47,-0.39,SGX,XOF8012,XOF8012,IUM26-IUN26
9812,4,103.430,1111,IUM26,B,25-Jun-2026,20:49:47,103.43,SGX,XOF8012,XOF8012,IUM26
9812,4,103.040,1111,IUN26,S,29-Jul-2026,20:49:47,103.04,SGX,XOF8012,XOF8012,IUN26
9812,1,-0.390,1111,IUM26-IUN26,S,26-Jun-2026,20:49:54,-0.37,SGX,XOF8012,XOF8012,IUM26-IUN26
9812,1,103.420,1111,IUM26,B,25-Jun-2026,20:49:54,103.42,SGX,XOF8012,XOF8012,IUM26
9812,1,103.030,1111,IUN26,S,29-Jul-2026,20:49:54,103.05,SGX,XOF8012,XOF8012,IUN26
9813,3,-0.370,1111,IUM26-IUN26,S,26-Jun-2026,20:49:54,-0.37,SGX,XOF8013,XOF8013,IUM26-IUN26
9813,3,103.420,1111,IUM26,B,25-Jun-2026,20:49:54,103.42,SGX,XOF8013,XOF8013,IUM26
9813,3,103.050,1111,IUN26,S,29-Jul-2026,20:49:54,103.05,SGX,XOF8013,XOF8013,IUN26
9813,1,-0.370,1111,IUM26-IUN26,S,26-Jun-2026,20:51:39,-0.37,SGX,XOF8013,XOF8013,IUM26-IUN26
9813,1,103.430,1111,IUM26,B,25-Jun-2026,20:51:39,103.43,SGX,XOF8013,XOF8013,IUM26
9813,1,103.060,1111,IUN26,S,29-Jul-2026,20:51:39,103.06,SGX,XOF8013,XOF8013,IUN26
9813,2,-0.370,1111,IUM26-IUN26,S,26-Jun-2026,20:52:31,-0.37,SGX,XOF8013,XOF8013,IUM26-IUN26
9813,2,103.410,1111,IUM26,B,25-Jun-2026,20:52:31,103.41,SGX,XOF8013,XOF8013,IUM26
9813,2,103.040,1111,IUN26,S,29-Jul-2026,20:52:31,103.04,SGX,XOF8013,XOF8013,IUN26
9813,4,-0.370,1111,IUM26-IUN26,S,26-Jun-2026,20:59:37,-0.37,SGX,XOF8013,XOF8013,IUM26-IUN26
9813,4,103.420,1111,IUM26,B,25-Jun-2026,20:59:37,103.42,SGX,XOF8013,XOF8013,IUM26
9813,4,103.050,1111,IUN26,S,29-Jul-2026,20:59:37,103.05,SGX,XOF8013,XOF8013,IUN26
9813,4,-0.370,1111,IUM26-IUN26,S,26-Jun-2026,20:59:59,-0.37,SGX,XOF8013,XOF8013,IUM26-IUN26
9813,4,103.400,1111,IUM26,B,25-Jun-2026,20:59:59,103.4,SGX,XOF8013,XOF8013,IUM26
9813,4,103.030,1111,IUN26,S,29-Jul-2026,20:59:59,103.03,SGX,XOF8013,XOF8013,IUN26
9813,1,-0.370,1111,IUM26-IUN26,S,26-Jun-2026,21:00:13,-0.37,SGX,XOF8013,XOF8013,IUM26-IUN26
9813,1,103.400,1111,IUM26,B,25-Jun-2026,21:00:13,103.4,SGX,XOF8013,XOF8013,IUM26
9813,1,103.030,1111,IUN26,S,29-Jul-2026,21:00:13,103.03,SGX,XOF8013,XOF8013,IUN26
9813,4,-0.370,1111,IUM26-IUN26,S,26-Jun-2026,21:33:44,-0.37,SGX,XOF8013,XOF8013,IUM26-IUN26
9813,4,103.420,1111,IUM26,B,25-Jun-2026,21:33:44,103.42,SGX,XOF8013,XOF8013,IUM26
9813,4,103.050,1111,IUN26,S,29-Jul-2026,21:33:44,103.05,SGX,XOF8013,XOF8013,IUN26
9813,1,-0.370,1111,IUM26-IUN26,S,26-Jun-2026,21:34:47,-0.37,SGX,XOF8013,XOF8013,IUM26-IUN26
9813,1,103.420,1111,IUM26,B,25-Jun-2026,21:34:47,103.42,SGX,XOF8013,XOF8013,IUM26
9813,1,103.050,1111,IUN26,S,29-Jul-2026,21:34:47,103.05,SGX,XOF8013,XOF8013,IUN26
9813,1,-0.370,1111,IUM26-IUN26,S,26-Jun-2026,21:36:27,-0.37,SGX,XOF8013,XOF8013,IUM26-IUN26
9813,1,103.420,1111,IUM26,B,25-Jun-2026,21:36:27,103.42,SGX,XOF8013,XOF8013,IUM26
9813,1,103.050,1111,IUN26,S,29-Jul-2026,21:36:27,103.05,SGX,XOF8013,XOF8013,IUN26
9813,6,-0.400,1111,IUM26-IUN26,B,26-Jun-2026,21:36:31,-0.4,SGX,XOF8013,XOF8013,IUM26-IUN26
9813,6,103.410,1111,IUM26,S,25-Jun-2026,21:36:31,103.41,SGX,XOF8013,XOF8013,IUM26
9813,6,103.010,1111,IUN26,B,29-Jul-2026,21:36:31,103.01,SGX,XOF8013,XOF8013,IUN26
9813,1,-0.370,1111,IUM26-IUN26,S,26-Jun-2026,21:36:52,-0.37,SGX,XOF8013,XOF8013,IUM26-IUN26
9813,1,103.420,1111,IUM26,B,25-Jun-2026,21:36:52,103.42,SGX,XOF8013,XOF8013,IUM26
9813,1,103.050,1111,IUN26,S,29-Jul-2026,21:36:52,103.05,SGX,XOF8013,XOF8013,IUN26
9813,1,-0.370,1111,IUM26-IUN26,S,26-Jun-2026,21:37:31,-0.37,SGX,XOF8013,XOF8013,IUM26-IUN26
9813,1,103.430,1111,IUM26,B,25-Jun-2026,21:37:31,103.43,SGX,XOF8013,XOF8013,IUM26
9813,1,103.060,1111,IUN26,S,29-Jul-2026,21:37:31,103.06,SGX,XOF8013,XOF8013,IUN26
9813,1,-0.370,1111,IUM26-IUN26,S,26-Jun-2026,21:37:57,-0.37,SGX,XOF8013,XOF8013,IUM26-IUN26
9813,1,103.420,1111,IUM26,B,25-Jun-2026,21:37:57,103.42,SGX,XOF8013,XOF8013,IUM26
9813,1,103.050,1111,IUN26,S,29-Jul-2026,21:37:57,103.05,SGX,XOF8013,XOF8013,IUN26
9812,23,-0.370,1111,IUK26-IUM26,B,26-May-2026,21:45:18,-0.37,SGX,XOF8012,XOF8012,IUK26-IUM26
9812,23,103.820,1111,IUK26,S,26-May-2026,21:45:18,103.81,SGX,XOF8012,XOF8012,IUK26
9812,23,103.450,1111,IUM26,B,25-Jun-2026,21:45:18,103.44,SGX,XOF8012,XOF8012,IUM26
9812,100,-0.370,1111,IUK26-IUM26,B,26-May-2026,21:45:18,-0.37,SGX,XOF8012,XOF8012,IUK26-IUM26
9812,100,103.820,1111,IUK26,S,26-May-2026,21:45:18,103.81,SGX,XOF8012,XOF8012,IUK26
9812,100,103.450,1111,IUM26,B,25-Jun-2026,21:45:18,103.44,SGX,XOF8012,XOF8012,IUM26
9812,77,-0.370,1111,IUK26-IUM26,B,26-May-2026,21:45:18,-0.37,SGX,XOF8012,XOF8012,IUK26-IUM26
9812,77,103.820,1111,IUK26,S,26-May-2026,21:45:18,103.81,SGX,XOF8012,XOF8012,IUK26
9812,77,103.450,1111,IUM26,B,25-Jun-2026,21:45:18,103.44,SGX,XOF8012,XOF8012,IUM26
9812,23,-0.370,1111,IUK26-IUM26,B,26-May-2026,21:46:06,-0.37,SGX,XOF8012,XOF8012,IUK26-IUM26
9812,23,103.820,1111,IUK26,S,26-May-2026,21:46:06,103.81,SGX,XOF8012,XOF8012,IUK26
9812,23,103.450,1111,IUM26,B,25-Jun-2026,21:46:06,103.44,SGX,XOF8012,XOF8012,IUM26
9812,100,-0.370,1111,IUK26-IUM26,B,26-May-2026,21:46:06,-0.37,SGX,XOF8012,XOF8012,IUK26-IUM26
9812,100,103.820,1111,IUK26,S,26-May-2026,21:46:06,103.81,SGX,XOF8012,XOF8012,IUK26
9812,100,103.450,1111,IUM26,B,25-Jun-2026,21:46:06,103.44,SGX,XOF8012,XOF8012,IUM26
9812,77,-0.370,1111,IUK26-IUM26,B,26-May-2026,21:46:06,-0.37,SGX,XOF8012,XOF8012,IUK26-IUM26
9812,77,103.820,1111,IUK26,S,26-May-2026,21:46:06,103.81,SGX,XOF8012,XOF8012,IUK26
9812,77,103.450,1111,IUM26,B,25-Jun-2026,21:46:06,103.44,SGX,XOF8012,XOF8012,IUM26
9812,53,-0.380,1111,IUK26-IUM26,B,26-May-2026,21:50:23,-0.38,SGX,XOF8012,XOF8012,IUK26-IUM26
9812,53,103.820,1111,IUK26,S,26-May-2026,21:50:23,103.82,SGX,XOF8012,XOF8012,IUK26
9812,53,103.440,1111,IUM26,B,25-Jun-2026,21:50:23,103.45,SGX,XOF8012,XOF8012,IUM26
9812,80,-0.380,1111,IUK26-IUM26,B,26-May-2026,21:51:13,-0.38,SGX,XOF8012,XOF8012,IUK26-IUM26
9812,80,103.830,1111,IUK26,S,26-May-2026,21:51:13,103.83,SGX,XOF8012,XOF8012,IUK26
9812,80,103.450,1111,IUM26,B,25-Jun-2026,21:51:13,103.45,SGX,XOF8012,XOF8012,IUM26
9812,5,-0.380,1111,IUK26-IUM26,B,26-May-2026,21:51:13,-0.38,SGX,XOF8012,XOF8012,IUK26-IUM26
9812,5,103.830,1111,IUK26,S,26-May-2026,21:51:13,103.83,SGX,XOF8012,XOF8012,IUK26
9812,5,103.450,1111,IUM26,B,25-Jun-2026,21:51:13,103.45,SGX,XOF8012,XOF8012,IUM26
9813,1,-0.370,1111,IUM26-IUN26,S,26-Jun-2026,21:52:10,-0.37,SGX,XOF8013,XOF8013,IUM26-IUN26
9813,1,103.450,1111,IUM26,B,25-Jun-2026,21:52:10,103.45,SGX,XOF8013,XOF8013,IUM26
9813,1,103.080,1111,IUN26,S,29-Jul-2026,21:52:10,103.08,SGX,XOF8013,XOF8013,IUN26
9813,4,-0.370,1111,IUM26-IUN26,S,26-Jun-2026,21:54:05,-0.37,SGX,XOF8013,XOF8013,IUM26-IUN26
9813,4,103.430,1111,IUM26,B,25-Jun-2026,21:54:05,103.43,SGX,XOF8013,XOF8013,IUM26
9813,4,103.060,1111,IUN26,S,29-Jul-2026,21:54:05,103.06,SGX,XOF8013,XOF8013,IUN26
9813,4,-0.370,1111,IUM26-IUN26,S,26-Jun-2026,21:54:54,-0.37,SGX,XOF8013,XOF8013,IUM26-IUN26
9813,4,103.440,1111,IUM26,B,25-Jun-2026,21:54:54,103.44,SGX,XOF8013,XOF8013,IUM26
9813,4,103.070,1111,IUN26,S,29-Jul-2026,21:54:54,103.07,SGX,XOF8013,XOF8013,IUN26
9813,2,-0.370,1111,IUM26-IUN26,S,26-Jun-2026,21:57:05,-0.37,SGX,XOF8013,XOF8013,IUM26-IUN26
9813,2,103.410,1111,IUM26,B,25-Jun-2026,21:57:05,103.4,SGX,XOF8013,XOF8013,IUM26
9813,2,103.040,1111,IUN26,S,29-Jul-2026,21:57:05,103.04,SGX,XOF8013,XOF8013,IUN26
9813,1,-0.370,1111,IUM26-IUN26,S,26-Jun-2026,22:24:26,-0.37,SGX,XOF8013,XOF8013,IUM26-IUN26
9813,1,103.470,1111,IUM26,B,25-Jun-2026,22:24:26,103.47,SGX,XOF8013,XOF8013,IUM26
9813,1,103.100,1111,IUN26,S,29-Jul-2026,22:24:26,103.1,SGX,XOF8013,XOF8013,IUN26
9813,1,-0.370,1111,IUM26-IUN26,S,26-Jun-2026,22:26:43,-0.37,SGX,XOF8013,XOF8013,IUM26-IUN26
9813,1,103.470,1111,IUM26,B,25-Jun-2026,22:26:43,103.47,SGX,XOF8013,XOF8013,IUM26
9813,1,103.100,1111,IUN26,S,29-Jul-2026,22:26:43,103.1,SGX,XOF8013,XOF8013,IUN26
9813,1,-0.370,1111,IUM26-IUN26,S,26-Jun-2026,22:28:17,-0.37,SGX,XOF8013,XOF8013,IUM26-IUN26
9813,1,103.470,1111,IUM26,B,25-Jun-2026,22:28:17,103.47,SGX,XOF8013,XOF8013,IUM26
9813,1,103.100,1111,IUN26,S,29-Jul-2026,22:28:17,103.1,SGX,XOF8013,XOF8013,IUN26
9812,69,-0.370,1111,IUK26-IUM26,B,26-May-2026,22:54:19,-0.37,SGX,XOF8012,XOF8012,IUK26-IUM26
9812,69,103.830,1111,IUK26,S,26-May-2026,22:54:19,103.83,SGX,XOF8012,XOF8012,IUK26
9812,69,103.460,1111,IUM26,B,25-Jun-2026,22:54:19,103.45,SGX,XOF8012,XOF8012,IUM26
9812,31,-0.370,1111,IUK26-IUM26,B,26-May-2026,22:54:19,-0.37,SGX,XOF8012,XOF8012,IUK26-IUM26
9812,31,103.830,1111,IUK26,S,26-May-2026,22:54:19,103.83,SGX,XOF8012,XOF8012,IUK26
9812,31,103.460,1111,IUM26,B,25-Jun-2026,22:54:19,103.45,SGX,XOF8012,XOF8012,IUM26
9812,69,-0.370,1111,IUK26-IUM26,B,26-May-2026,22:54:40,-0.37,SGX,XOF8012,XOF8012,IUK26-IUM26
9812,69,103.830,1111,IUK26,S,26-May-2026,22:54:40,103.84,SGX,XOF8012,XOF8012,IUK26
9812,69,103.460,1111,IUM26,B,25-Jun-2026,22:54:40,103.46,SGX,XOF8012,XOF8012,IUM26
9812,31,-0.370,1111,IUK26-IUM26,B,26-May-2026,22:54:40,-0.37,SGX,XOF8012,XOF8012,IUK26-IUM26
9812,31,103.830,1111,IUK26,S,26-May-2026,22:54:40,103.84,SGX,XOF8012,XOF8012,IUK26
9812,31,103.460,1111,IUM26,B,25-Jun-2026,22:54:40,103.46,SGX,XOF8012,XOF8012,IUM26
9812,26,-0.380,1111,IUK26-IUM26,B,26-May-2026,22:54:46,-0.38,SGX,XOF8012,XOF8012,IUK26-IUM26
9812,26,103.830,1111,IUK26,S,26-May-2026,22:54:46,103.84,SGX,XOF8012,XOF8012,IUK26
9812,26,103.450,1111,IUM26,B,25-Jun-2026,22:54:46,103.46,SGX,XOF8012,XOF8012,IUM26
9813,1,-0.370,1111,IUM26-IUN26,S,26-Jun-2026,22:54:48,-0.37,SGX,XOF8013,XOF8013,IUM26-IUN26
9813,1,103.460,1111,IUM26,B,25-Jun-2026,22:54:48,103.46,SGX,XOF8013,XOF8013,IUM26
9813,1,103.090,1111,IUN26,S,29-Jul-2026,22:54:48,103.09,SGX,XOF8013,XOF8013,IUN26
9812,50,-0.370,1111,IUK26-IUM26,B,26-May-2026,22:57:22,-0.37,SGX,XOF8012,XOF8012,IUK26-IUM26
9812,50,103.830,1111,IUK26,S,26-May-2026,22:57:22,103.83,SGX,XOF8012,XOF8012,IUK26
9812,50,103.460,1111,IUM26,B,25-Jun-2026,22:57:22,103.46,SGX,XOF8012,XOF8012,IUM26
9812,19,-0.370,1111,IUK26-IUM26,B,26-May-2026,22:57:31,-0.37,SGX,XOF8012,XOF8012,IUK26-IUM26
9812,19,103.830,1111,IUK26,S,26-May-2026,22:57:31,103.83,SGX,XOF8012,XOF8012,IUK26
9812,19,103.460,1111,IUM26,B,25-Jun-2026,22:57:31,103.46,SGX,XOF8012,XOF8012,IUM26
9812,31,-0.370,1111,IUK26-IUM26,B,26-May-2026,22:57:31,-0.37,SGX,XOF8012,XOF8012,IUK26-IUM26
9812,31,103.830,1111,IUK26,S,26-May-2026,22:57:31,103.83,SGX,XOF8012,XOF8012,IUK26
9812,31,103.460,1111,IUM26,B,25-Jun-2026,22:57:31,103.46,SGX,XOF8012,XOF8012,IUM26
9812,50,-0.370,1111,IUK26-IUM26,B,26-May-2026,22:58:00,-0.37,SGX,XOF8012,XOF8012,IUK26-IUM26
9812,50,103.830,1111,IUK26,S,26-May-2026,22:58:00,103.84,SGX,XOF8012,XOF8012,IUK26
9812,50,103.460,1111,IUM26,B,25-Jun-2026,22:58:00,103.45,SGX,XOF8012,XOF8012,IUM26
9812,19,-0.370,1111,IUK26-IUM26,B,26-May-2026,22:58:53,-0.37,SGX,XOF8012,XOF8012,IUK26-IUM26
9812,19,103.830,1111,IUK26,S,26-May-2026,22:58:53,103.84,SGX,XOF8012,XOF8012,IUK26
9812,19,103.460,1111,IUM26,B,25-Jun-2026,22:58:53,103.45,SGX,XOF8012,XOF8012,IUM26
9812,31,-0.370,1111,IUK26-IUM26,B,26-May-2026,22:58:53,-0.37,SGX,XOF8012,XOF8012,IUK26-IUM26
9812,31,103.830,1111,IUK26,S,26-May-2026,22:58:53,103.84,SGX,XOF8012,XOF8012,IUK26
9812,31,103.460,1111,IUM26,B,25-Jun-2026,22:58:53,103.45,SGX,XOF8012,XOF8012,IUM26
9812,10,-0.380,1111,IUK26-IUM26,B,26-May-2026,23:02:11,-0.38,SGX,XOF8012,XOF8012,IUK26-IUM26
9812,10,103.830,1111,IUK26,S,26-May-2026,23:02:11,103.83,SGX,XOF8012,XOF8012,IUK26
9812,10,103.450,1111,IUM26,B,25-Jun-2026,23:02:11,103.45,SGX,XOF8012,XOF8012,IUM26
9812,2,-0.380,1111,IUK26-IUM26,B,26-May-2026,23:04:18,-0.38,SGX,XOF8012,XOF8012,IUK26-IUM26
9812,2,103.820,1111,IUK26,S,26-May-2026,23:04:18,103.82,SGX,XOF8012,XOF8012,IUK26
9812,2,103.440,1111,IUM26,B,25-Jun-2026,23:04:18,103.43,SGX,XOF8012,XOF8012,IUM26
9812,3,-0.380,1111,IUK26-IUM26,B,26-May-2026,23:04:18,-0.38,SGX,XOF8012,XOF8012,IUK26-IUM26
9812,3,103.820,1111,IUK26,S,26-May-2026,23:04:18,103.82,SGX,XOF8012,XOF8012,IUK26
9812,3,103.440,1111,IUM26,B,25-Jun-2026,23:04:18,103.43,SGX,XOF8012,XOF8012,IUM26
9813,1,-0.370,1111,IUM26-IUN26,S,26-Jun-2026,23:05:02,-0.37,SGX,XOF8013,XOF8013,IUM26-IUN26
9813,1,103.440,1111,IUM26,B,25-Jun-2026,23:05:02,103.44,SGX,XOF8013,XOF8013,IUM26
9813,1,103.070,1111,IUN26,S,29-Jul-2026,23:05:02,103.07,SGX,XOF8013,XOF8013,IUN26
9813,1,-0.370,1111,IUM26-IUN26,S,26-Jun-2026,23:05:02,-0.37,SGX,XOF8013,XOF8013,IUM26-IUN26
9813,1,103.440,1111,IUM26,B,25-Jun-2026,23:05:02,103.44,SGX,XOF8013,XOF8013,IUM26
9813,1,103.070,1111,IUN26,S,29-Jul-2026,23:05:02,103.07,SGX,XOF8013,XOF8013,IUN26
9813,4,-0.400,1111,IUM26-IUN26,B,26-Jun-2026,23:22:27,-0.4,SGX,XOF8013,XOF8013,IUM26-IUN26
9813,4,103.470,1111,IUM26,S,25-Jun-2026,23:22:27,103.47,SGX,XOF8013,XOF8013,IUM26
9813,4,103.070,1111,IUN26,B,29-Jul-2026,23:22:27,103.07,SGX,XOF8013,XOF8013,IUN26
9813,1,-0.370,1111,IUM26-IUN26,S,26-Jun-2026,23:26:38,-0.37,SGX,XOF8013,XOF8013,IUM26-IUN26
9813,1,103.470,1111,IUM26,B,25-Jun-2026,23:26:38,103.47,SGX,XOF8013,XOF8013,IUM26
9813,1,103.100,1111,IUN26,S,29-Jul-2026,23:26:38,103.1,SGX,XOF8013,XOF8013,IUN26
9813,1,-0.370,1111,IUM26-IUN26,S,26-Jun-2026,23:27:49,-0.37,SGX,XOF8013,XOF8013,IUM26-IUN26
9813,1,103.470,1111,IUM26,B,25-Jun-2026,23:27:49,103.47,SGX,XOF8013,XOF8013,IUM26
9813,1,103.100,1111,IUN26,S,29-Jul-2026,23:27:49,103.1,SGX,XOF8013,XOF8013,IUN26
9813,60,-0.370,1111,IUK26-IUM26,B,26-May-2026,23:33:40,-0.37,SGX,XOF8013,XOF8013,IUK26-IUM26
9813,60,103.820,1111,IUK26,S,26-May-2026,23:33:40,103.82,SGX,XOF8013,XOF8013,IUK26
9813,60,103.450,1111,IUM26,B,25-Jun-2026,23:33:40,103.45,SGX,XOF8013,XOF8013,IUM26
9813,71,-0.370,1111,IUK26-IUM26,B,26-May-2026,23:33:40,-0.37,SGX,XOF8013,XOF8013,IUK26-IUM26
9813,71,103.820,1111,IUK26,S,26-May-2026,23:33:40,103.82,SGX,XOF8013,XOF8013,IUK26
9813,71,103.450,1111,IUM26,B,25-Jun-2026,23:33:40,103.45,SGX,XOF8013,XOF8013,IUM26
9813,19,-0.370,1111,IUK26-IUM26,B,26-May-2026,23:33:40,-0.37,SGX,XOF8013,XOF8013,IUK26-IUM26
9813,19,103.820,1111,IUK26,S,26-May-2026,23:33:40,103.82,SGX,XOF8013,XOF8013,IUK26
9813,19,103.450,1111,IUM26,B,25-Jun-2026,23:33:40,103.45,SGX,XOF8013,XOF8013,IUM26
9812,1,103.820,1111,IUK26,B,26-May-2026,23:44:30,103.82,SGX,XOF8012,XOF8012,IUK26
