9816,100,-0.370,1111,IUK26-IUM26,S,26-May-2026,07:39:57,-0.37,SGX,XOF8016,XOF8016,IUK26-IUM26
9816,100,104.250,1111,IUK26,B,26-May-2026,07:39:57,104.28,SGX,XOF8016,XOF8016,IUK26
9816,100,103.880,1111,IUM26,S,25-Jun-2026,07:39:57,103.87,SGX,XOF8016,XOF8016,IUM26
9816,8,-0.370,1111,IUK26-IUM26,B,26-May-2026,08:28:09,-0.37,SGX,XOF8016,XOF8016,IUK26-IUM26
9816,8,104.290,1111,IUK26,S,26-May-2026,08:28:09,104.26,SGX,XOF8016,XOF8016,IUK26
9816,8,103.920,1111,IUM26,B,25-Jun-2026,08:28:09,103.91,SGX,XOF8016,XOF8016,IUM26
9816,4,-0.370,1111,IUK26-IUM26,B,26-May-2026,08:29:11,-0.37,SGX,XOF8016,XOF8016,IUK26-IUM26
9816,4,104.260,1111,IUK26,S,26-May-2026,08:29:11,104.25,SGX,XOF8016,XOF8016,IUK26
9816,4,103.890,1111,IUM26,B,25-Jun-2026,08:29:11,103.89,SGX,XOF8016,XOF8016,IUM26
9816,1,-0.370,1111,IUK26-IUM26,B,26-May-2026,08:50:15,-0.37,SGX,XOF8016,XOF8016,IUK26-IUM26
9816,1,104.290,1111,IUK26,S,26-May-2026,08:50:15,104.3,SGX,XOF8016,XOF8016,IUK26
9816,1,103.920,1111,IUM26,B,25-Jun-2026,08:50:15,103.92,SGX,XOF8016,XOF8016,IUM26
9812,5,-0.370,1111,IUK26-IUM26,S,26-May-2026,08:56:18,-0.37,SGX,XOF8012,XOF8012,IUK26-IUM26
9812,5,104.320,1111,IUK26,B,26-May-2026,08:56:18,104.29,SGX,XOF8012,XOF8012,IUK26
9812,5,103.950,1111,IUM26,S,25-Jun-2026,08:56:18,103.93,SGX,XOF8012,XOF8012,IUM26
9812,21,-0.370,1111,IUK26-IUM26,S,26-May-2026,08:56:18,-0.37,SGX,XOF8012,XOF8012,IUK26-IUM26
9812,21,104.320,1111,IUK26,B,26-May-2026,08:56:18,104.29,SGX,XOF8012,XOF8012,IUK26
9812,21,103.950,1111,IUM26,S,25-Jun-2026,08:56:18,103.93,SGX,XOF8012,XOF8012,IUM26
9813,10,-0.360,1111,IUK26-IUM26,S,26-May-2026,09:01:34,-0.36,SGX,XOF8013,XOF8013,IUK26-IUM26
9813,10,104.260,1111,IUK26,B,26-May-2026,09:01:34,104.27,SGX,XOF8013,XOF8013,IUK26
9813,10,103.900,1111,IUM26,S,25-Jun-2026,09:01:34,103.9,SGX,XOF8013,XOF8013,IUM26
9813,6,-0.360,1111,IUK26-IUM26,S,26-May-2026,09:01:34,-0.36,SGX,XOF8013,XOF8013,IUK26-IUM26
9813,6,104.260,1111,IUK26,B,26-May-2026,09:01:34,104.27,SGX,XOF8013,XOF8013,IUK26
9813,6,103.900,1111,IUM26,S,25-Jun-2026,09:01:34,103.9,SGX,XOF8013,XOF8013,IUM26
9813,3,-0.360,1111,IUK26-IUM26,S,26-May-2026,09:01:34,-0.36,SGX,XOF8013,XOF8013,IUK26-IUM26
9813,3,104.270,1111,IUK26,B,26-May-2026,09:01:34,104.27,SGX,XOF8013,XOF8013,IUK26
9813,3,103.910,1111,IUM26,S,25-Jun-2026,09:01:34,103.9,SGX,XOF8013,XOF8013,IUM26
9813,11,-0.360,1111,IUK26-IUM26,S,26-May-2026,09:01:34,-0.36,SGX,XOF8013,XOF8013,IUK26-IUM26
9813,11,104.260,1111,IUK26,B,26-May-2026,09:01:34,104.27,SGX,XOF8013,XOF8013,IUK26
9813,11,103.900,1111,IUM26,S,25-Jun-2026,09:01:34,103.9,SGX,XOF8013,XOF8013,IUM26
9813,2,-0.360,1111,IUK26-IUM26,S,26-May-2026,09:01:34,-0.36,SGX,XOF8013,XOF8013,IUK26-IUM26
9813,2,104.260,1111,IUK26,B,26-May-2026,09:01:34,104.27,SGX,XOF8013,XOF8013,IUK26
9813,2,103.900,1111,IUM26,S,25-Jun-2026,09:01:34,103.9,SGX,XOF8013,XOF8013,IUM26
9813,3,-0.360,1111,IUK26-IUM26,S,26-May-2026,09:01:34,-0.36,SGX,XOF8013,XOF8013,IUK26-IUM26
9813,3,104.260,1111,IUK26,B,26-May-2026,09:01:34,104.27,SGX,XOF8013,XOF8013,IUK26
9813,3,103.900,1111,IUM26,S,25-Jun-2026,09:01:34,103.9,SGX,XOF8013,XOF8013,IUM26
9813,71,-0.360,1111,IUK26-IUM26,S,26-May-2026,09:02:33,-0.36,SGX,XOF8013,XOF8013,IUK26-IUM26
9813,71,104.270,1111,IUK26,B,26-May-2026,09:02:33,104.26,SGX,XOF8013,XOF8013,IUK26
9813,71,103.910,1111,IUM26,S,25-Jun-2026,09:02:33,103.92,SGX,XOF8013,XOF8013,IUM26
9819,38,-0.360,1111,IUK26-IUM26,S,26-May-2026,09:02:33,-0.36,SGX,XOF8019,XOF8019,IUK26-IUM26
9819,38,104.270,1111,IUK26,B,26-May-2026,09:02:33,104.26,SGX,XOF8019,XOF8019,IUK26
9819,38,103.910,1111,IUM26,S,25-Jun-2026,09:02:33,103.92,SGX,XOF8019,XOF8019,IUM26
9816,53,-0.360,1111,IUK26-IUM26,B,26-May-2026,09:02:44,-0.36,SGX,XOF8016,XOF8016,IUK26-IUM26
9816,53,104.270,1111,IUK26,S,26-May-2026,09:02:44,104.26,SGX,XOF8016,XOF8016,IUK26
9816,53,103.910,1111,IUM26,B,25-Jun-2026,09:02:44,103.91,SGX,XOF8016,XOF8016,IUM26
9816,4,-0.360,1111,IUK26-IUM26,B,26-May-2026,09:03:17,-0.36,SGX,XOF8016,XOF8016,IUK26-IUM26
9816,4,104.260,1111,IUK26,S,26-May-2026,09:03:17,104.25,SGX,XOF8016,XOF8016,IUK26
9816,4,103.900,1111,IUM26,B,25-Jun-2026,09:03:17,103.9,SGX,XOF8016,XOF8016,IUM26
9816,30,-0.360,1111,IUK26-IUM26,B,26-May-2026,09:03:27,-0.36,SGX,XOF8016,XOF8016,IUK26-IUM26
9816,30,104.250,1111,IUK26,S,26-May-2026,09:03:27,104.24,SGX,XOF8016,XOF8016,IUK26
9816,30,103.890,1111,IUM26,B,25-Jun-2026,09:03:27,103.9,SGX,XOF8016,XOF8016,IUM26
9816,87,-0.360,1111,IUK26-IUM26,S,26-May-2026,09:04:53,-0.36,SGX,XOF8016,XOF8016,IUK26-IUM26
9816,87,104.240,1111,IUK26,B,26-May-2026,09:04:53,104.24,SGX,XOF8016,XOF8016,IUK26
9816,87,103.880,1111,IUM26,S,25-Jun-2026,09:04:53,103.88,SGX,XOF8016,XOF8016,IUM26
9813,100,-0.360,1111,IUK26-IUM26,S,26-May-2026,09:04:53,-0.36,SGX,XOF8013,XOF8013,IUK26-IUM26
9813,100,104.240,1111,IUK26,B,26-May-2026,09:04:53,104.24,SGX,XOF8013,XOF8013,IUK26
9813,100,103.880,1111,IUM26,S,25-Jun-2026,09:04:53,103.88,SGX,XOF8013,XOF8013,IUM26
9816,35,-0.360,1111,IUK26-IUM26,B,26-May-2026,09:05:03,-0.36,SGX,XOF8016,XOF8016,IUK26-IUM26
9816,35,104.240,1111,IUK26,S,26-May-2026,09:05:03,104.23,SGX,XOF8016,XOF8016,IUK26
9816,35,103.880,1111,IUM26,B,25-Jun-2026,09:05:03,103.88,SGX,XOF8016,XOF8016,IUM26
9816,52,-0.360,1111,IUK26-IUM26,B,26-May-2026,09:05:14,-0.36,SGX,XOF8016,XOF8016,IUK26-IUM26
9816,52,104.240,1111,IUK26,S,26-May-2026,09:05:14,104.24,SGX,XOF8016,XOF8016,IUK26
9816,52,103.880,1111,IUM26,B,25-Jun-2026,09:05:14,103.88,SGX,XOF8016,XOF8016,IUM26
9817,3,104.23,1111,DINR,B,26-May-2026,09:06:32,104.23,DGCX,S-XOF8017,S-XOF8017,DINR-20260527
9817,2,104.23,1111,DINR,B,26-May-2026,09:06:32,104.23,DGCX,S-XOF8017,S-XOF8017,DINR-20260527
9817,2,104.23,1111,DINR,B,26-May-2026,09:06:32,104.23,DGCX,S-XOF8017,S-XOF8017,DINR-20260527
9817,1,104.230,1111,IUK26,S,26-May-2026,09:06:32,104.23,SGX,XOF8017,XOF8017,IUK26
9817,1,104.230,1111,IUK26,S,26-May-2026,09:06:32,104.23,SGX,XOF8017,XOF8017,IUK26
9817,1,104.230,1111,IUK26,S,26-May-2026,09:06:32,104.23,SGX,XOF8017,XOF8017,IUK26
9817,2,104.230,1111,IUK26,S,26-May-2026,09:06:32,104.23,SGX,XOF8017,XOF8017,IUK26
9817,2,104.230,1111,IUK26,S,26-May-2026,09:06:32,104.23,SGX,XOF8017,XOF8017,IUK26
9817,2,104.23,1111,DINR,B,26-May-2026,09:06:32,104.23,DGCX,S-XOF8017,S-XOF8017,DINR-20260527
9817,2,104.230,1111,IUK26,S,26-May-2026,09:06:32,104.23,SGX,XOF8017,XOF8017,IUK26
9816,11,-0.370,1111,IUK26-IUM26,B,26-May-2026,09:12:39,-0.37,SGX,XOF8016,XOF8016,IUK26-IUM26
9816,11,104.230,1111,IUK26,S,26-May-2026,09:12:39,104.22,SGX,XOF8016,XOF8016,IUK26
9816,11,103.860,1111,IUM26,B,25-Jun-2026,09:12:39,103.87,SGX,XOF8016,XOF8016,IUM26
9812,26,-0.360,1111,IUK26-IUM26,B,26-May-2026,09:16:48,-0.36,SGX,XOF8012,XOF8012,IUK26-IUM26
9812,26,104.200,1111,IUK26,S,26-May-2026,09:16:48,104.2,SGX,XOF8012,XOF8012,IUK26
9812,26,103.840,1111,IUM26,B,25-Jun-2026,09:16:48,103.81,SGX,XOF8012,XOF8012,IUM26
9812,10,-0.360,1111,IUK26-IUM26,B,26-May-2026,09:16:48,-0.36,SGX,XOF8012,XOF8012,IUK26-IUM26
9812,10,104.200,1111,IUK26,S,26-May-2026,09:16:48,104.2,SGX,XOF8012,XOF8012,IUK26
9812,10,103.840,1111,IUM26,B,25-Jun-2026,09:16:48,103.81,SGX,XOF8012,XOF8012,IUM26
9812,20,-0.360,1111,IUK26-IUM26,B,26-May-2026,09:16:48,-0.36,SGX,XOF8012,XOF8012,IUK26-IUM26
9812,20,104.200,1111,IUK26,S,26-May-2026,09:16:48,104.2,SGX,XOF8012,XOF8012,IUK26
9812,20,103.840,1111,IUM26,B,25-Jun-2026,09:16:48,103.81,SGX,XOF8012,XOF8012,IUM26
9812,5,-0.360,1111,IUK26-IUM26,B,26-May-2026,09:16:48,-0.36,SGX,XOF8012,XOF8012,IUK26-IUM26
9812,5,104.200,1111,IUK26,S,26-May-2026,09:16:48,104.2,SGX,XOF8012,XOF8012,IUK26
9812,5,103.840,1111,IUM26,B,25-Jun-2026,09:16:48,103.81,SGX,XOF8012,XOF8012,IUM26
9816,11,-0.360,1111,IUK26-IUM26,S,26-May-2026,09:17:03,-0.36,SGX,XOF8016,XOF8016,IUK26-IUM26
9816,11,104.210,1111,IUK26,B,26-May-2026,09:17:03,104.21,SGX,XOF8016,XOF8016,IUK26
9816,11,103.850,1111,IUM26,S,25-Jun-2026,09:17:03,103.85,SGX,XOF8016,XOF8016,IUM26
9812,100,-0.360,1111,IUK26-IUM26,B,26-May-2026,09:17:10,-0.36,SGX,XOF8012,XOF8012,IUK26-IUM26
9812,100,104.210,1111,IUK26,S,26-May-2026,09:17:10,104.22,SGX,XOF8012,XOF8012,IUK26
9812,100,103.850,1111,IUM26,B,25-Jun-2026,09:17:10,103.86,SGX,XOF8012,XOF8012,IUM26
9812,100,-0.360,1111,IUK26-IUM26,B,26-May-2026,09:17:10,-0.36,SGX,XOF8012,XOF8012,IUK26-IUM26
9812,100,104.220,1111,IUK26,S,26-May-2026,09:17:10,104.22,SGX,XOF8012,XOF8012,IUK26
9812,100,103.860,1111,IUM26,B,25-Jun-2026,09:17:10,103.86,SGX,XOF8012,XOF8012,IUM26
9812,42,-0.360,1111,IUK26-IUM26,B,26-May-2026,09:17:11,-0.36,SGX,XOF8012,XOF8012,IUK26-IUM26
9812,42,104.220,1111,IUK26,S,26-May-2026,09:17:11,104.22,SGX,XOF8012,XOF8012,IUK26
9812,42,103.860,1111,IUM26,B,25-Jun-2026,09:17:11,103.86,SGX,XOF8012,XOF8012,IUM26
9812,20,-0.360,1111,IUK26-IUM26,B,26-May-2026,09:17:11,-0.36,SGX,XOF8012,XOF8012,IUK26-IUM26
9812,20,104.220,1111,IUK26,S,26-May-2026,09:17:11,104.22,SGX,XOF8012,XOF8012,IUK26
9812,20,103.860,1111,IUM26,B,25-Jun-2026,09:17:11,103.86,SGX,XOF8012,XOF8012,IUM26
9816,17,-0.370,1111,IUK26-IUM26,B,26-May-2026,09:17:18,-0.37,SGX,XOF8016,XOF8016,IUK26-IUM26
9816,17,104.250,1111,IUK26,S,26-May-2026,09:17:18,104.27,SGX,XOF8016,XOF8016,IUK26
9816,17,103.880,1111,IUM26,B,25-Jun-2026,09:17:18,103.89,SGX,XOF8016,XOF8016,IUM26
9817,2,104.26,1111,DINR,B,26-May-2026,09:17:19,104.26,DGCX,S-XOF8017,S-XOF8017,DINR-20260527
9817,1,104.26,1111,DINR,B,26-May-2026,09:17:19,104.26,DGCX,S-XOF8017,S-XOF8017,DINR-20260527
9817,2,104.260,1111,IUK26,S,26-May-2026,09:17:19,104.26,SGX,XOF8017,XOF8017,IUK26
9817,1,104.260,1111,IUK26,S,26-May-2026,09:17:19,104.26,SGX,XOF8017,XOF8017,IUK26
9817,1,104.26,1111,DINR,B,26-May-2026,09:17:19,104.26,DGCX,S-XOF8017,S-XOF8017,DINR-20260527
9817,1,104.260,1111,IUK26,S,26-May-2026,09:17:19,104.26,SGX,XOF8017,XOF8017,IUK26
9812,5,-0.360,1111,IUK26-IUM26,S,26-May-2026,09:17:27,-0.36,SGX,XOF8012,XOF8012,IUK26-IUM26
9812,5,104.240,1111,IUK26,B,26-May-2026,09:17:27,104.24,SGX,XOF8012,XOF8012,IUK26
9812,5,103.880,1111,IUM26,S,25-Jun-2026,09:17:27,103.88,SGX,XOF8012,XOF8012,IUM26
9812,4,-0.360,1111,IUK26-IUM26,S,26-May-2026,09:17:27,-0.36,SGX,XOF8012,XOF8012,IUK26-IUM26
9812,4,104.240,1111,IUK26,B,26-May-2026,09:17:27,104.24,SGX,XOF8012,XOF8012,IUK26
9812,4,103.880,1111,IUM26,S,25-Jun-2026,09:17:27,103.88,SGX,XOF8012,XOF8012,IUM26
9812,5,-0.360,1111,IUK26-IUM26,S,26-May-2026,09:17:27,-0.36,SGX,XOF8012,XOF8012,IUK26-IUM26
9812,5,104.240,1111,IUK26,B,26-May-2026,09:17:27,104.24,SGX,XOF8012,XOF8012,IUK26
9812,5,103.880,1111,IUM26,S,25-Jun-2026,09:17:27,103.88,SGX,XOF8012,XOF8012,IUM26
9812,15,-0.360,1111,IUK26-IUM26,S,26-May-2026,09:17:27,-0.36,SGX,XOF8012,XOF8012,IUK26-IUM26
9812,15,104.240,1111,IUK26,B,26-May-2026,09:17:27,104.24,SGX,XOF8012,XOF8012,IUK26
9812,15,103.880,1111,IUM26,S,25-Jun-2026,09:17:27,103.88,SGX,XOF8012,XOF8012,IUM26
9812,2,-0.360,1111,IUK26-IUM26,S,26-May-2026,09:17:29,-0.36,SGX,XOF8012,XOF8012,IUK26-IUM26
9812,2,104.240,1111,IUK26,B,26-May-2026,09:17:29,104.25,SGX,XOF8012,XOF8012,IUK26
9812,2,103.880,1111,IUM26,S,25-Jun-2026,09:17:29,103.88,SGX,XOF8012,XOF8012,IUM26
9812,9,-0.360,1111,IUK26-IUM26,S,26-May-2026,09:17:31,-0.36,SGX,XOF8012,XOF8012,IUK26-IUM26
9812,9,104.260,1111,IUK26,B,26-May-2026,09:17:31,104.27,SGX,XOF8012,XOF8012,IUK26
9812,9,103.900,1111,IUM26,S,25-Jun-2026,09:17:31,103.9,SGX,XOF8012,XOF8012,IUM26
9812,2,-0.360,1111,IUK26-IUM26,S,26-May-2026,09:17:35,-0.36,SGX,XOF8012,XOF8012,IUK26-IUM26
9812,2,104.280,1111,IUK26,B,26-May-2026,09:17:35,104.29,SGX,XOF8012,XOF8012,IUK26
9812,2,103.920,1111,IUM26,S,25-Jun-2026,09:17:35,103.93,SGX,XOF8012,XOF8012,IUM26
9812,6,-0.360,1111,IUK26-IUM26,S,26-May-2026,09:17:35,-0.36,SGX,XOF8012,XOF8012,IUK26-IUM26
9812,6,104.290,1111,IUK26,B,26-May-2026,09:17:35,104.29,SGX,XOF8012,XOF8012,IUK26
9812,6,103.930,1111,IUM26,S,25-Jun-2026,09:17:35,103.93,SGX,XOF8012,XOF8012,IUM26
9812,3,-0.360,1111,IUK26-IUM26,S,26-May-2026,09:17:35,-0.36,SGX,XOF8012,XOF8012,IUK26-IUM26
9812,3,104.290,1111,IUK26,B,26-May-2026,09:17:35,104.29,SGX,XOF8012,XOF8012,IUK26
9812,3,103.930,1111,IUM26,S,25-Jun-2026,09:17:35,103.93,SGX,XOF8012,XOF8012,IUM26
9812,4,-0.360,1111,IUK26-IUM26,S,26-May-2026,09:17:35,-0.36,SGX,XOF8012,XOF8012,IUK26-IUM26
9812,4,104.290,1111,IUK26,B,26-May-2026,09:17:35,104.29,SGX,XOF8012,XOF8012,IUK26
9812,4,103.930,1111,IUM26,S,25-Jun-2026,09:17:35,103.93,SGX,XOF8012,XOF8012,IUM26
9812,6,-0.360,1111,IUK26-IUM26,S,26-May-2026,09:17:50,-0.36,SGX,XOF8012,XOF8012,IUK26-IUM26
9812,6,104.250,1111,IUK26,B,26-May-2026,09:17:50,104.25,SGX,XOF8012,XOF8012,IUK26
9812,6,103.890,1111,IUM26,S,25-Jun-2026,09:17:50,103.89,SGX,XOF8012,XOF8012,IUM26
9812,25,-0.360,1111,IUK26-IUM26,S,26-May-2026,09:17:50,-0.36,SGX,XOF8012,XOF8012,IUK26-IUM26
9812,25,104.250,1111,IUK26,B,26-May-2026,09:17:50,104.25,SGX,XOF8012,XOF8012,IUK26
9812,25,103.890,1111,IUM26,S,25-Jun-2026,09:17:50,103.89,SGX,XOF8012,XOF8012,IUM26
9812,7,-0.360,1111,IUK26-IUM26,S,26-May-2026,09:17:59,-0.37,SGX,XOF8012,XOF8012,IUK26-IUM26
9812,7,104.240,1111,IUK26,B,26-May-2026,09:17:59,104.26,SGX,XOF8012,XOF8012,IUK26
9812,7,103.880,1111,IUM26,S,25-Jun-2026,09:17:59,103.91,SGX,XOF8012,XOF8012,IUM26
9816,11,-0.380,1111,IUK26-IUM26,B,26-May-2026,09:17:58,-0.37,SGX,XOF8016,XOF8016,IUK26-IUM26
9816,11,104.270,1111,IUK26,S,26-May-2026,09:17:58,104.26,SGX,XOF8016,XOF8016,IUK26
9816,11,103.890,1111,IUM26,B,25-Jun-2026,09:17:58,103.91,SGX,XOF8016,XOF8016,IUM26
9816,20,-0.370,1111,IUK26-IUM26,B,26-May-2026,09:17:58,-0.37,SGX,XOF8016,XOF8016,IUK26-IUM26
9816,20,104.270,1111,IUK26,S,26-May-2026,09:17:58,104.26,SGX,XOF8016,XOF8016,IUK26
9816,20,103.900,1111,IUM26,B,25-Jun-2026,09:17:58,103.91,SGX,XOF8016,XOF8016,IUM26
9812,2,-0.360,1111,IUK26-IUM26,S,26-May-2026,09:17:59,-0.37,SGX,XOF8012,XOF8012,IUK26-IUM26
9812,2,104.270,1111,IUK26,B,26-May-2026,09:17:59,104.26,SGX,XOF8012,XOF8012,IUK26
9812,2,103.910,1111,IUM26,S,25-Jun-2026,09:17:59,103.91,SGX,XOF8012,XOF8012,IUM26
9812,9,-0.360,1111,IUK26-IUM26,S,26-May-2026,09:21:00,-0.36,SGX,XOF8012,XOF8012,IUK26-IUM26
9812,9,104.260,1111,IUK26,B,26-May-2026,09:21:00,104.25,SGX,XOF8012,XOF8012,IUK26
9812,9,103.900,1111,IUM26,S,25-Jun-2026,09:21:00,103.91,SGX,XOF8012,XOF8012,IUM26
9812,9,-0.360,1111,IUK26-IUM26,S,26-May-2026,09:21:00,-0.36,SGX,XOF8012,XOF8012,IUK26-IUM26
9812,9,104.260,1111,IUK26,B,26-May-2026,09:21:00,104.25,SGX,XOF8012,XOF8012,IUK26
9812,9,103.900,1111,IUM26,S,25-Jun-2026,09:21:00,103.91,SGX,XOF8012,XOF8012,IUM26
9812,9,-0.360,1111,IUK26-IUM26,S,26-May-2026,09:22:00,-0.36,SGX,XOF8012,XOF8012,IUK26-IUM26
9812,9,104.250,1111,IUK26,B,26-May-2026,09:22:00,104.25,SGX,XOF8012,XOF8012,IUK26
9812,9,103.890,1111,IUM26,S,25-Jun-2026,09:22:00,103.9,SGX,XOF8012,XOF8012,IUM26
9812,1,-0.360,1111,IUK26-IUM26,S,26-May-2026,09:22:37,-0.36,SGX,XOF8012,XOF8012,IUK26-IUM26
9812,1,104.240,1111,IUK26,B,26-May-2026,09:22:37,104.24,SGX,XOF8012,XOF8012,IUK26
9812,1,103.880,1111,IUM26,S,25-Jun-2026,09:22:37,103.88,SGX,XOF8012,XOF8012,IUM26
9812,2,-0.360,1111,IUK26-IUM26,S,26-May-2026,09:23:18,-0.36,SGX,XOF8012,XOF8012,IUK26-IUM26
9812,2,104.240,1111,IUK26,B,26-May-2026,09:23:18,104.24,SGX,XOF8012,XOF8012,IUK26
9812,2,103.880,1111,IUM26,S,25-Jun-2026,09:23:18,103.88,SGX,XOF8012,XOF8012,IUM26
9812,9,-0.360,1111,IUK26-IUM26,S,26-May-2026,09:23:18,-0.36,SGX,XOF8012,XOF8012,IUK26-IUM26
9812,9,104.240,1111,IUK26,B,26-May-2026,09:23:18,104.24,SGX,XOF8012,XOF8012,IUK26
9812,9,103.880,1111,IUM26,S,25-Jun-2026,09:23:18,103.88,SGX,XOF8012,XOF8012,IUM26
9812,2,-0.360,1111,IUK26-IUM26,S,26-May-2026,09:24:14,-0.36,SGX,XOF8012,XOF8012,IUK26-IUM26
9812,2,104.240,1111,IUK26,B,26-May-2026,09:24:14,104.24,SGX,XOF8012,XOF8012,IUK26
9812,2,103.880,1111,IUM26,S,25-Jun-2026,09:24:14,103.88,SGX,XOF8012,XOF8012,IUM26
9812,4,-0.360,1111,IUK26-IUM26,S,26-May-2026,09:24:14,-0.36,SGX,XOF8012,XOF8012,IUK26-IUM26
9812,4,104.240,1111,IUK26,B,26-May-2026,09:24:14,104.24,SGX,XOF8012,XOF8012,IUK26
9812,4,103.880,1111,IUM26,S,25-Jun-2026,09:24:14,103.88,SGX,XOF8012,XOF8012,IUM26
9812,5,-0.360,1111,IUK26-IUM26,S,26-May-2026,09:24:15,-0.36,SGX,XOF8012,XOF8012,IUK26-IUM26
9812,5,104.230,1111,IUK26,B,26-May-2026,09:24:15,104.23,SGX,XOF8012,XOF8012,IUK26
9812,5,103.870,1111,IUM26,S,25-Jun-2026,09:24:15,103.87,SGX,XOF8012,XOF8012,IUM26
9812,4,-0.360,1111,IUK26-IUM26,S,26-May-2026,09:24:15,-0.36,SGX,XOF8012,XOF8012,IUK26-IUM26
9812,4,104.230,1111,IUK26,B,26-May-2026,09:24:15,104.23,SGX,XOF8012,XOF8012,IUK26
9812,4,103.870,1111,IUM26,S,25-Jun-2026,09:24:15,103.87,SGX,XOF8012,XOF8012,IUM26
9812,11,-0.360,1111,IUK26-IUM26,S,26-May-2026,09:24:28,-0.36,SGX,XOF8012,XOF8012,IUK26-IUM26
9812,11,104.230,1111,IUK26,B,26-May-2026,09:24:28,104.23,SGX,XOF8012,XOF8012,IUK26
9812,11,103.870,1111,IUM26,S,25-Jun-2026,09:24:28,103.87,SGX,XOF8012,XOF8012,IUM26
9817,3,104.23,1111,DINR,B,26-May-2026,09:24:42,104.23,DGCX,S-XOF8017,S-XOF8017,DINR-20260527
9817,1,104.230,1111,IUK26,S,26-May-2026,09:24:42,104.24,SGX,XOF8017,XOF8017,IUK26
9817,1,104.230,1111,IUK26,S,26-May-2026,09:24:42,104.24,SGX,XOF8017,XOF8017,IUK26
9817,2,104.23,1111,DINR,B,26-May-2026,09:24:42,104.23,DGCX,S-XOF8017,S-XOF8017,DINR-20260527
9817,1,104.230,1111,IUK26,S,26-May-2026,09:24:42,104.24,SGX,XOF8017,XOF8017,IUK26
9812,1,-0.360,1111,IUK26-IUM26,S,26-May-2026,09:24:42,-0.36,SGX,XOF8012,XOF8012,IUK26-IUM26
9812,1,104.230,1111,IUK26,B,26-May-2026,09:24:42,104.24,SGX,XOF8012,XOF8012,IUK26
9817,2,104.23,1111,DINR,B,26-May-2026,09:24:42,104.23,DGCX,S-XOF8017,S-XOF8017,DINR-20260527
9812,1,103.870,1111,IUM26,S,25-Jun-2026,09:24:42,103.87,SGX,XOF8012,XOF8012,IUM26
9816,1,-0.360,1111,IUK26-IUM26,S,26-May-2026,09:24:42,-0.36,SGX,XOF8016,XOF8016,IUK26-IUM26
9816,1,104.230,1111,IUK26,B,26-May-2026,09:24:42,104.24,SGX,XOF8016,XOF8016,IUK26
9816,1,103.870,1111,IUM26,S,25-Jun-2026,09:24:42,103.87,SGX,XOF8016,XOF8016,IUM26
9817,2,104.23,1111,DINR,B,26-May-2026,09:24:42,104.23,DGCX,S-XOF8017,S-XOF8017,DINR-20260527
9817,2,104.230,1111,IUK26,S,26-May-2026,09:24:42,104.24,SGX,XOF8017,XOF8017,IUK26
9816,2,-0.360,1111,IUK26-IUM26,S,26-May-2026,09:24:42,-0.36,SGX,XOF8016,XOF8016,IUK26-IUM26
9816,2,104.230,1111,IUK26,B,26-May-2026,09:24:42,104.24,SGX,XOF8016,XOF8016,IUK26
9816,2,103.870,1111,IUM26,S,25-Jun-2026,09:24:42,103.87,SGX,XOF8016,XOF8016,IUM26
9817,2,104.230,1111,IUK26,S,26-May-2026,09:24:42,104.24,SGX,XOF8017,XOF8017,IUK26
9817,2,104.230,1111,IUK26,S,26-May-2026,09:24:42,104.24,SGX,XOF8017,XOF8017,IUK26
9812,20,-0.360,1111,IUK26-IUM26,B,26-May-2026,09:24:50,-0.36,SGX,XOF8012,XOF8012,IUK26-IUM26
9812,20,104.240,1111,IUK26,S,26-May-2026,09:24:50,104.24,SGX,XOF8012,XOF8012,IUK26
9812,20,103.880,1111,IUM26,B,25-Jun-2026,09:24:50,103.87,SGX,XOF8012,XOF8012,IUM26
9812,5,-0.360,1111,IUK26-IUM26,B,26-May-2026,09:24:50,-0.36,SGX,XOF8012,XOF8012,IUK26-IUM26
9812,5,104.240,1111,IUK26,S,26-May-2026,09:24:50,104.24,SGX,XOF8012,XOF8012,IUK26
9812,5,103.880,1111,IUM26,B,25-Jun-2026,09:24:50,103.87,SGX,XOF8012,XOF8012,IUM26
9812,5,-0.360,1111,IUK26-IUM26,B,26-May-2026,09:24:53,-0.36,SGX,XOF8012,XOF8012,IUK26-IUM26
9812,5,104.240,1111,IUK26,S,26-May-2026,09:24:53,104.24,SGX,XOF8012,XOF8012,IUK26
9812,5,103.880,1111,IUM26,B,25-Jun-2026,09:24:53,103.87,SGX,XOF8012,XOF8012,IUM26
9812,5,-0.360,1111,IUK26-IUM26,B,26-May-2026,09:24:54,-0.36,SGX,XOF8012,XOF8012,IUK26-IUM26
9812,5,104.240,1111,IUK26,S,26-May-2026,09:24:54,104.24,SGX,XOF8012,XOF8012,IUK26
9812,5,103.880,1111,IUM26,B,25-Jun-2026,09:24:54,103.87,SGX,XOF8012,XOF8012,IUM26
9812,1,-0.360,1111,IUK26-IUM26,B,26-May-2026,09:25:16,-0.36,SGX,XOF8012,XOF8012,IUK26-IUM26
9812,1,104.250,1111,IUK26,S,26-May-2026,09:25:16,104.26,SGX,XOF8012,XOF8012,IUK26
9812,1,103.890,1111,IUM26,B,25-Jun-2026,09:25:16,103.88,SGX,XOF8012,XOF8012,IUM26
9812,1,-0.360,1111,IUK26-IUM26,B,26-May-2026,09:25:17,-0.36,SGX,XOF8012,XOF8012,IUK26-IUM26
9812,1,104.250,1111,IUK26,S,26-May-2026,09:25:17,104.26,SGX,XOF8012,XOF8012,IUK26
9812,1,103.890,1111,IUM26,B,25-Jun-2026,09:25:17,103.88,SGX,XOF8012,XOF8012,IUM26
9812,1,-0.360,1111,IUK26-IUM26,B,26-May-2026,09:25:18,-0.36,SGX,XOF8012,XOF8012,IUK26-IUM26
9812,1,104.250,1111,IUK26,S,26-May-2026,09:25:18,104.26,SGX,XOF8012,XOF8012,IUK26
9812,1,103.890,1111,IUM26,B,25-Jun-2026,09:25:18,103.88,SGX,XOF8012,XOF8012,IUM26
9816,8,-0.360,1111,IUK26-IUM26,S,26-May-2026,09:25:30,-0.36,SGX,XOF8016,XOF8016,IUK26-IUM26
9816,8,104.260,1111,IUK26,B,26-May-2026,09:25:30,104.26,SGX,XOF8016,XOF8016,IUK26
9816,8,103.900,1111,IUM26,S,25-Jun-2026,09:25:30,103.89,SGX,XOF8016,XOF8016,IUM26
9812,17,-0.360,1111,IUK26-IUM26,B,26-May-2026,09:25:34,-0.36,SGX,XOF8012,XOF8012,IUK26-IUM26
9812,17,104.260,1111,IUK26,S,26-May-2026,09:25:34,104.26,SGX,XOF8012,XOF8012,IUK26
9812,17,103.900,1111,IUM26,B,25-Jun-2026,09:25:34,103.89,SGX,XOF8012,XOF8012,IUM26
9813,5,-0.360,1111,IUK26-IUM26,S,26-May-2026,09:27:13,-0.36,SGX,XOF8013,XOF8013,IUK26-IUM26
9813,5,104.230,1111,IUK26,B,26-May-2026,09:27:13,104.23,SGX,XOF8013,XOF8013,IUK26
9813,5,103.870,1111,IUM26,S,25-Jun-2026,09:27:13,103.87,SGX,XOF8013,XOF8013,IUM26
9813,37,-0.360,1111,IUK26-IUM26,S,26-May-2026,09:27:37,-0.36,SGX,XOF8013,XOF8013,IUK26-IUM26
9813,37,104.220,1111,IUK26,B,26-May-2026,09:27:37,104.23,SGX,XOF8013,XOF8013,IUK26
9813,37,103.860,1111,IUM26,S,25-Jun-2026,09:27:37,103.86,SGX,XOF8013,XOF8013,IUM26
9817,1,104.24,1111,DINR,B,26-May-2026,09:29:13,104.24,DGCX,S-XOF8017,S-XOF8017,DINR-20260527
9817,1,104.240,1111,IUK26,S,26-May-2026,09:29:13,104.24,SGX,XOF8017,XOF8017,IUK26
9813,1,-0.360,1111,IUK26-IUM26,S,26-May-2026,09:29:58,-0.36,SGX,XOF8013,XOF8013,IUK26-IUM26
9813,1,104.240,1111,IUK26,B,26-May-2026,09:29:58,104.24,SGX,XOF8013,XOF8013,IUK26
9813,1,103.880,1111,IUM26,S,25-Jun-2026,09:29:58,103.88,SGX,XOF8013,XOF8013,IUM26
9813,1,-0.360,1111,IUK26-IUM26,S,26-May-2026,09:30:00,-0.36,SGX,XOF8013,XOF8013,IUK26-IUM26
9813,1,104.230,1111,IUK26,B,26-May-2026,09:30:00,104.23,SGX,XOF8013,XOF8013,IUK26
9813,1,103.870,1111,IUM26,S,25-Jun-2026,09:30:00,103.87,SGX,XOF8013,XOF8013,IUM26
9813,4,-0.360,1111,IUK26-IUM26,S,26-May-2026,09:30:00,-0.36,SGX,XOF8013,XOF8013,IUK26-IUM26
9813,4,104.230,1111,IUK26,B,26-May-2026,09:30:00,104.23,SGX,XOF8013,XOF8013,IUK26
9813,4,103.870,1111,IUM26,S,25-Jun-2026,09:30:00,103.87,SGX,XOF8013,XOF8013,IUM26
9813,4,-0.360,1111,IUK26-IUM26,S,26-May-2026,09:30:02,-0.36,SGX,XOF8013,XOF8013,IUK26-IUM26
9813,4,104.230,1111,IUK26,B,26-May-2026,09:30:02,104.23,SGX,XOF8013,XOF8013,IUK26
9813,4,103.870,1111,IUM26,S,25-Jun-2026,09:30:02,103.87,SGX,XOF8013,XOF8013,IUM26
9813,1,-0.360,1111,IUK26-IUM26,S,26-May-2026,09:30:05,-0.36,SGX,XOF8013,XOF8013,IUK26-IUM26
9813,1,104.240,1111,IUK26,B,26-May-2026,09:30:05,104.24,SGX,XOF8013,XOF8013,IUK26
9813,1,103.880,1111,IUM26,S,25-Jun-2026,09:30:05,103.88,SGX,XOF8013,XOF8013,IUM26
9813,4,-0.360,1111,IUK26-IUM26,S,26-May-2026,09:30:05,-0.36,SGX,XOF8013,XOF8013,IUK26-IUM26
9813,4,104.240,1111,IUK26,B,26-May-2026,09:30:05,104.24,SGX,XOF8013,XOF8013,IUK26
9813,4,103.880,1111,IUM26,S,25-Jun-2026,09:30:05,103.88,SGX,XOF8013,XOF8013,IUM26
9813,3,-0.360,1111,IUK26-IUM26,S,26-May-2026,09:30:05,-0.36,SGX,XOF8013,XOF8013,IUK26-IUM26
9813,3,104.240,1111,IUK26,B,26-May-2026,09:30:05,104.24,SGX,XOF8013,XOF8013,IUK26
9813,3,103.880,1111,IUM26,S,25-Jun-2026,09:30:05,103.88,SGX,XOF8013,XOF8013,IUM26
9813,18,-0.360,1111,IUK26-IUM26,S,26-May-2026,09:30:05,-0.36,SGX,XOF8013,XOF8013,IUK26-IUM26
9813,18,104.240,1111,IUK26,B,26-May-2026,09:30:05,104.24,SGX,XOF8013,XOF8013,IUK26
9813,18,103.880,1111,IUM26,S,25-Jun-2026,09:30:05,103.88,SGX,XOF8013,XOF8013,IUM26
9813,14,-0.360,1111,IUK26-IUM26,S,26-May-2026,09:30:05,-0.36,SGX,XOF8013,XOF8013,IUK26-IUM26
9813,14,104.240,1111,IUK26,B,26-May-2026,09:30:05,104.24,SGX,XOF8013,XOF8013,IUK26
9813,14,103.880,1111,IUM26,S,25-Jun-2026,09:30:05,103.88,SGX,XOF8013,XOF8013,IUM26
9813,3,-0.360,1111,IUK26-IUM26,S,26-May-2026,09:30:05,-0.36,SGX,XOF8013,XOF8013,IUK26-IUM26
9813,3,104.240,1111,IUK26,B,26-May-2026,09:30:05,104.24,SGX,XOF8013,XOF8013,IUK26
9813,3,103.880,1111,IUM26,S,25-Jun-2026,09:30:05,103.88,SGX,XOF8013,XOF8013,IUM26
9813,1,-0.360,1111,IUK26-IUM26,S,26-May-2026,09:30:23,-0.36,SGX,XOF8013,XOF8013,IUK26-IUM26
9813,1,104.240,1111,IUK26,B,26-May-2026,09:30:23,104.24,SGX,XOF8013,XOF8013,IUK26
9813,1,103.880,1111,IUM26,S,25-Jun-2026,09:30:23,103.88,SGX,XOF8013,XOF8013,IUM26
9813,1,-0.360,1111,IUK26-IUM26,S,26-May-2026,09:31:40,-0.36,SGX,XOF8013,XOF8013,IUK26-IUM26
9813,1,104.230,1111,IUK26,B,26-May-2026,09:31:40,104.23,SGX,XOF8013,XOF8013,IUK26
9813,1,103.870,1111,IUM26,S,25-Jun-2026,09:31:40,103.87,SGX,XOF8013,XOF8013,IUM26
9813,1,-0.360,1111,IUK26-IUM26,S,26-May-2026,09:31:59,-0.36,SGX,XOF8013,XOF8013,IUK26-IUM26
9813,1,104.230,1111,IUK26,B,26-May-2026,09:31:59,104.23,SGX,XOF8013,XOF8013,IUK26
9813,1,103.870,1111,IUM26,S,25-Jun-2026,09:31:59,103.87,SGX,XOF8013,XOF8013,IUM26
9817,3,104.21,1111,DINR,B,26-May-2026,09:35:30,104.21,DGCX,S-XOF8017,S-XOF8017,DINR-20260527
9817,2,104.21,1111,DINR,B,26-May-2026,09:35:30,104.21,DGCX,S-XOF8017,S-XOF8017,DINR-20260527
9817,2,104.21,1111,DINR,B,26-May-2026,09:35:30,104.21,DGCX,S-XOF8017,S-XOF8017,DINR-20260527
9817,3,104.210,1111,IUK26,S,26-May-2026,09:35:30,104.21,SGX,XOF8017,XOF8017,IUK26
9817,2,104.210,1111,IUK26,S,26-May-2026,09:35:30,104.21,SGX,XOF8017,XOF8017,IUK26
9817,2,104.210,1111,IUK26,S,26-May-2026,09:35:30,104.21,SGX,XOF8017,XOF8017,IUK26
9817,2,104.21,1111,DINR,B,26-May-2026,09:35:30,104.21,DGCX,S-XOF8017,S-XOF8017,DINR-20260527
9817,2,104.210,1111,IUK26,S,26-May-2026,09:35:30,104.21,SGX,XOF8017,XOF8017,IUK26
9813,1,-0.360,1111,IUK26-IUM26,S,26-May-2026,09:35:42,-0.36,SGX,XOF8013,XOF8013,IUK26-IUM26
9813,1,104.220,1111,IUK26,B,26-May-2026,09:35:42,104.21,SGX,XOF8013,XOF8013,IUK26
9813,1,103.860,1111,IUM26,S,25-Jun-2026,09:35:42,103.85,SGX,XOF8013,XOF8013,IUM26
9813,1,-0.360,1111,IUK26-IUM26,S,26-May-2026,09:35:42,-0.36,SGX,XOF8013,XOF8013,IUK26-IUM26
9813,1,104.210,1111,IUK26,B,26-May-2026,09:35:42,104.21,SGX,XOF8013,XOF8013,IUK26
9813,1,103.850,1111,IUM26,S,25-Jun-2026,09:35:42,103.85,SGX,XOF8013,XOF8013,IUM26
9816,3,-0.360,1111,IUK26-IUM26,S,26-May-2026,09:36:49,-0.36,SGX,XOF8016,XOF8016,IUK26-IUM26
9816,3,104.210,1111,IUK26,B,26-May-2026,09:36:49,104.21,SGX,XOF8016,XOF8016,IUK26
9816,3,103.850,1111,IUM26,S,25-Jun-2026,09:36:49,103.85,SGX,XOF8016,XOF8016,IUM26
9816,1,-0.360,1111,IUK26-IUM26,S,26-May-2026,09:36:49,-0.36,SGX,XOF8016,XOF8016,IUK26-IUM26
9816,1,104.210,1111,IUK26,B,26-May-2026,09:36:49,104.21,SGX,XOF8016,XOF8016,IUK26
9816,1,103.850,1111,IUM26,S,25-Jun-2026,09:36:49,103.85,SGX,XOF8016,XOF8016,IUM26
9816,33,-0.360,1111,IUK26-IUM26,S,26-May-2026,09:40:03,-0.36,SGX,XOF8016,XOF8016,IUK26-IUM26
9816,33,104.230,1111,IUK26,B,26-May-2026,09:40:03,104.22,SGX,XOF8016,XOF8016,IUK26
9816,33,103.870,1111,IUM26,S,25-Jun-2026,09:40:03,103.86,SGX,XOF8016,XOF8016,IUM26
9812,200,-0.360,1111,IUK26-IUM26,S,26-May-2026,09:40:03,-0.36,SGX,XOF8012,XOF8012,IUK26-IUM26
9812,200,104.230,1111,IUK26,B,26-May-2026,09:40:03,104.22,SGX,XOF8012,XOF8012,IUK26
9812,200,103.870,1111,IUM26,S,25-Jun-2026,09:40:03,103.86,SGX,XOF8012,XOF8012,IUM26
9812,17,-0.360,1111,IUK26-IUM26,S,26-May-2026,09:40:03,-0.36,SGX,XOF8012,XOF8012,IUK26-IUM26
9812,17,104.230,1111,IUK26,B,26-May-2026,09:40:03,104.22,SGX,XOF8012,XOF8012,IUK26
9812,17,103.870,1111,IUM26,S,25-Jun-2026,09:40:03,103.86,SGX,XOF8012,XOF8012,IUM26
9817,1,104.22,1111,DINR,B,26-May-2026,09:42:55,104.22,DGCX,S-XOF8017,S-XOF8017,DINR-20260527
9817,2,104.22,1111,DINR,B,26-May-2026,09:42:55,104.22,DGCX,S-XOF8017,S-XOF8017,DINR-20260527
9817,1,104.220,1111,IUK26,S,26-May-2026,09:42:55,104.22,SGX,XOF8017,XOF8017,IUK26
9817,2,104.220,1111,IUK26,S,26-May-2026,09:42:55,104.22,SGX,XOF8017,XOF8017,IUK26
9817,1,104.22,1111,DINR,B,26-May-2026,09:42:55,104.22,DGCX,S-XOF8017,S-XOF8017,DINR-20260527
9817,1,104.220,1111,IUK26,S,26-May-2026,09:42:55,104.22,SGX,XOF8017,XOF8017,IUK26
9817,2,104.22,1111,DINR,B,26-May-2026,09:42:55,104.22,DGCX,S-XOF8017,S-XOF8017,DINR-20260527
9817,2,104.220,1111,IUK26,S,26-May-2026,09:42:55,104.22,SGX,XOF8017,XOF8017,IUK26
9812,3,104.210,1111,IUK26,B,26-May-2026,09:46:23,104.2,SGX,XOF8012,XOF8012,IUK26
9812,2,104.210,1111,IUK26,B,26-May-2026,09:46:23,104.2,SGX,XOF8012,XOF8012,IUK26
9812,1,104.20,1111,DINR,S,26-May-2026,09:46:24,104.2,DGCX,S-XOF8012,S-XOF8012,DINR-20260527
9812,2,104.20,1111,DINR,S,26-May-2026,09:46:24,104.2,DGCX,S-XOF8012,S-XOF8012,DINR-20260527
9812,2,104.20,1111,DINR,S,26-May-2026,09:46:24,104.2,DGCX,S-XOF8012,S-XOF8012,DINR-20260527
9812,5,104.200,1111,IUK26,B,26-May-2026,09:46:38,104.2,SGX,XOF8012,XOF8012,IUK26
9812,2,104.20,1111,DINR,S,26-May-2026,09:46:38,104.19,DGCX,S-XOF8012,S-XOF8012,DINR-20260527
9817,2,104.20,1111,DINR,B,26-May-2026,09:46:38,104.19,DGCX,S-XOF8017,S-XOF8017,DINR-20260527
9812,2,104.20,1111,DINR,S,26-May-2026,09:46:38,104.19,DGCX,S-XOF8012,S-XOF8012,DINR-20260527
9817,2,104.20,1111,DINR,B,26-May-2026,09:46:38,104.19,DGCX,S-XOF8017,S-XOF8017,DINR-20260527
9812,1,104.19,1111,DINR,S,26-May-2026,09:46:38,104.19,DGCX,S-XOF8012,S-XOF8012,DINR-20260527
9817,1,104.200,1111,IUK26,S,26-May-2026,09:47:02,104.2,SGX,XOF8017,XOF8017,IUK26
9817,1,104.200,1111,IUK26,S,26-May-2026,09:47:03,104.2,SGX,XOF8017,XOF8017,IUK26
9817,2,104.200,1111,IUK26,S,26-May-2026,09:47:03,104.2,SGX,XOF8017,XOF8017,IUK26
9812,4,103.830,1111,IUM26,S,25-Jun-2026,09:53:21,103.83,SGX,XOF8012,XOF8012,IUM26
9812,1,103.830,1111,IUM26,S,25-Jun-2026,09:53:21,103.83,SGX,XOF8012,XOF8012,IUM26
9812,4,103.84,1111,DINR,B,25-Jun-2026,09:53:21,103.85,DGCX,S-XOF8012,S-XOF8012,DINR-20260626
9812,1,103.85,1111,DINR,B,25-Jun-2026,09:53:21,103.85,DGCX,S-XOF8012,S-XOF8012,DINR-20260626
9817,1,103.85,1111,DINR,S,25-Jun-2026,09:53:21,103.85,DGCX,S-XOF8017,S-XOF8017,DINR-20260626
9817,1,103.830,1111,IUM26,B,25-Jun-2026,09:53:30,103.83,SGX,XOF8017,XOF8017,IUM26
9812,5,104.190,1111,IUK26,S,26-May-2026,09:54:34,104.2,SGX,XOF8012,XOF8012,IUK26
9812,5,104.20,1111,DINR,B,26-May-2026,09:54:34,104.2,DGCX,S-XOF8012,S-XOF8012,DINR-20260527
9812,1,104.190,1111,IUK26,S,26-May-2026,09:54:34,104.2,SGX,XOF8012,XOF8012,IUK26
9812,1,104.190,1111,IUK26,S,26-May-2026,09:54:34,104.2,SGX,XOF8012,XOF8012,IUK26
9812,3,104.190,1111,IUK26,S,26-May-2026,09:54:34,104.2,SGX,XOF8012,XOF8012,IUK26
9812,3,104.22,1111,DINR,B,26-May-2026,09:56:28,104.22,DGCX,S-XOF8012,S-XOF8012,DINR-20260527
9813,16,-0.360,1111,IUK26-IUM26,B,26-May-2026,09:58:26,-0.36,SGX,XOF8013,XOF8013,IUK26-IUM26
9813,16,104.210,1111,IUK26,S,26-May-2026,09:58:26,104.2,SGX,XOF8013,XOF8013,IUK26
9813,16,103.850,1111,IUM26,B,25-Jun-2026,09:58:26,103.84,SGX,XOF8013,XOF8013,IUM26
9813,84,-0.360,1111,IUK26-IUM26,B,26-May-2026,09:58:28,-0.36,SGX,XOF8013,XOF8013,IUK26-IUM26
9813,84,104.210,1111,IUK26,S,26-May-2026,09:58:28,104.2,SGX,XOF8013,XOF8013,IUK26
9813,84,103.850,1111,IUM26,B,25-Jun-2026,09:58:28,103.84,SGX,XOF8013,XOF8013,IUM26
9812,1,104.20,1111,DINR,B,26-May-2026,10:00:05,104.2,DGCX,S-XOF8012,S-XOF8012,DINR-20260527
9812,1,104.20,1111,DINR,B,26-May-2026,10:00:05,104.2,DGCX,S-XOF8012,S-XOF8012,DINR-20260527
9816,28,-0.360,1111,IUK26-IUM26,S,26-May-2026,10:01:37,-0.36,SGX,XOF8016,XOF8016,IUK26-IUM26
9816,28,104.180,1111,IUK26,B,26-May-2026,10:01:37,104.18,SGX,XOF8016,XOF8016,IUK26
9816,28,103.820,1111,IUM26,S,25-Jun-2026,10:01:37,103.83,SGX,XOF8016,XOF8016,IUM26
9814,200,-0.360,1111,IUK26-IUM26,S,26-May-2026,10:01:37,-0.36,SGX,XOF8014,XOF8014,IUK26-IUM26
9814,200,104.180,1111,IUK26,B,26-May-2026,10:01:37,104.18,SGX,XOF8014,XOF8014,IUK26
9814,200,103.820,1111,IUM26,S,25-Jun-2026,10:01:37,103.83,SGX,XOF8014,XOF8014,IUM26
9814,1,104.17,1111,DINR,S,26-May-2026,10:02:20,104.17,DGCX,S-XOF8014,S-XOF8014,DINR-20260527
9814,1,104.160,1111,IUK26,B,26-May-2026,10:02:20,104.16,SGX,XOF8014,XOF8014,IUK26
9812,5,104.170,1111,IUK26,S,26-May-2026,10:02:29,104.18,SGX,XOF8012,XOF8012,IUK26
9812,5,104.17,1111,DINR,B,26-May-2026,10:02:29,104.19,DGCX,S-XOF8012,S-XOF8012,DINR-20260527
9814,1,104.17,1111,DINR,S,26-May-2026,10:02:29,104.19,DGCX,S-XOF8014,S-XOF8014,DINR-20260527
9812,1,104.180,1111,IUK26,S,26-May-2026,10:02:30,104.18,SGX,XOF8012,XOF8012,IUK26
9812,1,104.18,1111,DINR,B,26-May-2026,10:02:30,104.19,DGCX,S-XOF8012,S-XOF8012,DINR-20260527
9812,4,104.180,1111,IUK26,S,26-May-2026,10:02:30,104.18,SGX,XOF8012,XOF8012,IUK26
9812,4,104.19,1111,DINR,B,26-May-2026,10:02:30,104.19,DGCX,S-XOF8012,S-XOF8012,DINR-20260527
9819,1,104.20,1111,DINR,S,26-May-2026,10:02:31,104.21,DGCX,S-XOF8019,S-XOF8019,DINR-20260527
9819,1,104.20,1111,DINR,S,26-May-2026,10:02:31,104.21,DGCX,S-XOF8019,S-XOF8019,DINR-20260527
9812,1,104.190,1111,IUK26,S,26-May-2026,10:02:32,104.2,SGX,XOF8012,XOF8012,IUK26
9812,4,104.190,1111,IUK26,S,26-May-2026,10:02:32,104.2,SGX,XOF8012,XOF8012,IUK26
9812,5,104.200,1111,IUK26,S,26-May-2026,10:02:32,104.2,SGX,XOF8012,XOF8012,IUK26
9819,1,104.200,1111,IUK26,B,26-May-2026,10:02:32,104.2,SGX,XOF8019,XOF8019,IUK26
9819,1,104.200,1111,IUK26,B,26-May-2026,10:02:32,104.2,SGX,XOF8019,XOF8019,IUK26
9814,1,104.200,1111,IUK26,B,26-May-2026,10:02:32,104.2,SGX,XOF8014,XOF8014,IUK26
9812,1,104.21,1111,DINR,B,26-May-2026,10:02:32,104.21,DGCX,S-XOF8012,S-XOF8012,DINR-20260527
9819,1,104.21,1111,DINR,S,26-May-2026,10:02:32,104.21,DGCX,S-XOF8019,S-XOF8019,DINR-20260527
9812,4,104.21,1111,DINR,B,26-May-2026,10:02:32,104.21,DGCX,S-XOF8012,S-XOF8012,DINR-20260527
9812,5,104.21,1111,DINR,B,26-May-2026,10:02:32,104.21,DGCX,S-XOF8012,S-XOF8012,DINR-20260527
9819,1,104.210,1111,IUK26,B,26-May-2026,10:02:37,104.21,SGX,XOF8019,XOF8019,IUK26
9812,1,104.190,1111,IUK26,B,26-May-2026,10:04:18,104.19,SGX,XOF8012,XOF8012,IUK26
9812,4,104.190,1111,IUK26,B,26-May-2026,10:04:18,104.19,SGX,XOF8012,XOF8012,IUK26
9817,2,104.19,1111,DINR,B,26-May-2026,10:04:18,104.2,DGCX,S-XOF8017,S-XOF8017,DINR-20260527
9817,2,104.190,1111,IUK26,S,26-May-2026,10:04:18,104.19,SGX,XOF8017,XOF8017,IUK26
9812,5,103.830,1111,IUM26,S,25-Jun-2026,10:04:18,103.83,SGX,XOF8012,XOF8012,IUM26
9812,1,104.18,1111,DINR,S,26-May-2026,10:04:18,104.2,DGCX,S-XOF8012,S-XOF8012,DINR-20260527
9812,4,104.18,1111,DINR,S,26-May-2026,10:04:18,104.2,DGCX,S-XOF8012,S-XOF8012,DINR-20260527
9817,2,104.19,1111,DINR,B,26-May-2026,10:04:18,104.2,DGCX,S-XOF8017,S-XOF8017,DINR-20260527
9812,5,103.84,1111,DINR,B,25-Jun-2026,10:04:18,103.85,DGCX,S-XOF8012,S-XOF8012,DINR-20260626
9812,5,103.830,1111,IUM26,S,25-Jun-2026,10:04:18,103.83,SGX,XOF8012,XOF8012,IUM26
9812,5,104.190,1111,IUK26,S,26-May-2026,10:04:18,104.19,SGX,XOF8012,XOF8012,IUK26
9817,2,104.190,1111,IUK26,S,26-May-2026,10:04:18,104.19,SGX,XOF8017,XOF8017,IUK26
9812,1,103.85,1111,DINR,B,25-Jun-2026,10:04:18,103.85,DGCX,S-XOF8012,S-XOF8012,DINR-20260626
9812,4,103.85,1111,DINR,B,25-Jun-2026,10:04:18,103.85,DGCX,S-XOF8012,S-XOF8012,DINR-20260626
9812,5,103.830,1111,IUM26,S,25-Jun-2026,10:04:18,103.83,SGX,XOF8012,XOF8012,IUM26
9812,5,104.20,1111,DINR,B,26-May-2026,10:04:23,104.2,DGCX,S-XOF8012,S-XOF8012,DINR-20260527
9812,5,103.85,1111,DINR,B,25-Jun-2026,10:04:23,103.85,DGCX,S-XOF8012,S-XOF8012,DINR-20260626
9812,2,104.190,1111,IUK26,B,26-May-2026,10:04:26,104.18,SGX,XOF8012,XOF8012,IUK26
9812,3,104.190,1111,IUK26,B,26-May-2026,10:04:26,104.18,SGX,XOF8012,XOF8012,IUK26
9812,2,104.18,1111,DINR,S,26-May-2026,10:04:26,104.18,DGCX,S-XOF8012,S-XOF8012,DINR-20260527
9819,2,104.18,1111,DINR,B,26-May-2026,10:04:26,104.18,DGCX,S-XOF8019,S-XOF8019,DINR-20260527
9812,2,104.18,1111,DINR,S,26-May-2026,10:04:26,104.18,DGCX,S-XOF8012,S-XOF8012,DINR-20260527
9817,2,104.18,1111,DINR,B,26-May-2026,10:04:26,104.18,DGCX,S-XOF8017,S-XOF8017,DINR-20260527
9812,1,104.18,1111,DINR,S,26-May-2026,10:04:26,104.18,DGCX,S-XOF8012,S-XOF8012,DINR-20260527
9817,2,104.180,1111,IUK26,S,26-May-2026,10:04:26,104.18,SGX,XOF8017,XOF8017,IUK26
9812,1,104.190,1111,IUK26,B,26-May-2026,10:04:26,104.18,SGX,XOF8012,XOF8012,IUK26
9812,1,104.18,1111,DINR,S,26-May-2026,10:04:26,104.18,DGCX,S-XOF8012,S-XOF8012,DINR-20260527
9819,1,104.190,1111,IUK26,S,26-May-2026,10:04:27,104.19,SGX,XOF8019,XOF8019,IUK26
9819,1,104.190,1111,IUK26,S,26-May-2026,10:04:34,104.19,SGX,XOF8019,XOF8019,IUK26
9812,5,104.210,1111,IUK26,S,26-May-2026,10:04:53,104.21,SGX,XOF8012,XOF8012,IUK26
9812,5,103.850,1111,IUM26,S,25-Jun-2026,10:04:53,103.85,SGX,XOF8012,XOF8012,IUM26
9812,2,103.87,1111,DINR,B,25-Jun-2026,10:04:53,103.87,DGCX,S-XOF8012,S-XOF8012,DINR-20260626
9812,3,103.87,1111,DINR,B,25-Jun-2026,10:04:53,103.87,DGCX,S-XOF8012,S-XOF8012,DINR-20260626
9817,3,103.87,1111,DINR,S,25-Jun-2026,10:04:53,103.87,DGCX,S-XOF8017,S-XOF8017,DINR-20260626
9812,5,103.850,1111,IUM26,S,25-Jun-2026,10:04:53,103.85,SGX,XOF8012,XOF8012,IUM26
9812,5,104.22,1111,DINR,B,26-May-2026,10:04:54,104.22,DGCX,S-XOF8012,S-XOF8012,DINR-20260527
9812,1,103.87,1111,DINR,B,25-Jun-2026,10:04:54,103.87,DGCX,S-XOF8012,S-XOF8012,DINR-20260626
9812,4,103.87,1111,DINR,B,25-Jun-2026,10:04:54,103.87,DGCX,S-XOF8012,S-XOF8012,DINR-20260626
9817,3,103.850,1111,IUM26,B,25-Jun-2026,10:04:55,103.85,SGX,XOF8017,XOF8017,IUM26
9812,5,103.860,1111,IUM26,S,25-Jun-2026,10:05:35,103.86,SGX,XOF8012,XOF8012,IUM26
9812,5,104.220,1111,IUK26,S,26-May-2026,10:05:35,104.22,SGX,XOF8012,XOF8012,IUK26
9812,3,103.88,1111,DINR,B,25-Jun-2026,10:05:35,103.88,DGCX,S-XOF8012,S-XOF8012,DINR-20260626
9817,3,103.88,1111,DINR,S,25-Jun-2026,10:05:35,103.88,DGCX,S-XOF8017,S-XOF8017,DINR-20260626
9812,2,103.88,1111,DINR,B,25-Jun-2026,10:05:35,103.88,DGCX,S-XOF8012,S-XOF8012,DINR-20260626
9817,3,103.860,1111,IUM26,B,25-Jun-2026,10:05:35,103.86,SGX,XOF8017,XOF8017,IUM26
9812,5,104.23,1111,DINR,B,26-May-2026,10:05:35,104.23,DGCX,S-XOF8012,S-XOF8012,DINR-20260527
9817,3,104.23,1111,DINR,S,26-May-2026,10:05:59,104.23,DGCX,S-XOF8017,S-XOF8017,DINR-20260527
9817,2,104.23,1111,DINR,S,26-May-2026,10:05:59,104.23,DGCX,S-XOF8017,S-XOF8017,DINR-20260527
9817,3,104.210,1111,IUK26,B,26-May-2026,10:05:59,104.21,SGX,XOF8017,XOF8017,IUK26
9817,2,104.210,1111,IUK26,B,26-May-2026,10:05:59,104.21,SGX,XOF8017,XOF8017,IUK26
9816,9,103.860,1111,IUM26,B,25-Jun-2026,10:11:54,103.86,SGX,XOF8016,XOF8016,IUM26
9816,12,103.860,1111,IUM26,B,25-Jun-2026,10:11:54,103.86,SGX,XOF8016,XOF8016,IUM26
9816,3,103.860,1111,IUM26,B,25-Jun-2026,10:11:54,103.86,SGX,XOF8016,XOF8016,IUM26
9816,4,103.860,1111,IUM26,B,25-Jun-2026,10:11:54,103.86,SGX,XOF8016,XOF8016,IUM26
9816,5,104.220,1111,IUK26,S,26-May-2026,10:12:44,104.22,SGX,XOF8016,XOF8016,IUK26
9816,10,104.220,1111,IUK26,S,26-May-2026,10:12:44,104.22,SGX,XOF8016,XOF8016,IUK26
9816,11,104.220,1111,IUK26,S,26-May-2026,10:12:44,104.22,SGX,XOF8016,XOF8016,IUK26
9816,2,104.220,1111,IUK26,S,26-May-2026,10:12:44,104.22,SGX,XOF8016,XOF8016,IUK26
9812,3,104.200,1111,IUK26,B,26-May-2026,10:15:59,104.2,SGX,XOF8012,XOF8012,IUK26
9812,2,104.200,1111,IUK26,B,26-May-2026,10:15:59,104.2,SGX,XOF8012,XOF8012,IUK26
9812,3,104.20,1111,DINR,S,26-May-2026,10:15:59,104.2,DGCX,S-XOF8012,S-XOF8012,DINR-20260527
9812,2,104.20,1111,DINR,S,26-May-2026,10:15:59,104.19,DGCX,S-XOF8012,S-XOF8012,DINR-20260527
9812,2,104.200,1111,IUK26,B,26-May-2026,10:16:00,104.2,SGX,XOF8012,XOF8012,IUK26
9812,3,104.200,1111,IUK26,B,26-May-2026,10:16:00,104.2,SGX,XOF8012,XOF8012,IUK26
9812,2,104.19,1111,DINR,S,26-May-2026,10:16:00,104.19,DGCX,S-XOF8012,S-XOF8012,DINR-20260527
9812,3,104.19,1111,DINR,S,26-May-2026,10:16:00,104.19,DGCX,S-XOF8012,S-XOF8012,DINR-20260527
9812,5,104.200,1111,IUK26,B,26-May-2026,10:16:00,104.2,SGX,XOF8012,XOF8012,IUK26
9812,2,104.20,1111,DINR,S,26-May-2026,10:16:00,104.19,DGCX,S-XOF8012,S-XOF8012,DINR-20260527
9817,2,104.20,1111,DINR,B,26-May-2026,10:16:00,104.19,DGCX,S-XOF8017,S-XOF8017,DINR-20260527
9812,3,104.19,1111,DINR,S,26-May-2026,10:16:00,104.19,DGCX,S-XOF8012,S-XOF8012,DINR-20260527
9812,1,104.200,1111,IUK26,B,26-May-2026,10:16:00,104.2,SGX,XOF8012,XOF8012,IUK26
9812,1,104.200,1111,IUK26,B,26-May-2026,10:16:00,104.2,SGX,XOF8012,XOF8012,IUK26
9812,1,104.19,1111,DINR,S,26-May-2026,10:16:00,104.19,DGCX,S-XOF8012,S-XOF8012,DINR-20260527
9812,1,104.19,1111,DINR,S,26-May-2026,10:16:00,104.19,DGCX,S-XOF8012,S-XOF8012,DINR-20260527
9817,2,104.200,1111,IUK26,S,26-May-2026,10:16:04,104.2,SGX,XOF8017,XOF8017,IUK26
9812,4,104.190,1111,IUK26,S,26-May-2026,10:32:07,104.19,SGX,XOF8012,XOF8012,IUK26
9812,1,104.190,1111,IUK26,S,26-May-2026,10:32:07,104.19,SGX,XOF8012,XOF8012,IUK26
9812,4,104.20,1111,DINR,B,26-May-2026,10:32:07,104.2,DGCX,S-XOF8012,S-XOF8012,DINR-20260527
9812,1,104.20,1111,DINR,B,26-May-2026,10:32:07,104.2,DGCX,S-XOF8012,S-XOF8012,DINR-20260527
9812,4,104.190,1111,IUK26,S,26-May-2026,10:32:07,104.19,SGX,XOF8012,XOF8012,IUK26
9812,1,104.190,1111,IUK26,S,26-May-2026,10:32:07,104.19,SGX,XOF8012,XOF8012,IUK26
9812,4,104.20,1111,DINR,B,26-May-2026,10:33:31,104.2,DGCX,S-XOF8012,S-XOF8012,DINR-20260527
9812,1,104.20,1111,DINR,B,26-May-2026,10:33:31,104.2,DGCX,S-XOF8012,S-XOF8012,DINR-20260527
9812,5,104.140,1111,IUK26,S,26-May-2026,10:39:53,104.14,SGX,XOF8012,XOF8012,IUK26
9812,5,104.15,1111,DINR,B,26-May-2026,10:39:53,104.15,DGCX,S-XOF8012,S-XOF8012,DINR-20260527
9812,1,104.140,1111,IUK26,S,26-May-2026,10:39:53,104.14,SGX,XOF8012,XOF8012,IUK26
9812,1,104.15,1111,DINR,B,26-May-2026,10:39:53,104.15,DGCX,S-XOF8012,S-XOF8012,DINR-20260527
9819,2,103.78,1111,DINR,B,25-Jun-2026,10:40:04,103.78,DGCX,S-XOF8019,S-XOF8019,DINR-20260626
9819,1,103.780,1111,IUM26,S,25-Jun-2026,10:40:04,103.78,SGX,XOF8019,XOF8019,IUM26
9819,1,103.780,1111,IUM26,S,25-Jun-2026,10:40:04,103.78,SGX,XOF8019,XOF8019,IUM26
9819,1,103.78,1111,DINR,B,25-Jun-2026,10:40:04,103.78,DGCX,S-XOF8019,S-XOF8019,DINR-20260626
9819,1,103.780,1111,IUM26,S,25-Jun-2026,10:40:04,103.78,SGX,XOF8019,XOF8019,IUM26
9812,1,103.790,1111,IUM26,S,25-Jun-2026,10:40:34,103.79,SGX,XOF8012,XOF8012,IUM26
9812,3,103.790,1111,IUM26,S,25-Jun-2026,10:40:35,103.79,SGX,XOF8012,XOF8012,IUM26
9812,1,103.790,1111,IUM26,S,25-Jun-2026,10:40:35,103.79,SGX,XOF8012,XOF8012,IUM26
9812,1,103.79,1111,DINR,B,25-Jun-2026,10:40:35,103.8,DGCX,S-XOF8012,S-XOF8012,DINR-20260626
9812,3,103.80,1111,DINR,B,25-Jun-2026,10:40:35,103.8,DGCX,S-XOF8012,S-XOF8012,DINR-20260626
9812,5,104.150,1111,IUK26,S,26-May-2026,10:40:37,104.15,SGX,XOF8012,XOF8012,IUK26
9812,2,104.17,1111,DINR,B,26-May-2026,10:40:37,104.17,DGCX,S-XOF8012,S-XOF8012,DINR-20260527
9812,2,104.17,1111,DINR,B,26-May-2026,10:40:37,104.17,DGCX,S-XOF8012,S-XOF8012,DINR-20260527
9812,1,104.17,1111,DINR,B,26-May-2026,10:40:37,104.17,DGCX,S-XOF8012,S-XOF8012,DINR-20260527
9812,4,104.160,1111,IUK26,S,26-May-2026,10:40:43,104.17,SGX,XOF8012,XOF8012,IUK26
9812,1,104.160,1111,IUK26,S,26-May-2026,10:40:43,104.17,SGX,XOF8012,XOF8012,IUK26
9812,4,104.18,1111,DINR,B,26-May-2026,10:40:43,104.18,DGCX,S-XOF8012,S-XOF8012,DINR-20260527
9812,1,104.18,1111,DINR,B,26-May-2026,10:40:43,104.18,DGCX,S-XOF8012,S-XOF8012,DINR-20260527
9812,1,104.180,1111,IUK26,B,26-May-2026,10:44:30,104.18,SGX,XOF8012,XOF8012,IUK26
9812,1,104.18,1111,DINR,S,26-May-2026,10:44:30,104.18,DGCX,S-XOF8012,S-XOF8012,DINR-20260527
9817,1,104.18,1111,DINR,B,26-May-2026,10:44:30,104.18,DGCX,S-XOF8017,S-XOF8017,DINR-20260527
9817,1,104.180,1111,IUK26,S,26-May-2026,10:44:31,104.18,SGX,XOF8017,XOF8017,IUK26
9812,4,104.180,1111,IUK26,B,26-May-2026,10:45:03,104.18,SGX,XOF8012,XOF8012,IUK26
9812,1,104.180,1111,IUK26,B,26-May-2026,10:45:04,104.18,SGX,XOF8012,XOF8012,IUK26
9812,2,104.18,1111,DINR,S,26-May-2026,10:45:03,104.18,DGCX,S-XOF8012,S-XOF8012,DINR-20260527
9812,3,104.180,1111,IUK26,B,26-May-2026,10:45:04,104.18,SGX,XOF8012,XOF8012,IUK26
9812,2,104.18,1111,DINR,S,26-May-2026,10:45:03,104.18,DGCX,S-XOF8012,S-XOF8012,DINR-20260527
9812,1,104.18,1111,DINR,S,26-May-2026,10:45:03,104.18,DGCX,S-XOF8012,S-XOF8012,DINR-20260527
9812,3,104.18,1111,DINR,S,26-May-2026,10:45:03,104.18,DGCX,S-XOF8012,S-XOF8012,DINR-20260527
9812,1,104.180,1111,IUK26,B,26-May-2026,10:45:04,104.18,SGX,XOF8012,XOF8012,IUK26
9812,1,104.18,1111,DINR,S,26-May-2026,10:45:04,104.18,DGCX,S-XOF8012,S-XOF8012,DINR-20260527
9812,2,104.180,1111,IUK26,B,26-May-2026,10:45:04,104.18,SGX,XOF8012,XOF8012,IUK26
9812,2,104.180,1111,IUK26,B,26-May-2026,10:45:04,104.18,SGX,XOF8012,XOF8012,IUK26
9812,2,104.18,1111,DINR,S,26-May-2026,10:45:04,104.18,DGCX,S-XOF8012,S-XOF8012,DINR-20260527
9812,1,104.180,1111,IUK26,B,26-May-2026,10:45:04,104.18,SGX,XOF8012,XOF8012,IUK26
9812,5,104.180,1111,IUK26,B,26-May-2026,10:45:04,104.18,SGX,XOF8012,XOF8012,IUK26
9812,2,104.18,1111,DINR,S,26-May-2026,10:45:04,104.18,DGCX,S-XOF8012,S-XOF8012,DINR-20260527
9817,2,104.18,1111,DINR,B,26-May-2026,10:45:04,104.18,DGCX,S-XOF8017,S-XOF8017,DINR-20260527
9812,1,104.18,1111,DINR,S,26-May-2026,10:45:04,104.18,DGCX,S-XOF8012,S-XOF8012,DINR-20260527
9812,5,104.17,1111,DINR,S,26-May-2026,10:45:04,104.18,DGCX,S-XOF8012,S-XOF8012,DINR-20260527
9812,1,104.180,1111,IUK26,B,26-May-2026,10:45:04,104.18,SGX,XOF8012,XOF8012,IUK26
9812,1,104.17,1111,DINR,S,26-May-2026,10:45:04,104.18,DGCX,S-XOF8012,S-XOF8012,DINR-20260527
9812,2,104.180,1111,IUK26,B,26-May-2026,10:45:04,104.18,SGX,XOF8012,XOF8012,IUK26
9812,3,104.180,1111,IUK26,B,26-May-2026,10:45:04,104.18,SGX,XOF8012,XOF8012,IUK26
9812,2,104.18,1111,DINR,S,26-May-2026,10:45:05,104.18,DGCX,S-XOF8012,S-XOF8012,DINR-20260527
9812,3,104.18,1111,DINR,S,26-May-2026,10:45:05,104.18,DGCX,S-XOF8012,S-XOF8012,DINR-20260527
9817,2,104.180,1111,IUK26,S,26-May-2026,10:45:47,104.18,SGX,XOF8017,XOF8017,IUK26
9812,5,104.180,1111,IUK26,B,26-May-2026,10:51:17,104.18,SGX,XOF8012,XOF8012,IUK26
9812,5,104.18,1111,DINR,S,26-May-2026,10:51:17,104.18,DGCX,S-XOF8012,S-XOF8012,DINR-20260527
9814,200,-0.360,1111,IUK26-IUM26,B,26-May-2026,10:51:24,-0.36,SGX,XOF8014,XOF8014,IUK26-IUM26
9814,200,104.190,1111,IUK26,S,26-May-2026,10:51:24,104.18,SGX,XOF8014,XOF8014,IUK26
9814,200,103.830,1111,IUM26,B,25-Jun-2026,10:51:24,103.83,SGX,XOF8014,XOF8014,IUM26
9813,100,-0.360,1111,IUK26-IUM26,B,26-May-2026,10:51:24,-0.36,SGX,XOF8013,XOF8013,IUK26-IUM26
9813,100,104.190,1111,IUK26,S,26-May-2026,10:51:24,104.18,SGX,XOF8013,XOF8013,IUK26
9813,100,103.830,1111,IUM26,B,25-Jun-2026,10:51:24,103.83,SGX,XOF8013,XOF8013,IUM26
9812,195,-0.360,1111,IUK26-IUM26,B,26-May-2026,10:51:53,-0.36,SGX,XOF8012,XOF8012,IUK26-IUM26
9812,195,104.190,1111,IUK26,S,26-May-2026,10:51:53,104.19,SGX,XOF8012,XOF8012,IUK26
9812,195,103.830,1111,IUM26,B,25-Jun-2026,10:51:53,103.83,SGX,XOF8012,XOF8012,IUM26
9812,5,-0.360,1111,IUK26-IUM26,B,26-May-2026,10:51:53,-0.36,SGX,XOF8012,XOF8012,IUK26-IUM26
9812,5,104.190,1111,IUK26,S,26-May-2026,10:51:53,104.19,SGX,XOF8012,XOF8012,IUK26
9812,5,103.830,1111,IUM26,B,25-Jun-2026,10:51:53,103.83,SGX,XOF8012,XOF8012,IUM26
9812,5,104.190,1111,IUK26,B,26-May-2026,10:54:54,104.19,SGX,XOF8012,XOF8012,IUK26
9812,5,104.19,1111,DINR,S,26-May-2026,10:54:54,104.19,DGCX,S-XOF8012,S-XOF8012,DINR-20260527
9812,5,104.190,1111,IUK26,S,26-May-2026,10:55:19,104.19,SGX,XOF8012,XOF8012,IUK26
9812,5,104.19,1111,DINR,B,26-May-2026,10:55:19,104.19,DGCX,S-XOF8012,S-XOF8012,DINR-20260527
9812,4,104.190,1111,IUK26,B,26-May-2026,10:55:26,104.18,SGX,XOF8012,XOF8012,IUK26
9812,4,104.19,1111,DINR,S,26-May-2026,10:55:26,104.18,DGCX,S-XOF8012,S-XOF8012,DINR-20260527
9812,1,104.190,1111,IUK26,B,26-May-2026,10:55:26,104.18,SGX,XOF8012,XOF8012,IUK26
9812,1,104.190,1111,IUK26,B,26-May-2026,10:55:27,104.18,SGX,XOF8012,XOF8012,IUK26
9812,1,104.19,1111,DINR,S,26-May-2026,10:55:26,104.18,DGCX,S-XOF8012,S-XOF8012,DINR-20260527
9812,3,104.190,1111,IUK26,B,26-May-2026,10:55:27,104.18,SGX,XOF8012,XOF8012,IUK26
9812,1,104.190,1111,IUK26,B,26-May-2026,10:55:27,104.18,SGX,XOF8012,XOF8012,IUK26
9812,1,104.19,1111,DINR,S,26-May-2026,10:55:27,104.19,DGCX,S-XOF8012,S-XOF8012,DINR-20260527
9812,3,104.18,1111,DINR,S,26-May-2026,10:55:27,104.19,DGCX,S-XOF8012,S-XOF8012,DINR-20260527
9812,1,104.18,1111,DINR,S,26-May-2026,10:55:27,104.19,DGCX,S-XOF8012,S-XOF8012,DINR-20260527
9812,4,104.190,1111,IUK26,B,26-May-2026,10:55:27,104.19,SGX,XOF8012,XOF8012,IUK26
9812,1,104.190,1111,IUK26,B,26-May-2026,10:55:27,104.19,SGX,XOF8012,XOF8012,IUK26
9812,4,104.19,1111,DINR,S,26-May-2026,10:55:27,104.19,DGCX,S-XOF8012,S-XOF8012,DINR-20260527
9812,1,104.18,1111,DINR,S,26-May-2026,10:55:27,104.19,DGCX,S-XOF8012,S-XOF8012,DINR-20260527
9812,4,104.190,1111,IUK26,B,26-May-2026,10:55:27,104.19,SGX,XOF8012,XOF8012,IUK26
9812,4,104.19,1111,DINR,S,26-May-2026,10:55:27,104.19,DGCX,S-XOF8012,S-XOF8012,DINR-20260527
9812,1,104.190,1111,IUK26,B,26-May-2026,10:55:27,104.19,SGX,XOF8012,XOF8012,IUK26
9812,1,104.19,1111,DINR,S,26-May-2026,10:55:27,104.19,DGCX,S-XOF8012,S-XOF8012,DINR-20260527
9812,5,104.200,1111,IUK26,B,26-May-2026,11:01:33,104.2,SGX,XOF8012,XOF8012,IUK26
9812,5,104.19,1111,DINR,S,26-May-2026,11:01:33,104.19,DGCX,S-XOF8012,S-XOF8012,DINR-20260527
9812,3,104.200,1111,IUK26,B,26-May-2026,11:02:24,104.2,SGX,XOF8012,XOF8012,IUK26
9812,3,104.20,1111,DINR,S,26-May-2026,11:02:24,104.2,DGCX,S-XOF8012,S-XOF8012,DINR-20260527
9812,2,104.200,1111,IUK26,B,26-May-2026,11:02:28,104.2,SGX,XOF8012,XOF8012,IUK26
9812,2,104.20,1111,DINR,S,26-May-2026,11:02:28,104.2,DGCX,S-XOF8012,S-XOF8012,DINR-20260527
9812,5,104.200,1111,IUK26,B,26-May-2026,11:02:50,104.2,SGX,XOF8012,XOF8012,IUK26
9812,5,104.200,1111,IUK26,B,26-May-2026,11:02:50,104.2,SGX,XOF8012,XOF8012,IUK26
9812,5,104.20,1111,DINR,S,26-May-2026,11:02:50,104.2,DGCX,S-XOF8012,S-XOF8012,DINR-20260527
9812,5,104.20,1111,DINR,S,26-May-2026,11:02:50,104.2,DGCX,S-XOF8012,S-XOF8012,DINR-20260527
9812,3,104.200,1111,IUK26,B,26-May-2026,11:03:52,104.2,SGX,XOF8012,XOF8012,IUK26
9812,3,104.20,1111,DINR,S,26-May-2026,11:03:52,104.21,DGCX,S-XOF8012,S-XOF8012,DINR-20260527
9812,2,104.200,1111,IUK26,B,26-May-2026,11:03:52,104.2,SGX,XOF8012,XOF8012,IUK26
9812,2,104.21,1111,DINR,S,26-May-2026,11:03:53,104.21,DGCX,S-XOF8012,S-XOF8012,DINR-20260527
9812,4,104.200,1111,IUK26,B,26-May-2026,11:04:29,104.2,SGX,XOF8012,XOF8012,IUK26
9812,1,104.200,1111,IUK26,B,26-May-2026,11:04:29,104.2,SGX,XOF8012,XOF8012,IUK26
9812,4,104.20,1111,DINR,S,26-May-2026,11:04:29,104.2,DGCX,S-XOF8012,S-XOF8012,DINR-20260527
9812,1,104.20,1111,DINR,S,26-May-2026,11:04:29,104.2,DGCX,S-XOF8012,S-XOF8012,DINR-20260527
9817,5,103.86,1111,DINR,S,25-Jun-2026,11:06:04,103.86,DGCX,S-XOF8017,S-XOF8017,DINR-20260626
9817,1,103.86,1111,DINR,S,25-Jun-2026,11:06:04,103.86,DGCX,S-XOF8017,S-XOF8017,DINR-20260626
9817,4,103.840,1111,IUM26,B,25-Jun-2026,11:06:04,103.84,SGX,XOF8017,XOF8017,IUM26
9817,1,103.840,1111,IUM26,B,25-Jun-2026,11:06:04,103.84,SGX,XOF8017,XOF8017,IUM26
9817,1,103.840,1111,IUM26,B,25-Jun-2026,11:06:04,103.84,SGX,XOF8017,XOF8017,IUM26
9812,5,104.200,1111,IUK26,S,26-May-2026,11:06:57,104.2,SGX,XOF8012,XOF8012,IUK26
9812,1,104.20,1111,DINR,B,26-May-2026,11:06:57,104.2,DGCX,S-XOF8012,S-XOF8012,DINR-20260527
9812,1,104.20,1111,DINR,B,26-May-2026,11:06:57,104.2,DGCX,S-XOF8012,S-XOF8012,DINR-20260527
9812,3,104.21,1111,DINR,B,26-May-2026,11:06:57,104.2,DGCX,S-XOF8012,S-XOF8012,DINR-20260527
9812,1,103.810,1111,IUM26,B,25-Jun-2026,11:08:53,103.82,SGX,XOF8012,XOF8012,IUM26
9812,4,103.810,1111,IUM26,B,25-Jun-2026,11:08:53,103.82,SGX,XOF8012,XOF8012,IUM26
9812,1,103.81,1111,DINR,S,25-Jun-2026,11:08:53,103.81,DGCX,S-XOF8012,S-XOF8012,DINR-20260626
9817,1,103.81,1111,DINR,B,25-Jun-2026,11:08:53,103.81,DGCX,S-XOF8017,S-XOF8017,DINR-20260626
9812,1,103.81,1111,DINR,S,25-Jun-2026,11:08:53,103.81,DGCX,S-XOF8012,S-XOF8012,DINR-20260626
9812,3,103.81,1111,DINR,S,25-Jun-2026,11:08:53,103.81,DGCX,S-XOF8012,S-XOF8012,DINR-20260626
9817,1,103.810,1111,IUM26,S,25-Jun-2026,11:08:53,103.82,SGX,XOF8017,XOF8017,IUM26
9812,5,103.810,1111,IUM26,B,25-Jun-2026,11:09:07,103.81,SGX,XOF8012,XOF8012,IUM26
9812,5,103.82,1111,DINR,S,25-Jun-2026,11:09:07,103.82,DGCX,S-XOF8012,S-XOF8012,DINR-20260626
9812,2,103.810,1111,IUM26,B,25-Jun-2026,11:09:11,103.81,SGX,XOF8012,XOF8012,IUM26
9812,3,103.810,1111,IUM26,B,25-Jun-2026,11:09:11,103.81,SGX,XOF8012,XOF8012,IUM26
9812,2,103.82,1111,DINR,S,25-Jun-2026,11:09:11,103.82,DGCX,S-XOF8012,S-XOF8012,DINR-20260626
9812,3,103.82,1111,DINR,S,25-Jun-2026,11:09:11,103.82,DGCX,S-XOF8012,S-XOF8012,DINR-20260626
9812,5,103.800,1111,IUM26,B,25-Jun-2026,11:14:35,103.8,SGX,XOF8012,XOF8012,IUM26
9812,5,103.81,1111,DINR,S,25-Jun-2026,11:14:35,103.81,DGCX,S-XOF8012,S-XOF8012,DINR-20260626
9812,5,103.780,1111,IUM26,B,25-Jun-2026,11:16:31,103.78,SGX,XOF8012,XOF8012,IUM26
9816,12,-0.370,1111,IUK26-IUM26,B,26-May-2026,11:16:31,-0.37,SGX,XOF8016,XOF8016,IUK26-IUM26
9816,12,104.150,1111,IUK26,S,26-May-2026,11:16:31,104.15,SGX,XOF8016,XOF8016,IUK26
9816,12,103.780,1111,IUM26,B,25-Jun-2026,11:16:31,103.78,SGX,XOF8016,XOF8016,IUM26
9812,5,103.78,1111,DINR,S,25-Jun-2026,11:16:31,103.78,DGCX,S-XOF8012,S-XOF8012,DINR-20260626
9812,5,103.780,1111,IUM26,B,25-Jun-2026,11:16:31,103.78,SGX,XOF8012,XOF8012,IUM26
9812,2,103.78,1111,DINR,S,25-Jun-2026,11:16:31,103.78,DGCX,S-XOF8012,S-XOF8012,DINR-20260626
9812,1,103.78,1111,DINR,S,25-Jun-2026,11:16:31,103.78,DGCX,S-XOF8012,S-XOF8012,DINR-20260626
9812,2,103.78,1111,DINR,S,25-Jun-2026,11:16:31,103.78,DGCX,S-XOF8012,S-XOF8012,DINR-20260626
9812,5,104.140,1111,IUK26,S,26-May-2026,11:17:18,104.15,SGX,XOF8012,XOF8012,IUK26
9812,5,104.14,1111,DINR,B,26-May-2026,11:17:18,104.14,DGCX,S-XOF8012,S-XOF8012,DINR-20260527
9812,5,104.140,1111,IUK26,S,26-May-2026,11:17:18,104.15,SGX,XOF8012,XOF8012,IUK26
9812,5,104.14,1111,DINR,B,26-May-2026,11:17:18,104.14,DGCX,S-XOF8012,S-XOF8012,DINR-20260527
9812,5,104.140,1111,IUK26,S,26-May-2026,11:17:18,104.15,SGX,XOF8012,XOF8012,IUK26
9812,5,104.17,1111,DINR,B,26-May-2026,11:17:22,104.19,DGCX,S-XOF8012,S-XOF8012,DINR-20260527
9812,1,104.180,1111,IUK26,S,26-May-2026,11:17:22,104.18,SGX,XOF8012,XOF8012,IUK26
9812,4,104.180,1111,IUK26,S,26-May-2026,11:17:22,104.18,SGX,XOF8012,XOF8012,IUK26
9812,1,104.18,1111,DINR,B,26-May-2026,11:17:22,104.19,DGCX,S-XOF8012,S-XOF8012,DINR-20260527
9812,4,104.19,1111,DINR,B,26-May-2026,11:17:22,104.19,DGCX,S-XOF8012,S-XOF8012,DINR-20260527
9812,1,104.180,1111,IUK26,S,26-May-2026,11:17:22,104.18,SGX,XOF8012,XOF8012,IUK26
9812,2,104.180,1111,IUK26,S,26-May-2026,11:17:22,104.18,SGX,XOF8012,XOF8012,IUK26
9812,2,104.180,1111,IUK26,S,26-May-2026,11:17:22,104.18,SGX,XOF8012,XOF8012,IUK26
9812,1,104.19,1111,DINR,B,26-May-2026,11:17:23,104.19,DGCX,S-XOF8012,S-XOF8012,DINR-20260527
9812,2,104.19,1111,DINR,B,26-May-2026,11:17:23,104.19,DGCX,S-XOF8012,S-XOF8012,DINR-20260527
9812,2,104.19,1111,DINR,B,26-May-2026,11:17:23,104.19,DGCX,S-XOF8012,S-XOF8012,DINR-20260527
9814,1,104.17,1111,DINR,S,26-May-2026,11:24:52,104.17,DGCX,S-XOF8014,S-XOF8014,DINR-20260527
9814,1,104.160,1111,IUK26,B,26-May-2026,11:24:52,104.16,SGX,XOF8014,XOF8014,IUK26
9812,2,-0.360,1111,IUK26-IUM26,S,26-May-2026,11:26:01,-0.36,SGX,XOF8012,XOF8012,IUK26-IUM26
9812,2,104.190,1111,IUK26,B,26-May-2026,11:26:01,104.18,SGX,XOF8012,XOF8012,IUK26
9812,2,103.830,1111,IUM26,S,25-Jun-2026,11:26:01,103.83,SGX,XOF8012,XOF8012,IUM26
9812,14,-0.360,1111,IUK26-IUM26,S,26-May-2026,11:26:07,-0.36,SGX,XOF8012,XOF8012,IUK26-IUM26
9812,14,104.180,1111,IUK26,B,26-May-2026,11:26:07,104.18,SGX,XOF8012,XOF8012,IUK26
9812,14,103.820,1111,IUM26,S,25-Jun-2026,11:26:07,103.82,SGX,XOF8012,XOF8012,IUM26
9812,9,-0.360,1111,IUK26-IUM26,S,26-May-2026,11:28:11,-0.36,SGX,XOF8012,XOF8012,IUK26-IUM26
9812,9,104.170,1111,IUK26,B,26-May-2026,11:28:11,104.17,SGX,XOF8012,XOF8012,IUK26
9812,9,103.810,1111,IUM26,S,25-Jun-2026,11:28:11,103.81,SGX,XOF8012,XOF8012,IUM26
9812,3,-0.360,1111,IUK26-IUM26,S,26-May-2026,11:33:45,-0.36,SGX,XOF8012,XOF8012,IUK26-IUM26
9812,3,104.180,1111,IUK26,B,26-May-2026,11:33:45,104.18,SGX,XOF8012,XOF8012,IUK26
9812,3,103.820,1111,IUM26,S,25-Jun-2026,11:33:45,103.82,SGX,XOF8012,XOF8012,IUM26
9812,3,-0.360,1111,IUK26-IUM26,S,26-May-2026,11:34:07,-0.36,SGX,XOF8012,XOF8012,IUK26-IUM26
9812,3,104.180,1111,IUK26,B,26-May-2026,11:34:07,104.18,SGX,XOF8012,XOF8012,IUK26
9812,3,103.820,1111,IUM26,S,25-Jun-2026,11:34:07,103.82,SGX,XOF8012,XOF8012,IUM26
9812,3,-0.360,1111,IUK26-IUM26,S,26-May-2026,11:34:09,-0.36,SGX,XOF8012,XOF8012,IUK26-IUM26
9812,3,104.180,1111,IUK26,B,26-May-2026,11:34:09,104.18,SGX,XOF8012,XOF8012,IUK26
9812,3,103.820,1111,IUM26,S,25-Jun-2026,11:34:09,103.82,SGX,XOF8012,XOF8012,IUM26
9812,3,-0.360,1111,IUK26-IUM26,S,26-May-2026,11:34:22,-0.36,SGX,XOF8012,XOF8012,IUK26-IUM26
9812,3,104.180,1111,IUK26,B,26-May-2026,11:34:22,104.18,SGX,XOF8012,XOF8012,IUK26
9812,3,103.820,1111,IUM26,S,25-Jun-2026,11:34:22,103.82,SGX,XOF8012,XOF8012,IUM26
9812,7,-0.360,1111,IUK26-IUM26,S,26-May-2026,11:34:24,-0.36,SGX,XOF8012,XOF8012,IUK26-IUM26
9812,7,104.180,1111,IUK26,B,26-May-2026,11:34:24,104.18,SGX,XOF8012,XOF8012,IUK26
9812,7,103.820,1111,IUM26,S,25-Jun-2026,11:34:24,103.82,SGX,XOF8012,XOF8012,IUM26
9812,3,-0.360,1111,IUK26-IUM26,S,26-May-2026,11:34:24,-0.36,SGX,XOF8012,XOF8012,IUK26-IUM26
9812,3,104.180,1111,IUK26,B,26-May-2026,11:34:24,104.18,SGX,XOF8012,XOF8012,IUK26
9812,3,103.820,1111,IUM26,S,25-Jun-2026,11:34:24,103.82,SGX,XOF8012,XOF8012,IUM26
9812,3,-0.360,1111,IUK26-IUM26,S,26-May-2026,11:34:35,-0.36,SGX,XOF8012,XOF8012,IUK26-IUM26
9812,3,104.180,1111,IUK26,B,26-May-2026,11:34:35,104.18,SGX,XOF8012,XOF8012,IUK26
9812,3,103.820,1111,IUM26,S,25-Jun-2026,11:34:35,103.82,SGX,XOF8012,XOF8012,IUM26
9812,3,-0.360,1111,IUK26-IUM26,S,26-May-2026,11:34:53,-0.36,SGX,XOF8012,XOF8012,IUK26-IUM26
9812,3,104.180,1111,IUK26,B,26-May-2026,11:34:53,104.18,SGX,XOF8012,XOF8012,IUK26
9812,3,103.820,1111,IUM26,S,25-Jun-2026,11:34:53,103.82,SGX,XOF8012,XOF8012,IUM26
9812,1,-0.360,1111,IUK26-IUM26,S,26-May-2026,11:34:56,-0.36,SGX,XOF8012,XOF8012,IUK26-IUM26
9812,1,104.180,1111,IUK26,B,26-May-2026,11:34:56,104.18,SGX,XOF8012,XOF8012,IUK26
9812,1,103.820,1111,IUM26,S,25-Jun-2026,11:34:56,103.82,SGX,XOF8012,XOF8012,IUM26
9812,3,-0.360,1111,IUK26-IUM26,S,26-May-2026,11:34:56,-0.36,SGX,XOF8012,XOF8012,IUK26-IUM26
9812,3,104.180,1111,IUK26,B,26-May-2026,11:34:56,104.18,SGX,XOF8012,XOF8012,IUK26
9812,3,103.820,1111,IUM26,S,25-Jun-2026,11:34:56,103.82,SGX,XOF8012,XOF8012,IUM26
9812,2,-0.360,1111,IUK26-IUM26,S,26-May-2026,11:36:18,-0.36,SGX,XOF8012,XOF8012,IUK26-IUM26
9812,2,104.190,1111,IUK26,B,26-May-2026,11:36:18,104.19,SGX,XOF8012,XOF8012,IUK26
9812,2,103.830,1111,IUM26,S,25-Jun-2026,11:36:18,103.83,SGX,XOF8012,XOF8012,IUM26
9812,3,-0.360,1111,IUK26-IUM26,S,26-May-2026,11:36:18,-0.36,SGX,XOF8012,XOF8012,IUK26-IUM26
9812,3,104.190,1111,IUK26,B,26-May-2026,11:36:18,104.19,SGX,XOF8012,XOF8012,IUK26
9812,3,103.830,1111,IUM26,S,25-Jun-2026,11:36:18,103.83,SGX,XOF8012,XOF8012,IUM26
9812,3,-0.360,1111,IUK26-IUM26,S,26-May-2026,11:36:32,-0.36,SGX,XOF8012,XOF8012,IUK26-IUM26
9812,3,104.190,1111,IUK26,B,26-May-2026,11:36:32,104.19,SGX,XOF8012,XOF8012,IUK26
9812,3,103.830,1111,IUM26,S,25-Jun-2026,11:36:32,103.83,SGX,XOF8012,XOF8012,IUM26
9812,3,-0.360,1111,IUK26-IUM26,S,26-May-2026,11:36:38,-0.36,SGX,XOF8012,XOF8012,IUK26-IUM26
9812,3,104.190,1111,IUK26,B,26-May-2026,11:36:38,104.19,SGX,XOF8012,XOF8012,IUK26
9812,3,103.830,1111,IUM26,S,25-Jun-2026,11:36:38,103.83,SGX,XOF8012,XOF8012,IUM26
9816,1,104.190,1111,IUK26,B,26-May-2026,11:37:00,104.19,SGX,XOF8016,XOF8016,IUK26
9816,3,104.190,1111,IUK26,B,26-May-2026,11:37:00,104.19,SGX,XOF8016,XOF8016,IUK26
9816,1,104.190,1111,IUK26,B,26-May-2026,11:37:00,104.19,SGX,XOF8016,XOF8016,IUK26
9816,3,104.190,1111,IUK26,B,26-May-2026,11:37:00,104.19,SGX,XOF8016,XOF8016,IUK26
9816,1,104.190,1111,IUK26,B,26-May-2026,11:37:02,104.19,SGX,XOF8016,XOF8016,IUK26
9816,12,103.830,1111,IUM26,S,25-Jun-2026,11:37:01,103.83,SGX,XOF8016,XOF8016,IUM26
9816,3,104.190,1111,IUK26,B,26-May-2026,11:37:02,104.19,SGX,XOF8016,XOF8016,IUK26
9817,2,103.85,1111,DINR,S,25-Jun-2026,11:38:27,103.85,DGCX,S-XOF8017,S-XOF8017,DINR-20260626
9817,2,103.830,1111,IUM26,B,25-Jun-2026,11:38:27,103.83,SGX,XOF8017,XOF8017,IUM26
9816,24,104.190,1111,IUK26,B,26-May-2026,11:39:04,104.19,SGX,XOF8016,XOF8016,IUK26
9816,3,104.190,1111,IUK26,B,26-May-2026,11:39:06,104.19,SGX,XOF8016,XOF8016,IUK26
9816,3,104.190,1111,IUK26,B,26-May-2026,11:39:06,104.19,SGX,XOF8016,XOF8016,IUK26
9816,30,103.830,1111,IUM26,S,25-Jun-2026,11:39:48,103.83,SGX,XOF8016,XOF8016,IUM26
9816,8,104.190,1111,IUK26,B,26-May-2026,11:41:18,104.19,SGX,XOF8016,XOF8016,IUK26
9816,9,104.190,1111,IUK26,B,26-May-2026,11:41:18,104.19,SGX,XOF8016,XOF8016,IUK26
9816,3,104.190,1111,IUK26,B,26-May-2026,11:41:18,104.19,SGX,XOF8016,XOF8016,IUK26
9816,3,104.190,1111,IUK26,B,26-May-2026,11:41:18,104.19,SGX,XOF8016,XOF8016,IUK26
9816,3,104.190,1111,IUK26,B,26-May-2026,11:41:20,104.19,SGX,XOF8016,XOF8016,IUK26
9816,3,104.190,1111,IUK26,B,26-May-2026,11:41:20,104.19,SGX,XOF8016,XOF8016,IUK26
9816,1,104.190,1111,IUK26,B,26-May-2026,11:41:20,104.19,SGX,XOF8016,XOF8016,IUK26
9816,1,103.830,1111,IUM26,S,25-Jun-2026,11:41:20,103.83,SGX,XOF8016,XOF8016,IUM26
9819,1,103.84,1111,DINR,S,25-Jun-2026,11:42:40,103.84,DGCX,S-XOF8019,S-XOF8019,DINR-20260626
9819,1,103.820,1111,IUM26,B,25-Jun-2026,11:42:40,103.82,SGX,XOF8019,XOF8019,IUM26
9816,26,103.820,1111,IUM26,S,25-Jun-2026,11:44:20,103.82,SGX,XOF8016,XOF8016,IUM26
9816,3,103.820,1111,IUM26,S,25-Jun-2026,11:44:36,103.82,SGX,XOF8016,XOF8016,IUM26
9813,3,-0.360,1111,IUM26-IUN26,S,26-Jun-2026,11:44:36,-0.36,SGX,XOF8013,XOF8013,IUM26-IUN26
9813,3,103.820,1111,IUM26,B,25-Jun-2026,11:44:36,103.82,SGX,XOF8013,XOF8013,IUM26
9813,3,103.460,1111,IUN26,S,29-Jul-2026,11:44:36,103.46,SGX,XOF8013,XOF8013,IUN26
9813,1,-0.360,1111,IUM26-IUN26,S,26-Jun-2026,11:44:36,-0.36,SGX,XOF8013,XOF8013,IUM26-IUN26
9813,1,103.820,1111,IUM26,B,25-Jun-2026,11:44:36,103.82,SGX,XOF8013,XOF8013,IUM26
9813,1,103.460,1111,IUN26,S,29-Jul-2026,11:44:36,103.46,SGX,XOF8013,XOF8013,IUN26
9816,29,103.830,1111,IUM26,S,25-Jun-2026,11:44:43,103.83,SGX,XOF8016,XOF8016,IUM26
9816,3,104.190,1111,IUK26,B,26-May-2026,11:45:11,104.19,SGX,XOF8016,XOF8016,IUK26
9812,1,-0.360,1111,IUK26-IUM26,S,26-May-2026,11:45:12,-0.36,SGX,XOF8012,XOF8012,IUK26-IUM26
9812,1,104.190,1111,IUK26,B,26-May-2026,11:45:12,104.19,SGX,XOF8012,XOF8012,IUK26
9812,1,103.830,1111,IUM26,S,25-Jun-2026,11:45:12,103.83,SGX,XOF8012,XOF8012,IUM26
9819,5,103.83,1111,DINR,B,25-Jun-2026,11:46:21,103.82,DGCX,S-XOF8019,S-XOF8019,DINR-20260626
9819,4,103.830,1111,IUM26,S,25-Jun-2026,11:46:34,103.83,SGX,XOF8019,XOF8019,IUM26
9819,1,103.830,1111,IUM26,S,25-Jun-2026,11:46:34,103.83,SGX,XOF8019,XOF8019,IUM26
9817,5,103.83,1111,DINR,B,25-Jun-2026,11:46:56,103.83,DGCX,S-XOF8017,S-XOF8017,DINR-20260626
9817,5,103.830,1111,IUM26,S,25-Jun-2026,11:46:56,103.83,SGX,XOF8017,XOF8017,IUM26
9816,19,104.190,1111,IUK26,B,26-May-2026,11:47:29,104.19,SGX,XOF8016,XOF8016,IUK26
9816,3,104.190,1111,IUK26,B,26-May-2026,11:47:29,104.19,SGX,XOF8016,XOF8016,IUK26
9816,3,104.190,1111,IUK26,B,26-May-2026,11:47:30,104.19,SGX,XOF8016,XOF8016,IUK26
9816,1,104.190,1111,IUK26,B,26-May-2026,11:47:31,104.19,SGX,XOF8016,XOF8016,IUK26
9812,1,-0.360,1111,IUK26-IUM26,S,26-May-2026,11:47:50,-0.36,SGX,XOF8012,XOF8012,IUK26-IUM26
9812,1,104.190,1111,IUK26,B,26-May-2026,11:47:50,104.19,SGX,XOF8012,XOF8012,IUK26
9812,1,103.830,1111,IUM26,S,25-Jun-2026,11:47:50,103.83,SGX,XOF8012,XOF8012,IUM26
9812,3,-0.360,1111,IUK26-IUM26,S,26-May-2026,11:47:50,-0.36,SGX,XOF8012,XOF8012,IUK26-IUM26
9812,3,104.190,1111,IUK26,B,26-May-2026,11:47:50,104.19,SGX,XOF8012,XOF8012,IUK26
9812,3,103.830,1111,IUM26,S,25-Jun-2026,11:47:50,103.83,SGX,XOF8012,XOF8012,IUM26
9816,7,103.830,1111,IUM26,S,25-Jun-2026,11:47:51,103.83,SGX,XOF8016,XOF8016,IUM26
9816,13,103.830,1111,IUM26,S,25-Jun-2026,11:47:51,103.83,SGX,XOF8016,XOF8016,IUM26
9816,9,103.830,1111,IUM26,S,25-Jun-2026,11:47:51,103.83,SGX,XOF8016,XOF8016,IUM26
9812,5,103.830,1111,IUM26,S,25-Jun-2026,11:48:10,103.83,SGX,XOF8012,XOF8012,IUM26
9812,5,103.83,1111,DINR,B,25-Jun-2026,11:48:11,103.83,DGCX,S-XOF8012,S-XOF8012,DINR-20260626
9819,5,103.83,1111,DINR,B,25-Jun-2026,11:48:18,103.83,DGCX,S-XOF8019,S-XOF8019,DINR-20260626
9819,5,103.830,1111,IUM26,S,25-Jun-2026,11:48:19,103.83,SGX,XOF8019,XOF8019,IUM26
9816,2,104.190,1111,IUK26,B,26-May-2026,11:49:10,104.19,SGX,XOF8016,XOF8016,IUK26
9816,27,104.190,1111,IUK26,B,26-May-2026,11:49:10,104.19,SGX,XOF8016,XOF8016,IUK26
9000,50,-0.00148,1111,BRLM26-BRLN26,B,29-May-2026,11:49:10,-0.00148,SGX,XOB8000,XOB8000,BRLM26-BRLN26
9000,50,0.19726,1111,BRLN26,B,30-Jun-2026,11:49:10,0,SGX,XOB8000,XOB8000,BRLN26
9000,50,0.19874,1111,BRLM26,S,29-May-2026,11:49:10,0,SGX,XOB8000,XOB8000,BRLM26
9817,2,103.83,1111,DINR,B,25-Jun-2026,11:49:10,103.83,DGCX,S-XOF8017,S-XOF8017,DINR-20260626
9819,5,103.83,1111,DINR,B,25-Jun-2026,11:49:10,103.83,DGCX,S-XOF8019,S-XOF8019,DINR-20260626
9817,2,103.830,1111,IUM26,S,25-Jun-2026,11:49:10,103.83,SGX,XOF8017,XOF8017,IUM26
9819,5,103.830,1111,IUM26,S,25-Jun-2026,11:49:10,103.83,SGX,XOF8019,XOF8019,IUM26
9000,50,-0.00148,1111,BRLM26-BRLN26,S,29-May-2026,11:49:14,-0.00148,SGX,XOB8000,XOB8000,BRLM26-BRLN26
9000,50,0.19724,1111,BRLN26,S,30-Jun-2026,11:49:14,0,SGX,XOB8000,XOB8000,BRLN26
9000,50,0.19872,1111,BRLM26,B,29-May-2026,11:49:14,0,SGX,XOB8000,XOB8000,BRLM26
9000,50,-0.00148,1111,BRLM26-BRLN26,B,29-May-2026,11:49:18,-0.00148,SGX,XOB8000,XOB8000,BRLM26-BRLN26
9000,50,0.19724,1111,BRLN26,B,30-Jun-2026,11:49:18,0,SGX,XOB8000,XOB8000,BRLN26
9000,50,0.19872,1111,BRLM26,S,29-May-2026,11:49:18,0,SGX,XOB8000,XOB8000,BRLM26
9817,2,103.83,1111,DINR,B,25-Jun-2026,11:49:19,103.83,DGCX,S-XOF8017,S-XOF8017,DINR-20260626
9819,5,103.83,1111,DINR,B,25-Jun-2026,11:49:19,103.83,DGCX,S-XOF8019,S-XOF8019,DINR-20260626
9817,2,103.830,1111,IUM26,S,25-Jun-2026,11:49:19,103.83,SGX,XOF8017,XOF8017,IUM26
9819,5,103.830,1111,IUM26,S,25-Jun-2026,11:49:19,103.83,SGX,XOF8019,XOF8019,IUM26
9000,50,-0.00148,1111,BRLM26-BRLN26,S,29-May-2026,11:49:22,-0.00148,SGX,XOB8000,XOB8000,BRLM26-BRLN26
9000,50,0.19724,1111,BRLN26,S,30-Jun-2026,11:49:22,0,SGX,XOB8000,XOB8000,BRLN26
9000,50,0.19872,1111,BRLM26,B,29-May-2026,11:49:22,0,SGX,XOB8000,XOB8000,BRLM26
9000,50,-0.00148,1111,BRLM26-BRLN26,B,29-May-2026,11:49:27,-0.00148,SGX,XOB8000,XOB8000,BRLM26-BRLN26
9000,50,0.19724,1111,BRLN26,B,30-Jun-2026,11:49:27,0,SGX,XOB8000,XOB8000,BRLN26
9000,50,0.19872,1111,BRLM26,S,29-May-2026,11:49:27,0,SGX,XOB8000,XOB8000,BRLM26
9812,5,103.830,1111,IUM26,S,25-Jun-2026,11:49:27,103.83,SGX,XOF8012,XOF8012,IUM26
9812,5,103.83,1111,DINR,B,25-Jun-2026,11:49:27,103.83,DGCX,S-XOF8012,S-XOF8012,DINR-20260626
9812,5,103.830,1111,IUM26,S,25-Jun-2026,11:49:27,103.83,SGX,XOF8012,XOF8012,IUM26
9000,50,-0.00148,1111,BRLM26-BRLN26,S,29-May-2026,11:49:29,-0.00148,SGX,XOB8000,XOB8000,BRLM26-BRLN26
9000,50,0.19724,1111,BRLN26,S,30-Jun-2026,11:49:29,0,SGX,XOB8000,XOB8000,BRLN26
9000,50,0.19872,1111,BRLM26,B,29-May-2026,11:49:29,0,SGX,XOB8000,XOB8000,BRLM26
9000,50,-0.00148,1111,BRLM26-BRLN26,B,29-May-2026,11:49:33,-0.00148,SGX,XOB8000,XOB8000,BRLM26-BRLN26
9000,50,0.19724,1111,BRLN26,B,30-Jun-2026,11:49:33,0,SGX,XOB8000,XOB8000,BRLN26
9000,50,0.19872,1111,BRLM26,S,29-May-2026,11:49:33,0,SGX,XOB8000,XOB8000,BRLM26
9000,50,-0.00148,1111,BRLM26-BRLN26,S,29-May-2026,11:49:37,-0.00148,SGX,XOB8000,XOB8000,BRLM26-BRLN26
9000,50,0.19724,1111,BRLN26,S,30-Jun-2026,11:49:37,0,SGX,XOB8000,XOB8000,BRLN26
9000,50,0.19872,1111,BRLM26,B,29-May-2026,11:49:37,0,SGX,XOB8000,XOB8000,BRLM26
9812,5,103.84,1111,DINR,B,25-Jun-2026,11:49:43,103.84,DGCX,S-XOF8012,S-XOF8012,DINR-20260626
9812,5,103.830,1111,IUM26,S,25-Jun-2026,11:50:03,103.83,SGX,XOF8012,XOF8012,IUM26
9812,5,103.83,1111,DINR,B,25-Jun-2026,11:50:03,103.83,DGCX,S-XOF8012,S-XOF8012,DINR-20260626
9816,30,104.190,1111,IUK26,B,26-May-2026,11:50:10,104.19,SGX,XOF8016,XOF8016,IUK26
9816,30,104.190,1111,IUK26,S,26-May-2026,11:50:23,104.19,SGX,XOF8016,XOF8016,IUK26
9816,3,104.180,1111,IUK26,B,26-May-2026,11:50:36,104.18,SGX,XOF8016,XOF8016,IUK26
9816,3,104.180,1111,IUK26,B,26-May-2026,11:50:37,104.19,SGX,XOF8016,XOF8016,IUK26
9816,2,104.180,1111,IUK26,B,26-May-2026,11:50:40,104.2,SGX,XOF8016,XOF8016,IUK26
9816,21,104.180,1111,IUK26,B,26-May-2026,11:50:41,104.18,SGX,XOF8016,XOF8016,IUK26
9812,7,-0.360,1111,IUK26-IUM26,S,26-May-2026,11:50:42,-0.36,SGX,XOF8012,XOF8012,IUK26-IUM26
9812,7,104.190,1111,IUK26,B,26-May-2026,11:50:42,104.18,SGX,XOF8012,XOF8012,IUK26
9812,7,103.830,1111,IUM26,S,25-Jun-2026,11:50:42,103.83,SGX,XOF8012,XOF8012,IUM26
9816,29,103.830,1111,IUM26,S,25-Jun-2026,11:50:45,103.82,SGX,XOF8016,XOF8016,IUM26
9816,12,103.840,1111,IUM26,S,25-Jun-2026,11:53:55,103.84,SGX,XOF8016,XOF8016,IUM26
9816,3,104.200,1111,IUK26,B,26-May-2026,11:54:02,104.2,SGX,XOF8016,XOF8016,IUK26
9816,3,104.200,1111,IUK26,B,26-May-2026,11:54:04,104.2,SGX,XOF8016,XOF8016,IUK26
9816,3,104.200,1111,IUK26,B,26-May-2026,11:54:04,104.2,SGX,XOF8016,XOF8016,IUK26
9816,3,104.200,1111,IUK26,B,26-May-2026,11:54:05,104.2,SGX,XOF8016,XOF8016,IUK26
9816,2,104.190,1111,IUK26,B,26-May-2026,11:55:54,104.19,SGX,XOF8016,XOF8016,IUK26
9816,3,104.190,1111,IUK26,B,26-May-2026,11:55:54,104.19,SGX,XOF8016,XOF8016,IUK26
9816,3,104.190,1111,IUK26,B,26-May-2026,11:55:56,104.19,SGX,XOF8016,XOF8016,IUK26
9816,3,104.190,1111,IUK26,B,26-May-2026,11:55:58,104.19,SGX,XOF8016,XOF8016,IUK26
9816,3,104.190,1111,IUK26,B,26-May-2026,11:55:58,104.19,SGX,XOF8016,XOF8016,IUK26
9816,30,103.830,1111,IUM26,S,25-Jun-2026,11:55:58,103.83,SGX,XOF8016,XOF8016,IUM26
9816,3,104.190,1111,IUK26,B,26-May-2026,11:56:00,104.19,SGX,XOF8016,XOF8016,IUK26
9816,3,104.190,1111,IUK26,B,26-May-2026,11:56:00,104.19,SGX,XOF8016,XOF8016,IUK26
9816,3,104.190,1111,IUK26,B,26-May-2026,11:56:02,104.19,SGX,XOF8016,XOF8016,IUK26
9816,3,104.190,1111,IUK26,B,26-May-2026,11:56:02,104.19,SGX,XOF8016,XOF8016,IUK26
9816,3,104.190,1111,IUK26,B,26-May-2026,11:56:04,104.19,SGX,XOF8016,XOF8016,IUK26
9816,1,104.190,1111,IUK26,B,26-May-2026,11:56:04,104.19,SGX,XOF8016,XOF8016,IUK26
9816,5,103.840,1111,IUM26,S,25-Jun-2026,11:57:33,103.84,SGX,XOF8016,XOF8016,IUM26
9816,5,104.200,1111,IUK26,B,26-May-2026,11:57:48,104.2,SGX,XOF8016,XOF8016,IUK26
9816,6,104.200,1111,IUK26,B,26-May-2026,12:00:03,104.19,SGX,XOF8016,XOF8016,IUK26
9816,6,104.200,1111,IUK26,S,26-May-2026,12:00:23,104.19,SGX,XOF8016,XOF8016,IUK26
9816,6,103.840,1111,IUM26,S,25-Jun-2026,12:01:03,103.84,SGX,XOF8016,XOF8016,IUM26
9816,3,104.200,1111,IUK26,B,26-May-2026,12:01:06,104.2,SGX,XOF8016,XOF8016,IUK26
9816,3,104.200,1111,IUK26,B,26-May-2026,12:01:08,104.2,SGX,XOF8016,XOF8016,IUK26
9816,3,104.200,1111,IUK26,B,26-May-2026,12:04:38,104.2,SGX,XOF8016,XOF8016,IUK26
9816,3,104.200,1111,IUK26,B,26-May-2026,12:04:40,104.2,SGX,XOF8016,XOF8016,IUK26
9816,3,104.200,1111,IUK26,B,26-May-2026,12:04:40,104.2,SGX,XOF8016,XOF8016,IUK26
9816,1,104.200,1111,IUK26,B,26-May-2026,12:04:42,104.19,SGX,XOF8016,XOF8016,IUK26
9816,3,104.200,1111,IUK26,B,26-May-2026,12:04:42,104.19,SGX,XOF8016,XOF8016,IUK26
9816,3,104.200,1111,IUK26,B,26-May-2026,12:04:42,104.19,SGX,XOF8016,XOF8016,IUK26
9816,12,104.200,1111,IUK26,S,26-May-2026,12:04:56,104.19,SGX,XOF8016,XOF8016,IUK26
9816,4,104.200,1111,IUK26,S,26-May-2026,12:04:56,104.19,SGX,XOF8016,XOF8016,IUK26
9816,16,-0.370,1111,IUK26-IUM26,B,26-May-2026,12:06:46,-0.37,SGX,XOF8016,XOF8016,IUK26-IUM26
9816,16,104.230,1111,IUK26,S,26-May-2026,12:06:46,104.22,SGX,XOF8016,XOF8016,IUK26
9816,16,103.860,1111,IUM26,B,25-Jun-2026,12:06:46,103.86,SGX,XOF8016,XOF8016,IUM26
9816,20,-0.370,1111,IUK26-IUM26,B,26-May-2026,12:06:46,-0.37,SGX,XOF8016,XOF8016,IUK26-IUM26
9816,20,104.230,1111,IUK26,S,26-May-2026,12:06:46,104.22,SGX,XOF8016,XOF8016,IUK26
9816,20,103.860,1111,IUM26,B,25-Jun-2026,12:06:46,103.86,SGX,XOF8016,XOF8016,IUM26
9816,1,104.200,1111,IUK26,B,26-May-2026,12:07:36,104.2,SGX,XOF8016,XOF8016,IUK26
9816,3,104.200,1111,IUK26,B,26-May-2026,12:07:36,104.2,SGX,XOF8016,XOF8016,IUK26
9816,3,104.200,1111,IUK26,B,26-May-2026,12:07:38,104.2,SGX,XOF8016,XOF8016,IUK26
9816,3,104.200,1111,IUK26,B,26-May-2026,12:07:38,104.2,SGX,XOF8016,XOF8016,IUK26
9816,3,104.200,1111,IUK26,B,26-May-2026,12:07:40,104.21,SGX,XOF8016,XOF8016,IUK26
9816,3,104.200,1111,IUK26,B,26-May-2026,12:07:40,104.21,SGX,XOF8016,XOF8016,IUK26
9816,16,103.840,1111,IUM26,S,25-Jun-2026,12:07:44,103.84,SGX,XOF8016,XOF8016,IUM26
9816,14,103.840,1111,IUM26,S,25-Jun-2026,12:10:26,103.83,SGX,XOF8016,XOF8016,IUM26
9816,1,103.840,1111,IUM26,S,25-Jun-2026,12:10:26,103.83,SGX,XOF8016,XOF8016,IUM26
9816,1,103.840,1111,IUM26,S,25-Jun-2026,12:10:26,103.83,SGX,XOF8016,XOF8016,IUM26
9816,1,103.840,1111,IUM26,S,25-Jun-2026,12:10:26,103.83,SGX,XOF8016,XOF8016,IUM26
9816,1,103.840,1111,IUM26,S,25-Jun-2026,12:10:26,103.83,SGX,XOF8016,XOF8016,IUM26
9816,2,103.840,1111,IUM26,S,25-Jun-2026,12:10:26,103.83,SGX,XOF8016,XOF8016,IUM26
9816,1,103.830,1111,IUM26,S,25-Jun-2026,12:10:40,103.84,SGX,XOF8016,XOF8016,IUM26
9816,1,103.830,1111,IUM26,S,25-Jun-2026,12:10:40,103.84,SGX,XOF8016,XOF8016,IUM26
9816,8,103.830,1111,IUM26,S,25-Jun-2026,12:10:40,103.84,SGX,XOF8016,XOF8016,IUM26
9812,3,-0.360,1111,IUK26-IUM26,S,26-May-2026,12:10:59,-0.36,SGX,XOF8012,XOF8012,IUK26-IUM26
9812,3,104.200,1111,IUK26,B,26-May-2026,12:10:59,104.2,SGX,XOF8012,XOF8012,IUK26
9812,3,103.840,1111,IUM26,S,25-Jun-2026,12:10:59,103.84,SGX,XOF8012,XOF8012,IUM26
9812,10,-0.360,1111,IUK26-IUM26,S,26-May-2026,12:11:00,-0.36,SGX,XOF8012,XOF8012,IUK26-IUM26
9812,10,104.200,1111,IUK26,B,26-May-2026,12:11:00,104.2,SGX,XOF8012,XOF8012,IUK26
9812,10,103.840,1111,IUM26,S,25-Jun-2026,12:11:00,103.84,SGX,XOF8012,XOF8012,IUM26
9812,27,-0.360,1111,IUK26-IUM26,S,26-May-2026,12:11:00,-0.36,SGX,XOF8012,XOF8012,IUK26-IUM26
9812,27,104.200,1111,IUK26,B,26-May-2026,12:11:00,104.2,SGX,XOF8012,XOF8012,IUK26
9812,27,103.840,1111,IUM26,S,25-Jun-2026,12:11:00,103.84,SGX,XOF8012,XOF8012,IUM26
9812,50,-0.360,1111,IUK26-IUM26,S,26-May-2026,12:11:00,-0.36,SGX,XOF8012,XOF8012,IUK26-IUM26
9812,50,104.200,1111,IUK26,B,26-May-2026,12:11:00,104.2,SGX,XOF8012,XOF8012,IUK26
9812,50,103.840,1111,IUM26,S,25-Jun-2026,12:11:00,103.84,SGX,XOF8012,XOF8012,IUM26
9812,3,-0.360,1111,IUK26-IUM26,S,26-May-2026,12:11:00,-0.36,SGX,XOF8012,XOF8012,IUK26-IUM26
9812,3,104.200,1111,IUK26,B,26-May-2026,12:11:00,104.2,SGX,XOF8012,XOF8012,IUK26
9812,3,103.840,1111,IUM26,S,25-Jun-2026,12:11:00,103.84,SGX,XOF8012,XOF8012,IUM26
9812,6,-0.360,1111,IUK26-IUM26,S,26-May-2026,12:11:00,-0.36,SGX,XOF8012,XOF8012,IUK26-IUM26
9812,6,104.200,1111,IUK26,B,26-May-2026,12:11:00,104.2,SGX,XOF8012,XOF8012,IUK26
9812,6,103.840,1111,IUM26,S,25-Jun-2026,12:11:00,103.84,SGX,XOF8012,XOF8012,IUM26
9812,21,-0.360,1111,IUK26-IUM26,S,26-May-2026,12:11:00,-0.36,SGX,XOF8012,XOF8012,IUK26-IUM26
9812,21,104.200,1111,IUK26,B,26-May-2026,12:11:00,104.2,SGX,XOF8012,XOF8012,IUK26
9812,21,103.840,1111,IUM26,S,25-Jun-2026,12:11:00,103.84,SGX,XOF8012,XOF8012,IUM26
9816,1,104.200,1111,IUK26,B,26-May-2026,12:11:48,104.2,SGX,XOF8016,XOF8016,IUK26
9816,3,104.200,1111,IUK26,B,26-May-2026,12:11:50,104.2,SGX,XOF8016,XOF8016,IUK26
9816,3,104.200,1111,IUK26,B,26-May-2026,12:11:50,104.2,SGX,XOF8016,XOF8016,IUK26
9816,3,104.200,1111,IUK26,B,26-May-2026,12:11:52,104.2,SGX,XOF8016,XOF8016,IUK26
9816,3,104.200,1111,IUK26,B,26-May-2026,12:11:52,104.2,SGX,XOF8016,XOF8016,IUK26
9816,3,104.200,1111,IUK26,B,26-May-2026,12:11:54,104.2,SGX,XOF8016,XOF8016,IUK26
9816,3,104.200,1111,IUK26,B,26-May-2026,12:11:54,104.2,SGX,XOF8016,XOF8016,IUK26
9816,3,104.200,1111,IUK26,B,26-May-2026,12:11:56,104.2,SGX,XOF8016,XOF8016,IUK26
9816,3,104.200,1111,IUK26,B,26-May-2026,12:11:56,104.2,SGX,XOF8016,XOF8016,IUK26
9816,3,104.200,1111,IUK26,B,26-May-2026,12:11:58,104.2,SGX,XOF8016,XOF8016,IUK26
9816,2,104.200,1111,IUK26,B,26-May-2026,12:11:59,104.2,SGX,XOF8016,XOF8016,IUK26
9816,10,-0.360,1111,IUK26-IUM26,B,26-May-2026,12:12:18,-0.36,SGX,XOF8016,XOF8016,IUK26-IUM26
9816,10,104.210,1111,IUK26,S,26-May-2026,12:12:18,104.2,SGX,XOF8016,XOF8016,IUK26
9816,10,103.850,1111,IUM26,B,25-Jun-2026,12:12:18,103.84,SGX,XOF8016,XOF8016,IUM26
9816,200,-0.360,1111,IUK26-IUM26,B,26-May-2026,12:12:25,-0.36,SGX,XOF8016,XOF8016,IUK26-IUM26
9816,200,104.210,1111,IUK26,S,26-May-2026,12:12:25,104.2,SGX,XOF8016,XOF8016,IUK26
9816,200,103.850,1111,IUM26,B,25-Jun-2026,12:12:25,103.84,SGX,XOF8016,XOF8016,IUM26
9816,64,-0.360,1111,IUK26-IUM26,B,26-May-2026,12:12:34,-0.36,SGX,XOF8016,XOF8016,IUK26-IUM26
9816,64,104.210,1111,IUK26,S,26-May-2026,12:12:34,104.19,SGX,XOF8016,XOF8016,IUK26
9816,64,103.850,1111,IUM26,B,25-Jun-2026,12:12:34,103.84,SGX,XOF8016,XOF8016,IUM26
9816,36,-0.360,1111,IUK26-IUM26,B,26-May-2026,12:12:45,-0.36,SGX,XOF8016,XOF8016,IUK26-IUM26
9816,36,103.840,1111,IUM26,B,25-Jun-2026,12:12:45,103.84,SGX,XOF8016,XOF8016,IUM26
9816,36,104.200,1111,IUK26,S,26-May-2026,12:12:45,104.2,SGX,XOF8016,XOF8016,IUK26
9816,3,104.200,1111,IUK26,B,26-May-2026,12:14:20,104.22,SGX,XOF8016,XOF8016,IUK26
9816,3,104.200,1111,IUK26,B,26-May-2026,12:14:23,104.2,SGX,XOF8016,XOF8016,IUK26
9816,3,104.200,1111,IUK26,B,26-May-2026,12:14:24,104.21,SGX,XOF8016,XOF8016,IUK26
9816,9,103.850,1111,IUM26,S,25-Jun-2026,12:14:32,103.85,SGX,XOF8016,XOF8016,IUM26
9816,30,103.850,1111,IUM26,S,25-Jun-2026,12:14:47,103.85,SGX,XOF8016,XOF8016,IUM26
9816,2,104.210,1111,IUK26,B,26-May-2026,12:16:02,104.21,SGX,XOF8016,XOF8016,IUK26
9816,3,104.210,1111,IUK26,B,26-May-2026,12:16:04,104.21,SGX,XOF8016,XOF8016,IUK26
9816,3,104.210,1111,IUK26,B,26-May-2026,12:16:04,104.21,SGX,XOF8016,XOF8016,IUK26
9816,3,104.210,1111,IUK26,B,26-May-2026,12:16:06,104.21,SGX,XOF8016,XOF8016,IUK26
9816,3,104.210,1111,IUK26,B,26-May-2026,12:16:06,104.21,SGX,XOF8016,XOF8016,IUK26
9816,3,104.210,1111,IUK26,B,26-May-2026,12:16:08,104.21,SGX,XOF8016,XOF8016,IUK26
9816,3,104.210,1111,IUK26,B,26-May-2026,12:16:08,104.21,SGX,XOF8016,XOF8016,IUK26
9816,3,104.210,1111,IUK26,B,26-May-2026,12:16:10,104.21,SGX,XOF8016,XOF8016,IUK26
9816,3,104.210,1111,IUK26,B,26-May-2026,12:16:10,104.21,SGX,XOF8016,XOF8016,IUK26
9816,3,104.210,1111,IUK26,B,26-May-2026,12:16:12,104.21,SGX,XOF8016,XOF8016,IUK26
9816,1,104.210,1111,IUK26,B,26-May-2026,12:16:13,104.21,SGX,XOF8016,XOF8016,IUK26
9816,17,103.850,1111,IUM26,S,25-Jun-2026,12:16:19,103.85,SGX,XOF8016,XOF8016,IUM26
9816,13,103.850,1111,IUM26,S,25-Jun-2026,12:16:19,103.85,SGX,XOF8016,XOF8016,IUM26
9816,1,104.210,1111,IUK26,B,26-May-2026,12:16:42,104.21,SGX,XOF8016,XOF8016,IUK26
9816,3,104.210,1111,IUK26,B,26-May-2026,12:16:44,104.21,SGX,XOF8016,XOF8016,IUK26
9816,3,104.210,1111,IUK26,B,26-May-2026,12:16:44,104.21,SGX,XOF8016,XOF8016,IUK26
9816,3,104.210,1111,IUK26,B,26-May-2026,12:16:46,104.21,SGX,XOF8016,XOF8016,IUK26
9816,3,104.210,1111,IUK26,B,26-May-2026,12:16:46,104.21,SGX,XOF8016,XOF8016,IUK26
9816,3,104.210,1111,IUK26,B,26-May-2026,12:16:48,104.21,SGX,XOF8016,XOF8016,IUK26
9816,3,104.210,1111,IUK26,B,26-May-2026,12:16:50,104.21,SGX,XOF8016,XOF8016,IUK26
9816,3,104.210,1111,IUK26,B,26-May-2026,12:16:50,104.21,SGX,XOF8016,XOF8016,IUK26
9816,3,104.210,1111,IUK26,B,26-May-2026,12:16:52,104.21,SGX,XOF8016,XOF8016,IUK26
9816,3,104.210,1111,IUK26,B,26-May-2026,12:16:52,104.21,SGX,XOF8016,XOF8016,IUK26
9816,2,104.210,1111,IUK26,B,26-May-2026,12:16:53,104.21,SGX,XOF8016,XOF8016,IUK26
9816,11,103.850,1111,IUM26,S,25-Jun-2026,12:17:40,103.85,SGX,XOF8016,XOF8016,IUM26
9816,18,103.850,1111,IUM26,S,25-Jun-2026,12:17:40,103.85,SGX,XOF8016,XOF8016,IUM26
9816,2,103.850,1111,IUM26,S,25-Jun-2026,12:17:40,103.85,SGX,XOF8016,XOF8016,IUM26
9816,2,104.210,1111,IUK26,B,26-May-2026,12:17:42,104.21,SGX,XOF8016,XOF8016,IUK26
9816,3,104.210,1111,IUK26,B,26-May-2026,12:17:42,104.21,SGX,XOF8016,XOF8016,IUK26
9816,3,104.210,1111,IUK26,B,26-May-2026,12:17:44,104.21,SGX,XOF8016,XOF8016,IUK26
9816,3,104.210,1111,IUK26,B,26-May-2026,12:17:44,104.21,SGX,XOF8016,XOF8016,IUK26
9816,3,104.210,1111,IUK26,B,26-May-2026,12:17:46,104.21,SGX,XOF8016,XOF8016,IUK26
9816,3,104.210,1111,IUK26,B,26-May-2026,12:17:46,104.21,SGX,XOF8016,XOF8016,IUK26
9816,3,104.210,1111,IUK26,B,26-May-2026,12:17:48,104.21,SGX,XOF8016,XOF8016,IUK26
9816,3,104.210,1111,IUK26,B,26-May-2026,12:17:50,104.21,SGX,XOF8016,XOF8016,IUK26
9816,3,104.210,1111,IUK26,B,26-May-2026,12:17:50,104.21,SGX,XOF8016,XOF8016,IUK26
9816,3,104.210,1111,IUK26,B,26-May-2026,12:17:52,104.21,SGX,XOF8016,XOF8016,IUK26
9816,2,104.210,1111,IUK26,B,26-May-2026,12:17:52,104.21,SGX,XOF8016,XOF8016,IUK26
9816,1,104.210,1111,IUK26,S,26-May-2026,12:19:00,104.21,SGX,XOF8016,XOF8016,IUK26
9816,20,104.210,1111,IUK26,S,26-May-2026,12:19:00,104.21,SGX,XOF8016,XOF8016,IUK26
9816,3,104.220,1111,IUK26,B,26-May-2026,12:20:12,104.23,SGX,XOF8016,XOF8016,IUK26
9816,3,104.220,1111,IUK26,B,26-May-2026,12:20:14,104.23,SGX,XOF8016,XOF8016,IUK26
9816,3,104.220,1111,IUK26,B,26-May-2026,12:20:16,104.22,SGX,XOF8016,XOF8016,IUK26
9816,3,104.220,1111,IUK26,B,26-May-2026,12:20:16,104.22,SGX,XOF8016,XOF8016,IUK26
9816,3,104.220,1111,IUK26,B,26-May-2026,12:20:18,104.22,SGX,XOF8016,XOF8016,IUK26
9816,3,104.220,1111,IUK26,B,26-May-2026,12:20:18,104.22,SGX,XOF8016,XOF8016,IUK26
9816,3,104.220,1111,IUK26,B,26-May-2026,12:20:19,104.21,SGX,XOF8016,XOF8016,IUK26
9816,3,104.210,1111,IUK26,B,26-May-2026,12:20:28,104.21,SGX,XOF8016,XOF8016,IUK26
9816,3,104.210,1111,IUK26,B,26-May-2026,12:20:30,104.21,SGX,XOF8016,XOF8016,IUK26
9816,1,104.210,1111,IUK26,B,26-May-2026,12:20:30,104.21,SGX,XOF8016,XOF8016,IUK26
9816,3,104.210,1111,IUK26,B,26-May-2026,12:20:30,104.21,SGX,XOF8016,XOF8016,IUK26
9816,3,104.210,1111,IUK26,B,26-May-2026,12:20:32,104.21,SGX,XOF8016,XOF8016,IUK26
9816,3,104.210,1111,IUK26,B,26-May-2026,12:20:32,104.21,SGX,XOF8016,XOF8016,IUK26
9816,3,104.210,1111,IUK26,B,26-May-2026,12:20:34,104.2,SGX,XOF8016,XOF8016,IUK26
9816,2,104.210,1111,IUK26,B,26-May-2026,12:20:34,104.2,SGX,XOF8016,XOF8016,IUK26
9816,1,104.200,1111,IUK26,B,26-May-2026,12:20:34,104.2,SGX,XOF8016,XOF8016,IUK26
9816,3,104.200,1111,IUK26,B,26-May-2026,12:20:36,104.2,SGX,XOF8016,XOF8016,IUK26
9816,3,104.200,1111,IUK26,B,26-May-2026,12:20:36,104.2,SGX,XOF8016,XOF8016,IUK26
9816,3,104.200,1111,IUK26,B,26-May-2026,12:20:38,104.2,SGX,XOF8016,XOF8016,IUK26
9816,3,104.200,1111,IUK26,B,26-May-2026,12:20:40,104.2,SGX,XOF8016,XOF8016,IUK26
9816,2,104.210,1111,IUK26,S,26-May-2026,12:20:39,104.2,SGX,XOF8016,XOF8016,IUK26
9816,19,104.210,1111,IUK26,S,26-May-2026,12:20:39,104.2,SGX,XOF8016,XOF8016,IUK26
9819,5,104.23,1111,DINR,S,26-May-2026,12:20:39,104.23,DGCX,S-XOF8019,S-XOF8019,DINR-20260527
9819,5,104.23,1111,DINR,S,26-May-2026,12:20:39,104.23,DGCX,S-XOF8019,S-XOF8019,DINR-20260527
9819,5,104.210,1111,IUK26,B,26-May-2026,12:20:39,104.2,SGX,XOF8019,XOF8019,IUK26
9819,5,104.210,1111,IUK26,B,26-May-2026,12:20:39,104.2,SGX,XOF8019,XOF8019,IUK26
9819,5,104.23,1111,DINR,S,26-May-2026,12:20:39,104.23,DGCX,S-XOF8019,S-XOF8019,DINR-20260527
9818,5,104.23,1111,DINR,S,26-May-2026,12:20:39,104.23,DGCX,S-XOF8018,S-XOF8018,DINR-20260527
9818,5,104.23,1111,DINR,S,26-May-2026,12:20:39,104.23,DGCX,S-XOF8018,S-XOF8018,DINR-20260527
9819,5,104.210,1111,IUK26,B,26-May-2026,12:20:39,104.2,SGX,XOF8019,XOF8019,IUK26
9818,1,104.23,1111,DINR,S,26-May-2026,12:20:39,104.23,DGCX,S-XOF8018,S-XOF8018,DINR-20260527
9818,5,104.210,1111,IUK26,B,26-May-2026,12:20:39,104.2,SGX,XOF8018,XOF8018,IUK26
9818,5,104.210,1111,IUK26,B,26-May-2026,12:20:39,104.2,SGX,XOF8018,XOF8018,IUK26
9818,3,104.23,1111,DINR,S,26-May-2026,12:20:39,104.23,DGCX,S-XOF8018,S-XOF8018,DINR-20260527
9818,1,104.210,1111,IUK26,B,26-May-2026,12:20:39,104.2,SGX,XOF8018,XOF8018,IUK26
9818,3,104.210,1111,IUK26,B,26-May-2026,12:20:39,104.2,SGX,XOF8018,XOF8018,IUK26
9816,2,104.210,1111,IUK26,S,26-May-2026,12:20:40,104.2,SGX,XOF8016,XOF8016,IUK26
9816,3,104.200,1111,IUK26,B,26-May-2026,12:20:40,104.2,SGX,XOF8016,XOF8016,IUK26
9816,1,104.210,1111,IUK26,S,26-May-2026,12:20:41,104.2,SGX,XOF8016,XOF8016,IUK26
9816,3,104.200,1111,IUK26,B,26-May-2026,12:20:42,104.2,SGX,XOF8016,XOF8016,IUK26
9816,2,104.200,1111,IUK26,B,26-May-2026,12:20:42,104.2,SGX,XOF8016,XOF8016,IUK26
9812,3,104.200,1111,IUK26,B,26-May-2026,12:20:56,104.2,SGX,XOF8012,XOF8012,IUK26
9812,3,104.20,1111,DINR,S,26-May-2026,12:20:56,104.2,DGCX,S-XOF8012,S-XOF8012,DINR-20260527
9812,2,104.200,1111,IUK26,B,26-May-2026,12:20:57,104.2,SGX,XOF8012,XOF8012,IUK26
9812,5,104.200,1111,IUK26,B,26-May-2026,12:20:57,104.2,SGX,XOF8012,XOF8012,IUK26
9812,2,104.20,1111,DINR,S,26-May-2026,12:20:57,104.2,DGCX,S-XOF8012,S-XOF8012,DINR-20260527
9812,5,104.20,1111,DINR,S,26-May-2026,12:20:57,104.2,DGCX,S-XOF8012,S-XOF8012,DINR-20260527
9816,10,104.210,1111,IUK26,S,26-May-2026,12:20:58,104.2,SGX,XOF8016,XOF8016,IUK26
9812,3,104.200,1111,IUK26,B,26-May-2026,12:20:58,104.2,SGX,XOF8012,XOF8012,IUK26
9812,2,104.200,1111,IUK26,B,26-May-2026,12:20:58,104.2,SGX,XOF8012,XOF8012,IUK26
9812,3,104.20,1111,DINR,S,26-May-2026,12:20:58,104.2,DGCX,S-XOF8012,S-XOF8012,DINR-20260527
9812,2,104.20,1111,DINR,S,26-May-2026,12:20:58,104.2,DGCX,S-XOF8012,S-XOF8012,DINR-20260527
9812,1,104.200,1111,IUK26,B,26-May-2026,12:20:58,104.2,SGX,XOF8012,XOF8012,IUK26
9812,4,104.200,1111,IUK26,B,26-May-2026,12:20:58,104.2,SGX,XOF8012,XOF8012,IUK26
9812,1,104.20,1111,DINR,S,26-May-2026,12:20:59,104.2,DGCX,S-XOF8012,S-XOF8012,DINR-20260527
9812,4,104.20,1111,DINR,S,26-May-2026,12:20:59,104.2,DGCX,S-XOF8012,S-XOF8012,DINR-20260527
9816,6,104.210,1111,IUK26,S,26-May-2026,12:21:03,104.2,SGX,XOF8016,XOF8016,IUK26
9816,2,104.210,1111,IUK26,S,26-May-2026,12:21:03,104.2,SGX,XOF8016,XOF8016,IUK26
9812,5,-0.360,1111,IUK26-IUM26,S,26-May-2026,12:21:21,-0.36,SGX,XOF8012,XOF8012,IUK26-IUM26
9812,5,104.210,1111,IUK26,B,26-May-2026,12:21:21,104.2,SGX,XOF8012,XOF8012,IUK26
9812,5,103.850,1111,IUM26,S,25-Jun-2026,12:21:21,103.85,SGX,XOF8012,XOF8012,IUM26
9812,5,-0.360,1111,IUK26-IUM26,S,26-May-2026,12:21:22,-0.36,SGX,XOF8012,XOF8012,IUK26-IUM26
9812,5,103.850,1111,IUM26,S,25-Jun-2026,12:21:22,103.85,SGX,XOF8012,XOF8012,IUM26
9812,5,104.210,1111,IUK26,B,26-May-2026,12:21:22,104.2,SGX,XOF8012,XOF8012,IUK26
9812,5,-0.360,1111,IUK26-IUM26,S,26-May-2026,12:21:22,-0.36,SGX,XOF8012,XOF8012,IUK26-IUM26
9812,5,103.850,1111,IUM26,S,25-Jun-2026,12:21:22,103.85,SGX,XOF8012,XOF8012,IUM26
9812,5,104.210,1111,IUK26,B,26-May-2026,12:21:22,104.2,SGX,XOF8012,XOF8012,IUK26
9812,5,-0.360,1111,IUK26-IUM26,S,26-May-2026,12:21:22,-0.36,SGX,XOF8012,XOF8012,IUK26-IUM26
9812,5,103.850,1111,IUM26,S,25-Jun-2026,12:21:22,103.85,SGX,XOF8012,XOF8012,IUM26
9812,5,104.210,1111,IUK26,B,26-May-2026,12:21:22,104.2,SGX,XOF8012,XOF8012,IUK26
9812,5,-0.360,1111,IUK26-IUM26,S,26-May-2026,12:21:22,-0.36,SGX,XOF8012,XOF8012,IUK26-IUM26
9812,5,103.850,1111,IUM26,S,25-Jun-2026,12:21:22,103.85,SGX,XOF8012,XOF8012,IUM26
9812,5,104.210,1111,IUK26,B,26-May-2026,12:21:22,104.2,SGX,XOF8012,XOF8012,IUK26
9812,5,-0.360,1111,IUK26-IUM26,S,26-May-2026,12:21:44,-0.36,SGX,XOF8012,XOF8012,IUK26-IUM26
9812,5,104.210,1111,IUK26,B,26-May-2026,12:21:44,104.2,SGX,XOF8012,XOF8012,IUK26
9812,5,103.850,1111,IUM26,S,25-Jun-2026,12:21:44,103.85,SGX,XOF8012,XOF8012,IUM26
9812,5,-0.360,1111,IUK26-IUM26,S,26-May-2026,12:21:44,-0.36,SGX,XOF8012,XOF8012,IUK26-IUM26
9812,5,104.210,1111,IUK26,B,26-May-2026,12:21:44,104.2,SGX,XOF8012,XOF8012,IUK26
9812,5,103.850,1111,IUM26,S,25-Jun-2026,12:21:44,103.85,SGX,XOF8012,XOF8012,IUM26
9812,5,-0.360,1111,IUK26-IUM26,S,26-May-2026,12:21:44,-0.36,SGX,XOF8012,XOF8012,IUK26-IUM26
9812,5,104.210,1111,IUK26,B,26-May-2026,12:21:44,104.2,SGX,XOF8012,XOF8012,IUK26
9812,5,103.850,1111,IUM26,S,25-Jun-2026,12:21:44,103.85,SGX,XOF8012,XOF8012,IUM26
9812,5,-0.360,1111,IUK26-IUM26,S,26-May-2026,12:21:44,-0.36,SGX,XOF8012,XOF8012,IUK26-IUM26
9812,5,104.210,1111,IUK26,B,26-May-2026,12:21:44,104.2,SGX,XOF8012,XOF8012,IUK26
9812,5,103.850,1111,IUM26,S,25-Jun-2026,12:21:44,103.85,SGX,XOF8012,XOF8012,IUM26
9812,5,-0.360,1111,IUK26-IUM26,S,26-May-2026,12:21:45,-0.36,SGX,XOF8012,XOF8012,IUK26-IUM26
9812,5,104.210,1111,IUK26,B,26-May-2026,12:21:45,104.2,SGX,XOF8012,XOF8012,IUK26
9812,5,103.850,1111,IUM26,S,25-Jun-2026,12:21:45,103.85,SGX,XOF8012,XOF8012,IUM26
9812,5,-0.360,1111,IUK26-IUM26,S,26-May-2026,12:21:45,-0.36,SGX,XOF8012,XOF8012,IUK26-IUM26
9812,5,104.210,1111,IUK26,B,26-May-2026,12:21:45,104.2,SGX,XOF8012,XOF8012,IUK26
9812,5,103.850,1111,IUM26,S,25-Jun-2026,12:21:45,103.85,SGX,XOF8012,XOF8012,IUM26
9812,5,-0.360,1111,IUK26-IUM26,S,26-May-2026,12:21:45,-0.36,SGX,XOF8012,XOF8012,IUK26-IUM26
9812,5,104.210,1111,IUK26,B,26-May-2026,12:21:45,104.2,SGX,XOF8012,XOF8012,IUK26
9812,5,103.850,1111,IUM26,S,25-Jun-2026,12:21:45,103.85,SGX,XOF8012,XOF8012,IUM26
9812,2,104.190,1111,IUK26,B,26-May-2026,12:22:31,104.19,SGX,XOF8012,XOF8012,IUK26
9812,2,104.190,1111,IUK26,B,26-May-2026,12:22:31,104.19,SGX,XOF8012,XOF8012,IUK26
9812,2,104.20,1111,DINR,S,26-May-2026,12:22:31,104.19,DGCX,S-XOF8012,S-XOF8012,DINR-20260527
9812,2,104.19,1111,DINR,S,26-May-2026,12:22:31,104.19,DGCX,S-XOF8012,S-XOF8012,DINR-20260527
9816,11,104.190,1111,IUK26,B,26-May-2026,12:24:02,104.19,SGX,XOF8016,XOF8016,IUK26
9816,17,103.840,1111,IUM26,S,25-Jun-2026,12:24:02,103.84,SGX,XOF8016,XOF8016,IUM26
9816,13,103.840,1111,IUM26,S,25-Jun-2026,12:24:02,103.84,SGX,XOF8016,XOF8016,IUM26
9816,3,104.190,1111,IUK26,B,26-May-2026,12:24:02,104.19,SGX,XOF8016,XOF8016,IUK26
9816,3,104.190,1111,IUK26,B,26-May-2026,12:24:04,104.19,SGX,XOF8016,XOF8016,IUK26
9816,3,104.190,1111,IUK26,B,26-May-2026,12:24:06,104.19,SGX,XOF8016,XOF8016,IUK26
9816,3,104.190,1111,IUK26,B,26-May-2026,12:24:06,104.19,SGX,XOF8016,XOF8016,IUK26
9816,3,104.190,1111,IUK26,B,26-May-2026,12:24:08,104.19,SGX,XOF8016,XOF8016,IUK26
9816,3,104.190,1111,IUK26,B,26-May-2026,12:24:08,104.19,SGX,XOF8016,XOF8016,IUK26
9816,1,104.190,1111,IUK26,B,26-May-2026,12:24:09,104.19,SGX,XOF8016,XOF8016,IUK26
9812,2,104.180,1111,IUK26,B,26-May-2026,12:24:18,104.18,SGX,XOF8012,XOF8012,IUK26
9812,2,104.180,1111,IUK26,B,26-May-2026,12:24:18,104.18,SGX,XOF8012,XOF8012,IUK26
9812,2,104.19,1111,DINR,S,26-May-2026,12:24:18,104.19,DGCX,S-XOF8012,S-XOF8012,DINR-20260527
9812,1,104.180,1111,IUK26,B,26-May-2026,12:24:18,104.18,SGX,XOF8012,XOF8012,IUK26
9812,2,104.19,1111,DINR,S,26-May-2026,12:24:18,104.19,DGCX,S-XOF8012,S-XOF8012,DINR-20260527
9812,1,104.19,1111,DINR,S,26-May-2026,12:24:18,104.19,DGCX,S-XOF8012,S-XOF8012,DINR-20260527
9816,2,104.180,1111,IUK26,B,26-May-2026,12:24:38,104.18,SGX,XOF8016,XOF8016,IUK26
9816,3,104.180,1111,IUK26,B,26-May-2026,12:24:40,104.18,SGX,XOF8016,XOF8016,IUK26
9816,3,104.180,1111,IUK26,B,26-May-2026,12:24:42,104.18,SGX,XOF8016,XOF8016,IUK26
9816,3,104.180,1111,IUK26,B,26-May-2026,12:24:42,104.18,SGX,XOF8016,XOF8016,IUK26
9816,3,104.180,1111,IUK26,B,26-May-2026,12:24:45,104.18,SGX,XOF8016,XOF8016,IUK26
9816,3,104.180,1111,IUK26,B,26-May-2026,12:24:45,104.18,SGX,XOF8016,XOF8016,IUK26
9816,3,104.180,1111,IUK26,B,26-May-2026,12:24:45,104.18,SGX,XOF8016,XOF8016,IUK26
9816,3,104.180,1111,IUK26,B,26-May-2026,12:24:46,104.18,SGX,XOF8016,XOF8016,IUK26
9816,3,104.180,1111,IUK26,B,26-May-2026,12:24:48,104.18,SGX,XOF8016,XOF8016,IUK26
9816,3,104.180,1111,IUK26,B,26-May-2026,12:24:48,104.18,SGX,XOF8016,XOF8016,IUK26
9816,1,104.180,1111,IUK26,B,26-May-2026,12:24:49,104.18,SGX,XOF8016,XOF8016,IUK26
9816,30,104.180,1111,IUK26,S,26-May-2026,12:24:56,104.18,SGX,XOF8016,XOF8016,IUK26
9816,3,104.180,1111,IUK26,B,26-May-2026,12:26:39,104.17,SGX,XOF8016,XOF8016,IUK26
9816,3,104.180,1111,IUK26,B,26-May-2026,12:26:41,104.18,SGX,XOF8016,XOF8016,IUK26
9816,3,104.180,1111,IUK26,B,26-May-2026,12:26:42,104.17,SGX,XOF8016,XOF8016,IUK26
9816,21,104.180,1111,IUK26,B,26-May-2026,12:26:42,104.17,SGX,XOF8016,XOF8016,IUK26
9812,3,104.170,1111,IUK26,B,26-May-2026,12:27:32,104.17,SGX,XOF8012,XOF8012,IUK26
9812,2,104.170,1111,IUK26,B,26-May-2026,12:27:32,104.17,SGX,XOF8012,XOF8012,IUK26
9812,3,104.18,1111,DINR,S,26-May-2026,12:27:32,104.18,DGCX,S-XOF8012,S-XOF8012,DINR-20260527
9812,2,104.18,1111,DINR,S,26-May-2026,12:27:32,104.18,DGCX,S-XOF8012,S-XOF8012,DINR-20260527
9816,15,104.180,1111,IUK26,S,26-May-2026,12:27:39,104.17,SGX,XOF8016,XOF8016,IUK26
9816,15,104.180,1111,IUK26,S,26-May-2026,12:27:39,104.17,SGX,XOF8016,XOF8016,IUK26
9812,3,104.170,1111,IUK26,B,26-May-2026,12:27:45,104.17,SGX,XOF8012,XOF8012,IUK26
9812,2,104.170,1111,IUK26,B,26-May-2026,12:27:45,104.17,SGX,XOF8012,XOF8012,IUK26
9812,3,104.18,1111,DINR,S,26-May-2026,12:27:45,104.18,DGCX,S-XOF8012,S-XOF8012,DINR-20260527
9812,2,104.18,1111,DINR,S,26-May-2026,12:27:45,104.18,DGCX,S-XOF8012,S-XOF8012,DINR-20260527
9812,1,104.170,1111,IUK26,B,26-May-2026,12:27:50,104.17,SGX,XOF8012,XOF8012,IUK26
9812,1,104.170,1111,IUK26,B,26-May-2026,12:27:50,104.17,SGX,XOF8012,XOF8012,IUK26
9812,1,104.18,1111,DINR,S,26-May-2026,12:27:49,104.18,DGCX,S-XOF8012,S-XOF8012,DINR-20260527
9812,1,104.170,1111,IUK26,B,26-May-2026,12:27:50,104.17,SGX,XOF8012,XOF8012,IUK26
9812,1,104.18,1111,DINR,S,26-May-2026,12:27:49,104.18,DGCX,S-XOF8012,S-XOF8012,DINR-20260527
9812,1,104.170,1111,IUK26,B,26-May-2026,12:27:50,104.17,SGX,XOF8012,XOF8012,IUK26
9812,1,104.18,1111,DINR,S,26-May-2026,12:27:49,104.18,DGCX,S-XOF8012,S-XOF8012,DINR-20260527
9812,1,104.170,1111,IUK26,B,26-May-2026,12:27:50,104.17,SGX,XOF8012,XOF8012,IUK26
9812,1,104.18,1111,DINR,S,26-May-2026,12:27:49,104.18,DGCX,S-XOF8012,S-XOF8012,DINR-20260527
9812,1,104.18,1111,DINR,S,26-May-2026,12:27:50,104.18,DGCX,S-XOF8012,S-XOF8012,DINR-20260527
9812,3,104.170,1111,IUK26,B,26-May-2026,12:27:54,104.17,SGX,XOF8012,XOF8012,IUK26
9812,2,104.170,1111,IUK26,B,26-May-2026,12:27:54,104.17,SGX,XOF8012,XOF8012,IUK26
9812,3,104.18,1111,DINR,S,26-May-2026,12:27:54,104.18,DGCX,S-XOF8012,S-XOF8012,DINR-20260527
9812,2,104.18,1111,DINR,S,26-May-2026,12:27:54,104.18,DGCX,S-XOF8012,S-XOF8012,DINR-20260527
9812,3,104.170,1111,IUK26,B,26-May-2026,12:28:05,104.17,SGX,XOF8012,XOF8012,IUK26
9812,2,104.170,1111,IUK26,B,26-May-2026,12:28:05,104.17,SGX,XOF8012,XOF8012,IUK26
9812,3,104.18,1111,DINR,S,26-May-2026,12:28:04,104.18,DGCX,S-XOF8012,S-XOF8012,DINR-20260527
9812,2,104.18,1111,DINR,S,26-May-2026,12:28:05,104.18,DGCX,S-XOF8012,S-XOF8012,DINR-20260527
9812,3,104.170,1111,IUK26,B,26-May-2026,12:28:11,104.17,SGX,XOF8012,XOF8012,IUK26
9812,2,104.170,1111,IUK26,B,26-May-2026,12:28:11,104.17,SGX,XOF8012,XOF8012,IUK26
9812,3,104.18,1111,DINR,S,26-May-2026,12:28:11,104.18,DGCX,S-XOF8012,S-XOF8012,DINR-20260527
9812,2,104.18,1111,DINR,S,26-May-2026,12:28:11,104.18,DGCX,S-XOF8012,S-XOF8012,DINR-20260527
9816,10,103.810,1111,IUM26,S,25-Jun-2026,12:28:32,103.81,SGX,XOF8016,XOF8016,IUM26
9816,18,103.810,1111,IUM26,S,25-Jun-2026,12:28:32,103.81,SGX,XOF8016,XOF8016,IUM26
9816,2,103.810,1111,IUM26,S,25-Jun-2026,12:28:32,103.81,SGX,XOF8016,XOF8016,IUM26
9816,1,103.830,1111,IUM26,S,25-Jun-2026,12:30:26,103.83,SGX,XOF8016,XOF8016,IUM26
9816,1,103.830,1111,IUM26,S,25-Jun-2026,12:30:31,103.83,SGX,XOF8016,XOF8016,IUM26
9816,12,103.830,1111,IUM26,S,25-Jun-2026,12:30:42,103.83,SGX,XOF8016,XOF8016,IUM26
9816,4,103.830,1111,IUM26,S,25-Jun-2026,12:30:42,103.83,SGX,XOF8016,XOF8016,IUM26
9816,9,104.180,1111,IUK26,B,26-May-2026,12:30:57,104.18,SGX,XOF8016,XOF8016,IUK26
9816,10,104.180,1111,IUK26,B,26-May-2026,12:30:57,104.18,SGX,XOF8016,XOF8016,IUK26
9816,10,104.180,1111,IUK26,B,26-May-2026,12:30:57,104.18,SGX,XOF8016,XOF8016,IUK26
9816,1,104.180,1111,IUK26,B,26-May-2026,12:30:57,104.18,SGX,XOF8016,XOF8016,IUK26
9816,12,103.830,1111,IUM26,S,25-Jun-2026,12:31:09,103.83,SGX,XOF8016,XOF8016,IUM26
9812,5,104.190,1111,IUK26,S,26-May-2026,12:31:09,104.19,SGX,XOF8012,XOF8012,IUK26
9812,5,104.19,1111,DINR,B,26-May-2026,12:31:09,104.19,DGCX,S-XOF8012,S-XOF8012,DINR-20260527
9812,1,104.190,1111,IUK26,S,26-May-2026,12:31:09,104.19,SGX,XOF8012,XOF8012,IUK26
9812,1,104.19,1111,DINR,B,26-May-2026,12:31:09,104.19,DGCX,S-XOF8012,S-XOF8012,DINR-20260527
9812,1,104.190,1111,IUK26,S,26-May-2026,12:31:09,104.19,SGX,XOF8012,XOF8012,IUK26
9812,1,104.19,1111,DINR,B,26-May-2026,12:31:09,104.19,DGCX,S-XOF8012,S-XOF8012,DINR-20260527
9812,3,104.190,1111,IUK26,S,26-May-2026,12:31:14,104.19,SGX,XOF8012,XOF8012,IUK26
9812,5,104.190,1111,IUK26,S,26-May-2026,12:31:14,104.19,SGX,XOF8012,XOF8012,IUK26
9812,1,104.19,1111,DINR,B,26-May-2026,12:31:14,104.19,DGCX,S-XOF8012,S-XOF8012,DINR-20260527
9812,1,104.19,1111,DINR,B,26-May-2026,12:31:14,104.19,DGCX,S-XOF8012,S-XOF8012,DINR-20260527
9812,1,104.19,1111,DINR,B,26-May-2026,12:31:14,104.19,DGCX,S-XOF8012,S-XOF8012,DINR-20260527
9812,5,104.19,1111,DINR,B,26-May-2026,12:31:14,104.19,DGCX,S-XOF8012,S-XOF8012,DINR-20260527
9812,5,104.190,1111,IUK26,S,26-May-2026,12:31:20,104.19,SGX,XOF8012,XOF8012,IUK26
9812,5,104.19,1111,DINR,B,26-May-2026,12:31:20,104.19,DGCX,S-XOF8012,S-XOF8012,DINR-20260527
9816,2,104.180,1111,IUK26,B,26-May-2026,12:31:57,104.18,SGX,XOF8016,XOF8016,IUK26
9812,5,104.190,1111,IUK26,S,26-May-2026,12:32:00,104.19,SGX,XOF8012,XOF8012,IUK26
9812,1,104.19,1111,DINR,B,26-May-2026,12:32:00,104.19,DGCX,S-XOF8012,S-XOF8012,DINR-20260527
9812,4,104.19,1111,DINR,B,26-May-2026,12:32:00,104.19,DGCX,S-XOF8012,S-XOF8012,DINR-20260527
9812,5,104.190,1111,IUK26,S,26-May-2026,12:32:00,104.19,SGX,XOF8012,XOF8012,IUK26
9812,5,104.19,1111,DINR,B,26-May-2026,12:32:00,104.19,DGCX,S-XOF8012,S-XOF8012,DINR-20260527
9816,3,104.180,1111,IUK26,B,26-May-2026,12:32:40,104.18,SGX,XOF8016,XOF8016,IUK26
9816,3,104.180,1111,IUK26,B,26-May-2026,12:32:49,104.18,SGX,XOF8016,XOF8016,IUK26
9816,22,104.180,1111,IUK26,B,26-May-2026,12:33:15,104.18,SGX,XOF8016,XOF8016,IUK26
9812,60,-0.360,1111,IUK26-IUM26,B,26-May-2026,12:33:39,-0.36,SGX,XOF8012,XOF8012,IUK26-IUM26
9812,60,104.180,1111,IUK26,S,26-May-2026,12:33:39,104.18,SGX,XOF8012,XOF8012,IUK26
9812,60,103.820,1111,IUM26,B,25-Jun-2026,12:33:39,103.83,SGX,XOF8012,XOF8012,IUM26
9816,200,-0.360,1111,IUK26-IUM26,B,26-May-2026,12:33:39,-0.36,SGX,XOF8016,XOF8016,IUK26-IUM26
9816,200,104.180,1111,IUK26,S,26-May-2026,12:33:39,104.18,SGX,XOF8016,XOF8016,IUK26
9816,200,103.820,1111,IUM26,B,25-Jun-2026,12:33:39,103.83,SGX,XOF8016,XOF8016,IUM26
9816,200,-0.360,1111,IUK26-IUM26,B,26-May-2026,12:33:39,-0.36,SGX,XOF8016,XOF8016,IUK26-IUM26
9816,200,104.180,1111,IUK26,S,26-May-2026,12:33:39,104.18,SGX,XOF8016,XOF8016,IUK26
9816,200,103.820,1111,IUM26,B,25-Jun-2026,12:33:39,103.83,SGX,XOF8016,XOF8016,IUM26
9816,20,-0.360,1111,IUK26-IUM26,S,26-May-2026,12:33:44,-0.36,SGX,XOF8016,XOF8016,IUK26-IUM26
9816,20,104.180,1111,IUK26,B,26-May-2026,12:33:44,104.18,SGX,XOF8016,XOF8016,IUK26
9816,20,103.820,1111,IUM26,S,25-Jun-2026,12:33:44,103.83,SGX,XOF8016,XOF8016,IUM26
9816,32,-0.360,1111,IUK26-IUM26,S,26-May-2026,12:33:44,-0.36,SGX,XOF8016,XOF8016,IUK26-IUM26
9816,32,104.180,1111,IUK26,B,26-May-2026,12:33:44,104.18,SGX,XOF8016,XOF8016,IUK26
9816,32,103.820,1111,IUM26,S,25-Jun-2026,12:33:44,103.83,SGX,XOF8016,XOF8016,IUM26
9816,21,103.810,1111,IUM26,S,25-Jun-2026,12:34:31,103.81,SGX,XOF8016,XOF8016,IUM26
9816,9,103.810,1111,IUM26,S,25-Jun-2026,12:34:31,103.81,SGX,XOF8016,XOF8016,IUM26
9812,1,104.190,1111,IUK26,S,26-May-2026,12:35:21,104.19,SGX,XOF8012,XOF8012,IUK26
9812,1,104.19,1111,DINR,B,26-May-2026,12:35:21,104.19,DGCX,S-XOF8012,S-XOF8012,DINR-20260527
9812,1,104.190,1111,IUK26,S,26-May-2026,12:35:30,104.19,SGX,XOF8012,XOF8012,IUK26
9812,1,104.19,1111,DINR,B,26-May-2026,12:35:30,104.19,DGCX,S-XOF8012,S-XOF8012,DINR-20260527
9812,2,104.190,1111,IUK26,S,26-May-2026,12:35:34,104.19,SGX,XOF8012,XOF8012,IUK26
9812,2,104.19,1111,DINR,B,26-May-2026,12:35:34,104.19,DGCX,S-XOF8012,S-XOF8012,DINR-20260527
9812,1,104.190,1111,IUK26,S,26-May-2026,12:35:38,104.19,SGX,XOF8012,XOF8012,IUK26
9812,1,104.19,1111,DINR,B,26-May-2026,12:35:38,104.2,DGCX,S-XOF8012,S-XOF8012,DINR-20260527
9812,5,104.190,1111,IUK26,S,26-May-2026,12:35:39,104.19,SGX,XOF8012,XOF8012,IUK26
9812,4,104.19,1111,DINR,B,26-May-2026,12:35:39,104.2,DGCX,S-XOF8012,S-XOF8012,DINR-20260527
9812,1,104.20,1111,DINR,B,26-May-2026,12:35:39,104.2,DGCX,S-XOF8012,S-XOF8012,DINR-20260527
9812,5,104.190,1111,IUK26,S,26-May-2026,12:35:39,104.19,SGX,XOF8012,XOF8012,IUK26
9812,5,104.20,1111,DINR,B,26-May-2026,12:35:49,104.2,DGCX,S-XOF8012,S-XOF8012,DINR-20260527
9812,5,104.200,1111,IUK26,S,26-May-2026,12:37:06,104.2,SGX,XOF8012,XOF8012,IUK26
9812,5,104.21,1111,DINR,B,26-May-2026,12:37:06,104.21,DGCX,S-XOF8012,S-XOF8012,DINR-20260527
9816,5,104.190,1111,IUK26,B,26-May-2026,12:37:06,104.2,SGX,XOF8016,XOF8016,IUK26
9816,13,104.200,1111,IUK26,B,26-May-2026,12:38:47,104.2,SGX,XOF8016,XOF8016,IUK26
9816,12,104.200,1111,IUK26,B,26-May-2026,12:38:47,104.2,SGX,XOF8016,XOF8016,IUK26
9816,14,104.190,1111,IUK26,B,26-May-2026,12:39:07,104.19,SGX,XOF8016,XOF8016,IUK26
9816,11,104.190,1111,IUK26,B,26-May-2026,12:39:07,104.19,SGX,XOF8016,XOF8016,IUK26
9816,30,104.180,1111,IUK26,B,26-May-2026,12:39:58,104.18,SGX,XOF8016,XOF8016,IUK26
9816,5,-0.360,1111,IUK26-IUM26,S,26-May-2026,12:40:08,-0.36,SGX,XOF8016,XOF8016,IUK26-IUM26
9816,5,104.180,1111,IUK26,B,26-May-2026,12:40:08,104.18,SGX,XOF8016,XOF8016,IUK26
9816,5,103.820,1111,IUM26,S,25-Jun-2026,12:40:08,103.82,SGX,XOF8016,XOF8016,IUM26
9816,4,104.190,1111,IUK26,S,26-May-2026,12:41:48,104.19,SGX,XOF8016,XOF8016,IUK26
9816,2,104.190,1111,IUK26,S,26-May-2026,12:41:50,104.19,SGX,XOF8016,XOF8016,IUK26
9816,2,104.190,1111,IUK26,S,26-May-2026,12:42:00,104.19,SGX,XOF8016,XOF8016,IUK26
9816,4,104.190,1111,IUK26,S,26-May-2026,12:42:10,104.19,SGX,XOF8016,XOF8016,IUK26
9816,18,104.190,1111,IUK26,S,26-May-2026,12:42:16,104.19,SGX,XOF8016,XOF8016,IUK26
9816,1,104.190,1111,IUK26,S,26-May-2026,12:43:39,104.19,SGX,XOF8016,XOF8016,IUK26
9816,1,104.190,1111,IUK26,S,26-May-2026,12:43:40,104.19,SGX,XOF8016,XOF8016,IUK26
9816,1,104.190,1111,IUK26,S,26-May-2026,12:43:45,104.19,SGX,XOF8016,XOF8016,IUK26
9816,5,104.190,1111,IUK26,S,26-May-2026,12:44:21,104.19,SGX,XOF8016,XOF8016,IUK26
9816,1,104.190,1111,IUK26,S,26-May-2026,12:44:22,104.18,SGX,XOF8016,XOF8016,IUK26
9816,9,-0.360,1111,IUK26-IUM26,S,26-May-2026,12:44:24,-0.36,SGX,XOF8016,XOF8016,IUK26-IUM26
9816,9,104.180,1111,IUK26,B,26-May-2026,12:44:24,104.18,SGX,XOF8016,XOF8016,IUK26
9816,9,103.820,1111,IUM26,S,25-Jun-2026,12:44:24,103.83,SGX,XOF8016,XOF8016,IUM26
9816,3,-0.360,1111,IUK26-IUM26,S,26-May-2026,12:44:24,-0.36,SGX,XOF8016,XOF8016,IUK26-IUM26
9816,3,104.180,1111,IUK26,B,26-May-2026,12:44:24,104.18,SGX,XOF8016,XOF8016,IUK26
9816,3,103.820,1111,IUM26,S,25-Jun-2026,12:44:24,103.83,SGX,XOF8016,XOF8016,IUM26
9816,1,104.190,1111,IUK26,S,26-May-2026,12:44:29,104.2,SGX,XOF8016,XOF8016,IUK26
9816,15,104.190,1111,IUK26,S,26-May-2026,12:44:29,104.2,SGX,XOF8016,XOF8016,IUK26
9816,11,104.210,1111,IUK26,B,26-May-2026,12:45:51,104.21,SGX,XOF8016,XOF8016,IUK26
9816,200,-0.360,1111,IUK26-IUM26,S,26-May-2026,12:45:55,-0.36,SGX,XOF8016,XOF8016,IUK26-IUM26
9816,200,104.210,1111,IUK26,B,26-May-2026,12:45:55,104.21,SGX,XOF8016,XOF8016,IUK26
9816,200,103.850,1111,IUM26,S,25-Jun-2026,12:45:55,103.85,SGX,XOF8016,XOF8016,IUM26
9813,100,-0.360,1111,IUK26-IUM26,S,26-May-2026,12:45:55,-0.36,SGX,XOF8013,XOF8013,IUK26-IUM26
9813,100,104.210,1111,IUK26,B,26-May-2026,12:45:55,104.21,SGX,XOF8013,XOF8013,IUK26
9813,100,103.850,1111,IUM26,S,25-Jun-2026,12:45:55,103.85,SGX,XOF8013,XOF8013,IUM26
9816,2,104.210,1111,IUK26,S,26-May-2026,12:47:02,104.21,SGX,XOF8016,XOF8016,IUK26
9816,9,104.210,1111,IUK26,S,26-May-2026,12:47:02,104.21,SGX,XOF8016,XOF8016,IUK26
9816,4,104.210,1111,IUK26,B,26-May-2026,12:48:38,104.21,SGX,XOF8016,XOF8016,IUK26
9816,5,104.210,1111,IUK26,B,26-May-2026,12:48:46,104.21,SGX,XOF8016,XOF8016,IUK26
9816,1,104.210,1111,IUK26,B,26-May-2026,12:48:46,104.21,SGX,XOF8016,XOF8016,IUK26
9816,1,104.210,1111,IUK26,B,26-May-2026,12:48:46,104.21,SGX,XOF8016,XOF8016,IUK26
9816,5,103.860,1111,IUM26,S,25-Jun-2026,12:48:55,103.86,SGX,XOF8016,XOF8016,IUM26
9816,4,103.860,1111,IUM26,S,25-Jun-2026,12:49:12,103.86,SGX,XOF8016,XOF8016,IUM26
9816,1,103.860,1111,IUM26,S,25-Jun-2026,12:49:15,103.86,SGX,XOF8016,XOF8016,IUM26
9816,1,103.860,1111,IUM26,S,25-Jun-2026,12:49:15,103.86,SGX,XOF8016,XOF8016,IUM26
9812,5,103.900,1111,IUM26,S,25-Jun-2026,12:56:35,103.88,SGX,XOF8012,XOF8012,IUM26
9812,5,103.90,1111,DINR,B,25-Jun-2026,12:56:35,103.9,DGCX,S-XOF8012,S-XOF8012,DINR-20260626
9812,5,103.900,1111,IUM26,S,25-Jun-2026,12:56:36,103.89,SGX,XOF8012,XOF8012,IUM26
9812,3,103.90,1111,DINR,B,25-Jun-2026,12:56:36,103.91,DGCX,S-XOF8012,S-XOF8012,DINR-20260626
9812,2,103.91,1111,DINR,B,25-Jun-2026,12:56:36,103.91,DGCX,S-XOF8012,S-XOF8012,DINR-20260626
9812,5,103.900,1111,IUM26,S,25-Jun-2026,12:56:36,103.89,SGX,XOF8012,XOF8012,IUM26
9812,5,103.91,1111,DINR,B,25-Jun-2026,12:56:36,103.91,DGCX,S-XOF8012,S-XOF8012,DINR-20260626
9817,5,103.91,1111,DINR,S,25-Jun-2026,12:56:36,103.91,DGCX,S-XOF8017,S-XOF8017,DINR-20260626
9817,5,103.890,1111,IUM26,B,25-Jun-2026,12:56:37,103.89,SGX,XOF8017,XOF8017,IUM26
9816,21,-0.350,1111,IUK26-IUM26,S,26-May-2026,12:56:49,-0.35,SGX,XOF8016,XOF8016,IUK26-IUM26
9816,21,104.250,1111,IUK26,B,26-May-2026,12:56:49,104.25,SGX,XOF8016,XOF8016,IUK26
9816,21,103.900,1111,IUM26,S,25-Jun-2026,12:56:49,103.9,SGX,XOF8016,XOF8016,IUM26
9816,22,-0.350,1111,IUK26-IUM26,S,26-May-2026,12:56:49,-0.35,SGX,XOF8016,XOF8016,IUK26-IUM26
9816,22,104.250,1111,IUK26,B,26-May-2026,12:56:49,104.25,SGX,XOF8016,XOF8016,IUK26
9816,22,103.900,1111,IUM26,S,25-Jun-2026,12:56:49,103.9,SGX,XOF8016,XOF8016,IUM26
9816,5,-0.350,1111,IUK26-IUM26,S,26-May-2026,12:56:49,-0.35,SGX,XOF8016,XOF8016,IUK26-IUM26
9816,5,104.250,1111,IUK26,B,26-May-2026,12:56:49,104.25,SGX,XOF8016,XOF8016,IUK26
9816,5,103.900,1111,IUM26,S,25-Jun-2026,12:56:49,103.9,SGX,XOF8016,XOF8016,IUM26
9816,45,-0.350,1111,IUK26-IUM26,S,26-May-2026,12:56:49,-0.35,SGX,XOF8016,XOF8016,IUK26-IUM26
9816,45,104.250,1111,IUK26,B,26-May-2026,12:56:49,104.25,SGX,XOF8016,XOF8016,IUK26
9816,45,103.900,1111,IUM26,S,25-Jun-2026,12:56:49,103.9,SGX,XOF8016,XOF8016,IUM26
9812,5,103.910,1111,IUM26,S,25-Jun-2026,12:56:50,103.91,SGX,XOF8012,XOF8012,IUM26
9812,5,103.91,1111,DINR,B,25-Jun-2026,12:56:50,103.91,DGCX,S-XOF8012,S-XOF8012,DINR-20260626
9816,36,-0.350,1111,IUK26-IUM26,S,26-May-2026,12:56:51,-0.35,SGX,XOF8016,XOF8016,IUK26-IUM26
9816,36,104.260,1111,IUK26,B,26-May-2026,12:56:51,104.26,SGX,XOF8016,XOF8016,IUK26
9816,36,103.910,1111,IUM26,S,25-Jun-2026,12:56:51,103.91,SGX,XOF8016,XOF8016,IUM26
9816,6,-0.350,1111,IUK26-IUM26,S,26-May-2026,12:56:51,-0.35,SGX,XOF8016,XOF8016,IUK26-IUM26
9816,6,104.250,1111,IUK26,B,26-May-2026,12:56:51,104.26,SGX,XOF8016,XOF8016,IUK26
9816,6,103.900,1111,IUM26,S,25-Jun-2026,12:56:51,103.91,SGX,XOF8016,XOF8016,IUM26
9816,45,-0.350,1111,IUK26-IUM26,S,26-May-2026,12:56:51,-0.35,SGX,XOF8016,XOF8016,IUK26-IUM26
9816,45,104.260,1111,IUK26,B,26-May-2026,12:56:51,104.26,SGX,XOF8016,XOF8016,IUK26
9816,45,103.910,1111,IUM26,S,25-Jun-2026,12:56:51,103.91,SGX,XOF8016,XOF8016,IUM26
9816,20,-0.350,1111,IUK26-IUM26,S,26-May-2026,12:56:52,-0.35,SGX,XOF8016,XOF8016,IUK26-IUM26
9816,20,104.260,1111,IUK26,B,26-May-2026,12:56:52,104.25,SGX,XOF8016,XOF8016,IUK26
9816,20,103.910,1111,IUM26,S,25-Jun-2026,12:56:52,103.91,SGX,XOF8016,XOF8016,IUM26
9812,5,103.910,1111,IUM26,S,25-Jun-2026,12:56:52,103.91,SGX,XOF8012,XOF8012,IUM26
9819,1,-0.350,1111,IUK26-IUM26,S,26-May-2026,12:56:53,-0.35,SGX,XOF8019,XOF8019,IUK26-IUM26
9819,1,104.260,1111,IUK26,B,26-May-2026,12:56:53,104.25,SGX,XOF8019,XOF8019,IUK26
9819,1,103.910,1111,IUM26,S,25-Jun-2026,12:56:53,103.91,SGX,XOF8019,XOF8019,IUM26
9812,5,103.91,1111,DINR,B,25-Jun-2026,12:56:52,103.91,DGCX,S-XOF8012,S-XOF8012,DINR-20260626
9819,45,-0.350,1111,IUK26-IUM26,S,26-May-2026,12:56:53,-0.35,SGX,XOF8019,XOF8019,IUK26-IUM26
9819,45,104.260,1111,IUK26,B,26-May-2026,12:56:53,104.25,SGX,XOF8019,XOF8019,IUK26
9819,45,103.910,1111,IUM26,S,25-Jun-2026,12:56:53,103.91,SGX,XOF8019,XOF8019,IUM26
9819,12,-0.350,1111,IUK26-IUM26,S,26-May-2026,12:56:53,-0.35,SGX,XOF8019,XOF8019,IUK26-IUM26
9819,12,104.250,1111,IUK26,B,26-May-2026,12:56:53,104.25,SGX,XOF8019,XOF8019,IUK26
9819,12,103.900,1111,IUM26,S,25-Jun-2026,12:56:53,103.91,SGX,XOF8019,XOF8019,IUM26
9819,5,-0.350,1111,IUK26-IUM26,S,26-May-2026,12:56:53,-0.35,SGX,XOF8019,XOF8019,IUK26-IUM26
9819,5,104.250,1111,IUK26,B,26-May-2026,12:56:53,104.25,SGX,XOF8019,XOF8019,IUK26
9819,5,103.900,1111,IUM26,S,25-Jun-2026,12:56:53,103.91,SGX,XOF8019,XOF8019,IUM26
9812,3,103.910,1111,IUM26,S,25-Jun-2026,12:56:53,103.91,SGX,XOF8012,XOF8012,IUM26
9812,5,104.240,1111,IUK26,B,26-May-2026,12:56:53,104.25,SGX,XOF8012,XOF8012,IUK26
9819,5,-0.350,1111,IUK26-IUM26,S,26-May-2026,12:56:53,-0.35,SGX,XOF8019,XOF8019,IUK26-IUM26
9819,5,104.240,1111,IUK26,B,26-May-2026,12:56:53,104.25,SGX,XOF8019,XOF8019,IUK26
9819,5,103.890,1111,IUM26,S,25-Jun-2026,12:56:53,103.91,SGX,XOF8019,XOF8019,IUM26
9812,3,103.91,1111,DINR,B,25-Jun-2026,12:56:53,103.91,DGCX,S-XOF8012,S-XOF8012,DINR-20260626
9812,1,104.25,1111,DINR,S,26-May-2026,12:56:53,104.25,DGCX,S-XOF8012,S-XOF8012,DINR-20260527
9819,19,-0.350,1111,IUK26-IUM26,S,26-May-2026,12:56:55,-0.35,SGX,XOF8019,XOF8019,IUK26-IUM26
9819,19,104.250,1111,IUK26,B,26-May-2026,12:56:55,104.25,SGX,XOF8019,XOF8019,IUK26
9819,19,103.900,1111,IUM26,S,25-Jun-2026,12:56:55,103.9,SGX,XOF8019,XOF8019,IUM26
9819,45,-0.350,1111,IUK26-IUM26,S,26-May-2026,12:56:55,-0.35,SGX,XOF8019,XOF8019,IUK26-IUM26
9819,45,104.250,1111,IUK26,B,26-May-2026,12:56:55,104.25,SGX,XOF8019,XOF8019,IUK26
9819,45,103.900,1111,IUM26,S,25-Jun-2026,12:56:55,103.9,SGX,XOF8019,XOF8019,IUM26
9819,45,-0.350,1111,IUK26-IUM26,S,26-May-2026,12:56:57,-0.35,SGX,XOF8019,XOF8019,IUK26-IUM26
9819,45,104.250,1111,IUK26,B,26-May-2026,12:56:57,104.25,SGX,XOF8019,XOF8019,IUK26
9819,45,103.900,1111,IUM26,S,25-Jun-2026,12:56:57,103.9,SGX,XOF8019,XOF8019,IUM26
9812,5,104.250,1111,IUK26,S,26-May-2026,12:56:56,104.25,SGX,XOF8012,XOF8012,IUK26
9819,17,-0.350,1111,IUK26-IUM26,S,26-May-2026,12:56:57,-0.35,SGX,XOF8019,XOF8019,IUK26-IUM26
9819,17,104.250,1111,IUK26,B,26-May-2026,12:56:57,104.25,SGX,XOF8019,XOF8019,IUK26
9819,17,103.900,1111,IUM26,S,25-Jun-2026,12:56:57,103.9,SGX,XOF8019,XOF8019,IUM26
9812,4,104.25,1111,DINR,B,26-May-2026,12:56:56,104.25,DGCX,S-XOF8012,S-XOF8012,DINR-20260527
9812,4,104.25,1111,DINR,S,26-May-2026,12:56:56,104.25,DGCX,S-XOF8012,S-XOF8012,DINR-20260527
9819,2,-0.350,1111,IUK26-IUM26,S,26-May-2026,12:56:57,-0.35,SGX,XOF8019,XOF8019,IUK26-IUM26
9819,2,104.250,1111,IUK26,B,26-May-2026,12:56:57,104.25,SGX,XOF8019,XOF8019,IUK26
9819,2,103.900,1111,IUM26,S,25-Jun-2026,12:56:57,103.9,SGX,XOF8019,XOF8019,IUM26
9819,4,-0.350,1111,IUK26-IUM26,S,26-May-2026,12:56:57,-0.35,SGX,XOF8019,XOF8019,IUK26-IUM26
9819,4,104.250,1111,IUK26,B,26-May-2026,12:56:57,104.25,SGX,XOF8019,XOF8019,IUK26
9819,4,103.900,1111,IUM26,S,25-Jun-2026,12:56:57,103.9,SGX,XOF8019,XOF8019,IUM26
9819,14,-0.350,1111,IUK26-IUM26,S,26-May-2026,12:56:57,-0.35,SGX,XOF8019,XOF8019,IUK26-IUM26
9819,14,104.250,1111,IUK26,B,26-May-2026,12:56:57,104.25,SGX,XOF8019,XOF8019,IUK26
9819,14,103.900,1111,IUM26,S,25-Jun-2026,12:56:57,103.9,SGX,XOF8019,XOF8019,IUM26
9812,2,103.910,1111,IUM26,S,25-Jun-2026,12:56:58,103.91,SGX,XOF8012,XOF8012,IUM26
9819,16,-0.350,1111,IUK26-IUM26,S,26-May-2026,12:57:00,-0.35,SGX,XOF8019,XOF8019,IUK26-IUM26
9819,16,104.260,1111,IUK26,B,26-May-2026,12:57:00,104.25,SGX,XOF8019,XOF8019,IUK26
9819,16,103.910,1111,IUM26,S,25-Jun-2026,12:57:00,103.91,SGX,XOF8019,XOF8019,IUM26
9812,2,103.91,1111,DINR,B,25-Jun-2026,12:56:58,103.91,DGCX,S-XOF8012,S-XOF8012,DINR-20260626
9819,45,-0.350,1111,IUK26-IUM26,S,26-May-2026,12:57:00,-0.35,SGX,XOF8019,XOF8019,IUK26-IUM26
9819,45,104.260,1111,IUK26,B,26-May-2026,12:57:00,104.25,SGX,XOF8019,XOF8019,IUK26
9819,45,103.910,1111,IUM26,S,25-Jun-2026,12:57:00,103.91,SGX,XOF8019,XOF8019,IUM26
9819,17,-0.350,1111,IUK26-IUM26,S,26-May-2026,12:57:00,-0.35,SGX,XOF8019,XOF8019,IUK26-IUM26
9819,17,104.250,1111,IUK26,B,26-May-2026,12:57:00,104.25,SGX,XOF8019,XOF8019,IUK26
9819,17,103.900,1111,IUM26,S,25-Jun-2026,12:57:00,103.91,SGX,XOF8019,XOF8019,IUM26
9819,17,-0.350,1111,IUK26-IUM26,S,26-May-2026,12:57:00,-0.35,SGX,XOF8019,XOF8019,IUK26-IUM26
9819,17,104.250,1111,IUK26,B,26-May-2026,12:57:00,104.25,SGX,XOF8019,XOF8019,IUK26
9819,17,103.900,1111,IUM26,S,25-Jun-2026,12:57:00,103.91,SGX,XOF8019,XOF8019,IUM26
9819,4,-0.350,1111,IUK26-IUM26,S,26-May-2026,12:57:00,-0.35,SGX,XOF8019,XOF8019,IUK26-IUM26
9819,4,104.250,1111,IUK26,B,26-May-2026,12:57:00,104.25,SGX,XOF8019,XOF8019,IUK26
9819,4,103.900,1111,IUM26,S,25-Jun-2026,12:57:00,103.91,SGX,XOF8019,XOF8019,IUM26
9819,28,-0.350,1111,IUK26-IUM26,S,26-May-2026,12:57:00,-0.35,SGX,XOF8019,XOF8019,IUK26-IUM26
9819,28,104.260,1111,IUK26,B,26-May-2026,12:57:00,104.25,SGX,XOF8019,XOF8019,IUK26
9819,28,103.910,1111,IUM26,S,25-Jun-2026,12:57:00,103.91,SGX,XOF8019,XOF8019,IUM26
9819,25,-0.350,1111,IUK26-IUM26,S,26-May-2026,12:57:00,-0.35,SGX,XOF8019,XOF8019,IUK26-IUM26
9819,25,104.250,1111,IUK26,B,26-May-2026,12:57:00,104.25,SGX,XOF8019,XOF8019,IUK26
9819,25,103.900,1111,IUM26,S,25-Jun-2026,12:57:00,103.91,SGX,XOF8019,XOF8019,IUM26
9812,1,104.26,1111,DINR,B,26-May-2026,12:57:00,104.25,DGCX,S-XOF8012,S-XOF8012,DINR-20260527
9819,12,-0.350,1111,IUK26-IUM26,S,26-May-2026,12:57:01,-0.35,SGX,XOF8019,XOF8019,IUK26-IUM26
9819,12,104.250,1111,IUK26,B,26-May-2026,12:57:01,104.26,SGX,XOF8019,XOF8019,IUK26
9819,12,103.900,1111,IUM26,S,25-Jun-2026,12:57:01,103.91,SGX,XOF8019,XOF8019,IUM26
9819,1,-0.350,1111,IUK26-IUM26,S,26-May-2026,12:57:01,-0.35,SGX,XOF8019,XOF8019,IUK26-IUM26
9819,1,104.260,1111,IUK26,B,26-May-2026,12:57:01,104.26,SGX,XOF8019,XOF8019,IUK26
9819,1,103.910,1111,IUM26,S,25-Jun-2026,12:57:01,103.91,SGX,XOF8019,XOF8019,IUM26
9819,21,-0.350,1111,IUK26-IUM26,S,26-May-2026,12:57:01,-0.35,SGX,XOF8019,XOF8019,IUK26-IUM26
9819,21,104.260,1111,IUK26,B,26-May-2026,12:57:01,104.26,SGX,XOF8019,XOF8019,IUK26
9819,21,103.910,1111,IUM26,S,25-Jun-2026,12:57:01,103.91,SGX,XOF8019,XOF8019,IUM26
9814,24,-0.350,1111,IUK26-IUM26,S,26-May-2026,12:57:01,-0.35,SGX,XOF8014,XOF8014,IUK26-IUM26
9814,24,104.260,1111,IUK26,B,26-May-2026,12:57:01,104.26,SGX,XOF8014,XOF8014,IUK26
9814,24,103.910,1111,IUM26,S,25-Jun-2026,12:57:01,103.91,SGX,XOF8014,XOF8014,IUM26
9814,2,-0.350,1111,IUK26-IUM26,S,26-May-2026,12:57:01,-0.35,SGX,XOF8014,XOF8014,IUK26-IUM26
9814,2,104.260,1111,IUK26,B,26-May-2026,12:57:01,104.26,SGX,XOF8014,XOF8014,IUK26
9814,2,103.910,1111,IUM26,S,25-Jun-2026,12:57:01,103.91,SGX,XOF8014,XOF8014,IUM26
9814,43,-0.350,1111,IUK26-IUM26,S,26-May-2026,12:57:01,-0.35,SGX,XOF8014,XOF8014,IUK26-IUM26
9814,43,104.260,1111,IUK26,B,26-May-2026,12:57:01,104.26,SGX,XOF8014,XOF8014,IUK26
9814,43,103.910,1111,IUM26,S,25-Jun-2026,12:57:01,103.91,SGX,XOF8014,XOF8014,IUM26
9814,27,-0.350,1111,IUK26-IUM26,S,26-May-2026,12:57:01,-0.35,SGX,XOF8014,XOF8014,IUK26-IUM26
9814,27,104.260,1111,IUK26,B,26-May-2026,12:57:01,104.26,SGX,XOF8014,XOF8014,IUK26
9814,27,103.910,1111,IUM26,S,25-Jun-2026,12:57:01,103.91,SGX,XOF8014,XOF8014,IUM26
9814,28,-0.350,1111,IUK26-IUM26,S,26-May-2026,12:57:03,-0.35,SGX,XOF8014,XOF8014,IUK26-IUM26
9814,28,104.260,1111,IUK26,B,26-May-2026,12:57:03,104.25,SGX,XOF8014,XOF8014,IUK26
9814,28,103.910,1111,IUM26,S,25-Jun-2026,12:57:03,103.91,SGX,XOF8014,XOF8014,IUM26
9814,9,-0.350,1111,IUK26-IUM26,S,26-May-2026,12:57:03,-0.35,SGX,XOF8014,XOF8014,IUK26-IUM26
9814,9,104.260,1111,IUK26,B,26-May-2026,12:57:03,104.25,SGX,XOF8014,XOF8014,IUK26
9814,9,103.910,1111,IUM26,S,25-Jun-2026,12:57:03,103.91,SGX,XOF8014,XOF8014,IUM26
9814,45,-0.350,1111,IUK26-IUM26,S,26-May-2026,12:57:03,-0.35,SGX,XOF8014,XOF8014,IUK26-IUM26
9814,45,104.260,1111,IUK26,B,26-May-2026,12:57:03,104.25,SGX,XOF8014,XOF8014,IUK26
9814,45,103.910,1111,IUM26,S,25-Jun-2026,12:57:03,103.91,SGX,XOF8014,XOF8014,IUM26
9812,5,104.240,1111,IUK26,B,26-May-2026,12:57:03,104.25,SGX,XOF8012,XOF8012,IUK26
9814,22,-0.350,1111,IUK26-IUM26,S,26-May-2026,12:57:03,-0.35,SGX,XOF8014,XOF8014,IUK26-IUM26
9814,22,104.250,1111,IUK26,B,26-May-2026,12:57:03,104.25,SGX,XOF8014,XOF8014,IUK26
9814,22,103.900,1111,IUM26,S,25-Jun-2026,12:57:03,103.91,SGX,XOF8014,XOF8014,IUM26
9818,23,-0.350,1111,IUK26-IUM26,S,26-May-2026,12:57:03,-0.35,SGX,XOF8018,XOF8018,IUK26-IUM26
9818,23,104.250,1111,IUK26,B,26-May-2026,12:57:03,104.25,SGX,XOF8018,XOF8018,IUK26
9818,23,103.900,1111,IUM26,S,25-Jun-2026,12:57:03,103.91,SGX,XOF8018,XOF8018,IUM26
9812,1,104.24,1111,DINR,S,26-May-2026,12:57:03,104.26,DGCX,S-XOF8012,S-XOF8012,DINR-20260527
9812,4,104.24,1111,DINR,S,26-May-2026,12:57:03,104.26,DGCX,S-XOF8012,S-XOF8012,DINR-20260527
9818,4,-0.350,1111,IUK26-IUM26,S,26-May-2026,12:57:03,-0.35,SGX,XOF8018,XOF8018,IUK26-IUM26
9818,4,104.240,1111,IUK26,B,26-May-2026,12:57:03,104.25,SGX,XOF8018,XOF8018,IUK26
9818,4,103.890,1111,IUM26,S,25-Jun-2026,12:57:03,103.91,SGX,XOF8018,XOF8018,IUM26
9816,20,-0.350,1111,IUK26-IUM26,B,26-May-2026,12:57:04,-0.35,SGX,XOF8016,XOF8016,IUK26-IUM26
9816,20,104.240,1111,IUK26,S,26-May-2026,12:57:04,104.25,SGX,XOF8016,XOF8016,IUK26
9816,20,103.890,1111,IUM26,B,25-Jun-2026,12:57:04,103.91,SGX,XOF8016,XOF8016,IUM26
9816,10,-0.350,1111,IUK26-IUM26,B,26-May-2026,12:57:04,-0.35,SGX,XOF8016,XOF8016,IUK26-IUM26
9816,10,104.240,1111,IUK26,S,26-May-2026,12:57:04,104.25,SGX,XOF8016,XOF8016,IUK26
9816,10,103.890,1111,IUM26,B,25-Jun-2026,12:57:04,103.91,SGX,XOF8016,XOF8016,IUM26
9816,5,-0.350,1111,IUK26-IUM26,B,26-May-2026,12:57:04,-0.35,SGX,XOF8016,XOF8016,IUK26-IUM26
9816,5,104.240,1111,IUK26,S,26-May-2026,12:57:04,104.25,SGX,XOF8016,XOF8016,IUK26
9816,5,103.890,1111,IUM26,B,25-Jun-2026,12:57:04,103.91,SGX,XOF8016,XOF8016,IUM26
9816,165,-0.350,1111,IUK26-IUM26,B,26-May-2026,12:57:04,-0.35,SGX,XOF8016,XOF8016,IUK26-IUM26
9816,165,104.240,1111,IUK26,S,26-May-2026,12:57:04,104.25,SGX,XOF8016,XOF8016,IUK26
9816,165,103.890,1111,IUM26,B,25-Jun-2026,12:57:04,103.91,SGX,XOF8016,XOF8016,IUM26
9818,10,-0.350,1111,IUK26-IUM26,S,26-May-2026,12:57:16,-0.35,SGX,XOF8018,XOF8018,IUK26-IUM26
9818,10,104.240,1111,IUK26,B,26-May-2026,12:57:16,104.24,SGX,XOF8018,XOF8018,IUK26
9818,10,103.890,1111,IUM26,S,25-Jun-2026,12:57:16,103.89,SGX,XOF8018,XOF8018,IUM26
9818,63,-0.350,1111,IUK26-IUM26,S,26-May-2026,13:00:17,-0.35,SGX,XOF8018,XOF8018,IUK26-IUM26
9818,63,103.890,1111,IUM26,S,25-Jun-2026,13:00:17,103.89,SGX,XOF8018,XOF8018,IUM26
9818,63,104.240,1111,IUK26,B,26-May-2026,13:00:17,104.24,SGX,XOF8018,XOF8018,IUK26
9816,8,-0.350,1111,IUK26-IUM26,S,26-May-2026,13:00:39,-0.35,SGX,XOF8016,XOF8016,IUK26-IUM26
9816,8,104.260,1111,IUK26,B,26-May-2026,13:00:39,104.25,SGX,XOF8016,XOF8016,IUK26
9816,8,103.910,1111,IUM26,S,25-Jun-2026,13:00:39,103.91,SGX,XOF8016,XOF8016,IUM26
9816,10,-0.350,1111,IUK26-IUM26,S,26-May-2026,13:00:39,-0.35,SGX,XOF8016,XOF8016,IUK26-IUM26
9816,10,104.260,1111,IUK26,B,26-May-2026,13:00:39,104.25,SGX,XOF8016,XOF8016,IUK26
9816,10,103.910,1111,IUM26,S,25-Jun-2026,13:00:39,103.91,SGX,XOF8016,XOF8016,IUM26
9816,2,-0.350,1111,IUK26-IUM26,S,26-May-2026,13:00:39,-0.35,SGX,XOF8016,XOF8016,IUK26-IUM26
9816,2,104.260,1111,IUK26,B,26-May-2026,13:00:39,104.25,SGX,XOF8016,XOF8016,IUK26
9816,2,103.910,1111,IUM26,S,25-Jun-2026,13:00:39,103.91,SGX,XOF8016,XOF8016,IUM26
9816,2,-0.350,1111,IUK26-IUM26,S,26-May-2026,13:00:39,-0.35,SGX,XOF8016,XOF8016,IUK26-IUM26
9816,2,104.260,1111,IUK26,B,26-May-2026,13:00:39,104.25,SGX,XOF8016,XOF8016,IUK26
9816,2,103.910,1111,IUM26,S,25-Jun-2026,13:00:39,103.91,SGX,XOF8016,XOF8016,IUM26
9816,28,-0.350,1111,IUK26-IUM26,S,26-May-2026,13:00:39,-0.35,SGX,XOF8016,XOF8016,IUK26-IUM26
9816,28,104.260,1111,IUK26,B,26-May-2026,13:00:39,104.25,SGX,XOF8016,XOF8016,IUK26
9816,28,103.910,1111,IUM26,S,25-Jun-2026,13:00:39,103.91,SGX,XOF8016,XOF8016,IUM26
9816,2,-0.350,1111,IUK26-IUM26,S,26-May-2026,13:00:40,-0.35,SGX,XOF8016,XOF8016,IUK26-IUM26
9816,2,104.260,1111,IUK26,B,26-May-2026,13:00:40,104.26,SGX,XOF8016,XOF8016,IUK26
9816,2,103.910,1111,IUM26,S,25-Jun-2026,13:00:40,103.91,SGX,XOF8016,XOF8016,IUM26
9816,45,-0.350,1111,IUK26-IUM26,S,26-May-2026,13:00:40,-0.35,SGX,XOF8016,XOF8016,IUK26-IUM26
9816,45,104.260,1111,IUK26,B,26-May-2026,13:00:40,104.26,SGX,XOF8016,XOF8016,IUK26
9816,45,103.910,1111,IUM26,S,25-Jun-2026,13:00:40,103.91,SGX,XOF8016,XOF8016,IUM26
9816,45,-0.350,1111,IUK26-IUM26,S,26-May-2026,13:00:40,-0.35,SGX,XOF8016,XOF8016,IUK26-IUM26
9816,45,104.260,1111,IUK26,B,26-May-2026,13:00:40,104.26,SGX,XOF8016,XOF8016,IUK26
9816,45,103.910,1111,IUM26,S,25-Jun-2026,13:00:40,103.91,SGX,XOF8016,XOF8016,IUM26
9819,200,-0.350,1111,IUK26-IUM26,B,26-May-2026,13:00:48,-0.34,SGX,XOF8019,XOF8019,IUK26-IUM26
9819,200,104.260,1111,IUK26,S,26-May-2026,13:00:48,104.25,SGX,XOF8019,XOF8019,IUK26
9819,200,103.910,1111,IUM26,B,25-Jun-2026,13:00:48,103.91,SGX,XOF8019,XOF8019,IUM26
9819,35,-0.350,1111,IUK26-IUM26,B,26-May-2026,13:00:48,-0.34,SGX,XOF8019,XOF8019,IUK26-IUM26
9819,35,104.260,1111,IUK26,S,26-May-2026,13:00:48,104.25,SGX,XOF8019,XOF8019,IUK26
9819,35,103.910,1111,IUM26,B,25-Jun-2026,13:00:48,103.91,SGX,XOF8019,XOF8019,IUM26
9819,165,-0.350,1111,IUK26-IUM26,B,26-May-2026,13:00:59,-0.35,SGX,XOF8019,XOF8019,IUK26-IUM26
9819,165,104.260,1111,IUK26,S,26-May-2026,13:00:59,104.25,SGX,XOF8019,XOF8019,IUK26
9819,165,103.910,1111,IUM26,B,25-Jun-2026,13:00:59,103.91,SGX,XOF8019,XOF8019,IUM26
9814,85,-0.350,1111,IUK26-IUM26,B,26-May-2026,13:00:59,-0.35,SGX,XOF8014,XOF8014,IUK26-IUM26
9814,85,104.260,1111,IUK26,S,26-May-2026,13:00:59,104.25,SGX,XOF8014,XOF8014,IUK26
9814,85,103.910,1111,IUM26,B,25-Jun-2026,13:00:59,103.91,SGX,XOF8014,XOF8014,IUM26
9814,115,-0.350,1111,IUK26-IUM26,B,26-May-2026,13:01:09,-0.34,SGX,XOF8014,XOF8014,IUK26-IUM26
9814,115,104.250,1111,IUK26,S,26-May-2026,13:01:09,104.25,SGX,XOF8014,XOF8014,IUK26
9814,115,103.900,1111,IUM26,B,25-Jun-2026,13:01:09,103.91,SGX,XOF8014,XOF8014,IUM26
9816,135,-0.350,1111,IUK26-IUM26,B,26-May-2026,13:01:09,-0.34,SGX,XOF8016,XOF8016,IUK26-IUM26
9816,135,104.250,1111,IUK26,S,26-May-2026,13:01:09,104.25,SGX,XOF8016,XOF8016,IUK26
9816,135,103.900,1111,IUM26,B,25-Jun-2026,13:01:09,103.91,SGX,XOF8016,XOF8016,IUM26
9817,2,103.91,1111,DINR,B,25-Jun-2026,13:01:17,103.91,DGCX,S-XOF8017,S-XOF8017,DINR-20260626
9817,2,103.910,1111,IUM26,S,25-Jun-2026,13:01:18,103.91,SGX,XOF8017,XOF8017,IUM26
9817,2,103.91,1111,DINR,B,25-Jun-2026,13:01:18,103.91,DGCX,S-XOF8017,S-XOF8017,DINR-20260626
9816,7,-0.350,1111,IUK26-IUM26,B,26-May-2026,13:01:20,-0.35,SGX,XOF8016,XOF8016,IUK26-IUM26
9816,7,104.250,1111,IUK26,S,26-May-2026,13:01:20,104.25,SGX,XOF8016,XOF8016,IUK26
9816,7,103.900,1111,IUM26,B,25-Jun-2026,13:01:20,103.91,SGX,XOF8016,XOF8016,IUM26
9818,100,-0.350,1111,IUK26-IUM26,B,26-May-2026,13:01:20,-0.35,SGX,XOF8018,XOF8018,IUK26-IUM26
9818,100,104.250,1111,IUK26,S,26-May-2026,13:01:20,104.25,SGX,XOF8018,XOF8018,IUK26
9818,100,103.900,1111,IUM26,B,25-Jun-2026,13:01:20,103.91,SGX,XOF8018,XOF8018,IUM26
9816,135,-0.350,1111,IUK26-IUM26,B,26-May-2026,13:01:20,-0.35,SGX,XOF8016,XOF8016,IUK26-IUM26
9816,135,104.250,1111,IUK26,S,26-May-2026,13:01:20,104.25,SGX,XOF8016,XOF8016,IUK26
9816,135,103.900,1111,IUM26,B,25-Jun-2026,13:01:20,103.91,SGX,XOF8016,XOF8016,IUM26
9817,2,103.910,1111,IUM26,S,25-Jun-2026,13:01:25,103.91,SGX,XOF8017,XOF8017,IUM26
9816,65,-0.350,1111,IUK26-IUM26,B,26-May-2026,13:01:31,-0.35,SGX,XOF8016,XOF8016,IUK26-IUM26
9816,65,104.260,1111,IUK26,S,26-May-2026,13:01:31,104.26,SGX,XOF8016,XOF8016,IUK26
9816,65,103.910,1111,IUM26,B,25-Jun-2026,13:01:31,103.91,SGX,XOF8016,XOF8016,IUM26
9818,100,-0.350,1111,IUK26-IUM26,B,26-May-2026,13:01:31,-0.35,SGX,XOF8018,XOF8018,IUK26-IUM26
9818,100,104.260,1111,IUK26,S,26-May-2026,13:01:31,104.26,SGX,XOF8018,XOF8018,IUK26
9818,100,103.910,1111,IUM26,B,25-Jun-2026,13:01:31,103.91,SGX,XOF8018,XOF8018,IUM26
9816,8,-0.350,1111,IUK26-IUM26,S,26-May-2026,13:01:37,-0.35,SGX,XOF8016,XOF8016,IUK26-IUM26
9816,8,104.250,1111,IUK26,B,26-May-2026,13:01:37,104.25,SGX,XOF8016,XOF8016,IUK26
9816,8,103.900,1111,IUM26,S,25-Jun-2026,13:01:37,103.9,SGX,XOF8016,XOF8016,IUM26
9816,14,-0.350,1111,IUK26-IUM26,S,26-May-2026,13:01:38,-0.35,SGX,XOF8016,XOF8016,IUK26-IUM26
9816,14,104.250,1111,IUK26,B,26-May-2026,13:01:38,104.25,SGX,XOF8016,XOF8016,IUK26
9816,14,103.900,1111,IUM26,S,25-Jun-2026,13:01:38,103.9,SGX,XOF8016,XOF8016,IUM26
9816,12,-0.350,1111,IUK26-IUM26,S,26-May-2026,13:01:41,-0.35,SGX,XOF8016,XOF8016,IUK26-IUM26
9816,12,104.260,1111,IUK26,B,26-May-2026,13:01:41,104.25,SGX,XOF8016,XOF8016,IUK26
9816,12,103.910,1111,IUM26,S,25-Jun-2026,13:01:41,103.91,SGX,XOF8016,XOF8016,IUM26
9816,45,-0.350,1111,IUK26-IUM26,S,26-May-2026,13:01:41,-0.35,SGX,XOF8016,XOF8016,IUK26-IUM26
9816,45,104.260,1111,IUK26,B,26-May-2026,13:01:41,104.25,SGX,XOF8016,XOF8016,IUK26
9816,45,103.910,1111,IUM26,S,25-Jun-2026,13:01:41,103.91,SGX,XOF8016,XOF8016,IUM26
9816,45,-0.350,1111,IUK26-IUM26,S,26-May-2026,13:01:41,-0.35,SGX,XOF8016,XOF8016,IUK26-IUM26
9816,45,104.260,1111,IUK26,B,26-May-2026,13:01:41,104.25,SGX,XOF8016,XOF8016,IUK26
9816,45,103.910,1111,IUM26,S,25-Jun-2026,13:01:41,103.91,SGX,XOF8016,XOF8016,IUM26
9816,45,-0.350,1111,IUK26-IUM26,S,26-May-2026,13:01:41,-0.35,SGX,XOF8016,XOF8016,IUK26-IUM26
9816,45,104.260,1111,IUK26,B,26-May-2026,13:01:41,104.25,SGX,XOF8016,XOF8016,IUK26
9816,45,103.910,1111,IUM26,S,25-Jun-2026,13:01:41,103.91,SGX,XOF8016,XOF8016,IUM26
9816,31,-0.350,1111,IUK26-IUM26,S,26-May-2026,13:01:41,-0.35,SGX,XOF8016,XOF8016,IUK26-IUM26
9816,31,104.260,1111,IUK26,B,26-May-2026,13:01:41,104.25,SGX,XOF8016,XOF8016,IUK26
9816,31,103.910,1111,IUM26,S,25-Jun-2026,13:01:41,103.91,SGX,XOF8016,XOF8016,IUM26
9818,9,-0.350,1111,IUK26-IUM26,S,26-May-2026,13:01:41,-0.35,SGX,XOF8018,XOF8018,IUK26-IUM26
9818,9,104.260,1111,IUK26,B,26-May-2026,13:01:41,104.25,SGX,XOF8018,XOF8018,IUK26
9818,9,103.910,1111,IUM26,S,25-Jun-2026,13:01:41,103.91,SGX,XOF8018,XOF8018,IUM26
9818,30,-0.350,1111,IUK26-IUM26,S,26-May-2026,13:01:42,-0.35,SGX,XOF8018,XOF8018,IUK26-IUM26
9818,30,104.250,1111,IUK26,B,26-May-2026,13:01:42,104.25,SGX,XOF8018,XOF8018,IUK26
9818,30,103.900,1111,IUM26,S,25-Jun-2026,13:01:42,103.9,SGX,XOF8018,XOF8018,IUM26
9818,2,-0.350,1111,IUK26-IUM26,S,26-May-2026,13:01:42,-0.35,SGX,XOF8018,XOF8018,IUK26-IUM26
9818,2,104.250,1111,IUK26,B,26-May-2026,13:01:42,104.25,SGX,XOF8018,XOF8018,IUK26
9818,2,103.900,1111,IUM26,S,25-Jun-2026,13:01:42,103.9,SGX,XOF8018,XOF8018,IUM26
9818,3,-0.350,1111,IUK26-IUM26,S,26-May-2026,13:01:42,-0.35,SGX,XOF8018,XOF8018,IUK26-IUM26
9818,3,104.250,1111,IUK26,B,26-May-2026,13:01:42,104.25,SGX,XOF8018,XOF8018,IUK26
9818,3,103.900,1111,IUM26,S,25-Jun-2026,13:01:42,103.9,SGX,XOF8018,XOF8018,IUM26
9818,2,-0.350,1111,IUK26-IUM26,S,26-May-2026,13:01:42,-0.35,SGX,XOF8018,XOF8018,IUK26-IUM26
9818,2,104.250,1111,IUK26,B,26-May-2026,13:01:42,104.25,SGX,XOF8018,XOF8018,IUK26
9818,2,103.900,1111,IUM26,S,25-Jun-2026,13:01:42,103.9,SGX,XOF8018,XOF8018,IUM26
9818,7,-0.350,1111,IUK26-IUM26,S,26-May-2026,13:01:42,-0.35,SGX,XOF8018,XOF8018,IUK26-IUM26
9818,7,104.250,1111,IUK26,B,26-May-2026,13:01:42,104.25,SGX,XOF8018,XOF8018,IUK26
9818,7,103.900,1111,IUM26,S,25-Jun-2026,13:01:42,103.9,SGX,XOF8018,XOF8018,IUM26
9818,6,-0.350,1111,IUK26-IUM26,S,26-May-2026,13:01:42,-0.35,SGX,XOF8018,XOF8018,IUK26-IUM26
9818,6,104.250,1111,IUK26,B,26-May-2026,13:01:42,104.25,SGX,XOF8018,XOF8018,IUK26
9818,6,103.900,1111,IUM26,S,25-Jun-2026,13:01:42,103.9,SGX,XOF8018,XOF8018,IUM26
9818,10,-0.350,1111,IUK26-IUM26,S,26-May-2026,13:01:42,-0.35,SGX,XOF8018,XOF8018,IUK26-IUM26
9818,10,104.250,1111,IUK26,B,26-May-2026,13:01:42,104.25,SGX,XOF8018,XOF8018,IUK26
9818,10,103.900,1111,IUM26,S,25-Jun-2026,13:01:42,103.9,SGX,XOF8018,XOF8018,IUM26
9818,9,-0.350,1111,IUK26-IUM26,S,26-May-2026,13:01:42,-0.35,SGX,XOF8018,XOF8018,IUK26-IUM26
9818,9,104.250,1111,IUK26,B,26-May-2026,13:01:42,104.25,SGX,XOF8018,XOF8018,IUK26
9818,9,103.900,1111,IUM26,S,25-Jun-2026,13:01:42,103.9,SGX,XOF8018,XOF8018,IUM26
9818,7,-0.350,1111,IUK26-IUM26,S,26-May-2026,13:01:42,-0.35,SGX,XOF8018,XOF8018,IUK26-IUM26
9818,7,104.250,1111,IUK26,B,26-May-2026,13:01:42,104.25,SGX,XOF8018,XOF8018,IUK26
9818,7,103.900,1111,IUM26,S,25-Jun-2026,13:01:42,103.9,SGX,XOF8018,XOF8018,IUM26
9818,12,-0.350,1111,IUK26-IUM26,S,26-May-2026,13:01:42,-0.35,SGX,XOF8018,XOF8018,IUK26-IUM26
9818,12,104.260,1111,IUK26,B,26-May-2026,13:01:42,104.25,SGX,XOF8018,XOF8018,IUK26
9818,12,103.910,1111,IUM26,S,25-Jun-2026,13:01:42,103.9,SGX,XOF8018,XOF8018,IUM26
9818,3,-0.350,1111,IUK26-IUM26,S,26-May-2026,13:01:42,-0.35,SGX,XOF8018,XOF8018,IUK26-IUM26
9818,3,104.250,1111,IUK26,B,26-May-2026,13:01:42,104.25,SGX,XOF8018,XOF8018,IUK26
9818,3,103.900,1111,IUM26,S,25-Jun-2026,13:01:42,103.9,SGX,XOF8018,XOF8018,IUM26
9812,5,103.870,1111,IUM26,B,25-Jun-2026,13:02:01,103.87,SGX,XOF8012,XOF8012,IUM26
9812,5,103.87,1111,DINR,S,25-Jun-2026,13:02:17,103.87,DGCX,S-XOF8012,S-XOF8012,DINR-20260626
9812,1,104.220,1111,IUK26,B,26-May-2026,13:10:16,104.22,SGX,XOF8012,XOF8012,IUK26
9812,5,104.210,1111,IUK26,S,26-May-2026,13:12:35,104.22,SGX,XOF8012,XOF8012,IUK26
9812,1,104.21,1111,DINR,B,26-May-2026,13:12:35,104.22,DGCX,S-XOF8012,S-XOF8012,DINR-20260527
9812,1,104.21,1111,DINR,B,26-May-2026,13:12:35,104.22,DGCX,S-XOF8012,S-XOF8012,DINR-20260527
9812,3,104.22,1111,DINR,B,26-May-2026,13:12:35,104.22,DGCX,S-XOF8012,S-XOF8012,DINR-20260527
9812,5,103.840,1111,IUM26,S,25-Jun-2026,13:21:16,103.84,SGX,XOF8012,XOF8012,IUM26
9812,5,103.830,1111,IUM26,B,25-Jun-2026,13:21:17,103.84,SGX,XOF8012,XOF8012,IUM26
9812,1,103.85,1111,DINR,B,25-Jun-2026,13:21:17,103.85,DGCX,S-XOF8012,S-XOF8012,DINR-20260626
9812,4,103.85,1111,DINR,B,25-Jun-2026,13:21:17,103.85,DGCX,S-XOF8012,S-XOF8012,DINR-20260626
9812,5,103.810,1111,IUM26,S,25-Jun-2026,13:33:00,103.83,SGX,XOF8012,XOF8012,IUM26
9812,5,103.81,1111,DINR,B,25-Jun-2026,13:33:00,103.81,DGCX,S-XOF8012,S-XOF8012,DINR-20260626
9812,5,103.81,1111,DINR,S,25-Jun-2026,13:33:00,103.81,DGCX,S-XOF8012,S-XOF8012,DINR-20260626
9812,5,103.810,1111,IUM26,S,25-Jun-2026,13:33:00,103.83,SGX,XOF8012,XOF8012,IUM26
9812,5,104.170,1111,IUK26,S,26-May-2026,13:33:00,104.18,SGX,XOF8012,XOF8012,IUK26
9812,5,104.18,1111,DINR,B,26-May-2026,13:33:01,104.18,DGCX,S-XOF8012,S-XOF8012,DINR-20260527
9812,1,104.170,1111,IUK26,S,26-May-2026,13:33:01,104.18,SGX,XOF8012,XOF8012,IUK26
9812,4,104.170,1111,IUK26,S,26-May-2026,13:33:01,104.18,SGX,XOF8012,XOF8012,IUK26
9812,1,104.18,1111,DINR,B,26-May-2026,13:33:14,104.18,DGCX,S-XOF8012,S-XOF8012,DINR-20260527
9812,2,104.18,1111,DINR,B,26-May-2026,13:33:14,104.18,DGCX,S-XOF8012,S-XOF8012,DINR-20260527
9812,5,103.83,1111,DINR,B,25-Jun-2026,13:34:30,103.83,DGCX,S-XOF8012,S-XOF8012,DINR-20260626
9812,2,104.18,1111,DINR,B,26-May-2026,13:34:30,104.18,DGCX,S-XOF8012,S-XOF8012,DINR-20260527
9816,200,-0.360,1111,IUK26-IUM26,B,26-May-2026,13:47:32,-0.36,SGX,XOF8016,XOF8016,IUK26-IUM26
9816,200,104.160,1111,IUK26,S,26-May-2026,13:47:32,104.16,SGX,XOF8016,XOF8016,IUK26
9816,200,103.800,1111,IUM26,B,25-Jun-2026,13:47:32,103.81,SGX,XOF8016,XOF8016,IUM26
9813,91,-0.360,1111,IUK26-IUM26,B,26-May-2026,13:47:32,-0.36,SGX,XOF8013,XOF8013,IUK26-IUM26
9813,91,104.160,1111,IUK26,S,26-May-2026,13:47:32,104.16,SGX,XOF8013,XOF8013,IUK26
9813,91,103.800,1111,IUM26,B,25-Jun-2026,13:47:32,103.81,SGX,XOF8013,XOF8013,IUM26
9813,9,-0.360,1111,IUK26-IUM26,B,26-May-2026,13:47:32,-0.36,SGX,XOF8013,XOF8013,IUK26-IUM26
9813,9,104.160,1111,IUK26,S,26-May-2026,13:47:32,104.16,SGX,XOF8013,XOF8013,IUK26
9813,9,103.800,1111,IUM26,B,25-Jun-2026,13:47:32,103.81,SGX,XOF8013,XOF8013,IUM26
9819,200,-0.360,1111,IUK26-IUM26,B,26-May-2026,13:47:32,-0.36,SGX,XOF8019,XOF8019,IUK26-IUM26
9819,200,104.160,1111,IUK26,S,26-May-2026,13:47:32,104.16,SGX,XOF8019,XOF8019,IUK26
9819,200,103.800,1111,IUM26,B,25-Jun-2026,13:47:32,103.81,SGX,XOF8019,XOF8019,IUM26
9819,200,-0.360,1111,IUK26-IUM26,B,26-May-2026,13:47:32,-0.36,SGX,XOF8019,XOF8019,IUK26-IUM26
9819,200,104.160,1111,IUK26,S,26-May-2026,13:47:32,104.16,SGX,XOF8019,XOF8019,IUK26
9819,200,103.800,1111,IUM26,B,25-Jun-2026,13:47:32,103.81,SGX,XOF8019,XOF8019,IUM26
9812,5,104.170,1111,IUK26,S,26-May-2026,13:48:09,104.18,SGX,XOF8012,XOF8012,IUK26
9812,5,104.18,1111,DINR,B,26-May-2026,13:48:09,104.18,DGCX,S-XOF8012,S-XOF8012,DINR-20260527
9812,5,104.190,1111,IUK26,S,26-May-2026,13:48:13,104.19,SGX,XOF8012,XOF8012,IUK26
9812,5,104.20,1111,DINR,B,26-May-2026,13:48:13,104.2,DGCX,S-XOF8012,S-XOF8012,DINR-20260527
9812,200,-0.360,1111,IUK26-IUM26,B,26-May-2026,13:50:13,-0.36,SGX,XOF8012,XOF8012,IUK26-IUM26
9812,200,104.150,1111,IUK26,S,26-May-2026,13:50:13,104.15,SGX,XOF8012,XOF8012,IUK26
9812,200,103.790,1111,IUM26,B,25-Jun-2026,13:50:13,103.78,SGX,XOF8012,XOF8012,IUM26
9812,5,104.170,1111,IUK26,S,26-May-2026,13:50:59,104.18,SGX,XOF8012,XOF8012,IUK26
9812,5,103.810,1111,IUM26,S,25-Jun-2026,13:50:59,103.82,SGX,XOF8012,XOF8012,IUM26
9812,2,104.18,1111,DINR,B,26-May-2026,13:50:59,104.18,DGCX,S-XOF8012,S-XOF8012,DINR-20260527
9812,3,104.18,1111,DINR,B,26-May-2026,13:50:59,104.18,DGCX,S-XOF8012,S-XOF8012,DINR-20260527
9812,5,103.82,1111,DINR,B,25-Jun-2026,13:50:59,103.82,DGCX,S-XOF8012,S-XOF8012,DINR-20260626
9812,5,103.810,1111,IUM26,S,25-Jun-2026,13:50:59,103.82,SGX,XOF8012,XOF8012,IUM26
9812,5,103.82,1111,DINR,B,25-Jun-2026,13:51:11,103.82,DGCX,S-XOF8012,S-XOF8012,DINR-20260626
9812,5,104.180,1111,IUK26,S,26-May-2026,14:00:59,104.17,SGX,XOF8012,XOF8012,IUK26
9812,5,104.19,1111,DINR,B,26-May-2026,14:01:00,104.19,DGCX,S-XOF8012,S-XOF8012,DINR-20260527
9816,3,-0.370,1111,IUK26-IUM26,B,26-May-2026,14:01:07,-0.37,SGX,XOF8016,XOF8016,IUK26-IUM26
9816,3,104.200,1111,IUK26,S,26-May-2026,14:01:07,104.21,SGX,XOF8016,XOF8016,IUK26
9816,3,103.830,1111,IUM26,B,25-Jun-2026,14:01:07,103.83,SGX,XOF8016,XOF8016,IUM26
9812,5,104.200,1111,IUK26,S,26-May-2026,14:01:07,104.21,SGX,XOF8012,XOF8012,IUK26
9812,1,104.20,1111,DINR,B,26-May-2026,14:01:07,104.21,DGCX,S-XOF8012,S-XOF8012,DINR-20260527
9812,4,104.21,1111,DINR,B,26-May-2026,14:01:07,104.21,DGCX,S-XOF8012,S-XOF8012,DINR-20260527
9812,4,103.840,1111,IUM26,B,25-Jun-2026,14:01:12,103.84,SGX,XOF8012,XOF8012,IUM26
9812,1,103.840,1111,IUM26,B,25-Jun-2026,14:01:12,103.84,SGX,XOF8012,XOF8012,IUM26
9812,5,104.200,1111,IUK26,B,26-May-2026,14:01:12,104.2,SGX,XOF8012,XOF8012,IUK26
9816,9,-0.360,1111,IUK26-IUM26,S,26-May-2026,14:01:12,-0.36,SGX,XOF8016,XOF8016,IUK26-IUM26
9816,9,104.200,1111,IUK26,B,26-May-2026,14:01:12,104.2,SGX,XOF8016,XOF8016,IUK26
9816,9,103.840,1111,IUM26,S,25-Jun-2026,14:01:12,103.84,SGX,XOF8016,XOF8016,IUM26
9816,9,-0.360,1111,IUK26-IUM26,S,26-May-2026,14:01:12,-0.36,SGX,XOF8016,XOF8016,IUK26-IUM26
9816,9,104.200,1111,IUK26,B,26-May-2026,14:01:12,104.2,SGX,XOF8016,XOF8016,IUK26
9816,9,103.840,1111,IUM26,S,25-Jun-2026,14:01:12,103.84,SGX,XOF8016,XOF8016,IUM26
9812,5,104.200,1111,IUK26,S,26-May-2026,14:01:34,104.2,SGX,XOF8012,XOF8012,IUK26
9816,19,-0.370,1111,IUK26-IUM26,B,26-May-2026,14:01:34,-0.37,SGX,XOF8016,XOF8016,IUK26-IUM26
9816,19,104.200,1111,IUK26,S,26-May-2026,14:01:34,104.2,SGX,XOF8016,XOF8016,IUK26
9816,19,103.830,1111,IUM26,B,25-Jun-2026,14:01:34,103.83,SGX,XOF8016,XOF8016,IUM26
9812,2,104.20,1111,DINR,S,26-May-2026,14:01:34,104.21,DGCX,S-XOF8012,S-XOF8012,DINR-20260527
9812,3,104.20,1111,DINR,S,26-May-2026,14:01:34,104.21,DGCX,S-XOF8012,S-XOF8012,DINR-20260527
9812,4,103.84,1111,DINR,S,25-Jun-2026,14:01:34,103.84,DGCX,S-XOF8012,S-XOF8012,DINR-20260626
9812,5,104.21,1111,DINR,B,26-May-2026,14:01:34,104.21,DGCX,S-XOF8012,S-XOF8012,DINR-20260527
9816,9,-0.360,1111,IUK26-IUM26,S,26-May-2026,14:04:21,-0.36,SGX,XOF8016,XOF8016,IUK26-IUM26
9816,9,104.200,1111,IUK26,B,26-May-2026,14:04:21,104.2,SGX,XOF8016,XOF8016,IUK26
9816,9,103.840,1111,IUM26,S,25-Jun-2026,14:04:21,103.84,SGX,XOF8016,XOF8016,IUM26
9816,7,-0.360,1111,IUK26-IUM26,S,26-May-2026,14:04:21,-0.36,SGX,XOF8016,XOF8016,IUK26-IUM26
9816,7,104.200,1111,IUK26,B,26-May-2026,14:04:21,104.2,SGX,XOF8016,XOF8016,IUK26
9816,7,103.840,1111,IUM26,S,25-Jun-2026,14:04:21,103.84,SGX,XOF8016,XOF8016,IUM26
9816,18,-0.360,1111,IUK26-IUM26,S,26-May-2026,14:04:56,-0.36,SGX,XOF8016,XOF8016,IUK26-IUM26
9816,18,104.190,1111,IUK26,B,26-May-2026,14:04:56,104.19,SGX,XOF8016,XOF8016,IUK26
9816,18,103.830,1111,IUM26,S,25-Jun-2026,14:04:56,103.83,SGX,XOF8016,XOF8016,IUM26
9812,5,104.210,1111,IUK26,S,26-May-2026,14:11:10,104.22,SGX,XOF8012,XOF8012,IUK26
9812,1,103.85,1111,DINR,S,25-Jun-2026,14:11:10,103.85,DGCX,S-XOF8012,S-XOF8012,DINR-20260626
9812,5,104.22,1111,DINR,B,26-May-2026,14:11:10,104.23,DGCX,S-XOF8012,S-XOF8012,DINR-20260527
9812,3,104.210,1111,IUK26,S,26-May-2026,14:11:10,104.22,SGX,XOF8012,XOF8012,IUK26
9812,2,104.210,1111,IUK26,S,26-May-2026,14:11:10,104.22,SGX,XOF8012,XOF8012,IUK26
9812,3,104.23,1111,DINR,B,26-May-2026,14:11:10,104.23,DGCX,S-XOF8012,S-XOF8012,DINR-20260527
9812,2,104.23,1111,DINR,B,26-May-2026,14:11:10,104.23,DGCX,S-XOF8012,S-XOF8012,DINR-20260527
9812,5,103.840,1111,IUM26,B,25-Jun-2026,14:11:45,103.84,SGX,XOF8012,XOF8012,IUM26
9812,1,103.85,1111,DINR,S,25-Jun-2026,14:11:45,103.84,DGCX,S-XOF8012,S-XOF8012,DINR-20260626
9812,1,103.84,1111,DINR,S,25-Jun-2026,14:11:45,103.84,DGCX,S-XOF8012,S-XOF8012,DINR-20260626
9812,1,103.84,1111,DINR,S,25-Jun-2026,14:11:45,103.84,DGCX,S-XOF8012,S-XOF8012,DINR-20260626
9812,2,103.84,1111,DINR,S,25-Jun-2026,14:11:45,103.84,DGCX,S-XOF8012,S-XOF8012,DINR-20260626
9812,4,104.220,1111,IUK26,S,26-May-2026,14:12:53,104.21,SGX,XOF8012,XOF8012,IUK26
9812,1,104.220,1111,IUK26,S,26-May-2026,14:12:53,104.21,SGX,XOF8012,XOF8012,IUK26
9812,4,104.23,1111,DINR,B,26-May-2026,14:12:53,104.2,DGCX,S-XOF8012,S-XOF8012,DINR-20260527
9812,1,104.23,1111,DINR,B,26-May-2026,14:12:53,104.2,DGCX,S-XOF8012,S-XOF8012,DINR-20260527
9812,5,103.850,1111,IUM26,B,25-Jun-2026,14:13:32,103.85,SGX,XOF8012,XOF8012,IUM26
9812,1,103.86,1111,DINR,S,25-Jun-2026,14:13:32,103.86,DGCX,S-XOF8012,S-XOF8012,DINR-20260626
9812,4,103.86,1111,DINR,S,25-Jun-2026,14:13:32,103.86,DGCX,S-XOF8012,S-XOF8012,DINR-20260626
9816,148,-0.360,1111,IUK26-IUM26,S,26-May-2026,14:21:12,-0.36,SGX,XOF8016,XOF8016,IUK26-IUM26
9816,148,104.210,1111,IUK26,B,26-May-2026,14:21:12,104.21,SGX,XOF8016,XOF8016,IUK26
9816,148,103.850,1111,IUM26,S,25-Jun-2026,14:21:12,103.86,SGX,XOF8016,XOF8016,IUM26
9819,200,-0.360,1111,IUK26-IUM26,S,26-May-2026,14:21:12,-0.36,SGX,XOF8019,XOF8019,IUK26-IUM26
9819,200,104.210,1111,IUK26,B,26-May-2026,14:21:12,104.21,SGX,XOF8019,XOF8019,IUK26
9819,200,103.850,1111,IUM26,S,25-Jun-2026,14:21:12,103.86,SGX,XOF8019,XOF8019,IUM26
9819,132,-0.360,1111,IUK26-IUM26,S,26-May-2026,14:21:12,-0.36,SGX,XOF8019,XOF8019,IUK26-IUM26
9819,132,104.210,1111,IUK26,B,26-May-2026,14:21:12,104.21,SGX,XOF8019,XOF8019,IUK26
9819,132,103.850,1111,IUM26,S,25-Jun-2026,14:21:12,103.86,SGX,XOF8019,XOF8019,IUM26
9812,4,104.190,1111,IUK26,S,26-May-2026,14:35:03,104.19,SGX,XOF8012,XOF8012,IUK26
9812,1,104.190,1111,IUK26,S,26-May-2026,14:35:03,104.19,SGX,XOF8012,XOF8012,IUK26
9812,2,104.19,1111,DINR,B,26-May-2026,14:35:03,104.2,DGCX,S-XOF8012,S-XOF8012,DINR-20260527
9812,2,104.20,1111,DINR,B,26-May-2026,14:35:03,104.2,DGCX,S-XOF8012,S-XOF8012,DINR-20260527
9812,1,104.20,1111,DINR,B,26-May-2026,14:35:03,104.2,DGCX,S-XOF8012,S-XOF8012,DINR-20260527
9812,2,104.190,1111,IUK26,S,26-May-2026,14:35:03,104.19,SGX,XOF8012,XOF8012,IUK26
9812,1,104.190,1111,IUK26,S,26-May-2026,14:35:03,104.19,SGX,XOF8012,XOF8012,IUK26
9812,2,104.190,1111,IUK26,S,26-May-2026,14:35:03,104.19,SGX,XOF8012,XOF8012,IUK26
9812,2,104.20,1111,DINR,B,26-May-2026,14:35:04,104.2,DGCX,S-XOF8012,S-XOF8012,DINR-20260527
9812,1,104.20,1111,DINR,B,26-May-2026,14:35:04,104.2,DGCX,S-XOF8012,S-XOF8012,DINR-20260527
9812,2,104.20,1111,DINR,B,26-May-2026,14:35:04,104.2,DGCX,S-XOF8012,S-XOF8012,DINR-20260527
9813,4,-0.360,1111,IUM26-IUN26,S,26-Jun-2026,14:35:29,-0.36,SGX,XOF8013,XOF8013,IUM26-IUN26
9813,4,103.830,1111,IUM26,B,25-Jun-2026,14:35:29,103.83,SGX,XOF8013,XOF8013,IUM26
9813,4,103.470,1111,IUN26,S,29-Jul-2026,14:35:29,103.47,SGX,XOF8013,XOF8013,IUN26
9813,4,-0.360,1111,IUM26-IUN26,S,26-Jun-2026,14:35:35,-0.36,SGX,XOF8013,XOF8013,IUM26-IUN26
9813,4,103.830,1111,IUM26,B,25-Jun-2026,14:35:35,103.83,SGX,XOF8013,XOF8013,IUM26
9813,4,103.470,1111,IUN26,S,29-Jul-2026,14:35:35,103.47,SGX,XOF8013,XOF8013,IUN26
9813,1,-0.360,1111,IUM26-IUN26,S,26-Jun-2026,14:36:04,-0.36,SGX,XOF8013,XOF8013,IUM26-IUN26
9813,1,103.830,1111,IUM26,B,25-Jun-2026,14:36:04,103.83,SGX,XOF8013,XOF8013,IUM26
9813,1,103.470,1111,IUN26,S,29-Jul-2026,14:36:04,103.47,SGX,XOF8013,XOF8013,IUN26
9812,5,104.160,1111,IUK26,S,26-May-2026,14:39:18,104.16,SGX,XOF8012,XOF8012,IUK26
9816,10,-0.370,1111,IUK26-IUM26,B,26-May-2026,14:39:18,-0.37,SGX,XOF8016,XOF8016,IUK26-IUM26
9816,10,104.160,1111,IUK26,S,26-May-2026,14:39:18,104.16,SGX,XOF8016,XOF8016,IUK26
9816,10,103.790,1111,IUM26,B,25-Jun-2026,14:39:18,103.79,SGX,XOF8016,XOF8016,IUM26
9816,7,-0.370,1111,IUK26-IUM26,B,26-May-2026,14:39:18,-0.37,SGX,XOF8016,XOF8016,IUK26-IUM26
9816,7,104.160,1111,IUK26,S,26-May-2026,14:39:18,104.16,SGX,XOF8016,XOF8016,IUK26
9816,7,103.790,1111,IUM26,B,25-Jun-2026,14:39:18,103.79,SGX,XOF8016,XOF8016,IUM26
9816,16,-0.370,1111,IUK26-IUM26,B,26-May-2026,14:39:18,-0.37,SGX,XOF8016,XOF8016,IUK26-IUM26
9816,16,104.160,1111,IUK26,S,26-May-2026,14:39:18,104.16,SGX,XOF8016,XOF8016,IUK26
9816,16,103.790,1111,IUM26,B,25-Jun-2026,14:39:18,103.79,SGX,XOF8016,XOF8016,IUM26
9812,5,104.17,1111,DINR,B,26-May-2026,14:39:19,104.17,DGCX,S-XOF8012,S-XOF8012,DINR-20260527
9812,5,103.800,1111,IUM26,S,25-Jun-2026,14:39:22,103.8,SGX,XOF8012,XOF8012,IUM26
9812,5,104.170,1111,IUK26,S,26-May-2026,14:39:22,104.17,SGX,XOF8012,XOF8012,IUK26
9812,5,103.80,1111,DINR,B,25-Jun-2026,14:39:22,103.8,DGCX,S-XOF8012,S-XOF8012,DINR-20260626
9812,5,104.17,1111,DINR,B,26-May-2026,14:39:22,104.17,DGCX,S-XOF8012,S-XOF8012,DINR-20260527
9812,5,103.800,1111,IUM26,S,25-Jun-2026,14:39:23,103.8,SGX,XOF8012,XOF8012,IUM26
9812,1,103.80,1111,DINR,B,25-Jun-2026,14:39:23,103.8,DGCX,S-XOF8012,S-XOF8012,DINR-20260626
9812,4,103.81,1111,DINR,B,25-Jun-2026,14:39:37,103.81,DGCX,S-XOF8012,S-XOF8012,DINR-20260626
9812,5,104.150,1111,IUK26,B,26-May-2026,14:39:48,104.16,SGX,XOF8012,XOF8012,IUK26
9812,5,103.790,1111,IUM26,B,25-Jun-2026,14:39:48,103.79,SGX,XOF8012,XOF8012,IUM26
9819,15,-0.360,1111,IUK26-IUM26,S,26-May-2026,14:39:48,-0.36,SGX,XOF8019,XOF8019,IUK26-IUM26
9819,15,104.150,1111,IUK26,B,26-May-2026,14:39:48,104.16,SGX,XOF8019,XOF8019,IUK26
9819,15,103.790,1111,IUM26,S,25-Jun-2026,14:39:48,103.79,SGX,XOF8019,XOF8019,IUM26
9812,5,104.15,1111,DINR,S,26-May-2026,14:39:48,104.15,DGCX,S-XOF8012,S-XOF8012,DINR-20260527
9812,5,103.79,1111,DINR,S,25-Jun-2026,14:39:48,103.79,DGCX,S-XOF8012,S-XOF8012,DINR-20260626
9812,5,103.790,1111,IUM26,S,25-Jun-2026,14:40:01,103.79,SGX,XOF8012,XOF8012,IUM26
9812,5,104.160,1111,IUK26,S,26-May-2026,14:40:01,104.16,SGX,XOF8012,XOF8012,IUK26
9812,5,103.80,1111,DINR,B,25-Jun-2026,14:40:01,103.8,DGCX,S-XOF8012,S-XOF8012,DINR-20260626
9812,5,103.790,1111,IUM26,S,25-Jun-2026,14:40:01,103.79,SGX,XOF8012,XOF8012,IUM26
9812,5,104.17,1111,DINR,B,26-May-2026,14:40:10,104.17,DGCX,S-XOF8012,S-XOF8012,DINR-20260527
9812,5,103.80,1111,DINR,B,25-Jun-2026,14:40:11,103.8,DGCX,S-XOF8012,S-XOF8012,DINR-20260626
9812,5,104.140,1111,IUK26,S,26-May-2026,14:42:01,104.15,SGX,XOF8012,XOF8012,IUK26
9812,5,104.15,1111,DINR,B,26-May-2026,14:42:01,104.15,DGCX,S-XOF8012,S-XOF8012,DINR-20260527
9816,11,-0.370,1111,IUK26-IUM26,B,26-May-2026,14:42:04,-0.37,SGX,XOF8016,XOF8016,IUK26-IUM26
9816,11,104.150,1111,IUK26,S,26-May-2026,14:42:04,104.15,SGX,XOF8016,XOF8016,IUK26
9816,11,103.780,1111,IUM26,B,25-Jun-2026,14:42:04,103.78,SGX,XOF8016,XOF8016,IUM26
9816,11,-0.370,1111,IUK26-IUM26,B,26-May-2026,14:42:04,-0.37,SGX,XOF8016,XOF8016,IUK26-IUM26
9816,11,104.150,1111,IUK26,S,26-May-2026,14:42:04,104.15,SGX,XOF8016,XOF8016,IUK26
9816,11,103.780,1111,IUM26,B,25-Jun-2026,14:42:04,103.78,SGX,XOF8016,XOF8016,IUM26
9816,2,-0.370,1111,IUK26-IUM26,B,26-May-2026,14:42:08,-0.37,SGX,XOF8016,XOF8016,IUK26-IUM26
9816,2,104.150,1111,IUK26,S,26-May-2026,14:42:08,104.15,SGX,XOF8016,XOF8016,IUK26
9816,2,103.780,1111,IUM26,B,25-Jun-2026,14:42:08,103.78,SGX,XOF8016,XOF8016,IUM26
9816,9,-0.370,1111,IUK26-IUM26,B,26-May-2026,14:42:19,-0.37,SGX,XOF8016,XOF8016,IUK26-IUM26
9816,9,104.140,1111,IUK26,S,26-May-2026,14:42:19,104.14,SGX,XOF8016,XOF8016,IUK26
9816,9,103.770,1111,IUM26,B,25-Jun-2026,14:42:19,103.77,SGX,XOF8016,XOF8016,IUM26
9812,5,104.080,1111,IUK26,B,26-May-2026,14:43:01,104.09,SGX,XOF8012,XOF8012,IUK26
9812,1,104.09,1111,DINR,S,26-May-2026,14:43:01,104.09,DGCX,S-XOF8012,S-XOF8012,DINR-20260527
9812,5,104.090,1111,IUK26,S,26-May-2026,14:43:06,104.08,SGX,XOF8012,XOF8012,IUK26
9812,4,104.09,1111,DINR,B,26-May-2026,14:43:06,104.09,DGCX,S-XOF8012,S-XOF8012,DINR-20260527
9812,4,104.09,1111,DINR,S,26-May-2026,14:43:06,104.09,DGCX,S-XOF8012,S-XOF8012,DINR-20260527
9812,1,104.10,1111,DINR,B,26-May-2026,14:43:06,104.09,DGCX,S-XOF8012,S-XOF8012,DINR-20260527
9816,9,-0.370,1111,IUK26-IUM26,B,26-May-2026,14:43:33,-0.37,SGX,XOF8016,XOF8016,IUK26-IUM26
9816,9,104.060,1111,IUK26,S,26-May-2026,14:43:33,104.06,SGX,XOF8016,XOF8016,IUK26
9816,9,103.690,1111,IUM26,B,25-Jun-2026,14:43:33,103.69,SGX,XOF8016,XOF8016,IUM26
9816,45,-0.370,1111,IUK26-IUM26,B,26-May-2026,14:43:53,-0.37,SGX,XOF8016,XOF8016,IUK26-IUM26
9816,45,104.070,1111,IUK26,S,26-May-2026,14:43:53,104.07,SGX,XOF8016,XOF8016,IUK26
9816,45,103.700,1111,IUM26,B,25-Jun-2026,14:43:53,103.7,SGX,XOF8016,XOF8016,IUM26
9812,3,104.100,1111,IUK26,S,26-May-2026,14:44:06,104.1,SGX,XOF8012,XOF8012,IUK26
9812,2,104.100,1111,IUK26,S,26-May-2026,14:44:06,104.1,SGX,XOF8012,XOF8012,IUK26
9812,1,104.10,1111,DINR,B,26-May-2026,14:44:06,104.11,DGCX,S-XOF8012,S-XOF8012,DINR-20260527
9812,2,104.11,1111,DINR,B,26-May-2026,14:44:06,104.11,DGCX,S-XOF8012,S-XOF8012,DINR-20260527
9812,2,104.11,1111,DINR,B,26-May-2026,14:44:06,104.11,DGCX,S-XOF8012,S-XOF8012,DINR-20260527
9812,5,103.740,1111,IUM26,S,25-Jun-2026,14:44:06,103.73,SGX,XOF8012,XOF8012,IUM26
9816,6,-0.370,1111,IUK26-IUM26,B,26-May-2026,14:44:06,-0.37,SGX,XOF8016,XOF8016,IUK26-IUM26
9816,6,104.110,1111,IUK26,S,26-May-2026,14:44:06,104.1,SGX,XOF8016,XOF8016,IUK26
9816,6,103.740,1111,IUM26,B,25-Jun-2026,14:44:06,103.73,SGX,XOF8016,XOF8016,IUM26
9812,5,103.730,1111,IUM26,B,25-Jun-2026,14:44:06,103.73,SGX,XOF8012,XOF8012,IUM26
9812,5,103.75,1111,DINR,B,25-Jun-2026,14:44:06,103.74,DGCX,S-XOF8012,S-XOF8012,DINR-20260626
9812,1,103.74,1111,DINR,S,25-Jun-2026,14:44:06,103.74,DGCX,S-XOF8012,S-XOF8012,DINR-20260626
9812,5,103.740,1111,IUM26,S,25-Jun-2026,14:44:20,103.74,SGX,XOF8012,XOF8012,IUM26
9812,4,103.74,1111,DINR,B,25-Jun-2026,14:44:20,103.75,DGCX,S-XOF8012,S-XOF8012,DINR-20260626
9812,4,103.74,1111,DINR,S,25-Jun-2026,14:44:20,103.75,DGCX,S-XOF8012,S-XOF8012,DINR-20260626
9812,1,103.75,1111,DINR,B,25-Jun-2026,14:44:20,103.75,DGCX,S-XOF8012,S-XOF8012,DINR-20260626
9816,14,-0.370,1111,IUK26-IUM26,B,26-May-2026,14:44:23,-0.37,SGX,XOF8016,XOF8016,IUK26-IUM26
9816,14,104.140,1111,IUK26,S,26-May-2026,14:44:23,104.13,SGX,XOF8016,XOF8016,IUK26
9816,14,103.770,1111,IUM26,B,25-Jun-2026,14:44:23,103.77,SGX,XOF8016,XOF8016,IUM26
9816,18,-0.370,1111,IUK26-IUM26,B,26-May-2026,14:44:23,-0.37,SGX,XOF8016,XOF8016,IUK26-IUM26
9816,18,104.140,1111,IUK26,S,26-May-2026,14:44:23,104.13,SGX,XOF8016,XOF8016,IUK26
9816,18,103.770,1111,IUM26,B,25-Jun-2026,14:44:23,103.77,SGX,XOF8016,XOF8016,IUM26
9812,5,103.700,1111,IUM26,B,25-Jun-2026,14:48:02,103.7,SGX,XOF8012,XOF8012,IUM26
9812,2,103.71,1111,DINR,S,25-Jun-2026,14:48:08,103.71,DGCX,S-XOF8012,S-XOF8012,DINR-20260626
9812,1,103.71,1111,DINR,S,25-Jun-2026,14:48:57,103.71,DGCX,S-XOF8012,S-XOF8012,DINR-20260626
9812,1,104.060,1111,IUK26,S,26-May-2026,14:50:21,104.07,SGX,XOF8012,XOF8012,IUK26
9812,4,104.060,1111,IUK26,S,26-May-2026,14:50:21,104.07,SGX,XOF8012,XOF8012,IUK26
9812,1,104.07,1111,DINR,B,26-May-2026,14:50:21,104.07,DGCX,S-XOF8012,S-XOF8012,DINR-20260527
9812,1,103.70,1111,DINR,S,25-Jun-2026,14:50:21,103.7,DGCX,S-XOF8012,S-XOF8012,DINR-20260626
9812,1,104.07,1111,DINR,B,26-May-2026,14:50:21,104.07,DGCX,S-XOF8012,S-XOF8012,DINR-20260527
9812,1,103.70,1111,DINR,S,25-Jun-2026,14:50:21,103.7,DGCX,S-XOF8012,S-XOF8012,DINR-20260626
9812,3,104.07,1111,DINR,B,26-May-2026,14:50:21,104.07,DGCX,S-XOF8012,S-XOF8012,DINR-20260527
9812,5,103.640,1111,IUM26,B,25-Jun-2026,14:52:33,103.64,SGX,XOF8012,XOF8012,IUM26
9812,5,103.64,1111,DINR,S,25-Jun-2026,14:52:33,103.64,DGCX,S-XOF8012,S-XOF8012,DINR-20260626
9812,2,103.640,1111,IUM26,B,25-Jun-2026,14:52:33,103.64,SGX,XOF8012,XOF8012,IUM26
9812,3,103.640,1111,IUM26,B,25-Jun-2026,14:52:33,103.64,SGX,XOF8012,XOF8012,IUM26
9812,1,103.64,1111,DINR,S,25-Jun-2026,14:52:33,103.64,DGCX,S-XOF8012,S-XOF8012,DINR-20260626
9817,1,103.64,1111,DINR,B,25-Jun-2026,14:52:33,103.64,DGCX,S-XOF8017,S-XOF8017,DINR-20260626
9812,1,103.64,1111,DINR,S,25-Jun-2026,14:52:33,103.64,DGCX,S-XOF8012,S-XOF8012,DINR-20260626
9817,1,103.640,1111,IUM26,S,25-Jun-2026,14:52:37,103.64,SGX,XOF8017,XOF8017,IUM26
9812,5,103.640,1111,IUM26,S,25-Jun-2026,14:52:37,103.64,SGX,XOF8012,XOF8012,IUM26
9812,3,103.64,1111,DINR,B,25-Jun-2026,14:52:37,103.64,DGCX,S-XOF8012,S-XOF8012,DINR-20260626
9812,3,103.64,1111,DINR,S,25-Jun-2026,14:52:37,103.64,DGCX,S-XOF8012,S-XOF8012,DINR-20260626
9812,4,103.670,1111,IUM26,B,25-Jun-2026,14:54:19,103.67,SGX,XOF8012,XOF8012,IUM26
9812,2,103.68,1111,DINR,S,25-Jun-2026,14:54:19,103.67,DGCX,S-XOF8012,S-XOF8012,DINR-20260626
9812,2,103.68,1111,DINR,B,25-Jun-2026,14:54:19,103.67,DGCX,S-XOF8012,S-XOF8012,DINR-20260626
9812,2,103.67,1111,DINR,S,25-Jun-2026,14:54:19,103.67,DGCX,S-XOF8012,S-XOF8012,DINR-20260626
9819,2,103.67,1111,DINR,B,25-Jun-2026,14:54:19,103.67,DGCX,S-XOF8019,S-XOF8019,DINR-20260626
9812,1,103.670,1111,IUM26,B,25-Jun-2026,14:55:00,103.67,SGX,XOF8012,XOF8012,IUM26
9812,1,103.67,1111,DINR,S,25-Jun-2026,14:55:00,103.67,DGCX,S-XOF8012,S-XOF8012,DINR-20260626
9817,1,103.67,1111,DINR,B,25-Jun-2026,14:55:00,103.67,DGCX,S-XOF8017,S-XOF8017,DINR-20260626
9812,5,103.660,1111,IUM26,B,25-Jun-2026,14:55:22,103.65,SGX,XOF8012,XOF8012,IUM26
9812,5,104.020,1111,IUK26,B,26-May-2026,14:55:22,104.02,SGX,XOF8012,XOF8012,IUK26
9817,1,103.650,1111,IUM26,S,25-Jun-2026,14:55:22,103.65,SGX,XOF8017,XOF8017,IUM26
9812,5,104.03,1111,DINR,S,26-May-2026,14:55:22,104.03,DGCX,S-XOF8012,S-XOF8012,DINR-20260527
9812,5,103.66,1111,DINR,S,25-Jun-2026,14:55:22,103.66,DGCX,S-XOF8012,S-XOF8012,DINR-20260626
9819,5,103.66,1111,DINR,B,25-Jun-2026,14:55:22,103.66,DGCX,S-XOF8019,S-XOF8019,DINR-20260626
9812,5,103.650,1111,IUM26,B,25-Jun-2026,14:56:52,103.66,SGX,XOF8012,XOF8012,IUM26
9812,5,104.030,1111,IUK26,B,26-May-2026,14:56:52,104.03,SGX,XOF8012,XOF8012,IUK26
9812,5,104.04,1111,DINR,S,26-May-2026,14:56:52,104.03,DGCX,S-XOF8012,S-XOF8012,DINR-20260527
9812,5,104.030,1111,IUK26,B,26-May-2026,14:56:52,104.03,SGX,XOF8012,XOF8012,IUK26
9812,1,103.67,1111,DINR,S,25-Jun-2026,14:56:52,103.66,DGCX,S-XOF8012,S-XOF8012,DINR-20260626
9812,1,103.660,1111,IUM26,S,25-Jun-2026,14:56:52,103.66,SGX,XOF8012,XOF8012,IUM26
9812,4,103.660,1111,IUM26,S,25-Jun-2026,14:56:52,103.66,SGX,XOF8012,XOF8012,IUM26
9812,5,104.03,1111,DINR,S,26-May-2026,14:56:52,104.03,DGCX,S-XOF8012,S-XOF8012,DINR-20260527
9812,1,103.66,1111,DINR,B,25-Jun-2026,14:56:52,103.66,DGCX,S-XOF8012,S-XOF8012,DINR-20260626
9812,1,103.66,1111,DINR,S,25-Jun-2026,14:56:52,103.66,DGCX,S-XOF8012,S-XOF8012,DINR-20260626
9812,3,103.66,1111,DINR,B,25-Jun-2026,14:56:52,103.66,DGCX,S-XOF8012,S-XOF8012,DINR-20260626
9812,3,103.66,1111,DINR,S,25-Jun-2026,14:56:52,103.66,DGCX,S-XOF8012,S-XOF8012,DINR-20260626
9819,1,103.67,1111,DINR,S,25-Jun-2026,14:56:56,103.67,DGCX,S-XOF8019,S-XOF8019,DINR-20260626
9812,1,103.67,1111,DINR,B,25-Jun-2026,14:56:56,103.67,DGCX,S-XOF8012,S-XOF8012,DINR-20260626
9819,5,103.65,1111,DINR,S,25-Jun-2026,14:57:26,103.65,DGCX,S-XOF8019,S-XOF8019,DINR-20260626
9819,1,103.65,1111,DINR,S,25-Jun-2026,14:57:26,103.65,DGCX,S-XOF8019,S-XOF8019,DINR-20260626
9816,28,-0.370,1111,IUK26-IUM26,S,26-May-2026,14:58:09,-0.37,SGX,XOF8016,XOF8016,IUK26-IUM26
9816,28,104.050,1111,IUK26,B,26-May-2026,14:58:09,104.04,SGX,XOF8016,XOF8016,IUK26
9816,28,103.680,1111,IUM26,S,25-Jun-2026,14:58:09,103.68,SGX,XOF8016,XOF8016,IUM26
9816,100,-0.370,1111,IUK26-IUM26,S,26-May-2026,14:58:09,-0.37,SGX,XOF8016,XOF8016,IUK26-IUM26
9816,100,104.050,1111,IUK26,B,26-May-2026,14:58:09,104.04,SGX,XOF8016,XOF8016,IUK26
9816,100,103.680,1111,IUM26,S,25-Jun-2026,14:58:09,103.68,SGX,XOF8016,XOF8016,IUM26
9816,52,-0.370,1111,IUK26-IUM26,S,26-May-2026,14:58:09,-0.37,SGX,XOF8016,XOF8016,IUK26-IUM26
9816,52,104.050,1111,IUK26,B,26-May-2026,14:58:09,104.04,SGX,XOF8016,XOF8016,IUK26
9816,52,103.680,1111,IUM26,S,25-Jun-2026,14:58:09,103.68,SGX,XOF8016,XOF8016,IUM26
9819,48,-0.370,1111,IUK26-IUM26,S,26-May-2026,14:58:36,-0.37,SGX,XOF8019,XOF8019,IUK26-IUM26
9819,48,104.040,1111,IUK26,B,26-May-2026,14:58:36,104.04,SGX,XOF8019,XOF8019,IUK26
9819,48,103.670,1111,IUM26,S,25-Jun-2026,14:58:36,103.68,SGX,XOF8019,XOF8019,IUM26
9819,5,-0.370,1111,IUK26-IUM26,S,26-May-2026,14:58:36,-0.37,SGX,XOF8019,XOF8019,IUK26-IUM26
9819,5,104.040,1111,IUK26,B,26-May-2026,14:58:36,104.04,SGX,XOF8019,XOF8019,IUK26
9819,5,103.670,1111,IUM26,S,25-Jun-2026,14:58:36,103.68,SGX,XOF8019,XOF8019,IUM26
9812,87,-0.370,1111,IUK26-IUM26,S,26-May-2026,14:58:50,-0.37,SGX,XOF8012,XOF8012,IUK26-IUM26
9812,87,104.040,1111,IUK26,B,26-May-2026,14:58:50,104.04,SGX,XOF8012,XOF8012,IUK26
9812,87,103.670,1111,IUM26,S,25-Jun-2026,14:58:50,103.67,SGX,XOF8012,XOF8012,IUM26
9812,10,-0.370,1111,IUK26-IUM26,S,26-May-2026,14:58:50,-0.37,SGX,XOF8012,XOF8012,IUK26-IUM26
9812,10,104.040,1111,IUK26,B,26-May-2026,14:58:50,104.04,SGX,XOF8012,XOF8012,IUK26
9812,10,103.670,1111,IUM26,S,25-Jun-2026,14:58:50,103.67,SGX,XOF8012,XOF8012,IUM26
9812,5,104.060,1111,IUK26,S,26-May-2026,14:59:29,104.06,SGX,XOF8012,XOF8012,IUK26
9812,1,104.07,1111,DINR,B,26-May-2026,14:59:29,104.07,DGCX,S-XOF8012,S-XOF8012,DINR-20260527
9812,4,104.07,1111,DINR,B,26-May-2026,14:59:29,104.07,DGCX,S-XOF8012,S-XOF8012,DINR-20260527
9812,3,-0.370,1111,IUK26-IUM26,S,26-May-2026,15:00:53,-0.37,SGX,XOF8012,XOF8012,IUK26-IUM26
9812,3,104.060,1111,IUK26,B,26-May-2026,15:00:53,104.07,SGX,XOF8012,XOF8012,IUK26
9812,3,103.690,1111,IUM26,S,25-Jun-2026,15:00:53,103.69,SGX,XOF8012,XOF8012,IUM26
9812,2,-0.370,1111,IUK26-IUM26,S,26-May-2026,15:00:53,-0.37,SGX,XOF8012,XOF8012,IUK26-IUM26
9812,2,104.060,1111,IUK26,B,26-May-2026,15:00:53,104.07,SGX,XOF8012,XOF8012,IUK26
9812,2,103.690,1111,IUM26,S,25-Jun-2026,15:00:53,103.69,SGX,XOF8012,XOF8012,IUM26
9812,5,-0.370,1111,IUK26-IUM26,S,26-May-2026,15:00:53,-0.37,SGX,XOF8012,XOF8012,IUK26-IUM26
9812,5,104.060,1111,IUK26,B,26-May-2026,15:00:53,104.07,SGX,XOF8012,XOF8012,IUK26
9812,5,103.690,1111,IUM26,S,25-Jun-2026,15:00:53,103.69,SGX,XOF8012,XOF8012,IUM26
9812,10,-0.370,1111,IUK26-IUM26,S,26-May-2026,15:04:52,-0.37,SGX,XOF8012,XOF8012,IUK26-IUM26
9812,10,104.060,1111,IUK26,B,26-May-2026,15:04:52,104.05,SGX,XOF8012,XOF8012,IUK26
9812,10,103.690,1111,IUM26,S,25-Jun-2026,15:04:52,103.69,SGX,XOF8012,XOF8012,IUM26
9812,5,-0.370,1111,IUK26-IUM26,S,26-May-2026,15:05:05,-0.37,SGX,XOF8012,XOF8012,IUK26-IUM26
9812,5,104.050,1111,IUK26,B,26-May-2026,15:05:05,104.05,SGX,XOF8012,XOF8012,IUK26
9812,5,103.680,1111,IUM26,S,25-Jun-2026,15:05:05,103.69,SGX,XOF8012,XOF8012,IUM26
9816,88,-0.380,1111,IUK26-IUM26,B,26-May-2026,15:07:01,-0.38,SGX,XOF8016,XOF8016,IUK26-IUM26
9816,88,104.050,1111,IUK26,S,26-May-2026,15:07:01,104.06,SGX,XOF8016,XOF8016,IUK26
9816,88,103.670,1111,IUM26,B,25-Jun-2026,15:07:01,103.67,SGX,XOF8016,XOF8016,IUM26
9816,10,-0.380,1111,IUK26-IUM26,B,26-May-2026,15:07:50,-0.38,SGX,XOF8016,XOF8016,IUK26-IUM26
9816,10,104.100,1111,IUK26,S,26-May-2026,15:07:50,104.1,SGX,XOF8016,XOF8016,IUK26
9816,10,103.720,1111,IUM26,B,25-Jun-2026,15:07:50,103.72,SGX,XOF8016,XOF8016,IUM26
9816,2,-0.380,1111,IUK26-IUM26,B,26-May-2026,15:13:43,-0.38,SGX,XOF8016,XOF8016,IUK26-IUM26
9816,2,104.080,1111,IUK26,S,26-May-2026,15:13:43,104.08,SGX,XOF8016,XOF8016,IUK26
9816,2,103.700,1111,IUM26,B,25-Jun-2026,15:13:43,103.7,SGX,XOF8016,XOF8016,IUM26
9816,52,-0.380,1111,IUK26-IUM26,S,26-May-2026,15:13:53,-0.38,SGX,XOF8016,XOF8016,IUK26-IUM26
9816,52,104.070,1111,IUK26,B,26-May-2026,15:13:53,104.07,SGX,XOF8016,XOF8016,IUK26
9816,52,103.690,1111,IUM26,S,25-Jun-2026,15:13:53,103.69,SGX,XOF8016,XOF8016,IUM26
9816,28,-0.380,1111,IUK26-IUM26,S,26-May-2026,15:13:53,-0.38,SGX,XOF8016,XOF8016,IUK26-IUM26
9816,28,104.070,1111,IUK26,B,26-May-2026,15:13:53,104.07,SGX,XOF8016,XOF8016,IUK26
9816,28,103.690,1111,IUM26,S,25-Jun-2026,15:13:53,103.69,SGX,XOF8016,XOF8016,IUM26
9816,20,-0.380,1111,IUK26-IUM26,S,26-May-2026,15:13:54,-0.38,SGX,XOF8016,XOF8016,IUK26-IUM26
9816,20,104.070,1111,IUK26,B,26-May-2026,15:13:54,104.07,SGX,XOF8016,XOF8016,IUK26
9816,20,103.690,1111,IUM26,S,25-Jun-2026,15:13:54,103.69,SGX,XOF8016,XOF8016,IUM26
9812,3,0.38,1111,DINR,B,27-May-2026,15:14:02,0.38,DGCX,S-XOF8012,S-XOF8012,DINR-20260527-20260626
9812,3,104.07,1111,DINR,B,26-May-2026,15:14:02,104.07,DGCX,S-XOF8012,S-XOF8012,DINR-20260527
9812,3,103.69,1111,DINR,S,25-Jun-2026,15:14:02,103.69,DGCX,S-XOF8012,S-XOF8012,DINR-20260626
9812,25,0.38,1111,DINR,B,27-May-2026,15:14:02,0.38,DGCX,S-XOF8012,S-XOF8012,DINR-20260527-20260626
9812,25,104.07,1111,DINR,B,26-May-2026,15:14:02,104.07,DGCX,S-XOF8012,S-XOF8012,DINR-20260527
9812,25,103.69,1111,DINR,S,25-Jun-2026,15:14:02,103.69,DGCX,S-XOF8012,S-XOF8012,DINR-20260626
9812,20,0.38,1111,DINR,B,27-May-2026,15:14:02,0.38,DGCX,S-XOF8012,S-XOF8012,DINR-20260527-20260626
9812,20,103.69,1111,DINR,S,25-Jun-2026,15:14:02,103.69,DGCX,S-XOF8012,S-XOF8012,DINR-20260626
9812,20,104.07,1111,DINR,B,26-May-2026,15:14:02,104.07,DGCX,S-XOF8012,S-XOF8012,DINR-20260527
9812,4,0.38,1111,DINR,B,27-May-2026,15:14:04,0.38,DGCX,S-XOF8012,S-XOF8012,DINR-20260527-20260626
9812,4,104.08,1111,DINR,B,26-May-2026,15:14:04,104.08,DGCX,S-XOF8012,S-XOF8012,DINR-20260527
9812,4,103.70,1111,DINR,S,25-Jun-2026,15:14:04,103.7,DGCX,S-XOF8012,S-XOF8012,DINR-20260626
9812,18,-0.380,1111,IUK26-IUM26,S,26-May-2026,15:14:33,-0.38,SGX,XOF8012,XOF8012,IUK26-IUM26
9812,18,104.060,1111,IUK26,B,26-May-2026,15:14:33,104.07,SGX,XOF8012,XOF8012,IUK26
9812,18,103.680,1111,IUM26,S,25-Jun-2026,15:14:33,103.68,SGX,XOF8012,XOF8012,IUM26
9812,8,-0.380,1111,IUK26-IUM26,S,26-May-2026,15:14:41,-0.38,SGX,XOF8012,XOF8012,IUK26-IUM26
9812,8,104.060,1111,IUK26,B,26-May-2026,15:14:41,104.06,SGX,XOF8012,XOF8012,IUK26
9812,8,103.680,1111,IUM26,S,25-Jun-2026,15:14:41,103.68,SGX,XOF8012,XOF8012,IUM26
9812,5,104.080,1111,IUK26,S,26-May-2026,15:19:48,104.08,SGX,XOF8012,XOF8012,IUK26
9812,5,104.09,1111,DINR,B,26-May-2026,15:19:48,104.09,DGCX,S-XOF8012,S-XOF8012,DINR-20260527
9812,5,103.710,1111,IUM26,S,25-Jun-2026,15:19:48,103.71,SGX,XOF8012,XOF8012,IUM26
9812,5,103.72,1111,DINR,B,25-Jun-2026,15:19:48,103.72,DGCX,S-XOF8012,S-XOF8012,DINR-20260626
9816,32,-0.370,1111,IUK26-IUM26,S,26-May-2026,15:19:56,-0.37,SGX,XOF8016,XOF8016,IUK26-IUM26
9816,32,104.070,1111,IUK26,B,26-May-2026,15:19:56,104.08,SGX,XOF8016,XOF8016,IUK26
9816,32,103.700,1111,IUM26,S,25-Jun-2026,15:19:56,103.71,SGX,XOF8016,XOF8016,IUM26
9816,50,-0.370,1111,IUK26-IUM26,S,26-May-2026,15:21:23,-0.37,SGX,XOF8016,XOF8016,IUK26-IUM26
9816,50,104.060,1111,IUK26,B,26-May-2026,15:21:23,104.06,SGX,XOF8016,XOF8016,IUK26
9816,50,103.690,1111,IUM26,S,25-Jun-2026,15:21:23,103.69,SGX,XOF8016,XOF8016,IUM26
9816,8,-0.370,1111,IUK26-IUM26,S,26-May-2026,15:21:30,-0.37,SGX,XOF8016,XOF8016,IUK26-IUM26
9816,8,104.060,1111,IUK26,B,26-May-2026,15:21:30,104.07,SGX,XOF8016,XOF8016,IUK26
9816,8,103.690,1111,IUM26,S,25-Jun-2026,15:21:30,103.7,SGX,XOF8016,XOF8016,IUM26
9816,24,-0.370,1111,IUK26-IUM26,S,26-May-2026,15:25:30,-0.37,SGX,XOF8016,XOF8016,IUK26-IUM26
9816,24,104.110,1111,IUK26,B,26-May-2026,15:25:30,104.11,SGX,XOF8016,XOF8016,IUK26
9816,24,103.740,1111,IUM26,S,25-Jun-2026,15:25:30,103.74,SGX,XOF8016,XOF8016,IUM26
9816,30,-0.370,1111,IUK26-IUM26,S,26-May-2026,15:25:52,-0.37,SGX,XOF8016,XOF8016,IUK26-IUM26
9816,30,104.110,1111,IUK26,B,26-May-2026,15:25:52,104.13,SGX,XOF8016,XOF8016,IUK26
9816,30,103.740,1111,IUM26,S,25-Jun-2026,15:25:52,103.75,SGX,XOF8016,XOF8016,IUM26
9812,5,103.750,1111,IUM26,S,25-Jun-2026,15:25:52,103.75,SGX,XOF8012,XOF8012,IUM26
9812,5,103.76,1111,DINR,B,25-Jun-2026,15:25:52,103.76,DGCX,S-XOF8012,S-XOF8012,DINR-20260626
9816,2,-0.370,1111,IUK26-IUM26,B,26-May-2026,15:26:19,-0.37,SGX,XOF8016,XOF8016,IUK26-IUM26
9816,2,104.140,1111,IUK26,S,26-May-2026,15:26:19,104.14,SGX,XOF8016,XOF8016,IUK26
9816,2,103.770,1111,IUM26,B,25-Jun-2026,15:26:19,103.77,SGX,XOF8016,XOF8016,IUM26
9816,22,-0.370,1111,IUK26-IUM26,B,26-May-2026,15:31:51,-0.37,SGX,XOF8016,XOF8016,IUK26-IUM26
9816,22,104.130,1111,IUK26,S,26-May-2026,15:31:51,104.14,SGX,XOF8016,XOF8016,IUK26
9816,22,103.760,1111,IUM26,B,25-Jun-2026,15:31:51,103.76,SGX,XOF8016,XOF8016,IUM26
9812,1,103.800,1111,IUM26,S,25-Jun-2026,15:32:49,103.8,SGX,XOF8012,XOF8012,IUM26
9812,1,103.80,1111,DINR,B,25-Jun-2026,15:32:49,103.8,DGCX,S-XOF8012,S-XOF8012,DINR-20260626
9812,5,104.170,1111,IUK26,S,26-May-2026,15:32:49,104.16,SGX,XOF8012,XOF8012,IUK26
9812,4,103.800,1111,IUM26,S,25-Jun-2026,15:32:49,103.8,SGX,XOF8012,XOF8012,IUM26
9816,4,-0.370,1111,IUK26-IUM26,B,26-May-2026,15:32:49,-0.37,SGX,XOF8016,XOF8016,IUK26-IUM26
9816,4,104.170,1111,IUK26,S,26-May-2026,15:32:49,104.16,SGX,XOF8016,XOF8016,IUK26
9816,4,103.800,1111,IUM26,B,25-Jun-2026,15:32:49,103.8,SGX,XOF8016,XOF8016,IUM26
9812,5,104.17,1111,DINR,B,26-May-2026,15:32:49,104.17,DGCX,S-XOF8012,S-XOF8012,DINR-20260527
9812,4,103.80,1111,DINR,B,25-Jun-2026,15:32:49,103.8,DGCX,S-XOF8012,S-XOF8012,DINR-20260626
9812,3,103.800,1111,IUM26,S,25-Jun-2026,15:32:51,103.8,SGX,XOF8012,XOF8012,IUM26
9816,3,-0.370,1111,IUK26-IUM26,B,26-May-2026,15:32:51,-0.37,SGX,XOF8016,XOF8016,IUK26-IUM26
9816,3,104.170,1111,IUK26,S,26-May-2026,15:32:51,104.17,SGX,XOF8016,XOF8016,IUK26
9816,3,103.800,1111,IUM26,B,25-Jun-2026,15:32:51,103.8,SGX,XOF8016,XOF8016,IUM26
9812,3,103.80,1111,DINR,B,25-Jun-2026,15:32:50,103.8,DGCX,S-XOF8012,S-XOF8012,DINR-20260626
9812,2,103.800,1111,IUM26,S,25-Jun-2026,15:32:51,103.8,SGX,XOF8012,XOF8012,IUM26
9816,2,-0.370,1111,IUK26-IUM26,B,26-May-2026,15:32:51,-0.37,SGX,XOF8016,XOF8016,IUK26-IUM26
9816,2,104.170,1111,IUK26,S,26-May-2026,15:32:51,104.17,SGX,XOF8016,XOF8016,IUK26
9816,2,103.800,1111,IUM26,B,25-Jun-2026,15:32:51,103.8,SGX,XOF8016,XOF8016,IUM26
9812,2,103.80,1111,DINR,B,25-Jun-2026,15:32:51,103.8,DGCX,S-XOF8012,S-XOF8012,DINR-20260626
9812,2,103.800,1111,IUM26,S,25-Jun-2026,15:32:53,103.8,SGX,XOF8012,XOF8012,IUM26
9816,2,-0.370,1111,IUK26-IUM26,B,26-May-2026,15:32:53,-0.37,SGX,XOF8016,XOF8016,IUK26-IUM26
9816,2,104.170,1111,IUK26,S,26-May-2026,15:32:53,104.18,SGX,XOF8016,XOF8016,IUK26
9816,2,103.800,1111,IUM26,B,25-Jun-2026,15:32:53,103.8,SGX,XOF8016,XOF8016,IUM26
9812,2,103.80,1111,DINR,B,25-Jun-2026,15:32:52,103.8,DGCX,S-XOF8012,S-XOF8012,DINR-20260626
9812,3,103.800,1111,IUM26,S,25-Jun-2026,15:32:53,103.8,SGX,XOF8012,XOF8012,IUM26
9816,3,-0.370,1111,IUK26-IUM26,B,26-May-2026,15:32:53,-0.37,SGX,XOF8016,XOF8016,IUK26-IUM26
9816,3,104.170,1111,IUK26,S,26-May-2026,15:32:53,104.18,SGX,XOF8016,XOF8016,IUK26
9816,3,103.800,1111,IUM26,B,25-Jun-2026,15:32:53,103.8,SGX,XOF8016,XOF8016,IUM26
9812,5,103.800,1111,IUM26,S,25-Jun-2026,15:32:53,103.8,SGX,XOF8012,XOF8012,IUM26
9816,5,-0.370,1111,IUK26-IUM26,B,26-May-2026,15:32:53,-0.37,SGX,XOF8016,XOF8016,IUK26-IUM26
9816,5,104.170,1111,IUK26,S,26-May-2026,15:32:53,104.18,SGX,XOF8016,XOF8016,IUK26
9816,5,103.800,1111,IUM26,B,25-Jun-2026,15:32:53,103.8,SGX,XOF8016,XOF8016,IUM26
9812,3,103.80,1111,DINR,B,25-Jun-2026,15:32:53,103.8,DGCX,S-XOF8012,S-XOF8012,DINR-20260626
9812,5,103.80,1111,DINR,B,25-Jun-2026,15:32:53,103.8,DGCX,S-XOF8012,S-XOF8012,DINR-20260626
9816,1,-0.370,1111,IUK26-IUM26,B,26-May-2026,15:32:53,-0.37,SGX,XOF8016,XOF8016,IUK26-IUM26
9816,1,104.170,1111,IUK26,S,26-May-2026,15:32:53,104.18,SGX,XOF8016,XOF8016,IUK26
9816,1,103.800,1111,IUM26,B,25-Jun-2026,15:32:53,103.8,SGX,XOF8016,XOF8016,IUM26
9812,5,103.800,1111,IUM26,S,25-Jun-2026,15:32:53,103.8,SGX,XOF8012,XOF8012,IUM26
9812,5,103.80,1111,DINR,B,25-Jun-2026,15:32:53,103.8,DGCX,S-XOF8012,S-XOF8012,DINR-20260626
9812,5,103.800,1111,IUM26,S,25-Jun-2026,15:32:53,103.8,SGX,XOF8012,XOF8012,IUM26
9812,5,103.80,1111,DINR,B,25-Jun-2026,15:32:53,103.8,DGCX,S-XOF8012,S-XOF8012,DINR-20260626
9812,5,104.200,1111,IUK26,S,26-May-2026,15:37:08,104.2,SGX,XOF8012,XOF8012,IUK26
9812,1,104.21,1111,DINR,B,26-May-2026,15:37:08,104.21,DGCX,S-XOF8012,S-XOF8012,DINR-20260527
9812,4,104.21,1111,DINR,B,26-May-2026,15:37:08,104.21,DGCX,S-XOF8012,S-XOF8012,DINR-20260527
9812,5,104.200,1111,IUK26,S,26-May-2026,15:37:08,104.2,SGX,XOF8012,XOF8012,IUK26
9812,5,104.21,1111,DINR,B,26-May-2026,15:37:08,104.21,DGCX,S-XOF8012,S-XOF8012,DINR-20260527
9812,5,104.200,1111,IUK26,S,26-May-2026,15:37:08,104.2,SGX,XOF8012,XOF8012,IUK26
9812,5,104.21,1111,DINR,B,26-May-2026,15:37:08,104.21,DGCX,S-XOF8012,S-XOF8012,DINR-20260527
9812,5,104.200,1111,IUK26,S,26-May-2026,15:37:08,104.2,SGX,XOF8012,XOF8012,IUK26
9812,5,104.21,1111,DINR,B,26-May-2026,15:37:09,104.21,DGCX,S-XOF8012,S-XOF8012,DINR-20260527
9812,5,104.230,1111,IUK26,S,26-May-2026,15:43:11,104.23,SGX,XOF8012,XOF8012,IUK26
9812,5,104.24,1111,DINR,B,26-May-2026,15:43:11,104.24,DGCX,S-XOF8012,S-XOF8012,DINR-20260527
9816,9,-0.380,1111,IUK26-IUM26,B,26-May-2026,15:43:47,-0.38,SGX,XOF8016,XOF8016,IUK26-IUM26
9816,9,104.230,1111,IUK26,S,26-May-2026,15:43:47,104.22,SGX,XOF8016,XOF8016,IUK26
9816,9,103.850,1111,IUM26,B,25-Jun-2026,15:43:47,103.85,SGX,XOF8016,XOF8016,IUM26
9816,10,-0.380,1111,IUK26-IUM26,B,26-May-2026,15:46:15,-0.38,SGX,XOF8016,XOF8016,IUK26-IUM26
9816,10,104.250,1111,IUK26,S,26-May-2026,15:46:15,104.25,SGX,XOF8016,XOF8016,IUK26
9816,10,103.870,1111,IUM26,B,25-Jun-2026,15:46:15,103.87,SGX,XOF8016,XOF8016,IUM26
9812,5,103.890,1111,IUM26,S,25-Jun-2026,15:53:48,103.89,SGX,XOF8012,XOF8012,IUM26
9812,1,103.89,1111,DINR,B,25-Jun-2026,15:53:48,103.89,DGCX,S-XOF8012,S-XOF8012,DINR-20260626
9812,4,103.90,1111,DINR,B,25-Jun-2026,15:53:54,103.89,DGCX,S-XOF8012,S-XOF8012,DINR-20260626
9812,5,104.270,1111,IUK26,S,26-May-2026,15:55:52,104.26,SGX,XOF8012,XOF8012,IUK26
9812,1,104.28,1111,DINR,B,26-May-2026,15:55:52,104.28,DGCX,S-XOF8012,S-XOF8012,DINR-20260527
9812,4,104.28,1111,DINR,B,26-May-2026,15:55:52,104.28,DGCX,S-XOF8012,S-XOF8012,DINR-20260527
9812,1,104.280,1111,IUK26,S,26-May-2026,16:00:37,104.28,SGX,XOF8012,XOF8012,IUK26
9812,1,104.28,1111,DINR,B,26-May-2026,16:00:37,104.28,DGCX,S-XOF8012,S-XOF8012,DINR-20260527
9812,4,104.280,1111,IUK26,S,26-May-2026,16:00:42,104.28,SGX,XOF8012,XOF8012,IUK26
9812,4,104.29,1111,DINR,B,26-May-2026,16:00:42,104.29,DGCX,S-XOF8012,S-XOF8012,DINR-20260527
9813,4,-0.360,1111,IUM26-IUN26,S,26-Jun-2026,16:01:18,-0.36,SGX,XOF8013,XOF8013,IUM26-IUN26
9813,4,103.910,1111,IUM26,B,25-Jun-2026,16:01:18,103.91,SGX,XOF8013,XOF8013,IUM26
9813,4,103.550,1111,IUN26,S,29-Jul-2026,16:01:18,103.55,SGX,XOF8013,XOF8013,IUN26
9812,5,104.290,1111,IUK26,S,26-May-2026,16:03:31,104.3,SGX,XOF8012,XOF8012,IUK26
9812,5,104.30,1111,DINR,B,26-May-2026,16:03:31,104.31,DGCX,S-XOF8012,S-XOF8012,DINR-20260527
9812,5,104.300,1111,IUK26,S,26-May-2026,16:03:31,104.3,SGX,XOF8012,XOF8012,IUK26
9812,1,104.30,1111,DINR,B,26-May-2026,16:03:31,104.31,DGCX,S-XOF8012,S-XOF8012,DINR-20260527
9812,1,104.30,1111,DINR,B,26-May-2026,16:03:31,104.31,DGCX,S-XOF8012,S-XOF8012,DINR-20260527
9812,3,104.31,1111,DINR,B,26-May-2026,16:03:31,104.31,DGCX,S-XOF8012,S-XOF8012,DINR-20260527
9812,5,104.300,1111,IUK26,S,26-May-2026,16:04:10,104.3,SGX,XOF8012,XOF8012,IUK26
9812,5,104.31,1111,DINR,B,26-May-2026,16:04:10,104.31,DGCX,S-XOF8012,S-XOF8012,DINR-20260527
9812,5,104.310,1111,IUK26,S,26-May-2026,16:04:30,104.3,SGX,XOF8012,XOF8012,IUK26
9812,2,104.32,1111,DINR,B,26-May-2026,16:04:30,104.32,DGCX,S-XOF8012,S-XOF8012,DINR-20260527
9812,3,104.32,1111,DINR,B,26-May-2026,16:04:30,104.32,DGCX,S-XOF8012,S-XOF8012,DINR-20260527
9816,10,-0.370,1111,IUK26-IUM26,S,26-May-2026,16:13:13,-0.37,SGX,XOF8016,XOF8016,IUK26-IUM26
9816,10,104.290,1111,IUK26,B,26-May-2026,16:13:13,104.29,SGX,XOF8016,XOF8016,IUK26
9816,10,103.920,1111,IUM26,S,25-Jun-2026,16:13:13,103.92,SGX,XOF8016,XOF8016,IUM26
9812,4,103.980,1111,IUM26,S,25-Jun-2026,16:15:13,103.98,SGX,XOF8012,XOF8012,IUM26
9812,1,103.980,1111,IUM26,S,25-Jun-2026,16:15:13,103.98,SGX,XOF8012,XOF8012,IUM26
9812,1,103.99,1111,DINR,B,25-Jun-2026,16:15:13,103.99,DGCX,S-XOF8012,S-XOF8012,DINR-20260626
9812,1,103.99,1111,DINR,B,25-Jun-2026,16:15:13,103.99,DGCX,S-XOF8012,S-XOF8012,DINR-20260626
9812,1,103.99,1111,DINR,B,25-Jun-2026,16:15:14,103.99,DGCX,S-XOF8012,S-XOF8012,DINR-20260626
9812,1,103.99,1111,DINR,B,25-Jun-2026,16:15:14,103.99,DGCX,S-XOF8012,S-XOF8012,DINR-20260626
9812,1,103.99,1111,DINR,B,25-Jun-2026,16:15:15,103.99,DGCX,S-XOF8012,S-XOF8012,DINR-20260626
9813,4,-0.360,1111,IUM26-IUN26,S,26-Jun-2026,16:16:10,-0.36,SGX,XOF8013,XOF8013,IUM26-IUN26
9813,4,104.030,1111,IUM26,B,25-Jun-2026,16:16:10,104.03,SGX,XOF8013,XOF8013,IUM26
9813,4,103.670,1111,IUN26,S,29-Jul-2026,16:16:10,103.67,SGX,XOF8013,XOF8013,IUN26
9813,1,-0.360,1111,IUM26-IUN26,S,26-Jun-2026,16:18:47,-0.36,SGX,XOF8013,XOF8013,IUM26-IUN26
9813,1,104.000,1111,IUM26,B,25-Jun-2026,16:18:47,104,SGX,XOF8013,XOF8013,IUM26
9813,1,103.640,1111,IUN26,S,29-Jul-2026,16:18:47,103.64,SGX,XOF8013,XOF8013,IUN26
9816,1,-0.370,1111,IUK26-IUM26,S,26-May-2026,16:18:47,-0.37,SGX,XOF8016,XOF8016,IUK26-IUM26
9816,1,104.370,1111,IUK26,B,26-May-2026,16:18:47,104.37,SGX,XOF8016,XOF8016,IUK26
9816,1,104.000,1111,IUM26,S,25-Jun-2026,16:18:47,104,SGX,XOF8016,XOF8016,IUM26
9816,10,-0.370,1111,IUK26-IUM26,S,26-May-2026,16:19:20,-0.37,SGX,XOF8016,XOF8016,IUK26-IUM26
9816,10,104.370,1111,IUK26,B,26-May-2026,16:19:20,104.38,SGX,XOF8016,XOF8016,IUK26
9816,10,104.000,1111,IUM26,S,25-Jun-2026,16:19:20,104,SGX,XOF8016,XOF8016,IUM26
9812,5,104.350,1111,IUK26,B,26-May-2026,16:19:55,104.35,SGX,XOF8012,XOF8012,IUK26
9816,4,-0.370,1111,IUK26-IUM26,S,26-May-2026,16:19:55,-0.37,SGX,XOF8016,XOF8016,IUK26-IUM26
9816,4,104.350,1111,IUK26,B,26-May-2026,16:19:55,104.35,SGX,XOF8016,XOF8016,IUK26
9816,4,103.980,1111,IUM26,S,25-Jun-2026,16:19:55,103.98,SGX,XOF8016,XOF8016,IUM26
9816,29,-0.370,1111,IUK26-IUM26,S,26-May-2026,16:19:55,-0.37,SGX,XOF8016,XOF8016,IUK26-IUM26
9816,29,104.350,1111,IUK26,B,26-May-2026,16:19:55,104.35,SGX,XOF8016,XOF8016,IUK26
9816,29,103.980,1111,IUM26,S,25-Jun-2026,16:19:55,103.98,SGX,XOF8016,XOF8016,IUM26
9816,4,-0.370,1111,IUK26-IUM26,S,26-May-2026,16:19:55,-0.37,SGX,XOF8016,XOF8016,IUK26-IUM26
9816,4,104.350,1111,IUK26,B,26-May-2026,16:19:55,104.35,SGX,XOF8016,XOF8016,IUK26
9816,4,103.980,1111,IUM26,S,25-Jun-2026,16:19:55,103.98,SGX,XOF8016,XOF8016,IUM26
9812,1,104.36,1111,DINR,S,26-May-2026,16:19:55,104.36,DGCX,S-XOF8012,S-XOF8012,DINR-20260527
9816,14,-0.370,1111,IUK26-IUM26,S,26-May-2026,16:19:59,-0.37,SGX,XOF8016,XOF8016,IUK26-IUM26
9816,14,104.340,1111,IUK26,B,26-May-2026,16:19:59,104.34,SGX,XOF8016,XOF8016,IUK26
9816,14,103.970,1111,IUM26,S,25-Jun-2026,16:19:59,103.97,SGX,XOF8016,XOF8016,IUM26
9813,5,-0.360,1111,IUM26-IUN26,S,26-Jun-2026,16:20:03,-0.36,SGX,XOF8013,XOF8013,IUM26-IUN26
9813,5,103.980,1111,IUM26,B,25-Jun-2026,16:20:03,103.98,SGX,XOF8013,XOF8013,IUM26
9813,5,103.620,1111,IUN26,S,29-Jul-2026,16:20:03,103.62,SGX,XOF8013,XOF8013,IUN26
9812,4,104.35,1111,DINR,S,26-May-2026,16:20:05,104.35,DGCX,S-XOF8012,S-XOF8012,DINR-20260527
9812,5,104.020,1111,IUM26,S,25-Jun-2026,16:21:18,104.02,SGX,XOF8012,XOF8012,IUM26
9816,20,-0.370,1111,IUK26-IUM26,S,26-May-2026,16:21:25,-0.37,SGX,XOF8016,XOF8016,IUK26-IUM26
9816,20,104.390,1111,IUK26,B,26-May-2026,16:21:25,104.4,SGX,XOF8016,XOF8016,IUK26
9816,20,104.020,1111,IUM26,S,25-Jun-2026,16:21:25,104.02,SGX,XOF8016,XOF8016,IUM26
9816,8,-0.370,1111,IUK26-IUM26,S,26-May-2026,16:21:25,-0.37,SGX,XOF8016,XOF8016,IUK26-IUM26
9816,8,104.390,1111,IUK26,B,26-May-2026,16:21:25,104.4,SGX,XOF8016,XOF8016,IUK26
9816,8,104.020,1111,IUM26,S,25-Jun-2026,16:21:25,104.02,SGX,XOF8016,XOF8016,IUM26
9812,2,104.05,1111,DINR,B,25-Jun-2026,16:24:02,104.05,DGCX,S-XOF8012,S-XOF8012,DINR-20260626
9812,1,104.05,1111,DINR,B,25-Jun-2026,16:25:00,104.05,DGCX,S-XOF8012,S-XOF8012,DINR-20260626
9812,5,104.100,1111,IUM26,B,25-Jun-2026,16:27:27,104.1,SGX,XOF8012,XOF8012,IUM26
9812,2,104.11,1111,DINR,S,25-Jun-2026,16:27:27,104.1,DGCX,S-XOF8012,S-XOF8012,DINR-20260626
9812,2,104.11,1111,DINR,B,25-Jun-2026,16:27:27,104.1,DGCX,S-XOF8012,S-XOF8012,DINR-20260626
9812,3,104.10,1111,DINR,S,25-Jun-2026,16:27:27,104.1,DGCX,S-XOF8012,S-XOF8012,DINR-20260626
9812,5,104.460,1111,IUK26,B,26-May-2026,16:27:29,104.46,SGX,XOF8012,XOF8012,IUK26
9812,5,104.090,1111,IUM26,B,25-Jun-2026,16:27:29,104.09,SGX,XOF8012,XOF8012,IUM26
9812,1,104.48,1111,DINR,S,26-May-2026,16:27:29,104.48,DGCX,S-XOF8012,S-XOF8012,DINR-20260527
9812,5,104.09,1111,DINR,S,25-Jun-2026,16:27:29,104.09,DGCX,S-XOF8012,S-XOF8012,DINR-20260626
9812,4,104.47,1111,DINR,S,26-May-2026,16:27:32,104.48,DGCX,S-XOF8012,S-XOF8012,DINR-20260527
9812,5,104.110,1111,IUM26,S,25-Jun-2026,16:27:33,104.12,SGX,XOF8012,XOF8012,IUM26
9812,1,104.12,1111,DINR,B,25-Jun-2026,16:27:33,104.12,DGCX,S-XOF8012,S-XOF8012,DINR-20260626
9812,1,104.12,1111,DINR,B,25-Jun-2026,16:27:33,104.12,DGCX,S-XOF8012,S-XOF8012,DINR-20260626
9812,3,104.12,1111,DINR,B,25-Jun-2026,16:27:38,104.12,DGCX,S-XOF8012,S-XOF8012,DINR-20260626
9812,1,104.130,1111,IUM26,S,25-Jun-2026,16:28:25,104.13,SGX,XOF8012,XOF8012,IUM26
9812,1,104.130,1111,IUM26,S,25-Jun-2026,16:28:25,104.13,SGX,XOF8012,XOF8012,IUM26
9812,3,104.130,1111,IUM26,S,25-Jun-2026,16:28:25,104.13,SGX,XOF8012,XOF8012,IUM26
9812,1,104.14,1111,DINR,B,25-Jun-2026,16:28:26,104.14,DGCX,S-XOF8012,S-XOF8012,DINR-20260626
9812,1,104.14,1111,DINR,B,25-Jun-2026,16:28:26,104.14,DGCX,S-XOF8012,S-XOF8012,DINR-20260626
9812,2,104.120,1111,IUM26,B,25-Jun-2026,16:28:52,104.12,SGX,XOF8012,XOF8012,IUM26
9812,2,104.14,1111,DINR,S,25-Jun-2026,16:28:52,104.14,DGCX,S-XOF8012,S-XOF8012,DINR-20260626
9812,2,104.14,1111,DINR,B,25-Jun-2026,16:28:52,104.14,DGCX,S-XOF8012,S-XOF8012,DINR-20260626
9812,1,104.14,1111,DINR,B,25-Jun-2026,16:28:54,104.14,DGCX,S-XOF8012,S-XOF8012,DINR-20260626
9812,3,104.120,1111,IUM26,B,25-Jun-2026,16:29:02,104.12,SGX,XOF8012,XOF8012,IUM26
9812,1,104.12,1111,DINR,S,25-Jun-2026,16:29:02,104.11,DGCX,S-XOF8012,S-XOF8012,DINR-20260626
9812,1,104.11,1111,DINR,S,25-Jun-2026,16:29:02,104.11,DGCX,S-XOF8012,S-XOF8012,DINR-20260626
9812,1,104.11,1111,DINR,S,25-Jun-2026,16:29:02,104.11,DGCX,S-XOF8012,S-XOF8012,DINR-20260626
9819,1,104.11,1111,DINR,B,25-Jun-2026,16:29:02,104.11,DGCX,S-XOF8019,S-XOF8019,DINR-20260626
9819,1,104.110,1111,IUM26,S,25-Jun-2026,16:29:02,104.11,SGX,XOF8019,XOF8019,IUM26
9812,5,104.110,1111,IUM26,B,25-Jun-2026,16:29:21,104.11,SGX,XOF8012,XOF8012,IUM26
9812,2,104.11,1111,DINR,S,25-Jun-2026,16:29:21,104.1,DGCX,S-XOF8012,S-XOF8012,DINR-20260626
9812,3,104.10,1111,DINR,S,25-Jun-2026,16:29:21,104.1,DGCX,S-XOF8012,S-XOF8012,DINR-20260626
9812,5,104.130,1111,IUM26,S,25-Jun-2026,16:29:22,104.14,SGX,XOF8012,XOF8012,IUM26
9812,5,104.14,1111,DINR,B,25-Jun-2026,16:30:01,104.14,DGCX,S-XOF8012,S-XOF8012,DINR-20260626
9812,1,104.480,1111,IUK26,B,26-May-2026,16:31:41,104.48,SGX,XOF8012,XOF8012,IUK26
9812,1,104.50,1111,DINR,S,26-May-2026,16:31:41,104.5,DGCX,S-XOF8012,S-XOF8012,DINR-20260527
9812,3,104.480,1111,IUK26,B,26-May-2026,16:31:44,104.48,SGX,XOF8012,XOF8012,IUK26
9812,1,104.480,1111,IUK26,B,26-May-2026,16:31:44,104.48,SGX,XOF8012,XOF8012,IUK26
9812,5,104.480,1111,IUK26,B,26-May-2026,16:31:44,104.48,SGX,XOF8012,XOF8012,IUK26
9812,1,104.50,1111,DINR,S,26-May-2026,16:31:44,104.5,DGCX,S-XOF8012,S-XOF8012,DINR-20260527
9812,4,104.100,1111,IUM26,B,25-Jun-2026,16:31:50,104.1,SGX,XOF8012,XOF8012,IUM26
9812,1,104.100,1111,IUM26,B,25-Jun-2026,16:31:50,104.1,SGX,XOF8012,XOF8012,IUM26
9812,3,104.10,1111,DINR,S,25-Jun-2026,16:31:50,104.1,DGCX,S-XOF8012,S-XOF8012,DINR-20260626
9812,1,104.10,1111,DINR,S,25-Jun-2026,16:31:50,104.1,DGCX,S-XOF8012,S-XOF8012,DINR-20260626
9812,1,104.10,1111,DINR,S,25-Jun-2026,16:31:50,104.1,DGCX,S-XOF8012,S-XOF8012,DINR-20260626
9812,1,104.090,1111,IUM26,B,25-Jun-2026,16:32:12,104.09,SGX,XOF8012,XOF8012,IUM26
9812,4,104.090,1111,IUM26,B,25-Jun-2026,16:32:12,104.09,SGX,XOF8012,XOF8012,IUM26
9812,1,104.09,1111,DINR,S,25-Jun-2026,16:32:12,104.09,DGCX,S-XOF8012,S-XOF8012,DINR-20260626
9812,4,104.09,1111,DINR,S,25-Jun-2026,16:32:12,104.09,DGCX,S-XOF8012,S-XOF8012,DINR-20260626
9819,4,104.09,1111,DINR,B,25-Jun-2026,16:32:12,104.09,DGCX,S-XOF8019,S-XOF8019,DINR-20260626
9819,3,104.090,1111,IUM26,S,25-Jun-2026,16:32:49,104.09,SGX,XOF8019,XOF8019,IUM26
9812,5,104.42,1111,DINR,S,26-May-2026,16:34:13,104.42,DGCX,S-XOF8012,S-XOF8012,DINR-20260527
9819,4,-0.360,1111,IUK26-IUM26,S,26-May-2026,16:34:17,-0.36,SGX,XOF8019,XOF8019,IUK26-IUM26
9819,4,104.410,1111,IUK26,B,26-May-2026,16:34:17,104.42,SGX,XOF8019,XOF8019,IUK26
9819,4,104.050,1111,IUM26,S,25-Jun-2026,16:34:17,104.06,SGX,XOF8019,XOF8019,IUM26
9819,1,104.050,1111,IUM26,S,25-Jun-2026,16:34:21,104.05,SGX,XOF8019,XOF8019,IUM26
9819,1,-0.360,1111,IUK26-IUM26,S,26-May-2026,16:50:58,-0.36,SGX,XOF8019,XOF8019,IUK26-IUM26
9819,1,104.370,1111,IUK26,B,26-May-2026,16:50:58,104.37,SGX,XOF8019,XOF8019,IUK26
9819,1,104.010,1111,IUM26,S,25-Jun-2026,16:50:58,104.02,SGX,XOF8019,XOF8019,IUM26
9819,5,-0.360,1111,IUK26-IUM26,B,26-May-2026,17:20:00,-0.36,SGX,XOF8019,XOF8019,IUK26-IUM26
9819,5,103.960,1111,IUM26,B,25-Jun-2026,17:20:00,103.96,SGX,XOF8019,XOF8019,IUM26
9819,5,104.320,1111,IUK26,S,26-May-2026,17:20:00,104.33,SGX,XOF8019,XOF8019,IUK26
9813,5,-0.360,1111,IUK26-IUM26,S,26-May-2026,17:20:00,-0.36,SGX,XOF8013,XOF8013,IUK26-IUM26
9813,5,103.960,1111,IUM26,S,25-Jun-2026,17:20:00,103.96,SGX,XOF8013,XOF8013,IUM26
9813,5,104.320,1111,IUK26,B,26-May-2026,17:20:00,104.33,SGX,XOF8013,XOF8013,IUK26
9813,1,-0.350,1111,IUK26-IUM26,S,26-May-2026,17:20:00,-0.36,SGX,XOF8013,XOF8013,IUK26-IUM26
9813,1,104.320,1111,IUK26,B,26-May-2026,17:20:00,104.33,SGX,XOF8013,XOF8013,IUK26
9813,1,103.970,1111,IUM26,S,25-Jun-2026,17:20:00,103.96,SGX,XOF8013,XOF8013,IUM26
9813,1,-0.360,1111,IUK26-IUM26,S,26-May-2026,17:20:00,-0.36,SGX,XOF8013,XOF8013,IUK26-IUM26
9813,1,104.330,1111,IUK26,B,26-May-2026,17:20:00,104.33,SGX,XOF8013,XOF8013,IUK26
9813,1,103.970,1111,IUM26,S,25-Jun-2026,17:20:00,103.96,SGX,XOF8013,XOF8013,IUM26
9813,1,-0.360,1111,IUK26-IUM26,S,26-May-2026,17:20:00,-0.36,SGX,XOF8013,XOF8013,IUK26-IUM26
9813,1,104.330,1111,IUK26,B,26-May-2026,17:20:00,104.33,SGX,XOF8013,XOF8013,IUK26
9813,1,103.970,1111,IUM26,S,25-Jun-2026,17:20:00,103.96,SGX,XOF8013,XOF8013,IUM26
9813,1,-0.360,1111,IUK26-IUM26,S,26-May-2026,17:20:01,-0.36,SGX,XOF8013,XOF8013,IUK26-IUM26
9813,1,104.310,1111,IUK26,B,26-May-2026,17:20:01,104.3,SGX,XOF8013,XOF8013,IUK26
9813,1,103.950,1111,IUM26,S,25-Jun-2026,17:20:01,103.95,SGX,XOF8013,XOF8013,IUM26
9813,1,-0.360,1111,IUK26-IUM26,S,26-May-2026,17:20:01,-0.36,SGX,XOF8013,XOF8013,IUK26-IUM26
9813,1,104.310,1111,IUK26,B,26-May-2026,17:20:01,104.3,SGX,XOF8013,XOF8013,IUK26
9813,1,103.950,1111,IUM26,S,25-Jun-2026,17:20:01,103.95,SGX,XOF8013,XOF8013,IUM26
9813,1,-0.360,1111,IUK26-IUM26,S,26-May-2026,17:20:01,-0.36,SGX,XOF8013,XOF8013,IUK26-IUM26
9813,1,104.310,1111,IUK26,B,26-May-2026,17:20:01,104.3,SGX,XOF8013,XOF8013,IUK26
9813,1,103.950,1111,IUM26,S,25-Jun-2026,17:20:01,103.95,SGX,XOF8013,XOF8013,IUM26
9813,1,-0.360,1111,IUK26-IUM26,S,26-May-2026,17:20:01,-0.36,SGX,XOF8013,XOF8013,IUK26-IUM26
9813,1,104.310,1111,IUK26,B,26-May-2026,17:20:01,104.3,SGX,XOF8013,XOF8013,IUK26
9813,1,103.950,1111,IUM26,S,25-Jun-2026,17:20:01,103.95,SGX,XOF8013,XOF8013,IUM26
9813,3,-0.360,1111,IUK26-IUM26,S,26-May-2026,17:20:06,-0.36,SGX,XOF8013,XOF8013,IUK26-IUM26
9813,3,104.310,1111,IUK26,B,26-May-2026,17:20:06,104.31,SGX,XOF8013,XOF8013,IUK26
9813,3,103.950,1111,IUM26,S,25-Jun-2026,17:20:06,103.95,SGX,XOF8013,XOF8013,IUM26
9813,4,-0.360,1111,IUK26-IUM26,S,26-May-2026,17:20:14,-0.36,SGX,XOF8013,XOF8013,IUK26-IUM26
9813,4,104.310,1111,IUK26,B,26-May-2026,17:20:14,104.31,SGX,XOF8013,XOF8013,IUK26
9813,4,103.950,1111,IUM26,S,25-Jun-2026,17:20:14,103.95,SGX,XOF8013,XOF8013,IUM26
9812,5,104.320,1111,IUK26,S,26-May-2026,17:21:01,104.32,SGX,XOF8012,XOF8012,IUK26
9812,1,104.33,1111,DINR,B,26-May-2026,17:21:01,104.33,DGCX,S-XOF8012,S-XOF8012,DINR-20260527
9812,1,104.33,1111,DINR,B,26-May-2026,17:21:03,104.33,DGCX,S-XOF8012,S-XOF8012,DINR-20260527
9812,3,104.33,1111,DINR,B,26-May-2026,17:23:05,104.33,DGCX,S-XOF8012,S-XOF8012,DINR-20260527
9813,1,-0.360,1111,IUK26-IUM26,S,26-May-2026,17:24:06,-0.36,SGX,XOF8013,XOF8013,IUK26-IUM26
9813,1,104.310,1111,IUK26,B,26-May-2026,17:24:06,104.31,SGX,XOF8013,XOF8013,IUK26
9813,1,103.950,1111,IUM26,S,25-Jun-2026,17:24:06,103.95,SGX,XOF8013,XOF8013,IUM26
9812,3,103.890,1111,IUM26,S,25-Jun-2026,17:27:24,103.89,SGX,XOF8012,XOF8012,IUM26
9813,1,-0.360,1111,IUK26-IUM26,S,26-May-2026,17:37:39,-0.36,SGX,XOF8013,XOF8013,IUK26-IUM26
9813,1,104.270,1111,IUK26,B,26-May-2026,17:37:39,104.28,SGX,XOF8013,XOF8013,IUK26
9813,1,103.910,1111,IUM26,S,25-Jun-2026,17:37:39,103.91,SGX,XOF8013,XOF8013,IUM26
9812,1,-0.360,1111,IUM26-IUN26,S,26-Jun-2026,17:40:37,-0.36,SGX,XOF8012,XOF8012,IUM26-IUN26
9812,1,103.900,1111,IUM26,B,25-Jun-2026,17:40:37,103.9,SGX,XOF8012,XOF8012,IUM26
9812,1,103.540,1111,IUN26,S,29-Jul-2026,17:40:37,103.54,SGX,XOF8012,XOF8012,IUN26
9812,1,-0.360,1111,IUM26-IUN26,S,26-Jun-2026,17:41:12,-0.36,SGX,XOF8012,XOF8012,IUM26-IUN26
9812,1,103.890,1111,IUM26,B,25-Jun-2026,17:41:12,103.89,SGX,XOF8012,XOF8012,IUM26
9812,1,103.530,1111,IUN26,S,29-Jul-2026,17:41:12,103.53,SGX,XOF8012,XOF8012,IUN26
9812,1,-0.360,1111,IUM26-IUN26,S,26-Jun-2026,17:41:21,-0.36,SGX,XOF8012,XOF8012,IUM26-IUN26
9812,1,103.890,1111,IUM26,B,25-Jun-2026,17:41:21,103.89,SGX,XOF8012,XOF8012,IUM26
9812,1,103.530,1111,IUN26,S,29-Jul-2026,17:41:21,103.53,SGX,XOF8012,XOF8012,IUN26
9812,1,-0.360,1111,IUM26-IUN26,S,26-Jun-2026,17:41:33,-0.36,SGX,XOF8012,XOF8012,IUM26-IUN26
9812,1,103.890,1111,IUM26,B,25-Jun-2026,17:41:33,103.89,SGX,XOF8012,XOF8012,IUM26
9812,1,103.530,1111,IUN26,S,29-Jul-2026,17:41:33,103.53,SGX,XOF8012,XOF8012,IUN26
9812,1,-0.360,1111,IUM26-IUN26,S,26-Jun-2026,17:41:43,-0.36,SGX,XOF8012,XOF8012,IUM26-IUN26
9812,1,103.890,1111,IUM26,B,25-Jun-2026,17:41:43,103.89,SGX,XOF8012,XOF8012,IUM26
9812,1,103.530,1111,IUN26,S,29-Jul-2026,17:41:43,103.53,SGX,XOF8012,XOF8012,IUN26
9813,1,-0.360,1111,IUM26-IUN26,S,26-Jun-2026,17:41:52,-0.36,SGX,XOF8013,XOF8013,IUM26-IUN26
9813,1,103.880,1111,IUM26,B,25-Jun-2026,17:41:52,103.88,SGX,XOF8013,XOF8013,IUM26
9813,1,103.520,1111,IUN26,S,29-Jul-2026,17:41:52,103.52,SGX,XOF8013,XOF8013,IUN26
9813,12,-0.370,1111,IUK26-IUM26,B,26-May-2026,17:42:24,-0.37,SGX,XOF8013,XOF8013,IUK26-IUM26
9813,12,104.250,1111,IUK26,S,26-May-2026,17:42:24,104.25,SGX,XOF8013,XOF8013,IUK26
9813,12,103.880,1111,IUM26,B,25-Jun-2026,17:42:24,103.88,SGX,XOF8013,XOF8013,IUM26
9813,2,-0.360,1111,IUM26-IUN26,S,26-Jun-2026,17:44:41,-0.36,SGX,XOF8013,XOF8013,IUM26-IUN26
9813,2,103.890,1111,IUM26,B,25-Jun-2026,17:44:41,103.89,SGX,XOF8013,XOF8013,IUM26
9813,2,103.530,1111,IUN26,S,29-Jul-2026,17:44:41,103.53,SGX,XOF8013,XOF8013,IUN26
9813,1,-0.360,1111,IUM26-IUN26,S,26-Jun-2026,17:44:43,-0.36,SGX,XOF8013,XOF8013,IUM26-IUN26
9813,1,103.890,1111,IUM26,B,25-Jun-2026,17:44:43,103.89,SGX,XOF8013,XOF8013,IUM26
9813,1,103.530,1111,IUN26,S,29-Jul-2026,17:44:43,103.53,SGX,XOF8013,XOF8013,IUN26
9813,4,-0.360,1111,IUM26-IUN26,S,26-Jun-2026,17:47:44,-0.36,SGX,XOF8013,XOF8013,IUM26-IUN26
9813,4,103.900,1111,IUM26,B,25-Jun-2026,17:47:44,103.9,SGX,XOF8013,XOF8013,IUM26
9813,4,103.540,1111,IUN26,S,29-Jul-2026,17:47:44,103.54,SGX,XOF8013,XOF8013,IUN26
9813,4,-0.360,1111,IUM26-IUN26,S,26-Jun-2026,17:49:23,-0.36,SGX,XOF8013,XOF8013,IUM26-IUN26
9813,4,103.900,1111,IUM26,B,25-Jun-2026,17:49:23,103.9,SGX,XOF8013,XOF8013,IUM26
9813,4,103.540,1111,IUN26,S,29-Jul-2026,17:49:23,103.54,SGX,XOF8013,XOF8013,IUN26
9813,4,-0.360,1111,IUM26-IUN26,S,26-Jun-2026,17:49:41,-0.36,SGX,XOF8013,XOF8013,IUM26-IUN26
9813,4,103.900,1111,IUM26,B,25-Jun-2026,17:49:41,103.9,SGX,XOF8013,XOF8013,IUM26
9813,4,103.540,1111,IUN26,S,29-Jul-2026,17:49:41,103.54,SGX,XOF8013,XOF8013,IUN26
9813,1,-0.360,1111,IUM26-IUN26,S,26-Jun-2026,17:50:57,-0.36,SGX,XOF8013,XOF8013,IUM26-IUN26
9813,1,103.920,1111,IUM26,B,25-Jun-2026,17:50:57,103.92,SGX,XOF8013,XOF8013,IUM26
9813,1,103.560,1111,IUN26,S,29-Jul-2026,17:50:57,103.56,SGX,XOF8013,XOF8013,IUN26
9812,1,103.890,1111,IUM26,B,25-Jun-2026,18:00:16,103.89,SGX,XOF8012,XOF8012,IUM26
9812,4,103.890,1111,IUM26,B,25-Jun-2026,18:00:16,103.89,SGX,XOF8012,XOF8012,IUM26
9813,1,-0.410,1111,IUM26-IUN26,B,26-Jun-2026,18:01:00,-0.41,SGX,XOF8013,XOF8013,IUM26-IUN26
9813,1,103.890,1111,IUM26,S,25-Jun-2026,18:01:00,103.89,SGX,XOF8013,XOF8013,IUM26
9813,1,103.480,1111,IUN26,B,29-Jul-2026,18:01:00,103.56,SGX,XOF8013,XOF8013,IUN26
9813,1,-0.410,1111,IUM26-IUN26,B,26-Jun-2026,18:01:03,-0.41,SGX,XOF8013,XOF8013,IUM26-IUN26
9813,1,103.880,1111,IUM26,S,25-Jun-2026,18:01:03,103.88,SGX,XOF8013,XOF8013,IUM26
9813,1,103.470,1111,IUN26,B,29-Jul-2026,18:01:03,103.47,SGX,XOF8013,XOF8013,IUN26
9813,1,-0.410,1111,IUM26-IUN26,B,26-Jun-2026,18:01:04,-0.41,SGX,XOF8013,XOF8013,IUM26-IUN26
9813,1,103.880,1111,IUM26,S,25-Jun-2026,18:01:04,103.88,SGX,XOF8013,XOF8013,IUM26
9813,1,103.470,1111,IUN26,B,29-Jul-2026,18:01:04,103.47,SGX,XOF8013,XOF8013,IUN26
9812,1,103.90,1111,DINR,S,25-Jun-2026,18:02:49,103.9,DGCX,S-XOF8012,S-XOF8012,DINR-20260626
9812,5,103.900,1111,IUM26,S,25-Jun-2026,18:03:11,103.89,SGX,XOF8012,XOF8012,IUM26
9812,4,103.90,1111,DINR,B,25-Jun-2026,18:03:11,103.9,DGCX,S-XOF8012,S-XOF8012,DINR-20260626
9812,4,103.90,1111,DINR,S,25-Jun-2026,18:03:11,103.9,DGCX,S-XOF8012,S-XOF8012,DINR-20260626
9812,1,103.91,1111,DINR,B,25-Jun-2026,18:03:11,103.9,DGCX,S-XOF8012,S-XOF8012,DINR-20260626
9812,1,103.890,1111,IUM26,B,25-Jun-2026,18:03:11,103.89,SGX,XOF8012,XOF8012,IUM26
9812,1,103.90,1111,DINR,S,25-Jun-2026,18:03:11,103.9,DGCX,S-XOF8012,S-XOF8012,DINR-20260626
9812,4,103.890,1111,IUM26,B,25-Jun-2026,18:03:21,103.89,SGX,XOF8012,XOF8012,IUM26
9812,1,103.89,1111,DINR,S,25-Jun-2026,18:03:21,103.89,DGCX,S-XOF8012,S-XOF8012,DINR-20260626
9812,1,103.89,1111,DINR,S,25-Jun-2026,18:03:21,103.89,DGCX,S-XOF8012,S-XOF8012,DINR-20260626
9817,1,103.89,1111,DINR,B,25-Jun-2026,18:03:21,103.89,DGCX,S-XOF8017,S-XOF8017,DINR-20260626
9812,2,103.89,1111,DINR,S,25-Jun-2026,18:03:21,103.89,DGCX,S-XOF8012,S-XOF8012,DINR-20260626
9819,2,103.89,1111,DINR,B,25-Jun-2026,18:03:21,103.89,DGCX,S-XOF8019,S-XOF8019,DINR-20260626
9817,1,103.890,1111,IUM26,S,25-Jun-2026,18:03:21,103.89,SGX,XOF8017,XOF8017,IUM26
9819,2,103.890,1111,IUM26,S,25-Jun-2026,18:03:21,103.89,SGX,XOF8019,XOF8019,IUM26
9812,5,103.880,1111,IUM26,B,25-Jun-2026,18:04:37,103.88,SGX,XOF8012,XOF8012,IUM26
9812,1,103.88,1111,DINR,S,25-Jun-2026,18:04:37,103.87,DGCX,S-XOF8012,S-XOF8012,DINR-20260626
9812,4,103.87,1111,DINR,S,25-Jun-2026,18:04:37,103.87,DGCX,S-XOF8012,S-XOF8012,DINR-20260626
9812,3,103.870,1111,IUM26,B,25-Jun-2026,18:07:18,103.87,SGX,XOF8012,XOF8012,IUM26
9812,3,103.87,1111,DINR,S,25-Jun-2026,18:07:18,103.87,DGCX,S-XOF8012,S-XOF8012,DINR-20260626
9812,2,103.870,1111,IUM26,B,25-Jun-2026,18:07:21,103.87,SGX,XOF8012,XOF8012,IUM26
9812,1,103.87,1111,DINR,S,25-Jun-2026,18:07:21,103.86,DGCX,S-XOF8012,S-XOF8012,DINR-20260626
9812,1,103.86,1111,DINR,S,25-Jun-2026,18:07:21,103.86,DGCX,S-XOF8012,S-XOF8012,DINR-20260626
9812,5,103.860,1111,IUM26,B,25-Jun-2026,18:08:22,103.86,SGX,XOF8012,XOF8012,IUM26
9813,9,-0.370,1111,IUK26-IUM26,B,26-May-2026,18:08:22,-0.37,SGX,XOF8013,XOF8013,IUK26-IUM26
9813,9,104.230,1111,IUK26,S,26-May-2026,18:08:22,104.23,SGX,XOF8013,XOF8013,IUK26
9813,9,103.860,1111,IUM26,B,25-Jun-2026,18:08:22,103.86,SGX,XOF8013,XOF8013,IUM26
9816,171,-0.370,1111,IUK26-IUM26,B,26-May-2026,18:08:22,-0.37,SGX,XOF8016,XOF8016,IUK26-IUM26
9816,171,104.230,1111,IUK26,S,26-May-2026,18:08:22,104.23,SGX,XOF8016,XOF8016,IUK26
9816,171,103.860,1111,IUM26,B,25-Jun-2026,18:08:22,103.86,SGX,XOF8016,XOF8016,IUM26
9812,1,103.87,1111,DINR,S,25-Jun-2026,18:08:22,103.87,DGCX,S-XOF8012,S-XOF8012,DINR-20260626
9812,4,103.87,1111,DINR,S,25-Jun-2026,18:08:22,103.87,DGCX,S-XOF8012,S-XOF8012,DINR-20260626
9819,4,103.87,1111,DINR,B,25-Jun-2026,18:08:22,103.87,DGCX,S-XOF8019,S-XOF8019,DINR-20260626
9819,4,103.870,1111,IUM26,S,25-Jun-2026,18:09:35,103.87,SGX,XOF8019,XOF8019,IUM26
9816,9,-0.370,1111,IUK26-IUM26,B,26-May-2026,18:10:52,-0.37,SGX,XOF8016,XOF8016,IUK26-IUM26
9816,9,104.250,1111,IUK26,S,26-May-2026,18:10:52,104.25,SGX,XOF8016,XOF8016,IUK26
9816,9,103.880,1111,IUM26,B,25-Jun-2026,18:10:52,103.88,SGX,XOF8016,XOF8016,IUM26
9813,18,-0.360,1111,IUK26-IUM26,S,26-May-2026,18:12:45,-0.36,SGX,XOF8013,XOF8013,IUK26-IUM26
9813,18,104.250,1111,IUK26,B,26-May-2026,18:12:45,104.25,SGX,XOF8013,XOF8013,IUK26
9813,18,103.890,1111,IUM26,S,25-Jun-2026,18:12:45,103.89,SGX,XOF8013,XOF8013,IUM26
9813,2,-0.360,1111,IUM26-IUN26,S,26-Jun-2026,18:12:52,-0.36,SGX,XOF8013,XOF8013,IUM26-IUN26
9813,2,103.890,1111,IUM26,B,25-Jun-2026,18:12:52,103.89,SGX,XOF8013,XOF8013,IUM26
9813,2,103.530,1111,IUN26,S,29-Jul-2026,18:12:52,103.53,SGX,XOF8013,XOF8013,IUN26
9812,4,104.250,1111,IUK26,S,26-May-2026,18:12:57,104.25,SGX,XOF8012,XOF8012,IUK26
9813,14,-0.360,1111,IUK26-IUM26,S,26-May-2026,18:12:57,-0.36,SGX,XOF8013,XOF8013,IUK26-IUM26
9813,14,104.250,1111,IUK26,B,26-May-2026,18:12:57,104.25,SGX,XOF8013,XOF8013,IUK26
9813,14,103.890,1111,IUM26,S,25-Jun-2026,18:12:57,103.89,SGX,XOF8013,XOF8013,IUM26
9812,4,104.25,1111,DINR,B,26-May-2026,18:12:56,104.25,DGCX,S-XOF8012,S-XOF8012,DINR-20260527
9812,1,104.250,1111,IUK26,S,26-May-2026,18:12:57,104.25,SGX,XOF8012,XOF8012,IUK26
9813,5,-0.360,1111,IUK26-IUM26,S,26-May-2026,18:12:57,-0.36,SGX,XOF8013,XOF8013,IUK26-IUM26
9813,5,104.250,1111,IUK26,B,26-May-2026,18:12:57,104.25,SGX,XOF8013,XOF8013,IUK26
9813,5,103.890,1111,IUM26,S,25-Jun-2026,18:12:57,103.89,SGX,XOF8013,XOF8013,IUM26
9812,1,104.25,1111,DINR,B,26-May-2026,18:12:57,104.25,DGCX,S-XOF8012,S-XOF8012,DINR-20260527
9813,18,-0.360,1111,IUK26-IUM26,S,26-May-2026,18:13:09,-0.36,SGX,XOF8013,XOF8013,IUK26-IUM26
9813,18,104.250,1111,IUK26,B,26-May-2026,18:13:09,104.25,SGX,XOF8013,XOF8013,IUK26
9813,18,103.890,1111,IUM26,S,25-Jun-2026,18:13:09,103.89,SGX,XOF8013,XOF8013,IUM26
9817,1,103.89,1111,DINR,B,25-Jun-2026,18:17:37,103.89,DGCX,S-XOF8017,S-XOF8017,DINR-20260626
9817,1,103.890,1111,IUM26,S,25-Jun-2026,18:17:37,103.89,SGX,XOF8017,XOF8017,IUM26
9812,5,104.260,1111,IUK26,S,26-May-2026,18:17:48,104.26,SGX,XOF8012,XOF8012,IUK26
9812,1,103.890,1111,IUM26,S,25-Jun-2026,18:17:48,103.89,SGX,XOF8012,XOF8012,IUM26
9812,4,103.890,1111,IUM26,S,25-Jun-2026,18:17:48,103.89,SGX,XOF8012,XOF8012,IUM26
9816,1,-0.370,1111,IUK26-IUM26,B,26-May-2026,18:17:48,-0.37,SGX,XOF8016,XOF8016,IUK26-IUM26
9816,1,104.260,1111,IUK26,S,26-May-2026,18:17:48,104.26,SGX,XOF8016,XOF8016,IUK26
9816,1,103.890,1111,IUM26,B,25-Jun-2026,18:17:48,103.89,SGX,XOF8016,XOF8016,IUM26
9812,1,103.89,1111,DINR,B,25-Jun-2026,18:17:48,103.89,DGCX,S-XOF8012,S-XOF8012,DINR-20260626
9812,4,103.89,1111,DINR,B,25-Jun-2026,18:17:48,103.89,DGCX,S-XOF8012,S-XOF8012,DINR-20260626
9812,5,104.26,1111,DINR,B,26-May-2026,18:17:48,104.27,DGCX,S-XOF8012,S-XOF8012,DINR-20260527
9812,5,103.890,1111,IUM26,S,25-Jun-2026,18:17:48,103.89,SGX,XOF8012,XOF8012,IUM26
9812,5,104.260,1111,IUK26,S,26-May-2026,18:17:48,104.26,SGX,XOF8012,XOF8012,IUK26
9812,5,104.27,1111,DINR,B,26-May-2026,18:17:49,104.27,DGCX,S-XOF8012,S-XOF8012,DINR-20260527
9812,3,103.89,1111,DINR,B,25-Jun-2026,18:17:49,103.89,DGCX,S-XOF8012,S-XOF8012,DINR-20260626
9812,5,104.260,1111,IUK26,S,26-May-2026,18:17:49,104.26,SGX,XOF8012,XOF8012,IUK26
9812,2,103.90,1111,DINR,B,25-Jun-2026,18:17:52,103.89,DGCX,S-XOF8012,S-XOF8012,DINR-20260626
9812,5,104.27,1111,DINR,B,26-May-2026,18:17:53,104.27,DGCX,S-XOF8012,S-XOF8012,DINR-20260527
9812,5,103.890,1111,IUM26,S,25-Jun-2026,18:17:54,103.89,SGX,XOF8012,XOF8012,IUM26
9812,2,103.89,1111,DINR,B,25-Jun-2026,18:17:54,103.9,DGCX,S-XOF8012,S-XOF8012,DINR-20260626
9812,3,103.90,1111,DINR,B,25-Jun-2026,18:17:54,103.9,DGCX,S-XOF8012,S-XOF8012,DINR-20260626
9812,5,103.890,1111,IUM26,S,25-Jun-2026,18:17:54,103.89,SGX,XOF8012,XOF8012,IUM26
9812,5,103.90,1111,DINR,B,25-Jun-2026,18:17:54,103.9,DGCX,S-XOF8012,S-XOF8012,DINR-20260626
9812,5,103.890,1111,IUM26,S,25-Jun-2026,18:17:54,103.89,SGX,XOF8012,XOF8012,IUM26
9812,5,103.90,1111,DINR,B,25-Jun-2026,18:17:56,103.9,DGCX,S-XOF8012,S-XOF8012,DINR-20260626
9812,4,103.890,1111,IUM26,S,25-Jun-2026,18:18:11,103.89,SGX,XOF8012,XOF8012,IUM26
9812,4,103.89,1111,DINR,B,25-Jun-2026,18:18:11,103.89,DGCX,S-XOF8012,S-XOF8012,DINR-20260626
9812,1,103.890,1111,IUM26,S,25-Jun-2026,18:18:18,103.89,SGX,XOF8012,XOF8012,IUM26
9812,1,103.89,1111,DINR,B,25-Jun-2026,18:18:18,103.89,DGCX,S-XOF8012,S-XOF8012,DINR-20260626
9817,1,103.88,1111,DINR,B,25-Jun-2026,18:19:33,103.88,DGCX,S-XOF8017,S-XOF8017,DINR-20260626
9817,1,103.880,1111,IUM26,S,25-Jun-2026,18:19:33,103.88,SGX,XOF8017,XOF8017,IUM26
9817,1,103.88,1111,DINR,B,25-Jun-2026,18:19:33,103.88,DGCX,S-XOF8017,S-XOF8017,DINR-20260626
9817,1,103.880,1111,IUM26,S,25-Jun-2026,18:19:33,103.88,SGX,XOF8017,XOF8017,IUM26
9812,5,103.880,1111,IUM26,S,25-Jun-2026,18:30:47,103.88,SGX,XOF8012,XOF8012,IUM26
9812,5,103.88,1111,DINR,B,25-Jun-2026,18:30:47,103.88,DGCX,S-XOF8012,S-XOF8012,DINR-20260626
9812,1,103.880,1111,IUM26,S,25-Jun-2026,18:30:47,103.88,SGX,XOF8012,XOF8012,IUM26
9812,1,103.88,1111,DINR,B,25-Jun-2026,18:30:47,103.88,DGCX,S-XOF8012,S-XOF8012,DINR-20260626
9812,5,104.250,1111,IUK26,S,26-May-2026,18:31:01,104.25,SGX,XOF8012,XOF8012,IUK26
9816,1,-0.380,1111,IUK26-IUM26,B,26-May-2026,18:31:01,-0.38,SGX,XOF8016,XOF8016,IUK26-IUM26
9816,1,104.250,1111,IUK26,S,26-May-2026,18:31:01,104.25,SGX,XOF8016,XOF8016,IUK26
9816,1,103.870,1111,IUM26,B,25-Jun-2026,18:31:01,103.87,SGX,XOF8016,XOF8016,IUM26
9812,5,104.25,1111,DINR,B,26-May-2026,18:31:01,104.25,DGCX,S-XOF8012,S-XOF8012,DINR-20260527
9812,4,103.880,1111,IUM26,S,25-Jun-2026,18:34:00,103.88,SGX,XOF8012,XOF8012,IUM26
9812,1,103.88,1111,DINR,B,25-Jun-2026,18:34:00,103.89,DGCX,S-XOF8012,S-XOF8012,DINR-20260626
9812,3,103.89,1111,DINR,B,25-Jun-2026,18:34:00,103.89,DGCX,S-XOF8012,S-XOF8012,DINR-20260626
9812,1,104.240,1111,IUK26,S,26-May-2026,18:38:24,104.24,SGX,XOF8012,XOF8012,IUK26
9812,1,104.24,1111,DINR,B,26-May-2026,18:38:24,104.24,DGCX,S-XOF8012,S-XOF8012,DINR-20260527
9812,1,104.240,1111,IUK26,S,26-May-2026,18:38:30,104.24,SGX,XOF8012,XOF8012,IUK26
9812,1,104.24,1111,DINR,B,26-May-2026,18:38:30,104.24,DGCX,S-XOF8012,S-XOF8012,DINR-20260527
9812,1,104.240,1111,IUK26,S,26-May-2026,18:38:30,104.24,SGX,XOF8012,XOF8012,IUK26
9812,2,104.240,1111,IUK26,S,26-May-2026,18:38:30,104.24,SGX,XOF8012,XOF8012,IUK26
9812,1,104.24,1111,DINR,B,26-May-2026,18:38:30,104.24,DGCX,S-XOF8012,S-XOF8012,DINR-20260527
9812,2,104.24,1111,DINR,B,26-May-2026,18:38:30,104.24,DGCX,S-XOF8012,S-XOF8012,DINR-20260527
9812,2,104.240,1111,IUK26,S,26-May-2026,18:43:17,104.24,SGX,XOF8012,XOF8012,IUK26
9812,1,104.240,1111,IUK26,S,26-May-2026,18:43:17,104.24,SGX,XOF8012,XOF8012,IUK26
9812,2,104.24,1111,DINR,B,26-May-2026,18:43:17,104.24,DGCX,S-XOF8012,S-XOF8012,DINR-20260527
9812,1,104.24,1111,DINR,B,26-May-2026,18:43:17,104.24,DGCX,S-XOF8012,S-XOF8012,DINR-20260527
9812,1,104.240,1111,IUK26,S,26-May-2026,18:43:29,104.24,SGX,XOF8012,XOF8012,IUK26
9812,1,104.24,1111,DINR,B,26-May-2026,18:43:29,104.24,DGCX,S-XOF8012,S-XOF8012,DINR-20260527
9812,1,104.240,1111,IUK26,S,26-May-2026,18:44:50,104.24,SGX,XOF8012,XOF8012,IUK26
9812,1,104.24,1111,DINR,B,26-May-2026,18:44:50,104.24,DGCX,S-XOF8012,S-XOF8012,DINR-20260527
9812,5,104.240,1111,IUK26,S,26-May-2026,18:47:29,104.25,SGX,XOF8012,XOF8012,IUK26
9812,5,104.25,1111,DINR,B,26-May-2026,18:47:29,104.25,DGCX,S-XOF8012,S-XOF8012,DINR-20260527
9812,5,104.250,1111,IUK26,S,26-May-2026,18:47:33,104.25,SGX,XOF8012,XOF8012,IUK26
9812,5,104.26,1111,DINR,B,26-May-2026,18:47:33,104.26,DGCX,S-XOF8012,S-XOF8012,DINR-20260527
9812,5,104.260,1111,IUK26,S,26-May-2026,18:47:48,104.26,SGX,XOF8012,XOF8012,IUK26
9812,5,103.880,1111,IUM26,S,25-Jun-2026,18:47:48,103.88,SGX,XOF8012,XOF8012,IUM26
9812,1,104.28,1111,DINR,B,26-May-2026,18:47:48,104.28,DGCX,S-XOF8012,S-XOF8012,DINR-20260527
9814,1,104.28,1111,DINR,S,26-May-2026,18:47:48,104.28,DGCX,S-XOF8014,S-XOF8014,DINR-20260527
9812,1,104.28,1111,DINR,B,26-May-2026,18:47:48,104.28,DGCX,S-XOF8012,S-XOF8012,DINR-20260527
9814,1,104.260,1111,IUK26,B,26-May-2026,18:47:48,104.26,SGX,XOF8014,XOF8014,IUK26
9814,1,104.28,1111,DINR,S,26-May-2026,18:47:48,104.28,DGCX,S-XOF8014,S-XOF8014,DINR-20260527
9812,3,104.28,1111,DINR,B,26-May-2026,18:47:48,104.28,DGCX,S-XOF8012,S-XOF8012,DINR-20260527
9817,3,104.28,1111,DINR,S,26-May-2026,18:47:48,104.28,DGCX,S-XOF8017,S-XOF8017,DINR-20260527
9814,1,104.260,1111,IUK26,B,26-May-2026,18:47:48,104.26,SGX,XOF8014,XOF8014,IUK26
9817,3,104.260,1111,IUK26,B,26-May-2026,18:47:48,104.26,SGX,XOF8017,XOF8017,IUK26
9812,5,103.90,1111,DINR,B,25-Jun-2026,18:47:48,103.9,DGCX,S-XOF8012,S-XOF8012,DINR-20260626
9817,5,103.90,1111,DINR,S,25-Jun-2026,18:47:48,103.9,DGCX,S-XOF8017,S-XOF8017,DINR-20260626
9817,5,103.880,1111,IUM26,B,25-Jun-2026,18:48:08,103.88,SGX,XOF8017,XOF8017,IUM26
9816,3,-0.380,1111,IUK26-IUM26,B,26-May-2026,18:54:22,-0.38,SGX,XOF8016,XOF8016,IUK26-IUM26
9816,3,104.240,1111,IUK26,S,26-May-2026,18:54:22,104.24,SGX,XOF8016,XOF8016,IUK26
9816,3,103.860,1111,IUM26,B,25-Jun-2026,18:54:22,103.86,SGX,XOF8016,XOF8016,IUM26
9816,1,-0.380,1111,IUK26-IUM26,B,26-May-2026,18:56:57,-0.38,SGX,XOF8016,XOF8016,IUK26-IUM26
9816,1,104.230,1111,IUK26,S,26-May-2026,18:56:57,104.22,SGX,XOF8016,XOF8016,IUK26
9816,1,103.850,1111,IUM26,B,25-Jun-2026,18:56:57,103.86,SGX,XOF8016,XOF8016,IUM26
9813,1,-0.370,1111,IUM26-IUN26,S,26-Jun-2026,18:57:14,-0.37,SGX,XOF8013,XOF8013,IUM26-IUN26
9813,1,103.870,1111,IUM26,B,25-Jun-2026,18:57:14,103.86,SGX,XOF8013,XOF8013,IUM26
9813,1,103.500,1111,IUN26,S,29-Jul-2026,18:57:14,103.53,SGX,XOF8013,XOF8013,IUN26
9812,1,103.780,1111,IUM26,B,25-Jun-2026,19:10:26,103.78,SGX,XOF8012,XOF8012,IUM26
9812,1,103.79,1111,DINR,S,25-Jun-2026,19:10:26,103.79,DGCX,S-XOF8012,S-XOF8012,DINR-20260626
9816,15,-0.380,1111,IUK26-IUM26,B,26-May-2026,19:10:45,-0.38,SGX,XOF8016,XOF8016,IUK26-IUM26
9816,15,104.180,1111,IUK26,S,26-May-2026,19:10:45,104.18,SGX,XOF8016,XOF8016,IUK26
9816,15,103.800,1111,IUM26,B,25-Jun-2026,19:10:45,103.78,SGX,XOF8016,XOF8016,IUM26
9812,4,103.780,1111,IUM26,B,25-Jun-2026,19:12:22,103.78,SGX,XOF8012,XOF8012,IUM26
9816,19,-0.370,1111,IUK26-IUM26,S,26-May-2026,19:12:22,-0.37,SGX,XOF8016,XOF8016,IUK26-IUM26
9816,19,104.150,1111,IUK26,B,26-May-2026,19:12:22,104.16,SGX,XOF8016,XOF8016,IUK26
9816,19,103.780,1111,IUM26,S,25-Jun-2026,19:12:22,103.78,SGX,XOF8016,XOF8016,IUM26
9812,1,103.78,1111,DINR,S,25-Jun-2026,19:12:22,103.77,DGCX,S-XOF8012,S-XOF8012,DINR-20260626
9812,3,103.77,1111,DINR,S,25-Jun-2026,19:12:22,103.77,DGCX,S-XOF8012,S-XOF8012,DINR-20260626
9812,5,103.770,1111,IUM26,B,25-Jun-2026,19:12:39,103.76,SGX,XOF8012,XOF8012,IUM26
9816,5,-0.370,1111,IUK26-IUM26,S,26-May-2026,19:12:39,-0.37,SGX,XOF8016,XOF8016,IUK26-IUM26
9816,5,104.140,1111,IUK26,B,26-May-2026,19:12:39,104.14,SGX,XOF8016,XOF8016,IUK26
9816,5,103.770,1111,IUM26,S,25-Jun-2026,19:12:39,103.76,SGX,XOF8016,XOF8016,IUM26
9812,1,103.77,1111,DINR,S,25-Jun-2026,19:12:39,103.76,DGCX,S-XOF8012,S-XOF8012,DINR-20260626
9812,4,103.76,1111,DINR,S,25-Jun-2026,19:12:39,103.76,DGCX,S-XOF8012,S-XOF8012,DINR-20260626
9813,5,-0.370,1111,IUK26-IUM26,B,26-May-2026,19:13:29,-0.37,SGX,XOF8013,XOF8013,IUK26-IUM26
9813,5,104.140,1111,IUK26,S,26-May-2026,19:13:29,104.14,SGX,XOF8013,XOF8013,IUK26
9813,5,103.770,1111,IUM26,B,25-Jun-2026,19:13:29,103.76,SGX,XOF8013,XOF8013,IUM26
9813,16,-0.370,1111,IUK26-IUM26,B,26-May-2026,19:13:29,-0.37,SGX,XOF8013,XOF8013,IUK26-IUM26
9813,16,104.140,1111,IUK26,S,26-May-2026,19:13:29,104.14,SGX,XOF8013,XOF8013,IUK26
9813,16,103.770,1111,IUM26,B,25-Jun-2026,19:13:29,103.76,SGX,XOF8013,XOF8013,IUM26
9813,5,-0.370,1111,IUK26-IUM26,B,26-May-2026,19:13:39,-0.37,SGX,XOF8013,XOF8013,IUK26-IUM26
9813,5,104.140,1111,IUK26,S,26-May-2026,19:13:39,104.14,SGX,XOF8013,XOF8013,IUK26
9813,5,103.770,1111,IUM26,B,25-Jun-2026,19:13:39,103.76,SGX,XOF8013,XOF8013,IUM26
9813,6,-0.370,1111,IUK26-IUM26,B,26-May-2026,19:13:39,-0.37,SGX,XOF8013,XOF8013,IUK26-IUM26
9813,6,104.140,1111,IUK26,S,26-May-2026,19:13:39,104.14,SGX,XOF8013,XOF8013,IUK26
9813,6,103.770,1111,IUM26,B,25-Jun-2026,19:13:39,103.76,SGX,XOF8013,XOF8013,IUM26
9813,2,-0.370,1111,IUK26-IUM26,B,26-May-2026,19:13:43,-0.37,SGX,XOF8013,XOF8013,IUK26-IUM26
9813,2,104.140,1111,IUK26,S,26-May-2026,19:13:43,104.14,SGX,XOF8013,XOF8013,IUK26
9813,2,103.770,1111,IUM26,B,25-Jun-2026,19:13:43,103.77,SGX,XOF8013,XOF8013,IUM26
9812,5,103.760,1111,IUM26,B,25-Jun-2026,19:13:59,103.75,SGX,XOF8012,XOF8012,IUM26
9816,41,-0.370,1111,IUK26-IUM26,S,26-May-2026,19:13:59,-0.37,SGX,XOF8016,XOF8016,IUK26-IUM26
9816,41,104.130,1111,IUK26,B,26-May-2026,19:13:59,104.14,SGX,XOF8016,XOF8016,IUK26
9816,41,103.760,1111,IUM26,S,25-Jun-2026,19:13:59,103.75,SGX,XOF8016,XOF8016,IUM26
9816,5,-0.370,1111,IUK26-IUM26,S,26-May-2026,19:13:59,-0.37,SGX,XOF8016,XOF8016,IUK26-IUM26
9816,5,104.130,1111,IUK26,B,26-May-2026,19:13:59,104.14,SGX,XOF8016,XOF8016,IUK26
9816,5,103.760,1111,IUM26,S,25-Jun-2026,19:13:59,103.75,SGX,XOF8016,XOF8016,IUM26
9812,5,103.76,1111,DINR,S,25-Jun-2026,19:13:59,103.76,DGCX,S-XOF8012,S-XOF8012,DINR-20260626
9812,4,103.750,1111,IUM26,B,25-Jun-2026,19:14:04,103.75,SGX,XOF8012,XOF8012,IUM26
9812,1,103.750,1111,IUM26,B,25-Jun-2026,19:14:04,103.75,SGX,XOF8012,XOF8012,IUM26
9812,1,103.75,1111,DINR,S,25-Jun-2026,19:14:04,103.74,DGCX,S-XOF8012,S-XOF8012,DINR-20260626
9812,3,103.74,1111,DINR,S,25-Jun-2026,19:14:04,103.74,DGCX,S-XOF8012,S-XOF8012,DINR-20260626
9812,1,103.74,1111,DINR,S,25-Jun-2026,19:14:04,103.74,DGCX,S-XOF8012,S-XOF8012,DINR-20260626
9813,5,-0.370,1111,IUK26-IUM26,B,26-May-2026,19:14:09,-0.37,SGX,XOF8013,XOF8013,IUK26-IUM26
9813,5,104.120,1111,IUK26,S,26-May-2026,19:14:09,104.13,SGX,XOF8013,XOF8013,IUK26
9813,5,103.750,1111,IUM26,B,25-Jun-2026,19:14:09,103.75,SGX,XOF8013,XOF8013,IUM26
9813,16,-0.370,1111,IUK26-IUM26,B,26-May-2026,19:14:09,-0.37,SGX,XOF8013,XOF8013,IUK26-IUM26
9813,16,104.120,1111,IUK26,S,26-May-2026,19:14:09,104.13,SGX,XOF8013,XOF8013,IUK26
9813,16,103.750,1111,IUM26,B,25-Jun-2026,19:14:09,103.75,SGX,XOF8013,XOF8013,IUM26
9812,1,103.740,1111,IUM26,B,25-Jun-2026,19:14:15,103.74,SGX,XOF8012,XOF8012,IUM26
9812,1,103.74,1111,DINR,S,25-Jun-2026,19:14:15,103.73,DGCX,S-XOF8012,S-XOF8012,DINR-20260626
9812,1,103.740,1111,IUM26,B,25-Jun-2026,19:14:15,103.74,SGX,XOF8012,XOF8012,IUM26
9812,1,103.740,1111,IUM26,B,25-Jun-2026,19:14:15,103.74,SGX,XOF8012,XOF8012,IUM26
9812,1,103.74,1111,DINR,S,25-Jun-2026,19:14:15,103.73,DGCX,S-XOF8012,S-XOF8012,DINR-20260626
9812,1,103.73,1111,DINR,S,25-Jun-2026,19:14:15,103.73,DGCX,S-XOF8012,S-XOF8012,DINR-20260626
9819,1,103.73,1111,DINR,B,25-Jun-2026,19:14:15,103.73,DGCX,S-XOF8019,S-XOF8019,DINR-20260626
9819,1,103.740,1111,IUM26,S,25-Jun-2026,19:14:15,103.74,SGX,XOF8019,XOF8019,IUM26
9812,2,103.740,1111,IUM26,B,25-Jun-2026,19:14:41,103.74,SGX,XOF8012,XOF8012,IUM26
9812,1,103.74,1111,DINR,S,25-Jun-2026,19:14:41,103.73,DGCX,S-XOF8012,S-XOF8012,DINR-20260626
9812,1,103.73,1111,DINR,S,25-Jun-2026,19:14:41,103.73,DGCX,S-XOF8012,S-XOF8012,DINR-20260626
9812,3,103.730,1111,IUM26,B,25-Jun-2026,19:14:49,103.73,SGX,XOF8012,XOF8012,IUM26
9812,2,103.730,1111,IUM26,B,25-Jun-2026,19:14:49,103.73,SGX,XOF8012,XOF8012,IUM26
9812,3,103.72,1111,DINR,S,25-Jun-2026,19:14:49,103.72,DGCX,S-XOF8012,S-XOF8012,DINR-20260626
9812,2,103.72,1111,DINR,S,25-Jun-2026,19:14:49,103.72,DGCX,S-XOF8012,S-XOF8012,DINR-20260626
9816,1,-0.380,1111,IUK26-IUM26,B,26-May-2026,19:15:02,-0.38,SGX,XOF8016,XOF8016,IUK26-IUM26
9816,1,104.120,1111,IUK26,S,26-May-2026,19:15:02,104.12,SGX,XOF8016,XOF8016,IUK26
9816,1,103.740,1111,IUM26,B,25-Jun-2026,19:15:02,103.75,SGX,XOF8016,XOF8016,IUM26
9816,10,-0.370,1111,IUK26-IUM26,S,26-May-2026,19:21:06,-0.37,SGX,XOF8016,XOF8016,IUK26-IUM26
9816,10,104.080,1111,IUK26,B,26-May-2026,19:21:06,104.07,SGX,XOF8016,XOF8016,IUK26
9816,10,103.710,1111,IUM26,S,25-Jun-2026,19:21:06,103.71,SGX,XOF8016,XOF8016,IUM26
9816,7,-0.370,1111,IUK26-IUM26,S,26-May-2026,19:22:03,-0.37,SGX,XOF8016,XOF8016,IUK26-IUM26
9816,7,104.080,1111,IUK26,B,26-May-2026,19:22:03,104.08,SGX,XOF8016,XOF8016,IUK26
9816,7,103.710,1111,IUM26,S,25-Jun-2026,19:22:03,103.71,SGX,XOF8016,XOF8016,IUM26
9816,6,-0.370,1111,IUK26-IUM26,S,26-May-2026,19:35:43,-0.37,SGX,XOF8016,XOF8016,IUK26-IUM26
9816,6,104.150,1111,IUK26,B,26-May-2026,19:35:43,104.15,SGX,XOF8016,XOF8016,IUK26
9816,6,103.780,1111,IUM26,S,25-Jun-2026,19:35:43,103.78,SGX,XOF8016,XOF8016,IUM26
9816,8,-0.370,1111,IUK26-IUM26,S,26-May-2026,19:40:40,-0.37,SGX,XOF8016,XOF8016,IUK26-IUM26
9816,8,104.170,1111,IUK26,B,26-May-2026,19:40:40,104.17,SGX,XOF8016,XOF8016,IUK26
9816,8,103.800,1111,IUM26,S,25-Jun-2026,19:40:40,103.79,SGX,XOF8016,XOF8016,IUM26
9812,1,-0.370,1111,IUM26-IUN26,B,26-Jun-2026,19:43:27,-0.37,SGX,XOF8012,XOF8012,IUM26-IUN26
9812,1,103.820,1111,IUM26,S,25-Jun-2026,19:43:27,103.84,SGX,XOF8012,XOF8012,IUM26
9812,1,103.450,1111,IUN26,B,29-Jul-2026,19:43:27,103.45,SGX,XOF8012,XOF8012,IUN26
9816,10,-0.370,1111,IUK26-IUM26,S,26-May-2026,19:43:44,-0.37,SGX,XOF8016,XOF8016,IUK26-IUM26
9816,10,104.200,1111,IUK26,B,26-May-2026,19:43:44,104.2,SGX,XOF8016,XOF8016,IUK26
9816,10,103.830,1111,IUM26,S,25-Jun-2026,19:43:44,103.83,SGX,XOF8016,XOF8016,IUM26
9816,1,-0.370,1111,IUK26-IUM26,S,26-May-2026,19:46:50,-0.37,SGX,XOF8016,XOF8016,IUK26-IUM26
9816,1,104.210,1111,IUK26,B,26-May-2026,19:46:50,104.21,SGX,XOF8016,XOF8016,IUK26
9816,1,103.840,1111,IUM26,S,25-Jun-2026,19:46:50,103.84,SGX,XOF8016,XOF8016,IUM26
9816,4,-0.370,1111,IUK26-IUM26,S,26-May-2026,19:48:45,-0.37,SGX,XOF8016,XOF8016,IUK26-IUM26
9816,4,104.210,1111,IUK26,B,26-May-2026,19:48:45,104.21,SGX,XOF8016,XOF8016,IUK26
9816,4,103.840,1111,IUM26,S,25-Jun-2026,19:48:45,103.84,SGX,XOF8016,XOF8016,IUM26
9816,39,-0.370,1111,IUK26-IUM26,S,26-May-2026,20:19:31,-0.37,SGX,XOF8016,XOF8016,IUK26-IUM26
9816,39,104.180,1111,IUK26,B,26-May-2026,20:19:31,104.18,SGX,XOF8016,XOF8016,IUK26
9816,39,103.810,1111,IUM26,S,25-Jun-2026,20:19:31,103.81,SGX,XOF8016,XOF8016,IUM26
9816,24,-0.380,1111,IUK26-IUM26,B,26-May-2026,20:30:21,-0.38,SGX,XOF8016,XOF8016,IUK26-IUM26
9816,24,104.190,1111,IUK26,S,26-May-2026,20:30:21,104.19,SGX,XOF8016,XOF8016,IUK26
9816,24,103.810,1111,IUM26,B,25-Jun-2026,20:30:21,103.8,SGX,XOF8016,XOF8016,IUM26
9816,30,-0.380,1111,IUK26-IUM26,B,26-May-2026,20:30:44,-0.38,SGX,XOF8016,XOF8016,IUK26-IUM26
9816,30,104.200,1111,IUK26,S,26-May-2026,20:30:44,104.2,SGX,XOF8016,XOF8016,IUK26
9816,30,103.820,1111,IUM26,B,25-Jun-2026,20:30:44,103.82,SGX,XOF8016,XOF8016,IUM26
9816,1,-0.380,1111,IUK26-IUM26,B,26-May-2026,20:31:22,-0.38,SGX,XOF8016,XOF8016,IUK26-IUM26
9816,1,104.200,1111,IUK26,S,26-May-2026,20:31:22,104.2,SGX,XOF8016,XOF8016,IUK26
9816,1,103.820,1111,IUM26,B,25-Jun-2026,20:31:22,103.82,SGX,XOF8016,XOF8016,IUM26
9816,1,-0.380,1111,IUK26-IUM26,B,26-May-2026,20:31:22,-0.38,SGX,XOF8016,XOF8016,IUK26-IUM26
9816,1,104.200,1111,IUK26,S,26-May-2026,20:31:22,104.2,SGX,XOF8016,XOF8016,IUK26
9816,1,103.820,1111,IUM26,B,25-Jun-2026,20:31:22,103.82,SGX,XOF8016,XOF8016,IUM26
9816,1,-0.380,1111,IUK26-IUM26,B,26-May-2026,20:31:22,-0.38,SGX,XOF8016,XOF8016,IUK26-IUM26
9816,1,104.200,1111,IUK26,S,26-May-2026,20:31:22,104.2,SGX,XOF8016,XOF8016,IUK26
9816,1,103.820,1111,IUM26,B,25-Jun-2026,20:31:22,103.82,SGX,XOF8016,XOF8016,IUM26
9816,1,-0.380,1111,IUK26-IUM26,B,26-May-2026,20:31:22,-0.38,SGX,XOF8016,XOF8016,IUK26-IUM26
9816,1,104.200,1111,IUK26,S,26-May-2026,20:31:22,104.2,SGX,XOF8016,XOF8016,IUK26
9816,1,103.820,1111,IUM26,B,25-Jun-2026,20:31:22,103.82,SGX,XOF8016,XOF8016,IUM26
9816,1,-0.380,1111,IUK26-IUM26,B,26-May-2026,20:35:49,-0.38,SGX,XOF8016,XOF8016,IUK26-IUM26
9816,1,104.180,1111,IUK26,S,26-May-2026,20:35:49,104.18,SGX,XOF8016,XOF8016,IUK26
9816,1,103.800,1111,IUM26,B,25-Jun-2026,20:35:49,103.8,SGX,XOF8016,XOF8016,IUM26
9816,2,-0.380,1111,IUK26-IUM26,B,26-May-2026,20:36:43,-0.38,SGX,XOF8016,XOF8016,IUK26-IUM26
9816,2,104.170,1111,IUK26,S,26-May-2026,20:36:43,104.17,SGX,XOF8016,XOF8016,IUK26
9816,2,103.790,1111,IUM26,B,25-Jun-2026,20:36:43,103.78,SGX,XOF8016,XOF8016,IUM26
9816,1,-0.380,1111,IUK26-IUM26,B,26-May-2026,20:40:48,-0.38,SGX,XOF8016,XOF8016,IUK26-IUM26
9816,1,104.190,1111,IUK26,S,26-May-2026,20:40:48,104.19,SGX,XOF8016,XOF8016,IUK26
9816,1,103.810,1111,IUM26,B,25-Jun-2026,20:40:48,103.81,SGX,XOF8016,XOF8016,IUM26
9812,5,103.820,1111,IUM26,S,25-Jun-2026,20:52:43,103.82,SGX,XOF8012,XOF8012,IUM26
9812,5,103.82,1111,DINR,B,25-Jun-2026,20:52:43,103.82,DGCX,S-XOF8012,S-XOF8012,DINR-20260626
9812,5,103.810,1111,IUM26,S,25-Jun-2026,21:00:00,103.81,SGX,XOF8012,XOF8012,IUM26
9812,5,103.82,1111,DINR,B,25-Jun-2026,21:03:28,103.82,DGCX,S-XOF8012,S-XOF8012,DINR-20260626
9813,4,-0.360,1111,IUM26-IUN26,S,26-Jun-2026,21:30:00,-0.36,SGX,XOF8013,XOF8013,IUM26-IUN26
9813,4,103.830,1111,IUM26,B,25-Jun-2026,21:30:00,103.81,SGX,XOF8013,XOF8013,IUM26
9813,4,103.470,1111,IUN26,S,29-Jul-2026,21:30:00,103.47,SGX,XOF8013,XOF8013,IUN26
9813,4,-0.360,1111,IUM26-IUN26,S,26-Jun-2026,21:31:13,-0.36,SGX,XOF8013,XOF8013,IUM26-IUN26
9813,4,103.810,1111,IUM26,B,25-Jun-2026,21:31:13,103.81,SGX,XOF8013,XOF8013,IUM26
9813,4,103.450,1111,IUN26,S,29-Jul-2026,21:31:13,103.45,SGX,XOF8013,XOF8013,IUN26
9813,1,-0.360,1111,IUM26-IUN26,S,26-Jun-2026,21:33:06,-0.36,SGX,XOF8013,XOF8013,IUM26-IUN26
9813,1,103.810,1111,IUM26,B,25-Jun-2026,21:33:06,103.82,SGX,XOF8013,XOF8013,IUM26
9813,1,103.450,1111,IUN26,S,29-Jul-2026,21:33:06,103.45,SGX,XOF8013,XOF8013,IUN26
9813,3,-0.340,1111,IUM26-IUN26,S,26-Jun-2026,21:33:06,-0.36,SGX,XOF8013,XOF8013,IUM26-IUN26
9813,3,103.820,1111,IUM26,B,25-Jun-2026,21:33:06,103.82,SGX,XOF8013,XOF8013,IUM26
9813,3,103.480,1111,IUN26,S,29-Jul-2026,21:33:06,103.45,SGX,XOF8013,XOF8013,IUN26
9813,1,-0.360,1111,IUM26-IUN26,S,26-Jun-2026,21:33:37,-0.36,SGX,XOF8013,XOF8013,IUM26-IUN26
9813,1,103.820,1111,IUM26,B,25-Jun-2026,21:33:37,103.82,SGX,XOF8013,XOF8013,IUM26
9813,1,103.460,1111,IUN26,S,29-Jul-2026,21:33:37,103.46,SGX,XOF8013,XOF8013,IUN26
9813,1,-0.360,1111,IUM26-IUN26,S,26-Jun-2026,21:33:49,-0.36,SGX,XOF8013,XOF8013,IUM26-IUN26
9813,1,103.820,1111,IUM26,B,25-Jun-2026,21:33:49,103.82,SGX,XOF8013,XOF8013,IUM26
9813,1,103.460,1111,IUN26,S,29-Jul-2026,21:33:49,103.46,SGX,XOF8013,XOF8013,IUN26
9813,4,-0.360,1111,IUM26-IUN26,S,26-Jun-2026,21:34:38,-0.36,SGX,XOF8013,XOF8013,IUM26-IUN26
9813,4,103.810,1111,IUM26,B,25-Jun-2026,21:34:38,103.81,SGX,XOF8013,XOF8013,IUM26
9813,4,103.450,1111,IUN26,S,29-Jul-2026,21:34:38,103.45,SGX,XOF8013,XOF8013,IUN26
9816,1,-0.370,1111,IUK26-IUM26,S,26-May-2026,21:41:02,-0.37,SGX,XOF8016,XOF8016,IUK26-IUM26
9816,1,104.170,1111,IUK26,B,26-May-2026,21:41:02,104.17,SGX,XOF8016,XOF8016,IUK26
9816,1,103.800,1111,IUM26,S,25-Jun-2026,21:41:02,103.8,SGX,XOF8016,XOF8016,IUM26
9813,4,-0.360,1111,IUM26-IUN26,S,26-Jun-2026,21:44:47,-0.36,SGX,XOF8013,XOF8013,IUM26-IUN26
9813,4,103.810,1111,IUM26,B,25-Jun-2026,21:44:47,103.81,SGX,XOF8013,XOF8013,IUM26
9813,4,103.450,1111,IUN26,S,29-Jul-2026,21:44:47,103.45,SGX,XOF8013,XOF8013,IUN26
9816,4,-0.370,1111,IUK26-IUM26,S,26-May-2026,21:44:55,-0.37,SGX,XOF8016,XOF8016,IUK26-IUM26
9816,4,104.180,1111,IUK26,B,26-May-2026,21:44:55,104.18,SGX,XOF8016,XOF8016,IUK26
9816,4,103.810,1111,IUM26,S,25-Jun-2026,21:44:55,103.81,SGX,XOF8016,XOF8016,IUM26
9816,5,-0.370,1111,IUK26-IUM26,S,26-May-2026,21:44:55,-0.37,SGX,XOF8016,XOF8016,IUK26-IUM26
9816,5,104.180,1111,IUK26,B,26-May-2026,21:44:55,104.18,SGX,XOF8016,XOF8016,IUK26
9816,5,103.810,1111,IUM26,S,25-Jun-2026,21:44:55,103.81,SGX,XOF8016,XOF8016,IUM26
9816,1,-0.370,1111,IUK26-IUM26,S,26-May-2026,21:44:58,-0.37,SGX,XOF8016,XOF8016,IUK26-IUM26
9816,1,104.180,1111,IUK26,B,26-May-2026,21:44:58,104.18,SGX,XOF8016,XOF8016,IUK26
9816,1,103.810,1111,IUM26,S,25-Jun-2026,21:44:58,103.81,SGX,XOF8016,XOF8016,IUM26
9816,1,-0.370,1111,IUK26-IUM26,S,26-May-2026,21:44:58,-0.37,SGX,XOF8016,XOF8016,IUK26-IUM26
9816,1,104.180,1111,IUK26,B,26-May-2026,21:44:58,104.18,SGX,XOF8016,XOF8016,IUK26
9816,1,103.810,1111,IUM26,S,25-Jun-2026,21:44:58,103.81,SGX,XOF8016,XOF8016,IUM26
9816,1,-0.370,1111,IUK26-IUM26,S,26-May-2026,21:44:58,-0.37,SGX,XOF8016,XOF8016,IUK26-IUM26
9816,1,104.180,1111,IUK26,B,26-May-2026,21:44:58,104.18,SGX,XOF8016,XOF8016,IUK26
9816,1,103.810,1111,IUM26,S,25-Jun-2026,21:44:58,103.81,SGX,XOF8016,XOF8016,IUM26
9816,1,-0.370,1111,IUK26-IUM26,S,26-May-2026,21:44:58,-0.37,SGX,XOF8016,XOF8016,IUK26-IUM26
9816,1,104.180,1111,IUK26,B,26-May-2026,21:44:58,104.18,SGX,XOF8016,XOF8016,IUK26
9816,1,103.810,1111,IUM26,S,25-Jun-2026,21:44:58,103.81,SGX,XOF8016,XOF8016,IUM26
9816,1,-0.370,1111,IUK26-IUM26,S,26-May-2026,21:44:58,-0.37,SGX,XOF8016,XOF8016,IUK26-IUM26
9816,1,104.180,1111,IUK26,B,26-May-2026,21:44:58,104.18,SGX,XOF8016,XOF8016,IUK26
9816,1,103.810,1111,IUM26,S,25-Jun-2026,21:44:58,103.81,SGX,XOF8016,XOF8016,IUM26
9813,1,-0.360,1111,IUM26-IUN26,S,26-Jun-2026,21:45:07,-0.36,SGX,XOF8013,XOF8013,IUM26-IUN26
9813,1,103.820,1111,IUM26,B,25-Jun-2026,21:45:07,103.82,SGX,XOF8013,XOF8013,IUM26
9813,1,103.460,1111,IUN26,S,29-Jul-2026,21:45:07,103.46,SGX,XOF8013,XOF8013,IUN26
9816,1,-0.370,1111,IUK26-IUM26,S,26-May-2026,21:47:01,-0.37,SGX,XOF8016,XOF8016,IUK26-IUM26
9816,1,104.170,1111,IUK26,B,26-May-2026,21:47:01,104.17,SGX,XOF8016,XOF8016,IUK26
9816,1,103.800,1111,IUM26,S,25-Jun-2026,21:47:01,103.8,SGX,XOF8016,XOF8016,IUM26
9816,4,-0.370,1111,IUK26-IUM26,S,26-May-2026,21:47:05,-0.37,SGX,XOF8016,XOF8016,IUK26-IUM26
9816,4,104.180,1111,IUK26,B,26-May-2026,21:47:05,104.18,SGX,XOF8016,XOF8016,IUK26
9816,4,103.810,1111,IUM26,S,25-Jun-2026,21:47:05,103.81,SGX,XOF8016,XOF8016,IUM26
9816,4,-0.370,1111,IUK26-IUM26,S,26-May-2026,21:47:11,-0.37,SGX,XOF8016,XOF8016,IUK26-IUM26
9816,4,104.180,1111,IUK26,B,26-May-2026,21:47:11,104.18,SGX,XOF8016,XOF8016,IUK26
9816,4,103.810,1111,IUM26,S,25-Jun-2026,21:47:11,103.81,SGX,XOF8016,XOF8016,IUM26
9816,4,-0.370,1111,IUK26-IUM26,S,26-May-2026,21:48:37,-0.37,SGX,XOF8016,XOF8016,IUK26-IUM26
9816,4,104.170,1111,IUK26,B,26-May-2026,21:48:37,104.17,SGX,XOF8016,XOF8016,IUK26
9816,4,103.800,1111,IUM26,S,25-Jun-2026,21:48:37,103.8,SGX,XOF8016,XOF8016,IUM26
9816,1,-0.370,1111,IUK26-IUM26,S,26-May-2026,21:48:42,-0.37,SGX,XOF8016,XOF8016,IUK26-IUM26
9816,1,104.170,1111,IUK26,B,26-May-2026,21:48:42,104.17,SGX,XOF8016,XOF8016,IUK26
9816,1,103.800,1111,IUM26,S,25-Jun-2026,21:48:42,103.8,SGX,XOF8016,XOF8016,IUM26
9816,1,-0.370,1111,IUK26-IUM26,S,26-May-2026,21:52:47,-0.37,SGX,XOF8016,XOF8016,IUK26-IUM26
9816,1,104.190,1111,IUK26,B,26-May-2026,21:52:47,104.19,SGX,XOF8016,XOF8016,IUK26
9816,1,103.820,1111,IUM26,S,25-Jun-2026,21:52:47,103.82,SGX,XOF8016,XOF8016,IUM26
9816,1,-0.370,1111,IUK26-IUM26,S,26-May-2026,21:52:47,-0.37,SGX,XOF8016,XOF8016,IUK26-IUM26
9816,1,104.190,1111,IUK26,B,26-May-2026,21:52:47,104.19,SGX,XOF8016,XOF8016,IUK26
9816,1,103.820,1111,IUM26,S,25-Jun-2026,21:52:47,103.82,SGX,XOF8016,XOF8016,IUM26
9816,14,-0.370,1111,IUK26-IUM26,S,26-May-2026,21:56:10,-0.37,SGX,XOF8016,XOF8016,IUK26-IUM26
9816,14,104.170,1111,IUK26,B,26-May-2026,21:56:10,104.18,SGX,XOF8016,XOF8016,IUK26
9816,14,103.800,1111,IUM26,S,25-Jun-2026,21:56:10,103.8,SGX,XOF8016,XOF8016,IUM26
9813,4,-0.360,1111,IUM26-IUN26,S,26-Jun-2026,21:58:40,-0.36,SGX,XOF8013,XOF8013,IUM26-IUN26
9813,4,103.810,1111,IUM26,B,25-Jun-2026,21:58:40,103.81,SGX,XOF8013,XOF8013,IUM26
9813,4,103.450,1111,IUN26,S,29-Jul-2026,21:58:40,103.45,SGX,XOF8013,XOF8013,IUN26
9813,1,-0.360,1111,IUM26-IUN26,S,26-Jun-2026,22:00:21,-0.36,SGX,XOF8013,XOF8013,IUM26-IUN26
9813,1,103.830,1111,IUM26,B,25-Jun-2026,22:00:21,103.83,SGX,XOF8013,XOF8013,IUM26
9813,1,103.470,1111,IUN26,S,29-Jul-2026,22:00:21,103.47,SGX,XOF8013,XOF8013,IUN26
9812,1,-0.370,1111,IUM26-IUN26,B,26-Jun-2026,22:46:00,-0.37,SGX,XOF8012,XOF8012,IUM26-IUN26
9812,1,103.830,1111,IUM26,S,25-Jun-2026,22:46:00,103.83,SGX,XOF8012,XOF8012,IUM26
9812,1,103.460,1111,IUN26,B,29-Jul-2026,22:46:00,103.46,SGX,XOF8012,XOF8012,IUN26
9816,19,-0.380,1111,IUK26-IUM26,B,26-May-2026,22:54:15,-0.38,SGX,XOF8016,XOF8016,IUK26-IUM26
9816,19,104.230,1111,IUK26,S,26-May-2026,22:54:15,104.23,SGX,XOF8016,XOF8016,IUK26
9816,19,103.850,1111,IUM26,B,25-Jun-2026,22:54:15,103.85,SGX,XOF8016,XOF8016,IUM26
9816,1,-0.380,1111,IUK26-IUM26,B,26-May-2026,22:55:26,-0.38,SGX,XOF8016,XOF8016,IUK26-IUM26
9816,1,104.230,1111,IUK26,S,26-May-2026,22:55:26,104.23,SGX,XOF8016,XOF8016,IUK26
9816,1,103.850,1111,IUM26,B,25-Jun-2026,22:55:26,103.85,SGX,XOF8016,XOF8016,IUM26
9816,1,-0.380,1111,IUK26-IUM26,B,26-May-2026,22:56:41,-0.38,SGX,XOF8016,XOF8016,IUK26-IUM26
9816,1,104.240,1111,IUK26,S,26-May-2026,22:56:41,104.23,SGX,XOF8016,XOF8016,IUK26
9816,1,103.860,1111,IUM26,B,25-Jun-2026,22:56:41,103.86,SGX,XOF8016,XOF8016,IUM26
9816,10,-0.380,1111,IUK26-IUM26,B,26-May-2026,22:56:41,-0.38,SGX,XOF8016,XOF8016,IUK26-IUM26
9816,10,104.240,1111,IUK26,S,26-May-2026,22:56:41,104.23,SGX,XOF8016,XOF8016,IUK26
9816,10,103.860,1111,IUM26,B,25-Jun-2026,22:56:41,103.86,SGX,XOF8016,XOF8016,IUM26
9812,1,-0.370,1111,IUM26-IUN26,B,26-Jun-2026,22:58:29,-0.37,SGX,XOF8012,XOF8012,IUM26-IUN26
9812,1,103.840,1111,IUM26,S,25-Jun-2026,22:58:29,103.84,SGX,XOF8012,XOF8012,IUM26
9812,1,103.470,1111,IUN26,B,29-Jul-2026,22:58:29,103.47,SGX,XOF8012,XOF8012,IUN26
9816,1,-0.380,1111,IUK26-IUM26,B,26-May-2026,23:04:14,-0.38,SGX,XOF8016,XOF8016,IUK26-IUM26
9816,1,104.220,1111,IUK26,S,26-May-2026,23:04:14,104.22,SGX,XOF8016,XOF8016,IUK26
9816,1,103.840,1111,IUM26,B,25-Jun-2026,23:04:14,103.84,SGX,XOF8016,XOF8016,IUM26
9816,2,-0.380,1111,IUK26-IUM26,B,26-May-2026,23:04:21,-0.38,SGX,XOF8016,XOF8016,IUK26-IUM26
9816,2,104.220,1111,IUK26,S,26-May-2026,23:04:21,104.22,SGX,XOF8016,XOF8016,IUK26
9816,2,103.840,1111,IUM26,B,25-Jun-2026,23:04:21,103.84,SGX,XOF8016,XOF8016,IUM26
9816,6,-0.380,1111,IUK26-IUM26,B,26-May-2026,23:04:25,-0.38,SGX,XOF8016,XOF8016,IUK26-IUM26
9816,6,104.220,1111,IUK26,S,26-May-2026,23:04:25,104.22,SGX,XOF8016,XOF8016,IUK26
9816,6,103.840,1111,IUM26,B,25-Jun-2026,23:04:25,103.84,SGX,XOF8016,XOF8016,IUM26
9816,9,-0.380,1111,IUK26-IUM26,B,26-May-2026,23:04:28,-0.38,SGX,XOF8016,XOF8016,IUK26-IUM26
9816,9,104.220,1111,IUK26,S,26-May-2026,23:04:28,104.22,SGX,XOF8016,XOF8016,IUK26
9816,9,103.840,1111,IUM26,B,25-Jun-2026,23:04:28,103.84,SGX,XOF8016,XOF8016,IUM26
9812,2,-0.370,1111,IUM26-IUN26,B,26-Jun-2026,23:08:29,-0.37,SGX,XOF8012,XOF8012,IUM26-IUN26
9812,2,103.830,1111,IUM26,S,25-Jun-2026,23:08:29,103.83,SGX,XOF8012,XOF8012,IUM26
9812,2,103.460,1111,IUN26,B,29-Jul-2026,23:08:29,103.46,SGX,XOF8012,XOF8012,IUN26
9816,16,-0.380,1111,IUK26-IUM26,B,26-May-2026,23:08:58,-0.38,SGX,XOF8016,XOF8016,IUK26-IUM26
9816,16,104.220,1111,IUK26,S,26-May-2026,23:08:58,104.22,SGX,XOF8016,XOF8016,IUK26
9816,16,103.840,1111,IUM26,B,25-Jun-2026,23:08:58,103.84,SGX,XOF8016,XOF8016,IUM26
9816,23,-0.380,1111,IUK26-IUM26,B,26-May-2026,23:09:27,-0.38,SGX,XOF8016,XOF8016,IUK26-IUM26
9816,23,104.220,1111,IUK26,S,26-May-2026,23:09:27,104.22,SGX,XOF8016,XOF8016,IUK26
9816,23,103.840,1111,IUM26,B,25-Jun-2026,23:09:27,103.84,SGX,XOF8016,XOF8016,IUM26
9816,1,-0.380,1111,IUK26-IUM26,B,26-May-2026,23:10:07,-0.38,SGX,XOF8016,XOF8016,IUK26-IUM26
9816,1,104.220,1111,IUK26,S,26-May-2026,23:10:07,104.22,SGX,XOF8016,XOF8016,IUK26
9816,1,103.840,1111,IUM26,B,25-Jun-2026,23:10:07,103.84,SGX,XOF8016,XOF8016,IUM26
9816,1,-0.380,1111,IUK26-IUM26,B,26-May-2026,23:10:28,-0.38,SGX,XOF8016,XOF8016,IUK26-IUM26
9816,1,104.230,1111,IUK26,S,26-May-2026,23:10:28,104.23,SGX,XOF8016,XOF8016,IUK26
9816,1,103.850,1111,IUM26,B,25-Jun-2026,23:10:28,103.85,SGX,XOF8016,XOF8016,IUM26
9816,1,-0.380,1111,IUK26-IUM26,B,26-May-2026,23:11:19,-0.38,SGX,XOF8016,XOF8016,IUK26-IUM26
9816,1,104.220,1111,IUK26,S,26-May-2026,23:11:19,104.22,SGX,XOF8016,XOF8016,IUK26
9816,1,103.840,1111,IUM26,B,25-Jun-2026,23:11:19,103.84,SGX,XOF8016,XOF8016,IUM26
9816,1,-0.380,1111,IUK26-IUM26,B,26-May-2026,23:11:48,-0.38,SGX,XOF8016,XOF8016,IUK26-IUM26
9816,1,104.220,1111,IUK26,S,26-May-2026,23:11:48,104.22,SGX,XOF8016,XOF8016,IUK26
9816,1,103.840,1111,IUM26,B,25-Jun-2026,23:11:48,103.84,SGX,XOF8016,XOF8016,IUM26
9816,1,-0.380,1111,IUK26-IUM26,B,26-May-2026,23:11:48,-0.38,SGX,XOF8016,XOF8016,IUK26-IUM26
9816,1,104.220,1111,IUK26,S,26-May-2026,23:11:48,104.22,SGX,XOF8016,XOF8016,IUK26
9816,1,103.840,1111,IUM26,B,25-Jun-2026,23:11:48,103.84,SGX,XOF8016,XOF8016,IUM26
9816,1,-0.380,1111,IUK26-IUM26,B,26-May-2026,23:11:49,-0.38,SGX,XOF8016,XOF8016,IUK26-IUM26
9816,1,104.220,1111,IUK26,S,26-May-2026,23:11:49,104.22,SGX,XOF8016,XOF8016,IUK26
9816,1,103.840,1111,IUM26,B,25-Jun-2026,23:11:49,103.84,SGX,XOF8016,XOF8016,IUM26
9816,1,-0.380,1111,IUK26-IUM26,B,26-May-2026,23:12:24,-0.38,SGX,XOF8016,XOF8016,IUK26-IUM26
9816,1,104.220,1111,IUK26,S,26-May-2026,23:12:24,104.22,SGX,XOF8016,XOF8016,IUK26
9816,1,103.840,1111,IUM26,B,25-Jun-2026,23:12:24,103.84,SGX,XOF8016,XOF8016,IUM26
9816,1,-0.380,1111,IUK26-IUM26,B,26-May-2026,23:12:53,-0.38,SGX,XOF8016,XOF8016,IUK26-IUM26
9816,1,104.220,1111,IUK26,S,26-May-2026,23:12:53,104.22,SGX,XOF8016,XOF8016,IUK26
9816,1,103.840,1111,IUM26,B,25-Jun-2026,23:12:53,103.84,SGX,XOF8016,XOF8016,IUM26
9816,1,-0.380,1111,IUK26-IUM26,B,26-May-2026,23:13:33,-0.38,SGX,XOF8016,XOF8016,IUK26-IUM26
9816,1,104.220,1111,IUK26,S,26-May-2026,23:13:33,104.22,SGX,XOF8016,XOF8016,IUK26
9816,1,103.840,1111,IUM26,B,25-Jun-2026,23:13:33,103.84,SGX,XOF8016,XOF8016,IUM26
9816,1,-0.380,1111,IUK26-IUM26,B,26-May-2026,23:14:01,-0.38,SGX,XOF8016,XOF8016,IUK26-IUM26
9816,1,104.220,1111,IUK26,S,26-May-2026,23:14:01,104.22,SGX,XOF8016,XOF8016,IUK26
9816,1,103.840,1111,IUM26,B,25-Jun-2026,23:14:01,103.84,SGX,XOF8016,XOF8016,IUM26
9816,18,-0.380,1111,IUK26-IUM26,B,26-May-2026,23:14:21,-0.38,SGX,XOF8016,XOF8016,IUK26-IUM26
9816,18,104.230,1111,IUK26,S,26-May-2026,23:14:21,104.23,SGX,XOF8016,XOF8016,IUK26
9816,18,103.850,1111,IUM26,B,25-Jun-2026,23:14:21,103.85,SGX,XOF8016,XOF8016,IUM26
9816,1,-0.380,1111,IUK26-IUM26,B,26-May-2026,23:14:39,-0.38,SGX,XOF8016,XOF8016,IUK26-IUM26
9816,1,104.220,1111,IUK26,S,26-May-2026,23:14:39,104.22,SGX,XOF8016,XOF8016,IUK26
9816,1,103.840,1111,IUM26,B,25-Jun-2026,23:14:39,103.84,SGX,XOF8016,XOF8016,IUM26
9813,4,-0.360,1111,IUM26-IUN26,S,26-Jun-2026,23:16:05,-0.36,SGX,XOF8013,XOF8013,IUM26-IUN26
9813,4,103.860,1111,IUM26,B,25-Jun-2026,23:16:05,103.86,SGX,XOF8013,XOF8013,IUM26
9813,4,103.500,1111,IUN26,S,29-Jul-2026,23:16:05,103.5,SGX,XOF8013,XOF8013,IUN26
9813,1,-0.360,1111,IUM26-IUN26,S,26-Jun-2026,23:16:55,-0.36,SGX,XOF8013,XOF8013,IUM26-IUN26
9813,1,103.850,1111,IUM26,B,25-Jun-2026,23:16:55,103.85,SGX,XOF8013,XOF8013,IUM26
9813,1,103.490,1111,IUN26,S,29-Jul-2026,23:16:55,103.49,SGX,XOF8013,XOF8013,IUN26
9813,4,-0.360,1111,IUM26-IUN26,S,26-Jun-2026,23:20:51,-0.36,SGX,XOF8013,XOF8013,IUM26-IUN26
9813,4,103.850,1111,IUM26,B,25-Jun-2026,23:20:51,103.85,SGX,XOF8013,XOF8013,IUM26
9813,4,103.490,1111,IUN26,S,29-Jul-2026,23:20:51,103.49,SGX,XOF8013,XOF8013,IUN26
9813,1,-0.360,1111,IUM26-IUN26,S,26-Jun-2026,23:29:55,-0.36,SGX,XOF8013,XOF8013,IUM26-IUN26
9813,1,103.850,1111,IUM26,B,25-Jun-2026,23:29:55,103.85,SGX,XOF8013,XOF8013,IUM26
9813,1,103.490,1111,IUN26,S,29-Jul-2026,23:29:55,103.49,SGX,XOF8013,XOF8013,IUN26
