9816,100,-0.380,1111,IUK26-IUM26,S,26-May-2026,05:51:25,-0.37,SGX,XOF8016,XOF8016,IUK26-IUM26
9816,100,104.360,1111,IUK26,B,26-May-2026,05:51:25,104.31,SGX,XOF8016,XOF8016,IUK26
9816,100,103.980,1111,IUM26,S,25-Jun-2026,05:51:25,103.93,SGX,XOF8016,XOF8016,IUM26
9000,2,0.0004,1111,KUK26-KUM26,S,18-May-2026,08:28:43,0.0004,SGX,XOB8000,XOB8000,KUK26-KUM26
9000,2,0.6702,1111,KUK26,B,18-May-2026,08:28:43,0,SGX,XOB8000,XOB8000,KUK26
9000,2,0.6706,1111,KUM26,S,15-Jun-2026,08:28:43,0,SGX,XOB8000,XOB8000,KUM26
9000,2,0.0004,1111,KUK26-KUM26,S,18-May-2026,08:28:43,0.0004,SGX,XOB8000,XOB8000,KUK26-KUM26
9000,2,0.6702,1111,KUK26,B,18-May-2026,08:28:43,0,SGX,XOB8000,XOB8000,KUK26
9000,2,0.6706,1111,KUM26,S,15-Jun-2026,08:28:43,0,SGX,XOB8000,XOB8000,KUM26
9000,6,0.0004,1111,KUK26-KUM26,S,18-May-2026,08:28:43,0.0004,SGX,XOB8000,XOB8000,KUK26-KUM26
9000,6,0.6702,1111,KUK26,B,18-May-2026,08:28:43,0,SGX,XOB8000,XOB8000,KUK26
9000,6,0.6706,1111,KUM26,S,15-Jun-2026,08:28:43,0,SGX,XOB8000,XOB8000,KUM26
9000,2,0.0004,1111,KUK26-KUM26,S,18-May-2026,08:28:43,0.0004,SGX,XOB8000,XOB8000,KUK26-KUM26
9000,2,0.6702,1111,KUK26,B,18-May-2026,08:28:43,0,SGX,XOB8000,XOB8000,KUK26
9000,2,0.6706,1111,KUM26,S,15-Jun-2026,08:28:43,0,SGX,XOB8000,XOB8000,KUM26
9000,3,0.0004,1111,KUK26-KUM26,S,18-May-2026,08:28:43,0.0004,SGX,XOB8000,XOB8000,KUK26-KUM26
9000,3,0.6704,1111,KUK26,B,18-May-2026,08:28:43,0,SGX,XOB8000,XOB8000,KUK26
9000,3,0.6708,1111,KUM26,S,15-Jun-2026,08:28:43,0,SGX,XOB8000,XOB8000,KUM26
9816,20,-0.380,1111,IUK26-IUM26,B,26-May-2026,07:55:39,-0.37,SGX,XOF8016,XOF8016,IUK26-IUM26
9816,20,104.300,1111,IUK26,S,26-May-2026,07:55:39,104.31,SGX,XOF8016,XOF8016,IUK26
9816,20,103.920,1111,IUM26,B,25-Jun-2026,07:55:39,103.93,SGX,XOF8016,XOF8016,IUM26
9816,14,-0.380,1111,IUK26-IUM26,B,26-May-2026,07:55:39,-0.37,SGX,XOF8016,XOF8016,IUK26-IUM26
9816,14,104.300,1111,IUK26,S,26-May-2026,07:55:39,104.31,SGX,XOF8016,XOF8016,IUK26
9816,14,103.920,1111,IUM26,B,25-Jun-2026,07:55:39,103.93,SGX,XOF8016,XOF8016,IUM26
9816,6,-0.380,1111,IUK26-IUM26,B,26-May-2026,07:55:39,-0.37,SGX,XOF8016,XOF8016,IUK26-IUM26
9816,6,104.300,1111,IUK26,S,26-May-2026,07:55:39,104.31,SGX,XOF8016,XOF8016,IUK26
9816,6,103.920,1111,IUM26,B,25-Jun-2026,07:55:39,103.93,SGX,XOF8016,XOF8016,IUM26
9816,9,-0.380,1111,IUK26-IUM26,B,26-May-2026,07:55:39,-0.37,SGX,XOF8016,XOF8016,IUK26-IUM26
9816,9,104.320,1111,IUK26,S,26-May-2026,07:55:39,104.31,SGX,XOF8016,XOF8016,IUK26
9816,9,103.940,1111,IUM26,B,25-Jun-2026,07:55:39,103.93,SGX,XOF8016,XOF8016,IUM26
9816,8,-0.390,1111,IUK26-IUM26,B,26-May-2026,07:55:39,-0.37,SGX,XOF8016,XOF8016,IUK26-IUM26
9816,8,104.310,1111,IUK26,S,26-May-2026,07:55:39,104.31,SGX,XOF8016,XOF8016,IUK26
9816,8,103.920,1111,IUM26,B,25-Jun-2026,07:55:39,103.93,SGX,XOF8016,XOF8016,IUM26
9816,17,-0.380,1111,IUK26-IUM26,B,26-May-2026,07:55:39,-0.37,SGX,XOF8016,XOF8016,IUK26-IUM26
9816,17,104.320,1111,IUK26,S,26-May-2026,07:55:39,104.31,SGX,XOF8016,XOF8016,IUK26
9816,17,103.940,1111,IUM26,B,25-Jun-2026,07:55:39,103.93,SGX,XOF8016,XOF8016,IUM26
9816,1,-0.390,1111,IUK26-IUM26,B,26-May-2026,07:55:39,-0.37,SGX,XOF8016,XOF8016,IUK26-IUM26
9816,1,104.310,1111,IUK26,S,26-May-2026,07:55:39,104.31,SGX,XOF8016,XOF8016,IUK26
9816,1,103.920,1111,IUM26,B,25-Jun-2026,07:55:39,103.93,SGX,XOF8016,XOF8016,IUM26
9816,12,-0.380,1111,IUK26-IUM26,B,26-May-2026,07:55:39,-0.37,SGX,XOF8016,XOF8016,IUK26-IUM26
9816,12,104.310,1111,IUK26,S,26-May-2026,07:55:39,104.31,SGX,XOF8016,XOF8016,IUK26
9816,12,103.930,1111,IUM26,B,25-Jun-2026,07:55:39,103.93,SGX,XOF8016,XOF8016,IUM26
9816,6,-0.380,1111,IUK26-IUM26,B,26-May-2026,07:55:39,-0.37,SGX,XOF8016,XOF8016,IUK26-IUM26
9816,6,104.300,1111,IUK26,S,26-May-2026,07:55:39,104.31,SGX,XOF8016,XOF8016,IUK26
9816,6,103.920,1111,IUM26,B,25-Jun-2026,07:55:39,103.93,SGX,XOF8016,XOF8016,IUM26
9816,7,-0.380,1111,IUK26-IUM26,B,26-May-2026,07:55:39,-0.37,SGX,XOF8016,XOF8016,IUK26-IUM26
9816,7,104.310,1111,IUK26,S,26-May-2026,07:55:39,104.31,SGX,XOF8016,XOF8016,IUK26
9816,7,103.930,1111,IUM26,B,25-Jun-2026,07:55:39,103.93,SGX,XOF8016,XOF8016,IUM26
9000,1,0.0004,1111,KUK26-KUM26,S,18-May-2026,08:28:43,0.0004,SGX,XOB8000,XOB8000,KUK26-KUM26
9000,1,0.6710,1111,KUK26,B,18-May-2026,08:28:43,0,SGX,XOB8000,XOB8000,KUK26
9000,1,0.6714,1111,KUM26,S,15-Jun-2026,08:28:43,0,SGX,XOB8000,XOB8000,KUM26
9000,2,0.0004,1111,KUK26-KUM26,S,18-May-2026,08:28:43,0.0004,SGX,XOB8000,XOB8000,KUK26-KUM26
9000,2,0.6710,1111,KUK26,B,18-May-2026,08:28:43,0,SGX,XOB8000,XOB8000,KUK26
9000,2,0.6714,1111,KUM26,S,15-Jun-2026,08:28:43,0,SGX,XOB8000,XOB8000,KUM26
9000,2,0.0004,1111,KUK26-KUM26,S,18-May-2026,08:28:43,0.0004,SGX,XOB8000,XOB8000,KUK26-KUM26
9000,2,0.6699,1111,KUK26,B,18-May-2026,08:28:43,0,SGX,XOB8000,XOB8000,KUK26
9000,2,0.6703,1111,KUM26,S,15-Jun-2026,08:28:43,0,SGX,XOB8000,XOB8000,KUM26
9000,2,0.0004,1111,KUK26-KUM26,S,18-May-2026,08:37:17,0.0004,SGX,XOB8000,XOB8000,KUK26-KUM26
9000,2,0.6700,1111,KUK26,B,18-May-2026,08:37:17,0,SGX,XOB8000,XOB8000,KUK26
9000,2,0.6704,1111,KUM26,S,15-Jun-2026,08:37:17,0,SGX,XOB8000,XOB8000,KUM26
9000,5,0.0004,1111,KUK26-KUM26,S,18-May-2026,08:37:17,0.0004,SGX,XOB8000,XOB8000,KUK26-KUM26
9000,5,0.6700,1111,KUK26,B,18-May-2026,08:37:17,0,SGX,XOB8000,XOB8000,KUK26
9000,5,0.6704,1111,KUM26,S,15-Jun-2026,08:37:17,0,SGX,XOB8000,XOB8000,KUM26
9000,10,0.0004,1111,KUK26-KUM26,S,18-May-2026,08:38:56,0.0004,SGX,XOB8000,XOB8000,KUK26-KUM26
9000,10,0.6699,1111,KUK26,B,18-May-2026,08:38:56,0,SGX,XOB8000,XOB8000,KUK26
9000,10,0.6703,1111,KUM26,S,15-Jun-2026,08:38:56,0,SGX,XOB8000,XOB8000,KUM26
9000,1,0.0004,1111,KUK26-KUM26,S,18-May-2026,08:40:49,0.0004,SGX,XOB8000,XOB8000,KUK26-KUM26
9000,1,0.6700,1111,KUK26,B,18-May-2026,08:40:49,0,SGX,XOB8000,XOB8000,KUK26
9000,1,0.6704,1111,KUM26,S,15-Jun-2026,08:40:49,0,SGX,XOB8000,XOB8000,KUM26
9819,200,-0.370,1111,IUK26-IUM26,S,26-May-2026,08:46:56,-0.37,SGX,XOF8019,XOF8019,IUK26-IUM26
9819,200,103.950,1111,IUM26,S,25-Jun-2026,08:46:56,103.96,SGX,XOF8019,XOF8019,IUM26
9819,200,104.320,1111,IUK26,B,26-May-2026,08:46:56,104.33,SGX,XOF8019,XOF8019,IUK26
9813,56,-0.370,1111,IUK26-IUM26,S,26-May-2026,08:46:56,-0.37,SGX,XOF8013,XOF8013,IUK26-IUM26
9813,56,103.950,1111,IUM26,S,25-Jun-2026,08:46:56,103.96,SGX,XOF8013,XOF8013,IUM26
9813,56,104.320,1111,IUK26,B,26-May-2026,08:46:56,104.33,SGX,XOF8013,XOF8013,IUK26
9813,44,-0.370,1111,IUK26-IUM26,S,26-May-2026,08:46:56,-0.37,SGX,XOF8013,XOF8013,IUK26-IUM26
9813,44,103.950,1111,IUM26,S,25-Jun-2026,08:46:56,103.96,SGX,XOF8013,XOF8013,IUM26
9813,44,104.320,1111,IUK26,B,26-May-2026,08:46:56,104.33,SGX,XOF8013,XOF8013,IUK26
9819,71,-0.370,1111,IUK26-IUM26,B,26-May-2026,08:47:38,-0.37,SGX,XOF8019,XOF8019,IUK26-IUM26
9819,71,103.970,1111,IUM26,B,25-Jun-2026,08:47:38,103.96,SGX,XOF8019,XOF8019,IUM26
9819,71,104.340,1111,IUK26,S,26-May-2026,08:47:38,104.32,SGX,XOF8019,XOF8019,IUK26
9819,129,-0.370,1111,IUK26-IUM26,B,26-May-2026,08:47:49,-0.37,SGX,XOF8019,XOF8019,IUK26-IUM26
9819,129,103.970,1111,IUM26,B,25-Jun-2026,08:47:49,103.96,SGX,XOF8019,XOF8019,IUM26
9819,129,104.340,1111,IUK26,S,26-May-2026,08:47:49,104.32,SGX,XOF8019,XOF8019,IUK26
9819,200,-0.370,1111,IUK26-IUM26,S,26-May-2026,08:47:54,-0.37,SGX,XOF8019,XOF8019,IUK26-IUM26
9819,200,104.340,1111,IUK26,B,26-May-2026,08:47:54,104.32,SGX,XOF8019,XOF8019,IUK26
9819,200,103.970,1111,IUM26,S,25-Jun-2026,08:47:54,103.96,SGX,XOF8019,XOF8019,IUM26
9816,179,-0.370,1111,IUK26-IUM26,S,26-May-2026,08:47:57,-0.37,SGX,XOF8016,XOF8016,IUK26-IUM26
9816,179,104.340,1111,IUK26,B,26-May-2026,08:47:57,104.32,SGX,XOF8016,XOF8016,IUK26
9816,179,103.970,1111,IUM26,S,25-Jun-2026,08:47:57,103.96,SGX,XOF8016,XOF8016,IUM26
9816,21,-0.370,1111,IUK26-IUM26,S,26-May-2026,08:47:57,-0.37,SGX,XOF8016,XOF8016,IUK26-IUM26
9816,21,104.340,1111,IUK26,B,26-May-2026,08:47:57,104.32,SGX,XOF8016,XOF8016,IUK26
9816,21,103.970,1111,IUM26,S,25-Jun-2026,08:47:57,103.96,SGX,XOF8016,XOF8016,IUM26
9819,4,-0.370,1111,IUK26-IUM26,B,26-May-2026,08:48:20,-0.37,SGX,XOF8019,XOF8019,IUK26-IUM26
9819,4,104.340,1111,IUK26,S,26-May-2026,08:48:20,104.32,SGX,XOF8019,XOF8019,IUK26
9819,4,103.970,1111,IUM26,B,25-Jun-2026,08:48:20,103.96,SGX,XOF8019,XOF8019,IUM26
9817,50,-0.370,1111,IUK26-IUM26,S,26-May-2026,08:48:20,-0.37,SGX,XOF8017,XOF8017,IUK26-IUM26
9817,50,104.340,1111,IUK26,B,26-May-2026,08:48:20,104.32,SGX,XOF8017,XOF8017,IUK26
9817,50,103.970,1111,IUM26,S,25-Jun-2026,08:48:20,103.96,SGX,XOF8017,XOF8017,IUM26
9819,4,-0.370,1111,IUK26-IUM26,S,26-May-2026,08:48:27,-0.37,SGX,XOF8019,XOF8019,IUK26-IUM26
9819,4,104.340,1111,IUK26,B,26-May-2026,08:48:27,104.32,SGX,XOF8019,XOF8019,IUK26
9819,4,103.970,1111,IUM26,S,25-Jun-2026,08:48:27,103.96,SGX,XOF8019,XOF8019,IUM26
9819,1,103.98,1111,DINR,B,25-Jun-2026,09:00:55,103.98,DGCX,S-XOF8019,S-XOF8019,DINR-20260626
9819,1,103.980,1111,IUM26,S,25-Jun-2026,09:00:55,103.98,SGX,XOF8019,XOF8019,IUM26
9819,1,103.98,1111,DINR,B,25-Jun-2026,09:00:55,103.98,DGCX,S-XOF8019,S-XOF8019,DINR-20260626
9819,1,103.980,1111,IUM26,S,25-Jun-2026,09:00:55,103.98,SGX,XOF8019,XOF8019,IUM26
9818,5,104.35,1111,DINR,B,26-May-2026,09:06:26,104.35,DGCX,S-XOF8018,S-XOF8018,DINR-20260527
9819,5,104.35,1111,DINR,B,26-May-2026,09:06:26,104.35,DGCX,S-XOF8019,S-XOF8019,DINR-20260527
9819,5,104.35,1111,DINR,B,26-May-2026,09:06:26,104.35,DGCX,S-XOF8019,S-XOF8019,DINR-20260527
9818,3,104.350,1111,IUK26,S,26-May-2026,09:06:26,104.35,SGX,XOF8018,XOF8018,IUK26
9817,2,104.35,1111,DINR,B,26-May-2026,09:06:26,104.35,DGCX,S-XOF8017,S-XOF8017,DINR-20260527
9818,1,104.350,1111,IUK26,S,26-May-2026,09:06:26,104.35,SGX,XOF8018,XOF8018,IUK26
9818,1,104.350,1111,IUK26,S,26-May-2026,09:06:26,104.35,SGX,XOF8018,XOF8018,IUK26
9819,3,104.350,1111,IUK26,S,26-May-2026,09:06:26,104.35,SGX,XOF8019,XOF8019,IUK26
9819,2,104.350,1111,IUK26,S,26-May-2026,09:06:26,104.35,SGX,XOF8019,XOF8019,IUK26
9817,2,104.350,1111,IUK26,S,26-May-2026,09:06:26,104.35,SGX,XOF8017,XOF8017,IUK26
9819,1,104.350,1111,IUK26,S,26-May-2026,09:06:26,104.35,SGX,XOF8019,XOF8019,IUK26
9819,1,104.350,1111,IUK26,S,26-May-2026,09:06:26,104.35,SGX,XOF8019,XOF8019,IUK26
9819,1,104.350,1111,IUK26,S,26-May-2026,09:06:26,104.35,SGX,XOF8019,XOF8019,IUK26
9819,2,104.350,1111,IUK26,S,26-May-2026,09:06:26,104.35,SGX,XOF8019,XOF8019,IUK26
9819,3,104.35,1111,DINR,B,26-May-2026,09:06:26,104.35,DGCX,S-XOF8019,S-XOF8019,DINR-20260527
9819,3,104.350,1111,IUK26,S,26-May-2026,09:06:26,104.35,SGX,XOF8019,XOF8019,IUK26
9000,50,-0.00144,1111,BRLM26-BRLN26,B,29-May-2026,09:11:26,-0.00144,SGX,XOB8000,XOB8000,BRLM26-BRLN26
9000,50,0.19704,1111,BRLN26,B,30-Jun-2026,09:11:26,0,SGX,XOB8000,XOB8000,BRLN26
9000,50,0.19848,1111,BRLM26,S,29-May-2026,09:11:26,0,SGX,XOB8000,XOB8000,BRLM26
9000,50,-0.00144,1111,BRLM26-BRLN26,S,29-May-2026,09:11:31,-0.00144,SGX,XOB8000,XOB8000,BRLM26-BRLN26
9000,50,0.19848,1111,BRLM26,B,29-May-2026,09:11:31,0,SGX,XOB8000,XOB8000,BRLM26
9000,50,0.19704,1111,BRLN26,S,30-Jun-2026,09:11:31,0,SGX,XOB8000,XOB8000,BRLN26
9000,50,-0.00144,1111,BRLM26-BRLN26,B,29-May-2026,09:11:35,-0.00144,SGX,XOB8000,XOB8000,BRLM26-BRLN26
9000,50,0.19704,1111,BRLN26,B,30-Jun-2026,09:11:35,0,SGX,XOB8000,XOB8000,BRLN26
9000,50,0.19848,1111,BRLM26,S,29-May-2026,09:11:35,0,SGX,XOB8000,XOB8000,BRLM26
9000,50,-0.00144,1111,BRLM26-BRLN26,S,29-May-2026,09:11:47,-0.00144,SGX,XOB8000,XOB8000,BRLM26-BRLN26
9000,50,0.19848,1111,BRLM26,B,29-May-2026,09:11:47,0,SGX,XOB8000,XOB8000,BRLM26
9000,50,0.19704,1111,BRLN26,S,30-Jun-2026,09:11:47,0,SGX,XOB8000,XOB8000,BRLN26
9819,5,104.36,1111,DINR,B,26-May-2026,09:20:20,104.36,DGCX,S-XOF8019,S-XOF8019,DINR-20260527
9819,5,104.360,1111,IUK26,S,26-May-2026,09:20:20,104.36,SGX,XOF8019,XOF8019,IUK26
9000,28,-0.00144,1111,BRLM26-BRLN26,S,29-May-2026,09:22:09,-0.00144,SGX,XOB8000,XOB8000,BRLM26-BRLN26
9000,28,0.19704,1111,BRLN26,S,30-Jun-2026,09:22:09,0,SGX,XOB8000,XOB8000,BRLN26
9000,28,0.19848,1111,BRLM26,B,29-May-2026,09:22:09,0,SGX,XOB8000,XOB8000,BRLM26
9818,5,104.37,1111,DINR,B,26-May-2026,09:24:33,104.37,DGCX,S-XOF8018,S-XOF8018,DINR-20260527
9818,5,104.370,1111,IUK26,S,26-May-2026,09:24:33,104.37,SGX,XOF8018,XOF8018,IUK26
9818,5,104.37,1111,DINR,B,26-May-2026,09:24:33,104.37,DGCX,S-XOF8018,S-XOF8018,DINR-20260527
9818,3,104.370,1111,IUK26,S,26-May-2026,09:24:33,104.37,SGX,XOF8018,XOF8018,IUK26
9818,1,104.370,1111,IUK26,S,26-May-2026,09:24:33,104.37,SGX,XOF8018,XOF8018,IUK26
9818,1,104.370,1111,IUK26,S,26-May-2026,09:24:33,104.37,SGX,XOF8018,XOF8018,IUK26
9818,5,104.37,1111,DINR,B,26-May-2026,09:24:33,104.37,DGCX,S-XOF8018,S-XOF8018,DINR-20260527
9819,2,104.37,1111,DINR,B,26-May-2026,09:24:33,104.37,DGCX,S-XOF8019,S-XOF8019,DINR-20260527
9818,5,104.370,1111,IUK26,S,26-May-2026,09:24:33,104.37,SGX,XOF8018,XOF8018,IUK26
9819,2,104.370,1111,IUK26,S,26-May-2026,09:24:33,104.37,SGX,XOF8019,XOF8019,IUK26
9000,2,0.0004,1111,KUK26-KUM26,S,18-May-2026,09:24:52,0.0004,SGX,XOB8000,XOB8000,KUK26-KUM26
9000,2,0.6696,1111,KUK26,B,18-May-2026,09:24:52,0,SGX,XOB8000,XOB8000,KUK26
9000,2,0.6700,1111,KUM26,S,15-Jun-2026,09:24:52,0,SGX,XOB8000,XOB8000,KUM26
9000,3,0.0004,1111,KUK26-KUM26,S,18-May-2026,09:24:52,0.0004,SGX,XOB8000,XOB8000,KUK26-KUM26
9000,3,0.6696,1111,KUK26,B,18-May-2026,09:24:52,0,SGX,XOB8000,XOB8000,KUK26
9000,3,0.6700,1111,KUM26,S,15-Jun-2026,09:24:52,0,SGX,XOB8000,XOB8000,KUM26
9000,3,0.0004,1111,KUK26-KUM26,S,18-May-2026,09:24:52,0.0004,SGX,XOB8000,XOB8000,KUK26-KUM26
9000,3,0.6696,1111,KUK26,B,18-May-2026,09:24:52,0,SGX,XOB8000,XOB8000,KUK26
9000,3,0.6700,1111,KUM26,S,15-Jun-2026,09:24:52,0,SGX,XOB8000,XOB8000,KUM26
9000,4,0.0004,1111,KUK26-KUM26,S,18-May-2026,09:24:52,0.0004,SGX,XOB8000,XOB8000,KUK26-KUM26
9000,4,0.6696,1111,KUK26,B,18-May-2026,09:24:52,0,SGX,XOB8000,XOB8000,KUK26
9000,4,0.6700,1111,KUM26,S,15-Jun-2026,09:24:52,0,SGX,XOB8000,XOB8000,KUM26
9000,2,0.0004,1111,KUK26-KUM26,S,18-May-2026,09:24:52,0.0004,SGX,XOB8000,XOB8000,KUK26-KUM26
9000,2,0.6696,1111,KUK26,B,18-May-2026,09:24:52,0,SGX,XOB8000,XOB8000,KUK26
9000,2,0.6700,1111,KUM26,S,15-Jun-2026,09:24:52,0,SGX,XOB8000,XOB8000,KUM26
9000,3,0.0004,1111,KUK26-KUM26,S,18-May-2026,09:25:07,0.0004,SGX,XOB8000,XOB8000,KUK26-KUM26
9000,3,0.6696,1111,KUK26,B,18-May-2026,09:25:07,0,SGX,XOB8000,XOB8000,KUK26
9000,3,0.6700,1111,KUM26,S,15-Jun-2026,09:25:07,0,SGX,XOB8000,XOB8000,KUM26
9000,2,0.0004,1111,KUK26-KUM26,S,18-May-2026,09:25:07,0.0004,SGX,XOB8000,XOB8000,KUK26-KUM26
9000,2,0.6696,1111,KUK26,B,18-May-2026,09:25:07,0,SGX,XOB8000,XOB8000,KUK26
9000,2,0.6700,1111,KUM26,S,15-Jun-2026,09:25:07,0,SGX,XOB8000,XOB8000,KUM26
9000,1,0.0004,1111,KUK26-KUM26,S,18-May-2026,09:25:07,0.0004,SGX,XOB8000,XOB8000,KUK26-KUM26
9000,1,0.6696,1111,KUK26,B,18-May-2026,09:25:07,0,SGX,XOB8000,XOB8000,KUK26
9000,1,0.6700,1111,KUM26,S,15-Jun-2026,09:25:07,0,SGX,XOB8000,XOB8000,KUM26
9000,1,0.0004,1111,KUK26-KUM26,S,18-May-2026,09:25:07,0.0004,SGX,XOB8000,XOB8000,KUK26-KUM26
9000,1,0.6696,1111,KUK26,B,18-May-2026,09:25:07,0,SGX,XOB8000,XOB8000,KUK26
9000,1,0.6700,1111,KUM26,S,15-Jun-2026,09:25:07,0,SGX,XOB8000,XOB8000,KUM26
9819,2,-0.380,1111,IUM26-IUN26,B,26-Jun-2026,09:28:18,-0.41,SGX,XOF8019,XOF8019,IUM26-IUN26
9819,2,104.000,1111,IUM26,S,25-Jun-2026,09:28:18,104,SGX,XOF8019,XOF8019,IUM26
9819,2,103.620,1111,IUN26,B,29-Jul-2026,09:28:18,103.59,SGX,XOF8019,XOF8019,IUN26
9000,3,0.0004,1111,KUK26-KUM26,S,18-May-2026,09:28:36,0.0004,SGX,XOB8000,XOB8000,KUK26-KUM26
9000,3,0.6696,1111,KUK26,B,18-May-2026,09:28:36,0,SGX,XOB8000,XOB8000,KUK26
9000,3,0.6700,1111,KUM26,S,15-Jun-2026,09:28:36,0,SGX,XOB8000,XOB8000,KUM26
9819,5,104.38,1111,DINR,B,26-May-2026,09:31:12,104.38,DGCX,S-XOF8019,S-XOF8019,DINR-20260527
9819,5,104.380,1111,IUK26,S,26-May-2026,09:31:12,104.39,SGX,XOF8019,XOF8019,IUK26
9000,1,0.0004,1111,KUK26-KUM26,S,18-May-2026,09:31:54,0.0004,SGX,XOB8000,XOB8000,KUK26-KUM26
9000,1,0.6697,1111,KUK26,B,18-May-2026,09:31:54,0,SGX,XOB8000,XOB8000,KUK26
9000,1,0.6701,1111,KUM26,S,15-Jun-2026,09:31:54,0,SGX,XOB8000,XOB8000,KUM26
9816,169,-0.370,1111,IUK26-IUM26,B,26-May-2026,09:51:51,-0.37,SGX,XOF8016,XOF8016,IUK26-IUM26
9816,169,104.310,1111,IUK26,S,26-May-2026,09:51:51,104.3,SGX,XOF8016,XOF8016,IUK26
9816,169,103.940,1111,IUM26,B,25-Jun-2026,09:51:51,103.95,SGX,XOF8016,XOF8016,IUM26
9816,31,-0.370,1111,IUK26-IUM26,B,26-May-2026,09:52:02,-0.37,SGX,XOF8016,XOF8016,IUK26-IUM26
9816,31,104.310,1111,IUK26,S,26-May-2026,09:52:02,104.3,SGX,XOF8016,XOF8016,IUK26
9816,31,103.940,1111,IUM26,B,25-Jun-2026,09:52:02,103.95,SGX,XOF8016,XOF8016,IUM26
9817,50,-0.370,1111,IUK26-IUM26,B,26-May-2026,09:52:02,-0.37,SGX,XOF8017,XOF8017,IUK26-IUM26
9817,50,104.310,1111,IUK26,S,26-May-2026,09:52:02,104.3,SGX,XOF8017,XOF8017,IUK26
9817,50,103.940,1111,IUM26,B,25-Jun-2026,09:52:02,103.95,SGX,XOF8017,XOF8017,IUM26
9819,169,-0.370,1111,IUK26-IUM26,B,26-May-2026,09:52:02,-0.37,SGX,XOF8019,XOF8019,IUK26-IUM26
9819,169,104.310,1111,IUK26,S,26-May-2026,09:52:02,104.3,SGX,XOF8019,XOF8019,IUK26
9819,169,103.940,1111,IUM26,B,25-Jun-2026,09:52:02,103.95,SGX,XOF8019,XOF8019,IUM26
9819,31,-0.370,1111,IUK26-IUM26,B,26-May-2026,09:52:12,-0.37,SGX,XOF8019,XOF8019,IUK26-IUM26
9819,31,104.310,1111,IUK26,S,26-May-2026,09:52:12,104.3,SGX,XOF8019,XOF8019,IUK26
9819,31,103.940,1111,IUM26,B,25-Jun-2026,09:52:12,103.95,SGX,XOF8019,XOF8019,IUM26
9813,100,-0.370,1111,IUK26-IUM26,B,26-May-2026,09:52:12,-0.37,SGX,XOF8013,XOF8013,IUK26-IUM26
9813,100,104.310,1111,IUK26,S,26-May-2026,09:52:12,104.3,SGX,XOF8013,XOF8013,IUK26
9813,100,103.940,1111,IUM26,B,25-Jun-2026,09:52:12,103.95,SGX,XOF8013,XOF8013,IUM26
9814,200,-0.370,1111,IUK26-IUM26,S,26-May-2026,09:52:14,-0.37,SGX,XOF8014,XOF8014,IUK26-IUM26
9814,200,104.310,1111,IUK26,B,26-May-2026,09:52:14,104.31,SGX,XOF8014,XOF8014,IUK26
9814,200,103.940,1111,IUM26,S,25-Jun-2026,09:52:14,103.94,SGX,XOF8014,XOF8014,IUM26
9812,191,-0.370,1111,IUK26-IUM26,S,26-May-2026,09:52:15,-0.37,SGX,XOF8012,XOF8012,IUK26-IUM26
9812,191,104.310,1111,IUK26,B,26-May-2026,09:52:15,104.31,SGX,XOF8012,XOF8012,IUK26
9812,191,103.940,1111,IUM26,S,25-Jun-2026,09:52:15,103.94,SGX,XOF8012,XOF8012,IUM26
9812,1,-0.370,1111,IUK26-IUM26,S,26-May-2026,09:52:15,-0.37,SGX,XOF8012,XOF8012,IUK26-IUM26
9812,1,104.310,1111,IUK26,B,26-May-2026,09:52:15,104.31,SGX,XOF8012,XOF8012,IUK26
9812,1,103.940,1111,IUM26,S,25-Jun-2026,09:52:15,103.94,SGX,XOF8012,XOF8012,IUM26
9812,8,-0.370,1111,IUK26-IUM26,S,26-May-2026,09:52:15,-0.37,SGX,XOF8012,XOF8012,IUK26-IUM26
9812,8,104.310,1111,IUK26,B,26-May-2026,09:52:15,104.31,SGX,XOF8012,XOF8012,IUK26
9812,8,103.940,1111,IUM26,S,25-Jun-2026,09:52:15,103.94,SGX,XOF8012,XOF8012,IUM26
9814,18,-0.370,1111,IUK26-IUM26,B,26-May-2026,09:52:35,-0.37,SGX,XOF8014,XOF8014,IUK26-IUM26
9814,18,104.310,1111,IUK26,S,26-May-2026,09:52:35,104.3,SGX,XOF8014,XOF8014,IUK26
9814,18,103.940,1111,IUM26,B,25-Jun-2026,09:52:35,103.94,SGX,XOF8014,XOF8014,IUM26
9814,182,-0.370,1111,IUK26-IUM26,B,26-May-2026,09:52:45,-0.37,SGX,XOF8014,XOF8014,IUK26-IUM26
9814,182,104.300,1111,IUK26,S,26-May-2026,09:52:45,104.29,SGX,XOF8014,XOF8014,IUK26
9814,182,103.930,1111,IUM26,B,25-Jun-2026,09:52:45,103.94,SGX,XOF8014,XOF8014,IUM26
9812,68,-0.370,1111,IUK26-IUM26,B,26-May-2026,09:52:45,-0.37,SGX,XOF8012,XOF8012,IUK26-IUM26
9812,68,104.300,1111,IUK26,S,26-May-2026,09:52:45,104.29,SGX,XOF8012,XOF8012,IUK26
9812,68,103.930,1111,IUM26,B,25-Jun-2026,09:52:45,103.94,SGX,XOF8012,XOF8012,IUM26
9818,5,104.28,1111,DINR,B,26-May-2026,09:52:53,104.28,DGCX,S-XOF8018,S-XOF8018,DINR-20260527
9818,5,104.280,1111,IUK26,S,26-May-2026,09:52:53,104.28,SGX,XOF8018,XOF8018,IUK26
9812,132,-0.370,1111,IUK26-IUM26,B,26-May-2026,09:52:55,-0.37,SGX,XOF8012,XOF8012,IUK26-IUM26
9812,132,104.300,1111,IUK26,S,26-May-2026,09:52:55,104.3,SGX,XOF8012,XOF8012,IUK26
9812,132,103.930,1111,IUM26,B,25-Jun-2026,09:52:55,103.93,SGX,XOF8012,XOF8012,IUM26
9814,200,-0.370,1111,IUK26-IUM26,S,26-May-2026,09:52:58,-0.37,SGX,XOF8014,XOF8014,IUK26-IUM26
9814,200,104.300,1111,IUK26,B,26-May-2026,09:52:58,104.3,SGX,XOF8014,XOF8014,IUK26
9814,200,103.930,1111,IUM26,S,25-Jun-2026,09:52:58,103.93,SGX,XOF8014,XOF8014,IUM26
9818,100,-0.370,1111,IUK26-IUM26,S,26-May-2026,09:52:59,-0.37,SGX,XOF8018,XOF8018,IUK26-IUM26
9818,100,104.300,1111,IUK26,B,26-May-2026,09:52:59,104.3,SGX,XOF8018,XOF8018,IUK26
9818,100,103.930,1111,IUM26,S,25-Jun-2026,09:52:59,103.93,SGX,XOF8018,XOF8018,IUM26
9816,82,-0.370,1111,IUK26-IUM26,S,26-May-2026,09:53:01,-0.37,SGX,XOF8016,XOF8016,IUK26-IUM26
9816,82,104.300,1111,IUK26,B,26-May-2026,09:53:01,104.29,SGX,XOF8016,XOF8016,IUK26
9816,82,103.930,1111,IUM26,S,25-Jun-2026,09:53:01,103.93,SGX,XOF8016,XOF8016,IUM26
9816,10,-0.370,1111,IUK26-IUM26,S,26-May-2026,09:53:01,-0.37,SGX,XOF8016,XOF8016,IUK26-IUM26
9816,10,104.300,1111,IUK26,B,26-May-2026,09:53:01,104.29,SGX,XOF8016,XOF8016,IUK26
9816,10,103.930,1111,IUM26,S,25-Jun-2026,09:53:01,103.93,SGX,XOF8016,XOF8016,IUM26
9812,200,-0.370,1111,IUK26-IUM26,S,26-May-2026,09:53:01,-0.37,SGX,XOF8012,XOF8012,IUK26-IUM26
9812,200,103.920,1111,IUM26,S,25-Jun-2026,09:53:01,103.93,SGX,XOF8012,XOF8012,IUM26
9812,200,104.290,1111,IUK26,B,26-May-2026,09:53:01,104.29,SGX,XOF8012,XOF8012,IUK26
9812,10,-0.370,1111,IUK26-IUM26,B,26-May-2026,09:53:08,-0.37,SGX,XOF8012,XOF8012,IUK26-IUM26
9812,10,104.300,1111,IUK26,S,26-May-2026,09:53:08,104.28,SGX,XOF8012,XOF8012,IUK26
9812,10,103.930,1111,IUM26,B,25-Jun-2026,09:53:08,103.93,SGX,XOF8012,XOF8012,IUM26
9000,3,0.0004,1111,KUK26-KUM26,S,18-May-2026,09:55:29,0.0004,SGX,XOB8000,XOB8000,KUK26-KUM26
9000,3,0.6702,1111,KUK26,B,18-May-2026,09:55:29,0,SGX,XOB8000,XOB8000,KUK26
9000,3,0.6706,1111,KUM26,S,15-Jun-2026,09:55:29,0,SGX,XOB8000,XOB8000,KUM26
9000,2,0.0004,1111,KUK26-KUM26,S,18-May-2026,09:56:50,0.0004,SGX,XOB8000,XOB8000,KUK26-KUM26
9000,2,0.6701,1111,KUK26,B,18-May-2026,09:56:50,0,SGX,XOB8000,XOB8000,KUK26
9000,2,0.6705,1111,KUM26,S,15-Jun-2026,09:56:50,0,SGX,XOB8000,XOB8000,KUM26
9000,2,0.0004,1111,KUK26-KUM26,S,18-May-2026,09:56:50,0.0004,SGX,XOB8000,XOB8000,KUK26-KUM26
9000,2,0.6701,1111,KUK26,B,18-May-2026,09:56:50,0,SGX,XOB8000,XOB8000,KUK26
9000,2,0.6705,1111,KUM26,S,15-Jun-2026,09:56:50,0,SGX,XOB8000,XOB8000,KUM26
9812,5,103.930,1111,IUM26,B,25-Jun-2026,09:59:41,103.93,SGX,XOF8012,XOF8012,IUM26
9812,5,103.93,1111,DINR,S,25-Jun-2026,09:59:41,103.93,DGCX,S-XOF8012,S-XOF8012,DINR-20260626
9819,5,104.28,1111,DINR,B,26-May-2026,10:02:37,104.28,DGCX,S-XOF8019,S-XOF8019,DINR-20260527
9819,5,104.280,1111,IUK26,S,26-May-2026,10:02:38,104.29,SGX,XOF8019,XOF8019,IUK26
9819,1,104.28,1111,DINR,B,26-May-2026,10:02:37,104.28,DGCX,S-XOF8019,S-XOF8019,DINR-20260527
9819,1,104.280,1111,IUK26,S,26-May-2026,10:02:38,104.29,SGX,XOF8019,XOF8019,IUK26
9812,5,104.310,1111,IUK26,S,26-May-2026,10:05:39,104.32,SGX,XOF8012,XOF8012,IUK26
9812,5,104.32,1111,DINR,B,26-May-2026,10:05:39,104.32,DGCX,S-XOF8012,S-XOF8012,DINR-20260527
9812,5,104.310,1111,IUK26,S,26-May-2026,10:05:39,104.32,SGX,XOF8012,XOF8012,IUK26
9812,1,104.32,1111,DINR,B,26-May-2026,10:05:39,104.32,DGCX,S-XOF8012,S-XOF8012,DINR-20260527
9812,4,104.32,1111,DINR,B,26-May-2026,10:05:41,104.32,DGCX,S-XOF8012,S-XOF8012,DINR-20260527
9812,5,103.930,1111,IUM26,B,25-Jun-2026,10:07:26,103.94,SGX,XOF8012,XOF8012,IUM26
9819,5,104.29,1111,DINR,B,26-May-2026,10:07:26,104.29,DGCX,S-XOF8019,S-XOF8019,DINR-20260527
9812,5,103.93,1111,DINR,S,25-Jun-2026,10:07:26,103.93,DGCX,S-XOF8012,S-XOF8012,DINR-20260626
9819,5,104.290,1111,IUK26,S,26-May-2026,10:07:26,104.3,SGX,XOF8019,XOF8019,IUK26
9000,3,0.0004,1111,KUK26-KUM26,S,18-May-2026,10:09:19,0.0004,SGX,XOB8000,XOB8000,KUK26-KUM26
9000,3,0.6700,1111,KUK26,B,18-May-2026,10:09:19,0,SGX,XOB8000,XOB8000,KUK26
9000,3,0.6704,1111,KUM26,S,15-Jun-2026,10:09:19,0,SGX,XOB8000,XOB8000,KUM26
9000,1,0.0004,1111,KUK26-KUM26,S,18-May-2026,10:11:08,0.0004,SGX,XOB8000,XOB8000,KUK26-KUM26
9000,1,0.6700,1111,KUK26,B,18-May-2026,10:11:08,0,SGX,XOB8000,XOB8000,KUK26
9000,1,0.6704,1111,KUM26,S,15-Jun-2026,10:11:08,0,SGX,XOB8000,XOB8000,KUM26
9000,2,0.0004,1111,KUK26-KUM26,S,18-May-2026,10:11:17,0.0004,SGX,XOB8000,XOB8000,KUK26-KUM26
9000,2,0.6700,1111,KUK26,B,18-May-2026,10:11:17,0,SGX,XOB8000,XOB8000,KUK26
9000,2,0.6704,1111,KUM26,S,15-Jun-2026,10:11:17,0,SGX,XOB8000,XOB8000,KUM26
9000,22,0.0004,1111,KUK26-KUM26,S,18-May-2026,10:12:08,0.0004,SGX,XOB8000,XOB8000,KUK26-KUM26
9000,22,0.6700,1111,KUK26,B,18-May-2026,10:12:08,0,SGX,XOB8000,XOB8000,KUK26
9000,22,0.6704,1111,KUM26,S,15-Jun-2026,10:12:08,0,SGX,XOB8000,XOB8000,KUM26
9000,102,0.0004,1111,KUK26-KUM26,S,18-May-2026,10:20:48,0.0004,SGX,XOB8000,XOB8000,KUK26-KUM26
9000,102,0.6703,1111,KUK26,B,18-May-2026,10:20:48,0,SGX,XOB8000,XOB8000,KUK26
9000,102,0.6707,1111,KUM26,S,15-Jun-2026,10:20:48,0,SGX,XOB8000,XOB8000,KUM26
9000,200,0.0004,1111,KUK26-KUM26,S,18-May-2026,10:20:48,0.0004,SGX,XOB8000,XOB8000,KUK26-KUM26
9000,200,0.6703,1111,KUK26,B,18-May-2026,10:20:48,0,SGX,XOB8000,XOB8000,KUK26
9000,200,0.6707,1111,KUM26,S,15-Jun-2026,10:20:48,0,SGX,XOB8000,XOB8000,KUM26
9817,2,104.30,1111,DINR,B,26-May-2026,10:21:21,104.3,DGCX,S-XOF8017,S-XOF8017,DINR-20260527
9819,5,104.30,1111,DINR,B,26-May-2026,10:21:21,104.3,DGCX,S-XOF8019,S-XOF8019,DINR-20260527
9817,2,104.300,1111,IUK26,S,26-May-2026,10:21:21,104.3,SGX,XOF8017,XOF8017,IUK26
9819,5,104.300,1111,IUK26,S,26-May-2026,10:21:21,104.3,SGX,XOF8019,XOF8019,IUK26
9816,100,-0.360,1111,IUK26-IUM26,S,26-May-2026,10:25:30,-0.36,SGX,XOF8016,XOF8016,IUK26-IUM26
9816,100,104.280,1111,IUK26,B,26-May-2026,10:25:30,104.27,SGX,XOF8016,XOF8016,IUK26
9816,100,103.920,1111,IUM26,S,25-Jun-2026,10:25:30,103.93,SGX,XOF8016,XOF8016,IUM26
9819,200,-0.360,1111,IUK26-IUM26,S,26-May-2026,10:25:30,-0.36,SGX,XOF8019,XOF8019,IUK26-IUM26
9819,200,104.280,1111,IUK26,B,26-May-2026,10:25:30,104.27,SGX,XOF8019,XOF8019,IUK26
9819,200,103.920,1111,IUM26,S,25-Jun-2026,10:25:30,103.93,SGX,XOF8019,XOF8019,IUM26
9817,100,-0.360,1111,IUK26-IUM26,S,26-May-2026,10:25:30,-0.36,SGX,XOF8017,XOF8017,IUK26-IUM26
9817,100,104.280,1111,IUK26,B,26-May-2026,10:25:30,104.27,SGX,XOF8017,XOF8017,IUK26
9817,100,103.920,1111,IUM26,S,25-Jun-2026,10:25:30,103.93,SGX,XOF8017,XOF8017,IUM26
9814,150,-0.360,1111,IUK26-IUM26,S,26-May-2026,10:25:30,-0.36,SGX,XOF8014,XOF8014,IUK26-IUM26
9814,150,104.280,1111,IUK26,B,26-May-2026,10:25:30,104.27,SGX,XOF8014,XOF8014,IUK26
9814,150,103.920,1111,IUM26,S,25-Jun-2026,10:25:30,103.93,SGX,XOF8014,XOF8014,IUM26
9818,100,-0.360,1111,IUK26-IUM26,S,26-May-2026,10:25:30,-0.36,SGX,XOF8018,XOF8018,IUK26-IUM26
9818,100,104.280,1111,IUK26,B,26-May-2026,10:25:30,104.27,SGX,XOF8018,XOF8018,IUK26
9818,100,103.920,1111,IUM26,S,25-Jun-2026,10:25:30,103.93,SGX,XOF8018,XOF8018,IUM26
9817,4,-0.360,1111,IUK26-IUM26,B,26-May-2026,10:25:57,-0.36,SGX,XOF8017,XOF8017,IUK26-IUM26
9817,4,104.280,1111,IUK26,S,26-May-2026,10:25:57,104.28,SGX,XOF8017,XOF8017,IUK26
9817,4,103.920,1111,IUM26,B,25-Jun-2026,10:25:57,103.93,SGX,XOF8017,XOF8017,IUM26
9817,20,-0.360,1111,IUK26-IUM26,B,26-May-2026,10:25:57,-0.36,SGX,XOF8017,XOF8017,IUK26-IUM26
9817,20,104.280,1111,IUK26,S,26-May-2026,10:25:57,104.28,SGX,XOF8017,XOF8017,IUK26
9817,20,103.920,1111,IUM26,B,25-Jun-2026,10:25:57,103.93,SGX,XOF8017,XOF8017,IUM26
9817,5,-0.360,1111,IUK26-IUM26,B,26-May-2026,10:25:57,-0.36,SGX,XOF8017,XOF8017,IUK26-IUM26
9817,5,104.280,1111,IUK26,S,26-May-2026,10:25:57,104.28,SGX,XOF8017,XOF8017,IUK26
9817,5,103.920,1111,IUM26,B,25-Jun-2026,10:25:57,103.93,SGX,XOF8017,XOF8017,IUM26
9817,21,-0.360,1111,IUK26-IUM26,B,26-May-2026,10:26:08,-0.36,SGX,XOF8017,XOF8017,IUK26-IUM26
9817,21,104.280,1111,IUK26,S,26-May-2026,10:26:08,104.28,SGX,XOF8017,XOF8017,IUK26
9817,21,103.920,1111,IUM26,B,25-Jun-2026,10:26:08,103.93,SGX,XOF8017,XOF8017,IUM26
9817,50,-0.360,1111,IUK26-IUM26,B,26-May-2026,10:26:08,-0.36,SGX,XOF8017,XOF8017,IUK26-IUM26
9817,50,104.280,1111,IUK26,S,26-May-2026,10:26:08,104.28,SGX,XOF8017,XOF8017,IUK26
9817,50,103.920,1111,IUM26,B,25-Jun-2026,10:26:08,103.93,SGX,XOF8017,XOF8017,IUM26
9819,174,-0.360,1111,IUK26-IUM26,B,26-May-2026,10:26:08,-0.36,SGX,XOF8019,XOF8019,IUK26-IUM26
9819,174,104.280,1111,IUK26,S,26-May-2026,10:26:08,104.28,SGX,XOF8019,XOF8019,IUK26
9819,174,103.920,1111,IUM26,B,25-Jun-2026,10:26:08,103.93,SGX,XOF8019,XOF8019,IUM26
9819,26,-0.360,1111,IUK26-IUM26,B,26-May-2026,10:26:19,-0.36,SGX,XOF8019,XOF8019,IUK26-IUM26
9819,26,104.280,1111,IUK26,S,26-May-2026,10:26:19,104.28,SGX,XOF8019,XOF8019,IUK26
9819,26,103.920,1111,IUM26,B,25-Jun-2026,10:26:19,103.93,SGX,XOF8019,XOF8019,IUM26
9812,5,103.890,1111,IUM26,B,25-Jun-2026,10:33:17,103.89,SGX,XOF8012,XOF8012,IUM26
9812,5,104.250,1111,IUK26,B,26-May-2026,10:33:17,104.25,SGX,XOF8012,XOF8012,IUK26
9812,4,104.25,1111,DINR,S,26-May-2026,10:33:17,104.25,DGCX,S-XOF8012,S-XOF8012,DINR-20260527
9812,1,104.25,1111,DINR,S,26-May-2026,10:33:17,104.25,DGCX,S-XOF8012,S-XOF8012,DINR-20260527
9812,2,103.870,1111,IUM26,S,25-Jun-2026,10:40:21,103.87,SGX,XOF8012,XOF8012,IUM26
9812,2,103.87,1111,DINR,B,25-Jun-2026,10:40:22,103.87,DGCX,S-XOF8012,S-XOF8012,DINR-20260626
9812,2,103.87,1111,DINR,S,25-Jun-2026,10:40:22,103.87,DGCX,S-XOF8012,S-XOF8012,DINR-20260626
9812,3,103.870,1111,IUM26,S,25-Jun-2026,10:40:54,103.87,SGX,XOF8012,XOF8012,IUM26
9812,5,103.870,1111,IUM26,S,25-Jun-2026,10:40:54,103.87,SGX,XOF8012,XOF8012,IUM26
9812,3,103.87,1111,DINR,B,25-Jun-2026,10:40:54,103.87,DGCX,S-XOF8012,S-XOF8012,DINR-20260626
9812,3,103.87,1111,DINR,S,25-Jun-2026,10:40:54,103.87,DGCX,S-XOF8012,S-XOF8012,DINR-20260626
9812,1,103.88,1111,DINR,B,25-Jun-2026,10:40:54,103.87,DGCX,S-XOF8012,S-XOF8012,DINR-20260626
9812,1,103.88,1111,DINR,B,25-Jun-2026,10:41:11,103.88,DGCX,S-XOF8012,S-XOF8012,DINR-20260626
9812,1,103.88,1111,DINR,B,25-Jun-2026,10:41:11,103.88,DGCX,S-XOF8012,S-XOF8012,DINR-20260626
9812,2,103.88,1111,DINR,B,25-Jun-2026,10:42:09,103.88,DGCX,S-XOF8012,S-XOF8012,DINR-20260626
9814,50,-0.360,1111,IUK26-IUM26,B,26-May-2026,10:43:46,-0.36,SGX,XOF8014,XOF8014,IUK26-IUM26
9814,50,104.220,1111,IUK26,S,26-May-2026,10:43:46,104.22,SGX,XOF8014,XOF8014,IUK26
9814,50,103.860,1111,IUM26,B,25-Jun-2026,10:43:46,103.86,SGX,XOF8014,XOF8014,IUM26
9814,20,-0.360,1111,IUK26-IUM26,B,26-May-2026,10:43:46,-0.36,SGX,XOF8014,XOF8014,IUK26-IUM26
9814,20,104.220,1111,IUK26,S,26-May-2026,10:43:46,104.22,SGX,XOF8014,XOF8014,IUK26
9814,20,103.860,1111,IUM26,B,25-Jun-2026,10:43:46,103.86,SGX,XOF8014,XOF8014,IUM26
9814,5,-0.360,1111,IUK26-IUM26,B,26-May-2026,10:43:46,-0.36,SGX,XOF8014,XOF8014,IUK26-IUM26
9814,5,104.220,1111,IUK26,S,26-May-2026,10:43:46,104.22,SGX,XOF8014,XOF8014,IUK26
9814,5,103.860,1111,IUM26,B,25-Jun-2026,10:43:46,103.86,SGX,XOF8014,XOF8014,IUM26
9814,20,-0.360,1111,IUK26-IUM26,B,26-May-2026,10:43:46,-0.36,SGX,XOF8014,XOF8014,IUK26-IUM26
9814,20,104.220,1111,IUK26,S,26-May-2026,10:43:46,104.22,SGX,XOF8014,XOF8014,IUK26
9814,20,103.860,1111,IUM26,B,25-Jun-2026,10:43:46,103.86,SGX,XOF8014,XOF8014,IUM26
9814,20,-0.360,1111,IUK26-IUM26,B,26-May-2026,10:43:46,-0.36,SGX,XOF8014,XOF8014,IUK26-IUM26
9814,20,104.220,1111,IUK26,S,26-May-2026,10:43:46,104.22,SGX,XOF8014,XOF8014,IUK26
9814,20,103.860,1111,IUM26,B,25-Jun-2026,10:43:46,103.86,SGX,XOF8014,XOF8014,IUM26
9814,20,-0.360,1111,IUK26-IUM26,B,26-May-2026,10:43:46,-0.36,SGX,XOF8014,XOF8014,IUK26-IUM26
9814,20,104.220,1111,IUK26,S,26-May-2026,10:43:46,104.22,SGX,XOF8014,XOF8014,IUK26
9814,20,103.860,1111,IUM26,B,25-Jun-2026,10:43:46,103.86,SGX,XOF8014,XOF8014,IUM26
9814,15,-0.360,1111,IUK26-IUM26,B,26-May-2026,10:43:46,-0.36,SGX,XOF8014,XOF8014,IUK26-IUM26
9814,15,104.220,1111,IUK26,S,26-May-2026,10:43:46,104.22,SGX,XOF8014,XOF8014,IUK26
9814,15,103.860,1111,IUM26,B,25-Jun-2026,10:43:46,103.86,SGX,XOF8014,XOF8014,IUM26
9816,5,-0.360,1111,IUK26-IUM26,B,26-May-2026,10:43:48,-0.36,SGX,XOF8016,XOF8016,IUK26-IUM26
9816,5,104.220,1111,IUK26,S,26-May-2026,10:43:48,104.22,SGX,XOF8016,XOF8016,IUK26
9816,5,103.860,1111,IUM26,B,25-Jun-2026,10:43:48,103.86,SGX,XOF8016,XOF8016,IUM26
9816,20,-0.360,1111,IUK26-IUM26,B,26-May-2026,10:43:48,-0.36,SGX,XOF8016,XOF8016,IUK26-IUM26
9816,20,104.220,1111,IUK26,S,26-May-2026,10:43:48,104.22,SGX,XOF8016,XOF8016,IUK26
9816,20,103.860,1111,IUM26,B,25-Jun-2026,10:43:48,103.86,SGX,XOF8016,XOF8016,IUM26
9816,7,-0.360,1111,IUK26-IUM26,B,26-May-2026,10:43:48,-0.36,SGX,XOF8016,XOF8016,IUK26-IUM26
9816,7,104.220,1111,IUK26,S,26-May-2026,10:43:48,104.22,SGX,XOF8016,XOF8016,IUK26
9816,7,103.860,1111,IUM26,B,25-Jun-2026,10:43:48,103.86,SGX,XOF8016,XOF8016,IUM26
9816,5,-0.360,1111,IUK26-IUM26,B,26-May-2026,10:43:48,-0.36,SGX,XOF8016,XOF8016,IUK26-IUM26
9816,5,104.220,1111,IUK26,S,26-May-2026,10:43:48,104.22,SGX,XOF8016,XOF8016,IUK26
9816,5,103.860,1111,IUM26,B,25-Jun-2026,10:43:48,103.86,SGX,XOF8016,XOF8016,IUM26
9816,63,-0.360,1111,IUK26-IUM26,B,26-May-2026,10:43:57,-0.36,SGX,XOF8016,XOF8016,IUK26-IUM26
9816,63,104.220,1111,IUK26,S,26-May-2026,10:43:57,104.22,SGX,XOF8016,XOF8016,IUK26
9816,63,103.860,1111,IUM26,B,25-Jun-2026,10:43:57,103.86,SGX,XOF8016,XOF8016,IUM26
9818,100,-0.360,1111,IUK26-IUM26,B,26-May-2026,10:43:57,-0.36,SGX,XOF8018,XOF8018,IUK26-IUM26
9818,100,104.220,1111,IUK26,S,26-May-2026,10:43:57,104.22,SGX,XOF8018,XOF8018,IUK26
9818,100,103.860,1111,IUM26,B,25-Jun-2026,10:43:57,103.86,SGX,XOF8018,XOF8018,IUM26
9818,82,-0.360,1111,IUK26-IUM26,B,26-May-2026,10:43:57,-0.36,SGX,XOF8018,XOF8018,IUK26-IUM26
9818,82,104.220,1111,IUK26,S,26-May-2026,10:43:57,104.22,SGX,XOF8018,XOF8018,IUK26
9818,82,103.860,1111,IUM26,B,25-Jun-2026,10:43:57,103.86,SGX,XOF8018,XOF8018,IUM26
9818,18,-0.360,1111,IUK26-IUM26,B,26-May-2026,10:44:09,-0.36,SGX,XOF8018,XOF8018,IUK26-IUM26
9818,18,104.230,1111,IUK26,S,26-May-2026,10:44:09,104.22,SGX,XOF8018,XOF8018,IUK26
9818,18,103.870,1111,IUM26,B,25-Jun-2026,10:44:09,103.86,SGX,XOF8018,XOF8018,IUM26
9812,5,104.220,1111,IUK26,S,26-May-2026,10:45:47,104.22,SGX,XOF8012,XOF8012,IUK26
9812,4,104.23,1111,DINR,B,26-May-2026,10:45:47,104.23,DGCX,S-XOF8012,S-XOF8012,DINR-20260527
9812,1,104.23,1111,DINR,B,26-May-2026,10:45:47,104.23,DGCX,S-XOF8012,S-XOF8012,DINR-20260527
9000,36,0.0004,1111,KUK26-KUM26,S,18-May-2026,10:55:26,0.0004,SGX,XOB8000,XOB8000,KUK26-KUM26
9000,36,0.6697,1111,KUK26,B,18-May-2026,10:55:26,0,SGX,XOB8000,XOB8000,KUK26
9000,36,0.6701,1111,KUM26,S,15-Jun-2026,10:55:26,0,SGX,XOB8000,XOB8000,KUM26
9000,3,0.0004,1111,KUK26-KUM26,S,18-May-2026,10:55:26,0.0004,SGX,XOB8000,XOB8000,KUK26-KUM26
9000,3,0.6697,1111,KUK26,B,18-May-2026,10:55:26,0,SGX,XOB8000,XOB8000,KUK26
9000,3,0.6701,1111,KUM26,S,15-Jun-2026,10:55:26,0,SGX,XOB8000,XOB8000,KUM26
9812,5,103.860,1111,IUM26,B,25-Jun-2026,11:06:07,103.86,SGX,XOF8012,XOF8012,IUM26
9812,5,103.87,1111,DINR,S,25-Jun-2026,11:06:07,103.88,DGCX,S-XOF8012,S-XOF8012,DINR-20260626
9812,5,103.860,1111,IUM26,B,25-Jun-2026,11:06:07,103.86,SGX,XOF8012,XOF8012,IUM26
9812,4,103.87,1111,DINR,S,25-Jun-2026,11:06:07,103.88,DGCX,S-XOF8012,S-XOF8012,DINR-20260626
9812,1,103.86,1111,DINR,S,25-Jun-2026,11:06:38,103.86,DGCX,S-XOF8012,S-XOF8012,DINR-20260626
9812,1,103.840,1111,IUM26,B,25-Jun-2026,11:11:34,103.84,SGX,XOF8012,XOF8012,IUM26
9812,1,103.840,1111,IUM26,B,25-Jun-2026,11:11:34,103.84,SGX,XOF8012,XOF8012,IUM26
9812,3,103.840,1111,IUM26,B,25-Jun-2026,11:11:34,103.84,SGX,XOF8012,XOF8012,IUM26
9812,1,103.85,1111,DINR,S,25-Jun-2026,11:11:34,103.85,DGCX,S-XOF8012,S-XOF8012,DINR-20260626
9812,1,103.85,1111,DINR,S,25-Jun-2026,11:11:34,103.85,DGCX,S-XOF8012,S-XOF8012,DINR-20260626
9812,2,103.85,1111,DINR,S,25-Jun-2026,11:11:34,103.85,DGCX,S-XOF8012,S-XOF8012,DINR-20260626
9812,1,103.85,1111,DINR,S,25-Jun-2026,11:11:34,103.85,DGCX,S-XOF8012,S-XOF8012,DINR-20260626
9812,5,104.190,1111,IUK26,B,26-May-2026,11:12:27,104.19,SGX,XOF8012,XOF8012,IUK26
9812,2,104.19,1111,DINR,S,26-May-2026,11:12:27,104.22,DGCX,S-XOF8012,S-XOF8012,DINR-20260527
9817,2,104.19,1111,DINR,B,26-May-2026,11:12:27,104.22,DGCX,S-XOF8017,S-XOF8017,DINR-20260527
9812,3,104.19,1111,DINR,S,26-May-2026,11:12:27,104.22,DGCX,S-XOF8012,S-XOF8012,DINR-20260527
9818,3,104.19,1111,DINR,B,26-May-2026,11:12:27,104.22,DGCX,S-XOF8018,S-XOF8018,DINR-20260527
9812,5,104.190,1111,IUK26,B,26-May-2026,11:12:28,104.19,SGX,XOF8012,XOF8012,IUK26
9812,5,104.19,1111,DINR,S,26-May-2026,11:12:28,104.19,DGCX,S-XOF8012,S-XOF8012,DINR-20260527
9812,5,104.190,1111,IUK26,B,26-May-2026,11:12:28,104.18,SGX,XOF8012,XOF8012,IUK26
9812,5,104.19,1111,DINR,S,26-May-2026,11:12:28,104.19,DGCX,S-XOF8012,S-XOF8012,DINR-20260527
9812,5,104.190,1111,IUK26,B,26-May-2026,11:12:28,104.18,SGX,XOF8012,XOF8012,IUK26
9812,5,104.19,1111,DINR,S,26-May-2026,11:12:28,104.19,DGCX,S-XOF8012,S-XOF8012,DINR-20260527
9818,3,104.170,1111,IUK26,S,26-May-2026,11:13:51,104.17,SGX,XOF8018,XOF8018,IUK26
9817,2,104.190,1111,IUK26,S,26-May-2026,11:15:03,104.18,SGX,XOF8017,XOF8017,IUK26
9812,5,104.190,1111,IUK26,S,26-May-2026,11:15:03,104.18,SGX,XOF8012,XOF8012,IUK26
9812,1,104.20,1111,DINR,B,26-May-2026,11:15:04,104.2,DGCX,S-XOF8012,S-XOF8012,DINR-20260527
9812,1,104.20,1111,DINR,B,26-May-2026,11:15:04,104.2,DGCX,S-XOF8012,S-XOF8012,DINR-20260527
9812,1,104.20,1111,DINR,B,26-May-2026,11:15:04,104.2,DGCX,S-XOF8012,S-XOF8012,DINR-20260527
9812,1,104.20,1111,DINR,B,26-May-2026,11:15:04,104.2,DGCX,S-XOF8012,S-XOF8012,DINR-20260527
9812,1,104.20,1111,DINR,B,26-May-2026,11:15:04,104.2,DGCX,S-XOF8012,S-XOF8012,DINR-20260527
9000,77,-0.0133,1111,UCK26-UCM26,B,18-May-2026,11:16:33,-0.0133,SGX,XOB8000,XOB8000,UCK26-UCM26
9000,77,6.7843,1111,UCK26,S,18-May-2026,11:16:33,0,SGX,XOB8000,XOB8000,UCK26
9000,77,6.7710,1111,UCM26,B,15-Jun-2026,11:16:33,0,SGX,XOB8000,XOB8000,UCM26
9000,50,-0.0133,1111,UCK26-UCM26,B,18-May-2026,11:16:33,-0.0133,SGX,XOB8000,XOB8000,UCK26-UCM26
9000,50,6.7843,1111,UCK26,S,18-May-2026,11:16:33,0,SGX,XOB8000,XOB8000,UCK26
9000,50,6.7710,1111,UCM26,B,15-Jun-2026,11:16:33,0,SGX,XOB8000,XOB8000,UCM26
9000,50,-0.0133,1111,UCK26-UCM26,B,18-May-2026,11:16:33,-0.0133,SGX,XOB8000,XOB8000,UCK26-UCM26
9000,50,6.7843,1111,UCK26,S,18-May-2026,11:16:33,0,SGX,XOB8000,XOB8000,UCK26
9000,50,6.7710,1111,UCM26,B,15-Jun-2026,11:16:33,0,SGX,XOB8000,XOB8000,UCM26
9000,23,-0.0133,1111,UCK26-UCM26,B,18-May-2026,11:16:33,-0.0133,SGX,XOB8000,XOB8000,UCK26-UCM26
9000,23,6.7843,1111,UCK26,S,18-May-2026,11:16:33,0,SGX,XOB8000,XOB8000,UCK26
9000,23,6.7710,1111,UCM26,B,15-Jun-2026,11:16:33,0,SGX,XOB8000,XOB8000,UCM26
9000,37,-0.0133,1111,UCK26-UCM26,B,18-May-2026,11:16:34,-0.0133,SGX,XOB8000,XOB8000,UCK26-UCM26
9000,37,6.7843,1111,UCK26,S,18-May-2026,11:16:34,0,SGX,XOB8000,XOB8000,UCK26
9000,37,6.7710,1111,UCM26,B,15-Jun-2026,11:16:34,0,SGX,XOB8000,XOB8000,UCM26
9000,10,-0.0133,1111,UCK26-UCM26,B,18-May-2026,11:16:34,-0.0133,SGX,XOB8000,XOB8000,UCK26-UCM26
9000,10,6.7843,1111,UCK26,S,18-May-2026,11:16:34,0,SGX,XOB8000,XOB8000,UCK26
9000,10,6.7710,1111,UCM26,B,15-Jun-2026,11:16:34,0,SGX,XOB8000,XOB8000,UCM26
9000,4,-0.0133,1111,UCK26-UCM26,B,18-May-2026,11:16:34,-0.0133,SGX,XOB8000,XOB8000,UCK26-UCM26
9000,4,6.7843,1111,UCK26,S,18-May-2026,11:16:34,0,SGX,XOB8000,XOB8000,UCK26
9000,4,6.7710,1111,UCM26,B,15-Jun-2026,11:16:34,0,SGX,XOB8000,XOB8000,UCM26
9000,71,-0.0133,1111,UCK26-UCM26,B,18-May-2026,11:16:34,-0.0133,SGX,XOB8000,XOB8000,UCK26-UCM26
9000,71,6.7843,1111,UCK26,S,18-May-2026,11:16:34,0,SGX,XOB8000,XOB8000,UCK26
9000,71,6.7710,1111,UCM26,B,15-Jun-2026,11:16:34,0,SGX,XOB8000,XOB8000,UCM26
9000,1,-0.0133,1111,UCK26-UCM26,B,18-May-2026,11:16:34,-0.0133,SGX,XOB8000,XOB8000,UCK26-UCM26
9000,1,6.7843,1111,UCK26,S,18-May-2026,11:16:34,0,SGX,XOB8000,XOB8000,UCK26
9000,1,6.7710,1111,UCM26,B,15-Jun-2026,11:16:34,0,SGX,XOB8000,XOB8000,UCM26
9000,1,-0.0133,1111,UCK26-UCM26,B,18-May-2026,11:16:35,-0.0133,SGX,XOB8000,XOB8000,UCK26-UCM26
9000,1,6.7843,1111,UCK26,S,18-May-2026,11:16:35,0,SGX,XOB8000,XOB8000,UCK26
9000,1,6.7710,1111,UCM26,B,15-Jun-2026,11:16:35,0,SGX,XOB8000,XOB8000,UCM26
9000,10,-0.0133,1111,UCK26-UCM26,B,18-May-2026,11:16:57,-0.0133,SGX,XOB8000,XOB8000,UCK26-UCM26
9000,10,6.7710,1111,UCM26,B,15-Jun-2026,11:16:57,0,SGX,XOB8000,XOB8000,UCM26
9000,10,6.7843,1111,UCK26,S,18-May-2026,11:16:57,0,SGX,XOB8000,XOB8000,UCK26
9812,5,104.210,1111,IUK26,B,26-May-2026,11:18:39,104.2,SGX,XOF8012,XOF8012,IUK26
9812,2,104.22,1111,DINR,S,26-May-2026,11:18:39,104.22,DGCX,S-XOF8012,S-XOF8012,DINR-20260527
9812,3,104.22,1111,DINR,S,26-May-2026,11:18:39,104.22,DGCX,S-XOF8012,S-XOF8012,DINR-20260527
9817,3,104.22,1111,DINR,S,26-May-2026,11:20:05,104.22,DGCX,S-XOF8017,S-XOF8017,DINR-20260527
9817,1,104.200,1111,IUK26,B,26-May-2026,11:20:05,104.2,SGX,XOF8017,XOF8017,IUK26
9817,1,104.200,1111,IUK26,B,26-May-2026,11:20:05,104.2,SGX,XOF8017,XOF8017,IUK26
9817,1,104.200,1111,IUK26,B,26-May-2026,11:20:05,104.2,SGX,XOF8017,XOF8017,IUK26
9817,1,104.22,1111,DINR,S,26-May-2026,11:20:25,104.22,DGCX,S-XOF8017,S-XOF8017,DINR-20260527
9817,1,104.200,1111,IUK26,B,26-May-2026,11:20:25,104.2,SGX,XOF8017,XOF8017,IUK26
9000,1,-0.0133,1111,UCK26-UCM26,S,18-May-2026,11:26:43,-0.0133,SGX,XOB8000,XOB8000,UCK26-UCM26
9000,1,6.7832,1111,UCK26,B,18-May-2026,11:26:43,0,SGX,XOB8000,XOB8000,UCK26
9000,1,6.7699,1111,UCM26,S,15-Jun-2026,11:26:43,0,SGX,XOB8000,XOB8000,UCM26
9000,1,-0.0133,1111,UCK26-UCM26,S,18-May-2026,11:26:43,-0.0133,SGX,XOB8000,XOB8000,UCK26-UCM26
9000,1,6.7833,1111,UCK26,B,18-May-2026,11:26:43,0,SGX,XOB8000,XOB8000,UCK26
9000,1,6.7700,1111,UCM26,S,15-Jun-2026,11:26:43,0,SGX,XOB8000,XOB8000,UCM26
9000,1,-0.0133,1111,UCK26-UCM26,S,18-May-2026,11:26:43,-0.0133,SGX,XOB8000,XOB8000,UCK26-UCM26
9000,1,6.7833,1111,UCK26,B,18-May-2026,11:26:43,0,SGX,XOB8000,XOB8000,UCK26
9000,1,6.7700,1111,UCM26,S,15-Jun-2026,11:26:43,0,SGX,XOB8000,XOB8000,UCM26
9000,1,-0.0133,1111,UCK26-UCM26,S,18-May-2026,11:26:43,-0.0133,SGX,XOB8000,XOB8000,UCK26-UCM26
9000,1,6.7833,1111,UCK26,B,18-May-2026,11:26:43,0,SGX,XOB8000,XOB8000,UCK26
9000,1,6.7700,1111,UCM26,S,15-Jun-2026,11:26:43,0,SGX,XOB8000,XOB8000,UCM26
9000,1,-0.0133,1111,UCK26-UCM26,S,18-May-2026,11:26:43,-0.0133,SGX,XOB8000,XOB8000,UCK26-UCM26
9000,1,6.7833,1111,UCK26,B,18-May-2026,11:26:43,0,SGX,XOB8000,XOB8000,UCK26
9000,1,6.7700,1111,UCM26,S,15-Jun-2026,11:26:43,0,SGX,XOB8000,XOB8000,UCM26
9000,50,-0.0133,1111,UCK26-UCM26,S,18-May-2026,11:29:11,-0.0133,SGX,XOB8000,XOB8000,UCK26-UCM26
9000,50,6.7836,1111,UCK26,B,18-May-2026,11:29:11,0,SGX,XOB8000,XOB8000,UCK26
9000,50,6.7703,1111,UCM26,S,15-Jun-2026,11:29:11,0,SGX,XOB8000,XOB8000,UCM26
9000,7,-0.0133,1111,UCK26-UCM26,S,18-May-2026,11:29:56,-0.0133,SGX,XOB8000,XOB8000,UCK26-UCM26
9000,7,6.7838,1111,UCK26,B,18-May-2026,11:29:56,0,SGX,XOB8000,XOB8000,UCK26
9000,7,6.7705,1111,UCM26,S,15-Jun-2026,11:29:56,0,SGX,XOB8000,XOB8000,UCM26
9000,138,-0.0133,1111,UCK26-UCM26,S,18-May-2026,11:29:56,-0.0133,SGX,XOB8000,XOB8000,UCK26-UCM26
9000,138,6.7838,1111,UCK26,B,18-May-2026,11:29:56,0,SGX,XOB8000,XOB8000,UCK26
9000,138,6.7705,1111,UCM26,S,15-Jun-2026,11:29:56,0,SGX,XOB8000,XOB8000,UCM26
9000,91,-0.0133,1111,UCK26-UCM26,S,18-May-2026,11:29:56,-0.0133,SGX,XOB8000,XOB8000,UCK26-UCM26
9000,91,6.7838,1111,UCK26,B,18-May-2026,11:29:56,0,SGX,XOB8000,XOB8000,UCK26
9000,91,6.7705,1111,UCM26,S,15-Jun-2026,11:29:56,0,SGX,XOB8000,XOB8000,UCM26
9000,1,-0.0133,1111,UCK26-UCM26,S,18-May-2026,11:29:56,-0.0133,SGX,XOB8000,XOB8000,UCK26-UCM26
9000,1,6.7838,1111,UCK26,B,18-May-2026,11:29:56,0,SGX,XOB8000,XOB8000,UCK26
9000,1,6.7705,1111,UCM26,S,15-Jun-2026,11:29:56,0,SGX,XOB8000,XOB8000,UCM26
9000,1,-0.0133,1111,UCK26-UCM26,S,18-May-2026,11:29:56,-0.0133,SGX,XOB8000,XOB8000,UCK26-UCM26
9000,1,6.7838,1111,UCK26,B,18-May-2026,11:29:56,0,SGX,XOB8000,XOB8000,UCK26
9000,1,6.7705,1111,UCM26,S,15-Jun-2026,11:29:56,0,SGX,XOB8000,XOB8000,UCM26
9000,1,-0.0133,1111,UCK26-UCM26,S,18-May-2026,11:29:56,-0.0133,SGX,XOB8000,XOB8000,UCK26-UCM26
9000,1,6.7838,1111,UCK26,B,18-May-2026,11:29:56,0,SGX,XOB8000,XOB8000,UCK26
9000,1,6.7705,1111,UCM26,S,15-Jun-2026,11:29:56,0,SGX,XOB8000,XOB8000,UCM26
9000,12,-0.0133,1111,UCK26-UCM26,S,18-May-2026,11:29:56,-0.0133,SGX,XOB8000,XOB8000,UCK26-UCM26
9000,12,6.7838,1111,UCK26,B,18-May-2026,11:29:56,0,SGX,XOB8000,XOB8000,UCK26
9000,12,6.7705,1111,UCM26,S,15-Jun-2026,11:29:56,0,SGX,XOB8000,XOB8000,UCM26
9819,5,104.18,1111,DINR,B,26-May-2026,11:30:01,104.2,DGCX,S-XOF8019,S-XOF8019,DINR-20260527
9819,5,104.18,1111,DINR,B,26-May-2026,11:30:01,104.2,DGCX,S-XOF8019,S-XOF8019,DINR-20260527
9819,3,104.180,1111,IUK26,S,26-May-2026,11:30:01,104.18,SGX,XOF8019,XOF8019,IUK26
9819,5,104.18,1111,DINR,B,26-May-2026,11:30:01,104.2,DGCX,S-XOF8019,S-XOF8019,DINR-20260527
9819,1,104.180,1111,IUK26,S,26-May-2026,11:30:01,104.18,SGX,XOF8019,XOF8019,IUK26
9818,5,104.20,1111,DINR,S,26-May-2026,11:30:01,104.2,DGCX,S-XOF8018,S-XOF8018,DINR-20260527
9817,5,104.20,1111,DINR,S,26-May-2026,11:30:01,104.2,DGCX,S-XOF8017,S-XOF8017,DINR-20260527
9818,2,104.180,1111,IUK26,B,26-May-2026,11:30:01,104.18,SGX,XOF8018,XOF8018,IUK26
9818,3,104.180,1111,IUK26,B,26-May-2026,11:30:01,104.18,SGX,XOF8018,XOF8018,IUK26
9817,5,104.180,1111,IUK26,B,26-May-2026,11:30:01,104.18,SGX,XOF8017,XOF8017,IUK26
9817,5,104.20,1111,DINR,S,26-May-2026,11:30:01,104.2,DGCX,S-XOF8017,S-XOF8017,DINR-20260527
9817,5,104.20,1111,DINR,S,26-May-2026,11:30:01,104.2,DGCX,S-XOF8017,S-XOF8017,DINR-20260527
9817,5,104.180,1111,IUK26,B,26-May-2026,11:30:01,104.18,SGX,XOF8017,XOF8017,IUK26
9817,5,104.180,1111,IUK26,B,26-May-2026,11:30:01,104.18,SGX,XOF8017,XOF8017,IUK26
9819,1,104.180,1111,IUK26,S,26-May-2026,11:30:23,104.16,SGX,XOF8019,XOF8019,IUK26
9819,3,104.180,1111,IUK26,S,26-May-2026,11:30:23,104.16,SGX,XOF8019,XOF8019,IUK26
9000,28,-0.0133,1111,UCK26-UCM26,S,18-May-2026,11:30:53,-0.0133,SGX,XOB8000,XOB8000,UCK26-UCM26
9000,28,6.7834,1111,UCK26,B,18-May-2026,11:30:53,0,SGX,XOB8000,XOB8000,UCK26
9000,28,6.7701,1111,UCM26,S,15-Jun-2026,11:30:53,0,SGX,XOB8000,XOB8000,UCM26
9819,5,104.160,1111,IUK26,S,26-May-2026,11:31:16,104.15,SGX,XOF8019,XOF8019,IUK26
9819,2,104.160,1111,IUK26,S,26-May-2026,11:31:16,104.15,SGX,XOF8019,XOF8019,IUK26
9812,13,-0.370,1111,IUK26-IUM26,B,26-May-2026,11:33:00,-0.37,SGX,XOF8012,XOF8012,IUK26-IUM26
9812,13,104.200,1111,IUK26,S,26-May-2026,11:33:00,104.2,SGX,XOF8012,XOF8012,IUK26
9812,13,103.830,1111,IUM26,B,25-Jun-2026,11:33:00,103.83,SGX,XOF8012,XOF8012,IUM26
9819,5,104.19,1111,DINR,B,26-May-2026,11:42:11,104.19,DGCX,S-XOF8019,S-XOF8019,DINR-20260527
9819,4,104.19,1111,DINR,B,26-May-2026,11:42:11,104.19,DGCX,S-XOF8019,S-XOF8019,DINR-20260527
9819,2,104.190,1111,IUK26,S,26-May-2026,11:42:11,104.19,SGX,XOF8019,XOF8019,IUK26
9819,1,104.190,1111,IUK26,S,26-May-2026,11:42:11,104.19,SGX,XOF8019,XOF8019,IUK26
9819,2,104.190,1111,IUK26,S,26-May-2026,11:42:11,104.19,SGX,XOF8019,XOF8019,IUK26
9819,1,104.190,1111,IUK26,S,26-May-2026,11:42:11,104.19,SGX,XOF8019,XOF8019,IUK26
9819,3,104.190,1111,IUK26,S,26-May-2026,11:42:11,104.19,SGX,XOF8019,XOF8019,IUK26
9819,1,104.19,1111,DINR,B,26-May-2026,11:42:18,104.19,DGCX,S-XOF8019,S-XOF8019,DINR-20260527
9819,1,104.190,1111,IUK26,S,26-May-2026,11:42:18,104.19,SGX,XOF8019,XOF8019,IUK26
9819,5,104.19,1111,DINR,B,26-May-2026,11:42:18,104.19,DGCX,S-XOF8019,S-XOF8019,DINR-20260527
9819,5,104.190,1111,IUK26,S,26-May-2026,11:42:18,104.19,SGX,XOF8019,XOF8019,IUK26
9817,2,104.19,1111,DINR,B,26-May-2026,11:42:24,104.19,DGCX,S-XOF8017,S-XOF8017,DINR-20260527
9818,5,104.19,1111,DINR,B,26-May-2026,11:42:24,104.19,DGCX,S-XOF8018,S-XOF8018,DINR-20260527
9818,5,104.19,1111,DINR,B,26-May-2026,11:42:24,104.19,DGCX,S-XOF8018,S-XOF8018,DINR-20260527
9817,2,104.190,1111,IUK26,S,26-May-2026,11:42:24,104.19,SGX,XOF8017,XOF8017,IUK26
9818,4,104.190,1111,IUK26,S,26-May-2026,11:42:24,104.19,SGX,XOF8018,XOF8018,IUK26
9818,1,104.190,1111,IUK26,S,26-May-2026,11:42:24,104.19,SGX,XOF8018,XOF8018,IUK26
9818,4,104.190,1111,IUK26,S,26-May-2026,11:42:24,104.19,SGX,XOF8018,XOF8018,IUK26
9818,1,104.190,1111,IUK26,S,26-May-2026,11:42:24,104.19,SGX,XOF8018,XOF8018,IUK26
9818,5,104.19,1111,DINR,B,26-May-2026,11:42:24,104.19,DGCX,S-XOF8018,S-XOF8018,DINR-20260527
9818,1,104.190,1111,IUK26,S,26-May-2026,11:42:24,104.19,SGX,XOF8018,XOF8018,IUK26
9819,3,104.19,1111,DINR,B,26-May-2026,11:42:25,104.19,DGCX,S-XOF8019,S-XOF8019,DINR-20260527
9818,4,104.190,1111,IUK26,S,26-May-2026,11:42:24,104.19,SGX,XOF8018,XOF8018,IUK26
9819,3,104.190,1111,IUK26,S,26-May-2026,11:42:24,104.19,SGX,XOF8019,XOF8019,IUK26
9819,2,104.19,1111,DINR,B,26-May-2026,11:42:25,104.19,DGCX,S-XOF8019,S-XOF8019,DINR-20260527
9817,2,104.19,1111,DINR,B,26-May-2026,11:42:25,104.19,DGCX,S-XOF8017,S-XOF8017,DINR-20260527
9819,5,104.19,1111,DINR,B,26-May-2026,11:42:25,104.19,DGCX,S-XOF8019,S-XOF8019,DINR-20260527
9819,5,104.19,1111,DINR,B,26-May-2026,11:42:25,104.19,DGCX,S-XOF8019,S-XOF8019,DINR-20260527
9819,1,104.170,1111,IUK26,S,26-May-2026,11:42:47,104.16,SGX,XOF8019,XOF8019,IUK26
9819,3,104.170,1111,IUK26,S,26-May-2026,11:42:47,104.16,SGX,XOF8019,XOF8019,IUK26
9819,1,104.170,1111,IUK26,S,26-May-2026,11:42:47,104.16,SGX,XOF8019,XOF8019,IUK26
9819,2,104.170,1111,IUK26,S,26-May-2026,11:42:47,104.16,SGX,XOF8019,XOF8019,IUK26
9819,5,104.170,1111,IUK26,S,26-May-2026,11:42:47,104.16,SGX,XOF8019,XOF8019,IUK26
9817,2,104.170,1111,IUK26,S,26-May-2026,11:42:47,104.16,SGX,XOF8017,XOF8017,IUK26
9813,17,-0.360,1111,IUK26-IUM26,S,26-May-2026,11:47:04,-0.36,SGX,XOF8013,XOF8013,IUK26-IUM26
9813,17,104.190,1111,IUK26,B,26-May-2026,11:47:04,104.19,SGX,XOF8013,XOF8013,IUK26
9813,17,103.830,1111,IUM26,S,25-Jun-2026,11:47:04,103.83,SGX,XOF8013,XOF8013,IUM26
9812,5,104.200,1111,IUK26,S,26-May-2026,11:47:04,104.19,SGX,XOF8012,XOF8012,IUK26
9812,5,104.21,1111,DINR,B,26-May-2026,11:47:04,104.21,DGCX,S-XOF8012,S-XOF8012,DINR-20260527
9813,1,-0.360,1111,IUK26-IUM26,S,26-May-2026,11:47:33,-0.36,SGX,XOF8013,XOF8013,IUK26-IUM26
9813,1,104.180,1111,IUK26,B,26-May-2026,11:47:33,104.18,SGX,XOF8013,XOF8013,IUK26
9813,1,103.820,1111,IUM26,S,25-Jun-2026,11:47:33,103.82,SGX,XOF8013,XOF8013,IUM26
9813,1,-0.360,1111,IUK26-IUM26,S,26-May-2026,11:48:06,-0.36,SGX,XOF8013,XOF8013,IUK26-IUM26
9813,1,104.180,1111,IUK26,B,26-May-2026,11:48:06,104.17,SGX,XOF8013,XOF8013,IUK26
9813,1,103.820,1111,IUM26,S,25-Jun-2026,11:48:06,103.82,SGX,XOF8013,XOF8013,IUM26
9813,1,-0.360,1111,IUK26-IUM26,S,26-May-2026,11:49:17,-0.36,SGX,XOF8013,XOF8013,IUK26-IUM26
9813,1,104.170,1111,IUK26,B,26-May-2026,11:49:17,104.17,SGX,XOF8013,XOF8013,IUK26
9813,1,103.810,1111,IUM26,S,25-Jun-2026,11:49:17,103.81,SGX,XOF8013,XOF8013,IUM26
9813,1,-0.360,1111,IUK26-IUM26,S,26-May-2026,11:49:18,-0.36,SGX,XOF8013,XOF8013,IUK26-IUM26
9813,1,104.170,1111,IUK26,B,26-May-2026,11:49:18,104.17,SGX,XOF8013,XOF8013,IUK26
9813,1,103.810,1111,IUM26,S,25-Jun-2026,11:49:18,103.81,SGX,XOF8013,XOF8013,IUM26
9813,1,-0.360,1111,IUK26-IUM26,S,26-May-2026,11:49:21,-0.36,SGX,XOF8013,XOF8013,IUK26-IUM26
9813,1,104.170,1111,IUK26,B,26-May-2026,11:49:21,104.17,SGX,XOF8013,XOF8013,IUK26
9813,1,103.810,1111,IUM26,S,25-Jun-2026,11:49:21,103.81,SGX,XOF8013,XOF8013,IUM26
9813,1,-0.360,1111,IUK26-IUM26,S,26-May-2026,11:49:21,-0.36,SGX,XOF8013,XOF8013,IUK26-IUM26
9813,1,104.170,1111,IUK26,B,26-May-2026,11:49:21,104.17,SGX,XOF8013,XOF8013,IUK26
9813,1,103.810,1111,IUM26,S,25-Jun-2026,11:49:21,103.81,SGX,XOF8013,XOF8013,IUM26
9813,1,-0.360,1111,IUK26-IUM26,S,26-May-2026,11:49:21,-0.36,SGX,XOF8013,XOF8013,IUK26-IUM26
9813,1,104.170,1111,IUK26,B,26-May-2026,11:49:21,104.17,SGX,XOF8013,XOF8013,IUK26
9813,1,103.810,1111,IUM26,S,25-Jun-2026,11:49:21,103.81,SGX,XOF8013,XOF8013,IUM26
9813,1,-0.360,1111,IUK26-IUM26,S,26-May-2026,11:49:23,-0.36,SGX,XOF8013,XOF8013,IUK26-IUM26
9813,1,104.170,1111,IUK26,B,26-May-2026,11:49:23,104.16,SGX,XOF8013,XOF8013,IUK26
9813,1,103.810,1111,IUM26,S,25-Jun-2026,11:49:23,103.81,SGX,XOF8013,XOF8013,IUM26
9813,1,-0.360,1111,IUK26-IUM26,S,26-May-2026,11:49:23,-0.36,SGX,XOF8013,XOF8013,IUK26-IUM26
9813,1,104.170,1111,IUK26,B,26-May-2026,11:49:23,104.16,SGX,XOF8013,XOF8013,IUK26
9813,1,103.810,1111,IUM26,S,25-Jun-2026,11:49:23,103.81,SGX,XOF8013,XOF8013,IUM26
9813,1,-0.360,1111,IUK26-IUM26,S,26-May-2026,11:49:25,-0.36,SGX,XOF8013,XOF8013,IUK26-IUM26
9813,1,104.170,1111,IUK26,B,26-May-2026,11:49:25,104.16,SGX,XOF8013,XOF8013,IUK26
9813,1,103.810,1111,IUM26,S,25-Jun-2026,11:49:25,103.81,SGX,XOF8013,XOF8013,IUM26
9813,1,-0.360,1111,IUK26-IUM26,S,26-May-2026,11:49:25,-0.36,SGX,XOF8013,XOF8013,IUK26-IUM26
9813,1,104.170,1111,IUK26,B,26-May-2026,11:49:25,104.16,SGX,XOF8013,XOF8013,IUK26
9813,1,103.810,1111,IUM26,S,25-Jun-2026,11:49:25,103.81,SGX,XOF8013,XOF8013,IUM26
9813,1,-0.360,1111,IUK26-IUM26,S,26-May-2026,11:49:27,-0.36,SGX,XOF8013,XOF8013,IUK26-IUM26
9813,1,104.170,1111,IUK26,B,26-May-2026,11:49:27,104.16,SGX,XOF8013,XOF8013,IUK26
9813,1,103.810,1111,IUM26,S,25-Jun-2026,11:49:27,103.81,SGX,XOF8013,XOF8013,IUM26
9813,1,-0.360,1111,IUK26-IUM26,S,26-May-2026,11:49:27,-0.36,SGX,XOF8013,XOF8013,IUK26-IUM26
9813,1,104.170,1111,IUK26,B,26-May-2026,11:49:27,104.16,SGX,XOF8013,XOF8013,IUK26
9813,1,103.810,1111,IUM26,S,25-Jun-2026,11:49:27,103.81,SGX,XOF8013,XOF8013,IUM26
9813,1,-0.360,1111,IUK26-IUM26,S,26-May-2026,11:49:29,-0.36,SGX,XOF8013,XOF8013,IUK26-IUM26
9813,1,104.170,1111,IUK26,B,26-May-2026,11:49:29,104.17,SGX,XOF8013,XOF8013,IUK26
9813,1,103.810,1111,IUM26,S,25-Jun-2026,11:49:29,103.81,SGX,XOF8013,XOF8013,IUM26
9813,1,-0.360,1111,IUK26-IUM26,S,26-May-2026,11:49:29,-0.36,SGX,XOF8013,XOF8013,IUK26-IUM26
9813,1,104.170,1111,IUK26,B,26-May-2026,11:49:29,104.17,SGX,XOF8013,XOF8013,IUK26
9813,1,103.810,1111,IUM26,S,25-Jun-2026,11:49:29,103.81,SGX,XOF8013,XOF8013,IUM26
9813,1,-0.360,1111,IUK26-IUM26,S,26-May-2026,11:49:29,-0.36,SGX,XOF8013,XOF8013,IUK26-IUM26
9813,1,104.170,1111,IUK26,B,26-May-2026,11:49:29,104.17,SGX,XOF8013,XOF8013,IUK26
9813,1,103.810,1111,IUM26,S,25-Jun-2026,11:49:29,103.81,SGX,XOF8013,XOF8013,IUM26
9813,1,-0.360,1111,IUK26-IUM26,S,26-May-2026,11:49:29,-0.36,SGX,XOF8013,XOF8013,IUK26-IUM26
9813,1,104.170,1111,IUK26,B,26-May-2026,11:49:29,104.17,SGX,XOF8013,XOF8013,IUK26
9813,1,103.810,1111,IUM26,S,25-Jun-2026,11:49:29,103.81,SGX,XOF8013,XOF8013,IUM26
9812,5,104.190,1111,IUK26,S,26-May-2026,11:49:59,104.18,SGX,XOF8012,XOF8012,IUK26
9812,5,104.20,1111,DINR,B,26-May-2026,11:49:59,104.2,DGCX,S-XOF8012,S-XOF8012,DINR-20260527
9813,1,-0.360,1111,IUK26-IUM26,S,26-May-2026,11:50:33,-0.36,SGX,XOF8013,XOF8013,IUK26-IUM26
9813,1,104.200,1111,IUK26,B,26-May-2026,11:50:33,104.2,SGX,XOF8013,XOF8013,IUK26
9813,1,103.840,1111,IUM26,S,25-Jun-2026,11:50:33,103.84,SGX,XOF8013,XOF8013,IUM26
9813,4,-0.400,1111,IUM26-IUN26,B,26-Jun-2026,11:51:50,-0.4,SGX,XOF8013,XOF8013,IUM26-IUN26
9813,4,103.840,1111,IUM26,S,25-Jun-2026,11:51:50,103.84,SGX,XOF8013,XOF8013,IUM26
9813,4,103.440,1111,IUN26,B,29-Jul-2026,11:51:50,103.44,SGX,XOF8013,XOF8013,IUN26
9812,5,103.900,1111,IUM26,S,25-Jun-2026,11:53:10,103.9,SGX,XOF8012,XOF8012,IUM26
9813,9,-0.360,1111,IUK26-IUM26,S,26-May-2026,11:53:10,-0.36,SGX,XOF8013,XOF8013,IUK26-IUM26
9813,9,104.260,1111,IUK26,B,26-May-2026,11:53:10,104.26,SGX,XOF8013,XOF8013,IUK26
9813,9,103.900,1111,IUM26,S,25-Jun-2026,11:53:10,103.9,SGX,XOF8013,XOF8013,IUM26
9812,5,103.91,1111,DINR,B,25-Jun-2026,11:53:13,103.91,DGCX,S-XOF8012,S-XOF8012,DINR-20260626
9813,9,-0.360,1111,IUK26-IUM26,S,26-May-2026,11:53:15,-0.36,SGX,XOF8013,XOF8013,IUK26-IUM26
9813,9,104.280,1111,IUK26,B,26-May-2026,11:53:15,104.28,SGX,XOF8013,XOF8013,IUK26
9813,9,103.920,1111,IUM26,S,25-Jun-2026,11:53:15,103.92,SGX,XOF8013,XOF8013,IUM26
9812,5,103.930,1111,IUM26,S,25-Jun-2026,11:53:17,103.92,SGX,XOF8012,XOF8012,IUM26
9812,1,103.93,1111,DINR,B,25-Jun-2026,11:53:18,103.94,DGCX,S-XOF8012,S-XOF8012,DINR-20260626
9812,1,103.94,1111,DINR,B,25-Jun-2026,11:53:18,103.94,DGCX,S-XOF8012,S-XOF8012,DINR-20260626
9813,30,-0.360,1111,IUK26-IUM26,S,26-May-2026,11:53:21,-0.36,SGX,XOF8013,XOF8013,IUK26-IUM26
9813,30,104.350,1111,IUK26,B,26-May-2026,11:53:21,104.35,SGX,XOF8013,XOF8013,IUK26
9813,30,103.990,1111,IUM26,S,25-Jun-2026,11:53:21,103.99,SGX,XOF8013,XOF8013,IUM26
9813,14,-0.360,1111,IUK26-IUM26,S,26-May-2026,11:53:21,-0.36,SGX,XOF8013,XOF8013,IUK26-IUM26
9813,14,104.350,1111,IUK26,B,26-May-2026,11:53:21,104.35,SGX,XOF8013,XOF8013,IUK26
9813,14,103.990,1111,IUM26,S,25-Jun-2026,11:53:21,103.99,SGX,XOF8013,XOF8013,IUM26
9812,5,104.380,1111,IUK26,S,26-May-2026,11:53:22,104.33,SGX,XOF8012,XOF8012,IUK26
9817,2,104.37,1111,DINR,B,26-May-2026,11:53:23,104.33,DGCX,S-XOF8017,S-XOF8017,DINR-20260527
9812,1,104.37,1111,DINR,B,26-May-2026,11:53:23,104.33,DGCX,S-XOF8012,S-XOF8012,DINR-20260527
9812,1,104.37,1111,DINR,B,26-May-2026,11:53:23,104.33,DGCX,S-XOF8012,S-XOF8012,DINR-20260527
9812,2,104.37,1111,DINR,B,26-May-2026,11:53:23,104.33,DGCX,S-XOF8012,S-XOF8012,DINR-20260527
9812,1,104.37,1111,DINR,B,26-May-2026,11:53:23,104.33,DGCX,S-XOF8012,S-XOF8012,DINR-20260527
9812,3,104.02,1111,DINR,B,25-Jun-2026,11:53:23,103.98,DGCX,S-XOF8012,S-XOF8012,DINR-20260626
9818,5,104.36,1111,DINR,B,26-May-2026,11:53:23,104.33,DGCX,S-XOF8018,S-XOF8018,DINR-20260527
9818,5,104.36,1111,DINR,B,26-May-2026,11:53:23,104.33,DGCX,S-XOF8018,S-XOF8018,DINR-20260527
9817,2,104.36,1111,DINR,B,26-May-2026,11:53:23,104.33,DGCX,S-XOF8017,S-XOF8017,DINR-20260527
9819,5,104.36,1111,DINR,B,26-May-2026,11:53:23,104.33,DGCX,S-XOF8019,S-XOF8019,DINR-20260527
9819,2,104.36,1111,DINR,B,26-May-2026,11:53:23,104.33,DGCX,S-XOF8019,S-XOF8019,DINR-20260527
9819,1,104.00,1111,DINR,B,25-Jun-2026,11:53:23,103.98,DGCX,S-XOF8019,S-XOF8019,DINR-20260626
9817,2,104.350,1111,IUK26,S,26-May-2026,11:53:23,104.33,SGX,XOF8017,XOF8017,IUK26
9813,1,-0.360,1111,IUK26-IUM26,S,26-May-2026,11:53:24,-0.37,SGX,XOF8013,XOF8013,IUK26-IUM26
9813,1,104.320,1111,IUK26,B,26-May-2026,11:53:24,104.33,SGX,XOF8013,XOF8013,IUK26
9813,1,103.960,1111,IUM26,S,25-Jun-2026,11:53:24,103.96,SGX,XOF8013,XOF8013,IUM26
9818,5,104.320,1111,IUK26,S,26-May-2026,11:53:24,104.33,SGX,XOF8018,XOF8018,IUK26
9818,5,104.320,1111,IUK26,S,26-May-2026,11:53:24,104.33,SGX,XOF8018,XOF8018,IUK26
9819,5,104.320,1111,IUK26,S,26-May-2026,11:53:24,104.33,SGX,XOF8019,XOF8019,IUK26
9819,2,104.320,1111,IUK26,S,26-May-2026,11:53:24,104.33,SGX,XOF8019,XOF8019,IUK26
9817,2,104.320,1111,IUK26,S,26-May-2026,11:53:24,104.33,SGX,XOF8017,XOF8017,IUK26
9819,1,103.960,1111,IUM26,S,25-Jun-2026,11:53:24,103.96,SGX,XOF8019,XOF8019,IUM26
9812,13,-0.370,1111,IUK26-IUM26,B,26-May-2026,11:53:25,-0.37,SGX,XOF8012,XOF8012,IUK26-IUM26
9812,13,104.340,1111,IUK26,S,26-May-2026,11:53:25,104.33,SGX,XOF8012,XOF8012,IUK26
9812,13,103.970,1111,IUM26,B,25-Jun-2026,11:53:25,103.96,SGX,XOF8012,XOF8012,IUM26
9817,2,103.98,1111,DINR,S,25-Jun-2026,11:53:24,103.98,DGCX,S-XOF8017,S-XOF8017,DINR-20260626
9817,2,103.960,1111,IUM26,B,25-Jun-2026,11:53:25,103.96,SGX,XOF8017,XOF8017,IUM26
9812,13,-0.370,1111,IUK26-IUM26,B,26-May-2026,11:53:25,-0.37,SGX,XOF8012,XOF8012,IUK26-IUM26
9812,13,104.330,1111,IUK26,S,26-May-2026,11:53:25,104.33,SGX,XOF8012,XOF8012,IUK26
9812,13,103.960,1111,IUM26,B,25-Jun-2026,11:53:25,103.96,SGX,XOF8012,XOF8012,IUM26
9812,4,-0.370,1111,IUK26-IUM26,B,26-May-2026,11:53:26,-0.37,SGX,XOF8012,XOF8012,IUK26-IUM26
9812,4,104.330,1111,IUK26,S,26-May-2026,11:53:26,104.33,SGX,XOF8012,XOF8012,IUK26
9812,4,103.960,1111,IUM26,B,25-Jun-2026,11:53:26,103.97,SGX,XOF8012,XOF8012,IUM26
9812,1,-0.370,1111,IUK26-IUM26,B,26-May-2026,11:53:26,-0.37,SGX,XOF8012,XOF8012,IUK26-IUM26
9812,1,104.330,1111,IUK26,S,26-May-2026,11:53:26,104.33,SGX,XOF8012,XOF8012,IUK26
9812,1,103.960,1111,IUM26,B,25-Jun-2026,11:53:26,103.97,SGX,XOF8012,XOF8012,IUM26
9819,5,104.33,1111,DINR,B,26-May-2026,11:53:27,104.34,DGCX,S-XOF8019,S-XOF8019,DINR-20260527
9819,5,104.33,1111,DINR,B,26-May-2026,11:53:27,104.34,DGCX,S-XOF8019,S-XOF8019,DINR-20260527
9819,5,104.33,1111,DINR,B,26-May-2026,11:53:27,104.34,DGCX,S-XOF8019,S-XOF8019,DINR-20260527
9819,5,104.33,1111,DINR,B,26-May-2026,11:53:27,104.34,DGCX,S-XOF8019,S-XOF8019,DINR-20260527
9819,5,104.330,1111,IUK26,S,26-May-2026,11:53:28,104.33,SGX,XOF8019,XOF8019,IUK26
9819,5,104.330,1111,IUK26,S,26-May-2026,11:53:28,104.33,SGX,XOF8019,XOF8019,IUK26
9819,5,104.330,1111,IUK26,S,26-May-2026,11:53:28,104.33,SGX,XOF8019,XOF8019,IUK26
9819,5,104.330,1111,IUK26,S,26-May-2026,11:53:28,104.33,SGX,XOF8019,XOF8019,IUK26
9813,2,-0.360,1111,IUK26-IUM26,S,26-May-2026,11:53:31,-0.37,SGX,XOF8013,XOF8013,IUK26-IUM26
9813,2,104.330,1111,IUK26,B,26-May-2026,11:53:31,104.31,SGX,XOF8013,XOF8013,IUK26
9813,2,103.970,1111,IUM26,S,25-Jun-2026,11:53:31,103.95,SGX,XOF8013,XOF8013,IUM26
9812,12,-0.370,1111,IUK26-IUM26,B,26-May-2026,11:53:31,-0.37,SGX,XOF8012,XOF8012,IUK26-IUM26
9812,12,104.320,1111,IUK26,S,26-May-2026,11:53:31,104.31,SGX,XOF8012,XOF8012,IUK26
9812,12,103.950,1111,IUM26,B,25-Jun-2026,11:53:31,103.95,SGX,XOF8012,XOF8012,IUM26
9817,1,104.31,1111,DINR,B,26-May-2026,11:55:45,104.31,DGCX,S-XOF8017,S-XOF8017,DINR-20260527
9817,1,104.310,1111,IUK26,S,26-May-2026,11:55:45,104.31,SGX,XOF8017,XOF8017,IUK26
9812,5,103.950,1111,IUM26,S,25-Jun-2026,11:56:06,103.95,SGX,XOF8012,XOF8012,IUM26
9812,1,103.96,1111,DINR,B,25-Jun-2026,11:56:07,103.96,DGCX,S-XOF8012,S-XOF8012,DINR-20260626
9812,1,103.96,1111,DINR,B,25-Jun-2026,11:56:07,103.96,DGCX,S-XOF8012,S-XOF8012,DINR-20260626
9812,1,103.96,1111,DINR,B,25-Jun-2026,11:56:11,103.96,DGCX,S-XOF8012,S-XOF8012,DINR-20260626
9812,1,103.96,1111,DINR,B,25-Jun-2026,11:56:36,103.96,DGCX,S-XOF8012,S-XOF8012,DINR-20260626
9812,1,103.96,1111,DINR,B,25-Jun-2026,11:56:36,103.96,DGCX,S-XOF8012,S-XOF8012,DINR-20260626
9818,1,104.34,1111,DINR,B,26-May-2026,11:56:41,104.35,DGCX,S-XOF8018,S-XOF8018,DINR-20260527
9818,1,104.340,1111,IUK26,S,26-May-2026,11:56:41,104.35,SGX,XOF8018,XOF8018,IUK26
9812,1,103.980,1111,IUM26,S,25-Jun-2026,11:56:41,103.99,SGX,XOF8012,XOF8012,IUM26
9812,4,103.980,1111,IUM26,S,25-Jun-2026,11:56:41,103.99,SGX,XOF8012,XOF8012,IUM26
9812,4,-0.370,1111,IUK26-IUM26,B,26-May-2026,11:56:41,-0.36,SGX,XOF8012,XOF8012,IUK26-IUM26
9812,4,104.350,1111,IUK26,S,26-May-2026,11:56:41,104.35,SGX,XOF8012,XOF8012,IUK26
9812,4,103.980,1111,IUM26,B,25-Jun-2026,11:56:41,103.99,SGX,XOF8012,XOF8012,IUM26
9812,1,103.98,1111,DINR,B,25-Jun-2026,11:56:41,103.98,DGCX,S-XOF8012,S-XOF8012,DINR-20260626
9817,1,104.35,1111,DINR,B,26-May-2026,11:56:41,104.35,DGCX,S-XOF8017,S-XOF8017,DINR-20260527
9817,1,104.350,1111,IUK26,S,26-May-2026,11:56:41,104.35,SGX,XOF8017,XOF8017,IUK26
9812,1,103.99,1111,DINR,B,25-Jun-2026,11:56:45,103.99,DGCX,S-XOF8012,S-XOF8012,DINR-20260626
9812,1,103.99,1111,DINR,B,25-Jun-2026,11:56:45,103.99,DGCX,S-XOF8012,S-XOF8012,DINR-20260626
9812,1,103.99,1111,DINR,B,25-Jun-2026,11:56:45,103.99,DGCX,S-XOF8012,S-XOF8012,DINR-20260626
9812,1,103.99,1111,DINR,B,25-Jun-2026,11:56:46,103.99,DGCX,S-XOF8012,S-XOF8012,DINR-20260626
9816,4,-0.360,1111,IUK26-IUM26,S,26-May-2026,11:56:54,-0.36,SGX,XOF8016,XOF8016,IUK26-IUM26
9816,4,104.390,1111,IUK26,B,26-May-2026,11:56:54,104.38,SGX,XOF8016,XOF8016,IUK26
9816,4,104.030,1111,IUM26,S,25-Jun-2026,11:56:54,104.03,SGX,XOF8016,XOF8016,IUM26
9817,1,104.39,1111,DINR,B,26-May-2026,11:56:54,104.38,DGCX,S-XOF8017,S-XOF8017,DINR-20260527
9817,1,104.39,1111,DINR,B,26-May-2026,11:56:54,104.38,DGCX,S-XOF8017,S-XOF8017,DINR-20260527
9817,1,104.390,1111,IUK26,S,26-May-2026,11:56:54,104.38,SGX,XOF8017,XOF8017,IUK26
9817,1,104.390,1111,IUK26,S,26-May-2026,11:56:54,104.38,SGX,XOF8017,XOF8017,IUK26
9818,1,104.39,1111,DINR,B,26-May-2026,11:56:55,104.38,DGCX,S-XOF8018,S-XOF8018,DINR-20260527
9818,1,104.390,1111,IUK26,S,26-May-2026,11:56:56,104.42,SGX,XOF8018,XOF8018,IUK26
9816,18,-0.360,1111,IUK26-IUM26,S,26-May-2026,11:56:59,-0.36,SGX,XOF8016,XOF8016,IUK26-IUM26
9816,18,104.450,1111,IUK26,B,26-May-2026,11:56:59,104.41,SGX,XOF8016,XOF8016,IUK26
9816,18,104.090,1111,IUM26,S,25-Jun-2026,11:56:59,104.06,SGX,XOF8016,XOF8016,IUM26
9816,11,-0.360,1111,IUK26-IUM26,S,26-May-2026,11:56:59,-0.36,SGX,XOF8016,XOF8016,IUK26-IUM26
9816,11,104.450,1111,IUK26,B,26-May-2026,11:56:59,104.41,SGX,XOF8016,XOF8016,IUK26
9816,11,104.090,1111,IUM26,S,25-Jun-2026,11:56:59,104.06,SGX,XOF8016,XOF8016,IUM26
9818,1,104.44,1111,DINR,B,26-May-2026,11:56:58,104.43,DGCX,S-XOF8018,S-XOF8018,DINR-20260527
9818,1,104.450,1111,IUK26,S,26-May-2026,11:56:58,104.41,SGX,XOF8018,XOF8018,IUK26
9818,1,104.44,1111,DINR,B,26-May-2026,11:56:58,104.43,DGCX,S-XOF8018,S-XOF8018,DINR-20260527
9818,1,104.450,1111,IUK26,S,26-May-2026,11:56:58,104.41,SGX,XOF8018,XOF8018,IUK26
9816,1,-0.360,1111,IUK26-IUM26,S,26-May-2026,11:56:59,-0.36,SGX,XOF8016,XOF8016,IUK26-IUM26
9816,1,104.430,1111,IUK26,B,26-May-2026,11:56:59,104.41,SGX,XOF8016,XOF8016,IUK26
9816,1,104.070,1111,IUM26,S,25-Jun-2026,11:56:59,104.06,SGX,XOF8016,XOF8016,IUM26
9817,1,104.43,1111,DINR,B,26-May-2026,11:56:59,104.43,DGCX,S-XOF8017,S-XOF8017,DINR-20260527
9817,1,104.43,1111,DINR,B,26-May-2026,11:56:59,104.43,DGCX,S-XOF8017,S-XOF8017,DINR-20260527
9817,2,104.43,1111,DINR,B,26-May-2026,11:56:59,104.43,DGCX,S-XOF8017,S-XOF8017,DINR-20260527
9819,5,104.43,1111,DINR,B,26-May-2026,11:56:59,104.43,DGCX,S-XOF8019,S-XOF8019,DINR-20260527
9818,5,104.43,1111,DINR,B,26-May-2026,11:56:59,104.43,DGCX,S-XOF8018,S-XOF8018,DINR-20260527
9819,5,104.43,1111,DINR,B,26-May-2026,11:56:59,104.43,DGCX,S-XOF8019,S-XOF8019,DINR-20260527
9819,4,104.43,1111,DINR,B,26-May-2026,11:56:59,104.43,DGCX,S-XOF8019,S-XOF8019,DINR-20260527
9819,1,104.43,1111,DINR,B,26-May-2026,11:56:59,104.43,DGCX,S-XOF8019,S-XOF8019,DINR-20260527
9816,16,-0.360,1111,IUK26-IUM26,S,26-May-2026,11:57:01,-0.36,SGX,XOF8016,XOF8016,IUK26-IUM26
9816,16,104.420,1111,IUK26,B,26-May-2026,11:57:01,104.46,SGX,XOF8016,XOF8016,IUK26
9816,16,104.060,1111,IUM26,S,25-Jun-2026,11:57:01,104.08,SGX,XOF8016,XOF8016,IUM26
9817,1,104.430,1111,IUK26,S,26-May-2026,11:57:00,104.46,SGX,XOF8017,XOF8017,IUK26
9817,1,104.430,1111,IUK26,S,26-May-2026,11:57:00,104.46,SGX,XOF8017,XOF8017,IUK26
9817,2,104.430,1111,IUK26,S,26-May-2026,11:57:00,104.46,SGX,XOF8017,XOF8017,IUK26
9819,5,104.430,1111,IUK26,S,26-May-2026,11:57:00,104.46,SGX,XOF8019,XOF8019,IUK26
9818,5,104.430,1111,IUK26,S,26-May-2026,11:57:00,104.46,SGX,XOF8018,XOF8018,IUK26
9819,5,104.430,1111,IUK26,S,26-May-2026,11:57:00,104.46,SGX,XOF8019,XOF8019,IUK26
9819,4,104.430,1111,IUK26,S,26-May-2026,11:57:00,104.46,SGX,XOF8019,XOF8019,IUK26
9819,1,104.430,1111,IUK26,S,26-May-2026,11:57:00,104.46,SGX,XOF8019,XOF8019,IUK26
9816,16,-0.360,1111,IUK26-IUM26,S,26-May-2026,11:57:01,-0.36,SGX,XOF8016,XOF8016,IUK26-IUM26
9816,16,104.430,1111,IUK26,B,26-May-2026,11:57:01,104.46,SGX,XOF8016,XOF8016,IUK26
9816,16,104.070,1111,IUM26,S,25-Jun-2026,11:57:01,104.08,SGX,XOF8016,XOF8016,IUM26
9816,2,-0.360,1111,IUK26-IUM26,S,26-May-2026,11:57:01,-0.36,SGX,XOF8016,XOF8016,IUK26-IUM26
9816,2,104.420,1111,IUK26,B,26-May-2026,11:57:01,104.46,SGX,XOF8016,XOF8016,IUK26
9816,2,104.060,1111,IUM26,S,25-Jun-2026,11:57:01,104.08,SGX,XOF8016,XOF8016,IUM26
9816,7,-0.360,1111,IUK26-IUM26,S,26-May-2026,11:57:01,-0.36,SGX,XOF8016,XOF8016,IUK26-IUM26
9816,7,104.440,1111,IUK26,B,26-May-2026,11:57:01,104.46,SGX,XOF8016,XOF8016,IUK26
9816,7,104.080,1111,IUM26,S,25-Jun-2026,11:57:01,104.08,SGX,XOF8016,XOF8016,IUM26
9816,12,-0.360,1111,IUK26-IUM26,S,26-May-2026,11:57:01,-0.36,SGX,XOF8016,XOF8016,IUK26-IUM26
9816,12,104.450,1111,IUK26,B,26-May-2026,11:57:01,104.46,SGX,XOF8016,XOF8016,IUK26
9816,12,104.090,1111,IUM26,S,25-Jun-2026,11:57:01,104.08,SGX,XOF8016,XOF8016,IUM26
9816,4,-0.360,1111,IUK26-IUM26,S,26-May-2026,11:57:01,-0.36,SGX,XOF8016,XOF8016,IUK26-IUM26
9816,4,104.450,1111,IUK26,B,26-May-2026,11:57:01,104.46,SGX,XOF8016,XOF8016,IUK26
9816,4,104.090,1111,IUM26,S,25-Jun-2026,11:57:01,104.08,SGX,XOF8016,XOF8016,IUM26
9816,8,-0.360,1111,IUK26-IUM26,S,26-May-2026,11:57:01,-0.36,SGX,XOF8016,XOF8016,IUK26-IUM26
9816,8,104.450,1111,IUK26,B,26-May-2026,11:57:01,104.46,SGX,XOF8016,XOF8016,IUK26
9816,8,104.090,1111,IUM26,S,25-Jun-2026,11:57:01,104.08,SGX,XOF8016,XOF8016,IUM26
9819,1,104.44,1111,DINR,B,26-May-2026,11:57:01,104.45,DGCX,S-XOF8019,S-XOF8019,DINR-20260527
9819,1,104.440,1111,IUK26,S,26-May-2026,11:57:01,104.46,SGX,XOF8019,XOF8019,IUK26
9816,1,-0.360,1111,IUK26-IUM26,S,26-May-2026,11:57:01,-0.36,SGX,XOF8016,XOF8016,IUK26-IUM26
9816,1,104.440,1111,IUK26,B,26-May-2026,11:57:01,104.46,SGX,XOF8016,XOF8016,IUK26
9816,1,104.080,1111,IUM26,S,25-Jun-2026,11:57:01,104.08,SGX,XOF8016,XOF8016,IUM26
9816,12,-0.360,1111,IUK26-IUM26,S,26-May-2026,11:57:01,-0.36,SGX,XOF8016,XOF8016,IUK26-IUM26
9816,12,104.440,1111,IUK26,B,26-May-2026,11:57:01,104.46,SGX,XOF8016,XOF8016,IUK26
9816,12,104.080,1111,IUM26,S,25-Jun-2026,11:57:01,104.08,SGX,XOF8016,XOF8016,IUM26
9816,2,-0.360,1111,IUK26-IUM26,S,26-May-2026,11:57:03,-0.36,SGX,XOF8016,XOF8016,IUK26-IUM26
9816,2,104.460,1111,IUK26,B,26-May-2026,11:57:03,104.47,SGX,XOF8016,XOF8016,IUK26
9816,2,104.100,1111,IUM26,S,25-Jun-2026,11:57:03,104.11,SGX,XOF8016,XOF8016,IUM26
9816,1,-0.360,1111,IUK26-IUM26,S,26-May-2026,11:57:03,-0.36,SGX,XOF8016,XOF8016,IUK26-IUM26
9816,1,104.460,1111,IUK26,B,26-May-2026,11:57:03,104.47,SGX,XOF8016,XOF8016,IUK26
9816,1,104.100,1111,IUM26,S,25-Jun-2026,11:57:03,104.11,SGX,XOF8016,XOF8016,IUM26
9818,1,104.45,1111,DINR,B,26-May-2026,11:57:02,104.47,DGCX,S-XOF8018,S-XOF8018,DINR-20260527
9818,1,104.450,1111,IUK26,S,26-May-2026,11:57:02,104.47,SGX,XOF8018,XOF8018,IUK26
9816,8,-0.360,1111,IUK26-IUM26,S,26-May-2026,11:57:03,-0.36,SGX,XOF8016,XOF8016,IUK26-IUM26
9816,8,104.450,1111,IUK26,B,26-May-2026,11:57:03,104.47,SGX,XOF8016,XOF8016,IUK26
9816,8,104.090,1111,IUM26,S,25-Jun-2026,11:57:03,104.11,SGX,XOF8016,XOF8016,IUM26
9816,6,-0.360,1111,IUK26-IUM26,S,26-May-2026,11:57:05,-0.36,SGX,XOF8016,XOF8016,IUK26-IUM26
9816,6,104.470,1111,IUK26,B,26-May-2026,11:57:05,104.48,SGX,XOF8016,XOF8016,IUK26
9816,6,104.110,1111,IUM26,S,25-Jun-2026,11:57:05,104.11,SGX,XOF8016,XOF8016,IUM26
9816,2,-0.360,1111,IUK26-IUM26,S,26-May-2026,11:57:05,-0.36,SGX,XOF8016,XOF8016,IUK26-IUM26
9816,2,104.470,1111,IUK26,B,26-May-2026,11:57:05,104.48,SGX,XOF8016,XOF8016,IUK26
9816,2,104.110,1111,IUM26,S,25-Jun-2026,11:57:05,104.11,SGX,XOF8016,XOF8016,IUM26
9819,1,104.48,1111,DINR,B,26-May-2026,11:57:06,104.49,DGCX,S-XOF8019,S-XOF8019,DINR-20260527
9819,1,104.480,1111,IUK26,S,26-May-2026,11:57:06,104.49,SGX,XOF8019,XOF8019,IUK26
9819,1,104.49,1111,DINR,B,26-May-2026,11:57:08,104.5,DGCX,S-XOF8019,S-XOF8019,DINR-20260527
9819,1,104.490,1111,IUK26,S,26-May-2026,11:57:08,104.51,SGX,XOF8019,XOF8019,IUK26
9819,1,104.49,1111,DINR,B,26-May-2026,11:57:08,104.5,DGCX,S-XOF8019,S-XOF8019,DINR-20260527
9819,1,104.490,1111,IUK26,S,26-May-2026,11:57:08,104.51,SGX,XOF8019,XOF8019,IUK26
9816,7,-0.360,1111,IUK26-IUM26,S,26-May-2026,11:57:09,-0.36,SGX,XOF8016,XOF8016,IUK26-IUM26
9816,7,104.500,1111,IUK26,B,26-May-2026,11:57:09,104.51,SGX,XOF8016,XOF8016,IUK26
9816,7,104.140,1111,IUM26,S,25-Jun-2026,11:57:09,104.14,SGX,XOF8016,XOF8016,IUM26
9816,5,-0.360,1111,IUK26-IUM26,S,26-May-2026,11:57:09,-0.36,SGX,XOF8016,XOF8016,IUK26-IUM26
9816,5,104.500,1111,IUK26,B,26-May-2026,11:57:09,104.51,SGX,XOF8016,XOF8016,IUK26
9816,5,104.140,1111,IUM26,S,25-Jun-2026,11:57:09,104.14,SGX,XOF8016,XOF8016,IUM26
9816,1,-0.360,1111,IUK26-IUM26,S,26-May-2026,11:57:09,-0.36,SGX,XOF8016,XOF8016,IUK26-IUM26
9816,1,104.500,1111,IUK26,B,26-May-2026,11:57:09,104.51,SGX,XOF8016,XOF8016,IUK26
9816,1,104.140,1111,IUM26,S,25-Jun-2026,11:57:09,104.14,SGX,XOF8016,XOF8016,IUM26
9818,1,104.49,1111,DINR,B,26-May-2026,11:57:08,104.5,DGCX,S-XOF8018,S-XOF8018,DINR-20260527
9818,1,104.500,1111,IUK26,S,26-May-2026,11:57:08,104.51,SGX,XOF8018,XOF8018,IUK26
9818,1,104.49,1111,DINR,B,26-May-2026,11:57:08,104.5,DGCX,S-XOF8018,S-XOF8018,DINR-20260527
9818,1,104.500,1111,IUK26,S,26-May-2026,11:57:08,104.51,SGX,XOF8018,XOF8018,IUK26
9818,5,104.50,1111,DINR,B,26-May-2026,11:57:08,104.5,DGCX,S-XOF8018,S-XOF8018,DINR-20260527
9818,5,104.500,1111,IUK26,S,26-May-2026,11:57:08,104.51,SGX,XOF8018,XOF8018,IUK26
9819,3,104.50,1111,DINR,B,26-May-2026,11:57:08,104.5,DGCX,S-XOF8019,S-XOF8019,DINR-20260527
9818,5,104.50,1111,DINR,B,26-May-2026,11:57:08,104.5,DGCX,S-XOF8018,S-XOF8018,DINR-20260527
9819,5,104.50,1111,DINR,B,26-May-2026,11:57:08,104.5,DGCX,S-XOF8019,S-XOF8019,DINR-20260527
9819,3,104.500,1111,IUK26,S,26-May-2026,11:57:09,104.51,SGX,XOF8019,XOF8019,IUK26
9819,4,104.50,1111,DINR,B,26-May-2026,11:57:08,104.5,DGCX,S-XOF8019,S-XOF8019,DINR-20260527
9818,5,104.500,1111,IUK26,S,26-May-2026,11:57:09,104.51,SGX,XOF8018,XOF8018,IUK26
9819,4,104.500,1111,IUK26,S,26-May-2026,11:57:09,104.51,SGX,XOF8019,XOF8019,IUK26
9819,1,104.500,1111,IUK26,S,26-May-2026,11:57:09,104.51,SGX,XOF8019,XOF8019,IUK26
9819,4,104.500,1111,IUK26,S,26-May-2026,11:57:09,104.51,SGX,XOF8019,XOF8019,IUK26
9816,2,-0.360,1111,IUK26-IUM26,S,26-May-2026,11:57:09,-0.36,SGX,XOF8016,XOF8016,IUK26-IUM26
9816,2,104.490,1111,IUK26,B,26-May-2026,11:57:09,104.51,SGX,XOF8016,XOF8016,IUK26
9816,2,104.130,1111,IUM26,S,25-Jun-2026,11:57:09,104.14,SGX,XOF8016,XOF8016,IUM26
9814,200,-0.360,1111,IUK26-IUM26,B,26-May-2026,11:57:10,-0.36,SGX,XOF8014,XOF8014,IUK26-IUM26
9814,200,104.510,1111,IUK26,S,26-May-2026,11:57:10,104.51,SGX,XOF8014,XOF8014,IUK26
9814,200,104.150,1111,IUM26,B,25-Jun-2026,11:57:10,104.15,SGX,XOF8014,XOF8014,IUM26
9819,1,104.51,1111,DINR,B,26-May-2026,11:57:10,104.52,DGCX,S-XOF8019,S-XOF8019,DINR-20260527
9819,1,104.510,1111,IUK26,S,26-May-2026,11:57:10,104.51,SGX,XOF8019,XOF8019,IUK26
9819,1,104.51,1111,DINR,B,26-May-2026,11:57:10,104.52,DGCX,S-XOF8019,S-XOF8019,DINR-20260527
9819,1,104.510,1111,IUK26,S,26-May-2026,11:57:10,104.51,SGX,XOF8019,XOF8019,IUK26
9816,1,-0.360,1111,IUK26-IUM26,S,26-May-2026,11:57:12,-0.36,SGX,XOF8016,XOF8016,IUK26-IUM26
9816,1,104.510,1111,IUK26,B,26-May-2026,11:57:12,104.5,SGX,XOF8016,XOF8016,IUK26
9816,1,104.150,1111,IUM26,S,25-Jun-2026,11:57:12,104.14,SGX,XOF8016,XOF8016,IUM26
9817,1,104.51,1111,DINR,B,26-May-2026,11:57:12,104.51,DGCX,S-XOF8017,S-XOF8017,DINR-20260527
9817,1,104.510,1111,IUK26,S,26-May-2026,11:57:13,104.5,SGX,XOF8017,XOF8017,IUK26
9818,5,104.51,1111,DINR,B,26-May-2026,11:57:13,104.51,DGCX,S-XOF8018,S-XOF8018,DINR-20260527
9818,4,104.51,1111,DINR,B,26-May-2026,11:57:13,104.51,DGCX,S-XOF8018,S-XOF8018,DINR-20260527
9818,5,104.510,1111,IUK26,S,26-May-2026,11:57:13,104.5,SGX,XOF8018,XOF8018,IUK26
9818,4,104.510,1111,IUK26,S,26-May-2026,11:57:13,104.5,SGX,XOF8018,XOF8018,IUK26
9819,5,104.51,1111,DINR,B,26-May-2026,11:57:13,104.51,DGCX,S-XOF8019,S-XOF8019,DINR-20260527
9819,4,104.51,1111,DINR,B,26-May-2026,11:57:13,104.51,DGCX,S-XOF8019,S-XOF8019,DINR-20260527
9817,2,104.50,1111,DINR,B,26-May-2026,11:57:14,104.47,DGCX,S-XOF8017,S-XOF8017,DINR-20260527
9819,5,104.50,1111,DINR,B,26-May-2026,11:57:14,104.47,DGCX,S-XOF8019,S-XOF8019,DINR-20260527
9819,5,104.50,1111,DINR,B,26-May-2026,11:57:14,104.47,DGCX,S-XOF8019,S-XOF8019,DINR-20260527
9819,5,104.50,1111,DINR,B,26-May-2026,11:57:14,104.47,DGCX,S-XOF8019,S-XOF8019,DINR-20260527
9817,2,104.500,1111,IUK26,S,26-May-2026,11:57:14,104.47,SGX,XOF8017,XOF8017,IUK26
9819,5,104.500,1111,IUK26,S,26-May-2026,11:57:14,104.47,SGX,XOF8019,XOF8019,IUK26
9819,5,104.500,1111,IUK26,S,26-May-2026,11:57:14,104.47,SGX,XOF8019,XOF8019,IUK26
9816,50,-0.360,1111,IUK26-IUM26,B,26-May-2026,11:57:14,-0.36,SGX,XOF8016,XOF8016,IUK26-IUM26
9816,50,104.490,1111,IUK26,S,26-May-2026,11:57:14,104.47,SGX,XOF8016,XOF8016,IUK26
9816,50,104.130,1111,IUM26,B,25-Jun-2026,11:57:14,104.1,SGX,XOF8016,XOF8016,IUM26
9816,5,-0.360,1111,IUK26-IUM26,B,26-May-2026,11:57:14,-0.36,SGX,XOF8016,XOF8016,IUK26-IUM26
9816,5,104.490,1111,IUK26,S,26-May-2026,11:57:14,104.47,SGX,XOF8016,XOF8016,IUK26
9816,5,104.130,1111,IUM26,B,25-Jun-2026,11:57:14,104.1,SGX,XOF8016,XOF8016,IUM26
9816,3,-0.360,1111,IUK26-IUM26,B,26-May-2026,11:57:14,-0.36,SGX,XOF8016,XOF8016,IUK26-IUM26
9816,3,104.490,1111,IUK26,S,26-May-2026,11:57:14,104.47,SGX,XOF8016,XOF8016,IUK26
9816,3,104.130,1111,IUM26,B,25-Jun-2026,11:57:14,104.1,SGX,XOF8016,XOF8016,IUM26
9819,5,104.480,1111,IUK26,S,26-May-2026,11:57:14,104.47,SGX,XOF8019,XOF8019,IUK26
9819,4,104.480,1111,IUK26,S,26-May-2026,11:57:14,104.47,SGX,XOF8019,XOF8019,IUK26
9812,8,-0.370,1111,IUK26-IUM26,B,26-May-2026,11:57:14,-0.36,SGX,XOF8012,XOF8012,IUK26-IUM26
9812,8,104.480,1111,IUK26,S,26-May-2026,11:57:14,104.47,SGX,XOF8012,XOF8012,IUK26
9812,8,104.110,1111,IUM26,B,25-Jun-2026,11:57:14,104.1,SGX,XOF8012,XOF8012,IUM26
9816,1,-0.360,1111,IUK26-IUM26,S,26-May-2026,11:57:15,-0.36,SGX,XOF8016,XOF8016,IUK26-IUM26
9816,1,104.470,1111,IUK26,B,26-May-2026,11:57:15,104.47,SGX,XOF8016,XOF8016,IUK26
9816,1,104.110,1111,IUM26,S,25-Jun-2026,11:57:15,104.1,SGX,XOF8016,XOF8016,IUM26
9819,5,104.470,1111,IUK26,S,26-May-2026,11:57:15,104.47,SGX,XOF8019,XOF8019,IUK26
9819,1,104.47,1111,DINR,B,26-May-2026,11:57:15,104.47,DGCX,S-XOF8019,S-XOF8019,DINR-20260527
9819,1,104.470,1111,IUK26,S,26-May-2026,11:57:16,104.48,SGX,XOF8019,XOF8019,IUK26
9812,7,-0.370,1111,IUK26-IUM26,B,26-May-2026,11:57:19,-0.37,SGX,XOF8012,XOF8012,IUK26-IUM26
9812,7,104.480,1111,IUK26,S,26-May-2026,11:57:19,104.47,SGX,XOF8012,XOF8012,IUK26
9812,7,104.110,1111,IUM26,B,25-Jun-2026,11:57:19,104.1,SGX,XOF8012,XOF8012,IUM26
9812,7,-0.370,1111,IUK26-IUM26,B,26-May-2026,11:57:19,-0.37,SGX,XOF8012,XOF8012,IUK26-IUM26
9812,7,104.470,1111,IUK26,S,26-May-2026,11:57:19,104.47,SGX,XOF8012,XOF8012,IUK26
9812,7,104.100,1111,IUM26,B,25-Jun-2026,11:57:19,104.1,SGX,XOF8012,XOF8012,IUM26
9812,16,-0.370,1111,IUK26-IUM26,B,26-May-2026,11:57:19,-0.37,SGX,XOF8012,XOF8012,IUK26-IUM26
9812,16,104.470,1111,IUK26,S,26-May-2026,11:57:19,104.47,SGX,XOF8012,XOF8012,IUK26
9812,16,104.100,1111,IUM26,B,25-Jun-2026,11:57:19,104.1,SGX,XOF8012,XOF8012,IUM26
9812,2,-0.370,1111,IUK26-IUM26,B,26-May-2026,11:57:22,-0.37,SGX,XOF8012,XOF8012,IUK26-IUM26
9812,2,104.470,1111,IUK26,S,26-May-2026,11:57:22,104.48,SGX,XOF8012,XOF8012,IUK26
9812,2,104.100,1111,IUM26,B,25-Jun-2026,11:57:22,104.12,SGX,XOF8012,XOF8012,IUM26
9816,13,-0.360,1111,IUK26-IUM26,S,26-May-2026,11:57:24,-0.36,SGX,XOF8016,XOF8016,IUK26-IUM26
9816,13,104.510,1111,IUK26,B,26-May-2026,11:57:24,104.55,SGX,XOF8016,XOF8016,IUK26
9816,13,104.150,1111,IUM26,S,25-Jun-2026,11:57:24,104.15,SGX,XOF8016,XOF8016,IUM26
9816,39,-0.360,1111,IUK26-IUM26,S,26-May-2026,11:57:24,-0.36,SGX,XOF8016,XOF8016,IUK26-IUM26
9816,39,104.510,1111,IUK26,B,26-May-2026,11:57:24,104.55,SGX,XOF8016,XOF8016,IUK26
9816,39,104.150,1111,IUM26,S,25-Jun-2026,11:57:24,104.15,SGX,XOF8016,XOF8016,IUM26
9813,56,-0.360,1111,IUK26-IUM26,S,26-May-2026,11:57:25,-0.36,SGX,XOF8013,XOF8013,IUK26-IUM26
9813,56,104.510,1111,IUK26,B,26-May-2026,11:57:25,104.55,SGX,XOF8013,XOF8013,IUK26
9813,56,104.150,1111,IUM26,S,25-Jun-2026,11:57:25,104.15,SGX,XOF8013,XOF8013,IUM26
9813,2,-0.360,1111,IUK26-IUM26,S,26-May-2026,11:57:25,-0.36,SGX,XOF8013,XOF8013,IUK26-IUM26
9813,2,104.540,1111,IUK26,B,26-May-2026,11:57:25,104.55,SGX,XOF8013,XOF8013,IUK26
9813,2,104.180,1111,IUM26,S,25-Jun-2026,11:57:25,104.15,SGX,XOF8013,XOF8013,IUM26
9819,5,104.52,1111,DINR,B,26-May-2026,11:57:25,104.52,DGCX,S-XOF8019,S-XOF8019,DINR-20260527
9819,5,104.520,1111,IUK26,S,26-May-2026,11:57:25,104.55,SGX,XOF8019,XOF8019,IUK26
9818,4,104.52,1111,DINR,B,26-May-2026,11:57:25,104.52,DGCX,S-XOF8018,S-XOF8018,DINR-20260527
9818,4,104.520,1111,IUK26,S,26-May-2026,11:57:25,104.55,SGX,XOF8018,XOF8018,IUK26
9818,1,104.52,1111,DINR,B,26-May-2026,11:57:25,104.52,DGCX,S-XOF8018,S-XOF8018,DINR-20260527
9818,1,104.520,1111,IUK26,S,26-May-2026,11:57:25,104.55,SGX,XOF8018,XOF8018,IUK26
9813,4,-0.360,1111,IUK26-IUM26,S,26-May-2026,11:57:27,-0.36,SGX,XOF8013,XOF8013,IUK26-IUM26
9813,4,104.520,1111,IUK26,B,26-May-2026,11:57:27,104.55,SGX,XOF8013,XOF8013,IUK26
9813,4,104.160,1111,IUM26,S,25-Jun-2026,11:57:27,104.19,SGX,XOF8013,XOF8013,IUM26
9813,1,-0.360,1111,IUK26-IUM26,S,26-May-2026,11:57:27,-0.36,SGX,XOF8013,XOF8013,IUK26-IUM26
9813,1,104.530,1111,IUK26,B,26-May-2026,11:57:27,104.55,SGX,XOF8013,XOF8013,IUK26
9813,1,104.170,1111,IUM26,S,25-Jun-2026,11:57:27,104.19,SGX,XOF8013,XOF8013,IUM26
9819,5,104.52,1111,DINR,B,26-May-2026,11:57:26,104.55,DGCX,S-XOF8019,S-XOF8019,DINR-20260527
9818,5,104.52,1111,DINR,B,26-May-2026,11:57:26,104.55,DGCX,S-XOF8018,S-XOF8018,DINR-20260527
9817,2,104.52,1111,DINR,B,26-May-2026,11:57:26,104.55,DGCX,S-XOF8017,S-XOF8017,DINR-20260527
9819,5,104.540,1111,IUK26,S,26-May-2026,11:57:26,104.55,SGX,XOF8019,XOF8019,IUK26
9819,5,104.52,1111,DINR,B,26-May-2026,11:57:26,104.55,DGCX,S-XOF8019,S-XOF8019,DINR-20260527
9818,5,104.540,1111,IUK26,S,26-May-2026,11:57:26,104.55,SGX,XOF8018,XOF8018,IUK26
9817,2,104.530,1111,IUK26,S,26-May-2026,11:57:26,104.55,SGX,XOF8017,XOF8017,IUK26
9819,5,104.530,1111,IUK26,S,26-May-2026,11:57:26,104.55,SGX,XOF8019,XOF8019,IUK26
9817,2,104.52,1111,DINR,B,26-May-2026,11:57:26,104.55,DGCX,S-XOF8017,S-XOF8017,DINR-20260527
9819,3,104.52,1111,DINR,B,26-May-2026,11:57:26,104.55,DGCX,S-XOF8019,S-XOF8019,DINR-20260527
9819,3,104.530,1111,IUK26,S,26-May-2026,11:57:26,104.55,SGX,XOF8019,XOF8019,IUK26
9817,2,104.530,1111,IUK26,S,26-May-2026,11:57:26,104.55,SGX,XOF8017,XOF8017,IUK26
9818,5,104.54,1111,DINR,S,26-May-2026,11:57:26,104.55,DGCX,S-XOF8018,S-XOF8018,DINR-20260527
9817,5,104.54,1111,DINR,S,26-May-2026,11:57:26,104.55,DGCX,S-XOF8017,S-XOF8017,DINR-20260527
9817,5,104.54,1111,DINR,S,26-May-2026,11:57:26,104.55,DGCX,S-XOF8017,S-XOF8017,DINR-20260527
9813,3,-0.360,1111,IUK26-IUM26,S,26-May-2026,11:57:27,-0.36,SGX,XOF8013,XOF8013,IUK26-IUM26
9813,3,104.550,1111,IUK26,B,26-May-2026,11:57:27,104.55,SGX,XOF8013,XOF8013,IUK26
9813,3,104.190,1111,IUM26,S,25-Jun-2026,11:57:27,104.19,SGX,XOF8013,XOF8013,IUM26
9817,5,104.560,1111,IUK26,B,26-May-2026,11:57:26,104.55,SGX,XOF8017,XOF8017,IUK26
9817,5,104.560,1111,IUK26,B,26-May-2026,11:57:26,104.55,SGX,XOF8017,XOF8017,IUK26
9818,5,104.560,1111,IUK26,B,26-May-2026,11:57:26,104.55,SGX,XOF8018,XOF8018,IUK26
9813,8,-0.360,1111,IUK26-IUM26,S,26-May-2026,11:57:27,-0.36,SGX,XOF8013,XOF8013,IUK26-IUM26
9813,8,104.550,1111,IUK26,B,26-May-2026,11:57:27,104.55,SGX,XOF8013,XOF8013,IUK26
9813,8,104.190,1111,IUM26,S,25-Jun-2026,11:57:27,104.19,SGX,XOF8013,XOF8013,IUM26
9813,1,-0.360,1111,IUK26-IUM26,S,26-May-2026,11:57:27,-0.36,SGX,XOF8013,XOF8013,IUK26-IUM26
9813,1,104.550,1111,IUK26,B,26-May-2026,11:57:27,104.55,SGX,XOF8013,XOF8013,IUK26
9813,1,104.190,1111,IUM26,S,25-Jun-2026,11:57:27,104.19,SGX,XOF8013,XOF8013,IUM26
9813,10,-0.360,1111,IUK26-IUM26,S,26-May-2026,11:57:27,-0.36,SGX,XOF8013,XOF8013,IUK26-IUM26
9813,10,104.550,1111,IUK26,B,26-May-2026,11:57:27,104.55,SGX,XOF8013,XOF8013,IUK26
9813,10,104.190,1111,IUM26,S,25-Jun-2026,11:57:27,104.19,SGX,XOF8013,XOF8013,IUM26
9813,15,-0.360,1111,IUK26-IUM26,S,26-May-2026,11:57:27,-0.36,SGX,XOF8013,XOF8013,IUK26-IUM26
9813,15,104.550,1111,IUK26,B,26-May-2026,11:57:27,104.55,SGX,XOF8013,XOF8013,IUK26
9813,15,104.190,1111,IUM26,S,25-Jun-2026,11:57:27,104.19,SGX,XOF8013,XOF8013,IUM26
9818,1,104.55,1111,DINR,B,26-May-2026,11:57:27,104.55,DGCX,S-XOF8018,S-XOF8018,DINR-20260527
9818,1,104.550,1111,IUK26,S,26-May-2026,11:57:27,104.55,SGX,XOF8018,XOF8018,IUK26
9818,4,104.55,1111,DINR,B,26-May-2026,11:57:27,104.55,DGCX,S-XOF8018,S-XOF8018,DINR-20260527
9818,4,104.550,1111,IUK26,S,26-May-2026,11:57:27,104.55,SGX,XOF8018,XOF8018,IUK26
9818,5,104.55,1111,DINR,B,26-May-2026,11:57:27,104.55,DGCX,S-XOF8018,S-XOF8018,DINR-20260527
9817,2,104.55,1111,DINR,B,26-May-2026,11:57:27,104.55,DGCX,S-XOF8017,S-XOF8017,DINR-20260527
9818,5,104.550,1111,IUK26,S,26-May-2026,11:57:27,104.55,SGX,XOF8018,XOF8018,IUK26
9819,5,104.55,1111,DINR,B,26-May-2026,11:57:27,104.55,DGCX,S-XOF8019,S-XOF8019,DINR-20260527
9817,2,104.550,1111,IUK26,S,26-May-2026,11:57:27,104.55,SGX,XOF8017,XOF8017,IUK26
9819,5,104.55,1111,DINR,B,26-May-2026,11:57:27,104.55,DGCX,S-XOF8019,S-XOF8019,DINR-20260527
9817,1,104.55,1111,DINR,B,26-May-2026,11:57:27,104.55,DGCX,S-XOF8017,S-XOF8017,DINR-20260527
9819,4,104.550,1111,IUK26,S,26-May-2026,11:57:27,104.55,SGX,XOF8019,XOF8019,IUK26
9819,1,104.550,1111,IUK26,S,26-May-2026,11:57:27,104.55,SGX,XOF8019,XOF8019,IUK26
9818,1,104.55,1111,DINR,B,26-May-2026,11:57:27,104.55,DGCX,S-XOF8018,S-XOF8018,DINR-20260527
9816,3,-0.360,1111,IUK26-IUM26,S,26-May-2026,11:57:28,-0.37,SGX,XOF8016,XOF8016,IUK26-IUM26
9816,3,104.540,1111,IUK26,B,26-May-2026,11:57:28,104.54,SGX,XOF8016,XOF8016,IUK26
9816,3,104.180,1111,IUM26,S,25-Jun-2026,11:57:28,104.17,SGX,XOF8016,XOF8016,IUM26
9817,2,104.54,1111,DINR,B,26-May-2026,11:57:28,104.54,DGCX,S-XOF8017,S-XOF8017,DINR-20260527
9817,2,104.54,1111,DINR,B,26-May-2026,11:57:28,104.54,DGCX,S-XOF8017,S-XOF8017,DINR-20260527
9818,1,104.530,1111,IUK26,S,26-May-2026,11:57:28,104.54,SGX,XOF8018,XOF8018,IUK26
9819,5,104.530,1111,IUK26,S,26-May-2026,11:57:28,104.54,SGX,XOF8019,XOF8019,IUK26
9817,2,104.540,1111,IUK26,S,26-May-2026,11:57:28,104.54,SGX,XOF8017,XOF8017,IUK26
9817,2,104.540,1111,IUK26,S,26-May-2026,11:57:28,104.54,SGX,XOF8017,XOF8017,IUK26
9812,13,-0.370,1111,IUK26-IUM26,B,26-May-2026,11:57:28,-0.37,SGX,XOF8012,XOF8012,IUK26-IUM26
9812,13,104.540,1111,IUK26,S,26-May-2026,11:57:28,104.54,SGX,XOF8012,XOF8012,IUK26
9812,13,104.170,1111,IUM26,B,25-Jun-2026,11:57:28,104.17,SGX,XOF8012,XOF8012,IUM26
9817,1,104.540,1111,IUK26,S,26-May-2026,11:57:28,104.54,SGX,XOF8017,XOF8017,IUK26
9819,1,104.54,1111,DINR,B,26-May-2026,11:57:28,104.54,DGCX,S-XOF8019,S-XOF8019,DINR-20260527
9819,1,104.540,1111,IUK26,S,26-May-2026,11:57:28,104.54,SGX,XOF8019,XOF8019,IUK26
9818,1,104.53,1111,DINR,B,26-May-2026,11:57:31,104.53,DGCX,S-XOF8018,S-XOF8018,DINR-20260527
9818,1,104.530,1111,IUK26,S,26-May-2026,11:57:31,104.53,SGX,XOF8018,XOF8018,IUK26
9812,13,-0.370,1111,IUK26-IUM26,B,26-May-2026,11:57:32,-0.37,SGX,XOF8012,XOF8012,IUK26-IUM26
9812,13,104.540,1111,IUK26,S,26-May-2026,11:57:32,104.54,SGX,XOF8012,XOF8012,IUK26
9812,13,104.170,1111,IUM26,B,25-Jun-2026,11:57:32,104.18,SGX,XOF8012,XOF8012,IUM26
9817,2,104.55,1111,DINR,B,26-May-2026,11:57:36,104.55,DGCX,S-XOF8017,S-XOF8017,DINR-20260527
9817,2,104.55,1111,DINR,B,26-May-2026,11:57:36,104.55,DGCX,S-XOF8017,S-XOF8017,DINR-20260527
9818,5,104.55,1111,DINR,B,26-May-2026,11:57:36,104.55,DGCX,S-XOF8018,S-XOF8018,DINR-20260527
9817,2,104.550,1111,IUK26,S,26-May-2026,11:57:36,104.56,SGX,XOF8017,XOF8017,IUK26
9818,5,104.55,1111,DINR,B,26-May-2026,11:57:36,104.55,DGCX,S-XOF8018,S-XOF8018,DINR-20260527
9819,5,104.55,1111,DINR,B,26-May-2026,11:57:36,104.55,DGCX,S-XOF8019,S-XOF8019,DINR-20260527
9817,2,104.550,1111,IUK26,S,26-May-2026,11:57:36,104.56,SGX,XOF8017,XOF8017,IUK26
9818,5,104.550,1111,IUK26,S,26-May-2026,11:57:36,104.56,SGX,XOF8018,XOF8018,IUK26
9818,5,104.550,1111,IUK26,S,26-May-2026,11:57:36,104.56,SGX,XOF8018,XOF8018,IUK26
9819,5,104.550,1111,IUK26,S,26-May-2026,11:57:36,104.56,SGX,XOF8019,XOF8019,IUK26
9819,5,104.55,1111,DINR,B,26-May-2026,11:57:37,104.55,DGCX,S-XOF8019,S-XOF8019,DINR-20260527
9819,1,104.550,1111,IUK26,S,26-May-2026,11:57:37,104.56,SGX,XOF8019,XOF8019,IUK26
9819,4,104.550,1111,IUK26,S,26-May-2026,11:57:37,104.56,SGX,XOF8019,XOF8019,IUK26
9817,2,104.55,1111,DINR,B,26-May-2026,11:57:37,104.55,DGCX,S-XOF8017,S-XOF8017,DINR-20260527
9818,5,104.55,1111,DINR,B,26-May-2026,11:57:37,104.55,DGCX,S-XOF8018,S-XOF8018,DINR-20260527
9817,1,104.55,1111,DINR,B,26-May-2026,11:57:37,104.55,DGCX,S-XOF8017,S-XOF8017,DINR-20260527
9817,2,104.550,1111,IUK26,S,26-May-2026,11:57:37,104.56,SGX,XOF8017,XOF8017,IUK26
9818,5,104.550,1111,IUK26,S,26-May-2026,11:57:37,104.56,SGX,XOF8018,XOF8018,IUK26
9819,5,104.55,1111,DINR,B,26-May-2026,11:57:37,104.55,DGCX,S-XOF8019,S-XOF8019,DINR-20260527
9817,1,104.550,1111,IUK26,S,26-May-2026,11:57:37,104.56,SGX,XOF8017,XOF8017,IUK26
9818,4,104.55,1111,DINR,B,26-May-2026,11:57:37,104.55,DGCX,S-XOF8018,S-XOF8018,DINR-20260527
9819,5,104.550,1111,IUK26,S,26-May-2026,11:57:37,104.56,SGX,XOF8019,XOF8019,IUK26
9818,4,104.550,1111,IUK26,S,26-May-2026,11:57:37,104.56,SGX,XOF8018,XOF8018,IUK26
9818,5,104.56,1111,DINR,B,26-May-2026,11:57:38,104.56,DGCX,S-XOF8018,S-XOF8018,DINR-20260527
9818,5,104.560,1111,IUK26,S,26-May-2026,11:57:38,104.56,SGX,XOF8018,XOF8018,IUK26
9818,1,104.59,1111,DINR,B,26-May-2026,11:57:43,104.6,DGCX,S-XOF8018,S-XOF8018,DINR-20260527
9818,1,104.590,1111,IUK26,S,26-May-2026,11:57:43,104.6,SGX,XOF8018,XOF8018,IUK26
9818,1,104.59,1111,DINR,B,26-May-2026,11:57:43,104.6,DGCX,S-XOF8018,S-XOF8018,DINR-20260527
9818,1,104.590,1111,IUK26,S,26-May-2026,11:57:43,104.6,SGX,XOF8018,XOF8018,IUK26
9819,1,104.59,1111,DINR,B,26-May-2026,11:57:44,104.59,DGCX,S-XOF8019,S-XOF8019,DINR-20260527
9819,1,104.590,1111,IUK26,S,26-May-2026,11:57:44,104.61,SGX,XOF8019,XOF8019,IUK26
9812,4,-0.370,1111,IUK26-IUM26,B,26-May-2026,11:57:52,-0.36,SGX,XOF8012,XOF8012,IUK26-IUM26
9812,4,104.580,1111,IUK26,S,26-May-2026,11:57:52,104.57,SGX,XOF8012,XOF8012,IUK26
9812,4,104.210,1111,IUM26,B,25-Jun-2026,11:57:52,104.21,SGX,XOF8012,XOF8012,IUM26
9816,2,-0.360,1111,IUK26-IUM26,S,26-May-2026,11:57:52,-0.36,SGX,XOF8016,XOF8016,IUK26-IUM26
9816,2,104.590,1111,IUK26,B,26-May-2026,11:57:52,104.57,SGX,XOF8016,XOF8016,IUK26
9816,2,104.230,1111,IUM26,S,25-Jun-2026,11:57:52,104.21,SGX,XOF8016,XOF8016,IUM26
9817,5,104.61,1111,DINR,S,26-May-2026,11:57:54,104.61,DGCX,S-XOF8017,S-XOF8017,DINR-20260527
9818,5,104.61,1111,DINR,S,26-May-2026,11:57:54,104.61,DGCX,S-XOF8018,S-XOF8018,DINR-20260527
9817,4,104.61,1111,DINR,S,26-May-2026,11:57:54,104.61,DGCX,S-XOF8017,S-XOF8017,DINR-20260527
9817,2,104.590,1111,IUK26,B,26-May-2026,11:57:55,104.59,SGX,XOF8017,XOF8017,IUK26
9817,3,104.590,1111,IUK26,B,26-May-2026,11:57:55,104.59,SGX,XOF8017,XOF8017,IUK26
9817,1,104.61,1111,DINR,B,26-May-2026,11:57:58,104.63,DGCX,S-XOF8017,S-XOF8017,DINR-20260527
9817,1,104.610,1111,IUK26,S,26-May-2026,11:57:58,104.62,SGX,XOF8017,XOF8017,IUK26
9817,2,104.610,1111,IUK26,B,26-May-2026,11:57:58,104.62,SGX,XOF8017,XOF8017,IUK26
9817,2,104.610,1111,IUK26,B,26-May-2026,11:57:58,104.62,SGX,XOF8017,XOF8017,IUK26
9818,5,104.610,1111,IUK26,B,26-May-2026,11:57:58,104.62,SGX,XOF8018,XOF8018,IUK26
9812,6,-0.370,1111,IUK26-IUM26,B,26-May-2026,11:57:59,-0.37,SGX,XOF8012,XOF8012,IUK26-IUM26
9812,6,104.600,1111,IUK26,S,26-May-2026,11:57:59,104.62,SGX,XOF8012,XOF8012,IUK26
9812,6,104.230,1111,IUM26,B,25-Jun-2026,11:57:59,104.24,SGX,XOF8012,XOF8012,IUM26
9812,2,-0.370,1111,IUK26-IUM26,B,26-May-2026,11:57:59,-0.37,SGX,XOF8012,XOF8012,IUK26-IUM26
9812,2,104.610,1111,IUK26,S,26-May-2026,11:57:59,104.62,SGX,XOF8012,XOF8012,IUK26
9812,2,104.240,1111,IUM26,B,25-Jun-2026,11:57:59,104.24,SGX,XOF8012,XOF8012,IUM26
9812,9,-0.370,1111,IUK26-IUM26,B,26-May-2026,11:58:03,-0.37,SGX,XOF8012,XOF8012,IUK26-IUM26
9812,9,104.600,1111,IUK26,S,26-May-2026,11:58:03,104.6,SGX,XOF8012,XOF8012,IUK26
9812,9,104.230,1111,IUM26,B,25-Jun-2026,11:58:03,104.23,SGX,XOF8012,XOF8012,IUM26
9812,1,-0.370,1111,IUK26-IUM26,B,26-May-2026,11:58:09,-0.37,SGX,XOF8012,XOF8012,IUK26-IUM26
9812,1,104.580,1111,IUK26,S,26-May-2026,11:58:09,104.57,SGX,XOF8012,XOF8012,IUK26
9812,1,104.210,1111,IUM26,B,25-Jun-2026,11:58:09,104.22,SGX,XOF8012,XOF8012,IUM26
9812,4,-0.370,1111,IUK26-IUM26,B,26-May-2026,11:58:09,-0.37,SGX,XOF8012,XOF8012,IUK26-IUM26
9812,4,104.580,1111,IUK26,S,26-May-2026,11:58:09,104.57,SGX,XOF8012,XOF8012,IUK26
9812,4,104.210,1111,IUM26,B,25-Jun-2026,11:58:09,104.22,SGX,XOF8012,XOF8012,IUM26
9812,2,-0.370,1111,IUK26-IUM26,B,26-May-2026,11:58:09,-0.37,SGX,XOF8012,XOF8012,IUK26-IUM26
9812,2,104.590,1111,IUK26,S,26-May-2026,11:58:09,104.57,SGX,XOF8012,XOF8012,IUK26
9812,2,104.220,1111,IUM26,B,25-Jun-2026,11:58:09,104.22,SGX,XOF8012,XOF8012,IUM26
9812,3,-0.370,1111,IUK26-IUM26,B,26-May-2026,11:58:09,-0.37,SGX,XOF8012,XOF8012,IUK26-IUM26
9812,3,104.590,1111,IUK26,S,26-May-2026,11:58:09,104.57,SGX,XOF8012,XOF8012,IUK26
9812,3,104.220,1111,IUM26,B,25-Jun-2026,11:58:09,104.22,SGX,XOF8012,XOF8012,IUM26
9812,1,-0.370,1111,IUK26-IUM26,B,26-May-2026,11:58:09,-0.37,SGX,XOF8012,XOF8012,IUK26-IUM26
9812,1,104.590,1111,IUK26,S,26-May-2026,11:58:09,104.57,SGX,XOF8012,XOF8012,IUK26
9812,1,104.220,1111,IUM26,B,25-Jun-2026,11:58:09,104.22,SGX,XOF8012,XOF8012,IUM26
9812,1,-0.370,1111,IUK26-IUM26,B,26-May-2026,11:58:09,-0.37,SGX,XOF8012,XOF8012,IUK26-IUM26
9812,1,104.590,1111,IUK26,S,26-May-2026,11:58:09,104.57,SGX,XOF8012,XOF8012,IUK26
9812,1,104.220,1111,IUM26,B,25-Jun-2026,11:58:09,104.22,SGX,XOF8012,XOF8012,IUM26
9812,1,-0.370,1111,IUK26-IUM26,B,26-May-2026,11:58:15,-0.37,SGX,XOF8012,XOF8012,IUK26-IUM26
9812,1,104.560,1111,IUK26,S,26-May-2026,11:58:15,104.56,SGX,XOF8012,XOF8012,IUK26
9812,1,104.190,1111,IUM26,B,25-Jun-2026,11:58:15,104.19,SGX,XOF8012,XOF8012,IUM26
9816,1,-0.360,1111,IUK26-IUM26,S,26-May-2026,11:58:17,-0.36,SGX,XOF8016,XOF8016,IUK26-IUM26
9816,1,104.540,1111,IUK26,B,26-May-2026,11:58:17,104.53,SGX,XOF8016,XOF8016,IUK26
9816,1,104.180,1111,IUM26,S,25-Jun-2026,11:58:17,104.18,SGX,XOF8016,XOF8016,IUM26
9819,4,104.50,1111,DINR,B,26-May-2026,11:58:19,104.5,DGCX,S-XOF8019,S-XOF8019,DINR-20260527
9819,4,104.500,1111,IUK26,S,26-May-2026,11:58:19,104.5,SGX,XOF8019,XOF8019,IUK26
9816,1,-0.360,1111,IUK26-IUM26,S,26-May-2026,11:58:24,-0.36,SGX,XOF8016,XOF8016,IUK26-IUM26
9816,1,104.480,1111,IUK26,B,26-May-2026,11:58:24,104.47,SGX,XOF8016,XOF8016,IUK26
9816,1,104.120,1111,IUM26,S,25-Jun-2026,11:58:24,104.12,SGX,XOF8016,XOF8016,IUM26
9816,13,-0.360,1111,IUK26-IUM26,S,26-May-2026,11:58:27,-0.36,SGX,XOF8016,XOF8016,IUK26-IUM26
9816,13,104.460,1111,IUK26,B,26-May-2026,11:58:27,104.46,SGX,XOF8016,XOF8016,IUK26
9816,13,104.100,1111,IUM26,S,25-Jun-2026,11:58:27,104.1,SGX,XOF8016,XOF8016,IUM26
9812,15,-0.370,1111,IUK26-IUM26,B,26-May-2026,11:58:29,-0.36,SGX,XOF8012,XOF8012,IUK26-IUM26
9812,15,104.470,1111,IUK26,S,26-May-2026,11:58:29,104.47,SGX,XOF8012,XOF8012,IUK26
9812,15,104.100,1111,IUM26,B,25-Jun-2026,11:58:29,104.12,SGX,XOF8012,XOF8012,IUM26
9816,5,-0.360,1111,IUK26-IUM26,S,26-May-2026,11:58:29,-0.36,SGX,XOF8016,XOF8016,IUK26-IUM26
9816,5,104.470,1111,IUK26,B,26-May-2026,11:58:29,104.47,SGX,XOF8016,XOF8016,IUK26
9816,5,104.110,1111,IUM26,S,25-Jun-2026,11:58:29,104.12,SGX,XOF8016,XOF8016,IUM26
9816,4,-0.360,1111,IUK26-IUM26,S,26-May-2026,11:58:29,-0.36,SGX,XOF8016,XOF8016,IUK26-IUM26
9816,4,104.480,1111,IUK26,B,26-May-2026,11:58:29,104.47,SGX,XOF8016,XOF8016,IUK26
9816,4,104.120,1111,IUM26,S,25-Jun-2026,11:58:29,104.12,SGX,XOF8016,XOF8016,IUM26
9816,17,-0.360,1111,IUK26-IUM26,S,26-May-2026,11:58:32,-0.36,SGX,XOF8016,XOF8016,IUK26-IUM26
9816,17,104.440,1111,IUK26,B,26-May-2026,11:58:32,104.43,SGX,XOF8016,XOF8016,IUK26
9816,17,104.080,1111,IUM26,S,25-Jun-2026,11:58:32,104.08,SGX,XOF8016,XOF8016,IUM26
9816,18,-0.360,1111,IUK26-IUM26,S,26-May-2026,11:58:36,-0.36,SGX,XOF8016,XOF8016,IUK26-IUM26
9816,18,104.420,1111,IUK26,B,26-May-2026,11:58:36,104.42,SGX,XOF8016,XOF8016,IUK26
9816,18,104.060,1111,IUM26,S,25-Jun-2026,11:58:36,104.06,SGX,XOF8016,XOF8016,IUM26
9816,10,-0.360,1111,IUK26-IUM26,S,26-May-2026,11:58:36,-0.36,SGX,XOF8016,XOF8016,IUK26-IUM26
9816,10,104.420,1111,IUK26,B,26-May-2026,11:58:36,104.43,SGX,XOF8016,XOF8016,IUK26
9816,10,104.060,1111,IUM26,S,25-Jun-2026,11:58:36,104.06,SGX,XOF8016,XOF8016,IUM26
9816,7,-0.360,1111,IUK26-IUM26,S,26-May-2026,11:58:36,-0.36,SGX,XOF8016,XOF8016,IUK26-IUM26
9816,7,104.420,1111,IUK26,B,26-May-2026,11:58:36,104.43,SGX,XOF8016,XOF8016,IUK26
9816,7,104.060,1111,IUM26,S,25-Jun-2026,11:58:36,104.06,SGX,XOF8016,XOF8016,IUM26
9816,4,-0.360,1111,IUK26-IUM26,S,26-May-2026,11:58:49,-0.36,SGX,XOF8016,XOF8016,IUK26-IUM26
9816,4,104.460,1111,IUK26,B,26-May-2026,11:58:49,104.47,SGX,XOF8016,XOF8016,IUK26
9816,4,104.100,1111,IUM26,S,25-Jun-2026,11:58:49,104.1,SGX,XOF8016,XOF8016,IUM26
9816,13,-0.360,1111,IUK26-IUM26,S,26-May-2026,11:58:52,-0.36,SGX,XOF8016,XOF8016,IUK26-IUM26
9816,13,104.470,1111,IUK26,B,26-May-2026,11:58:52,104.46,SGX,XOF8016,XOF8016,IUK26
9816,13,104.110,1111,IUM26,S,25-Jun-2026,11:58:52,104.11,SGX,XOF8016,XOF8016,IUM26
9816,1,-0.360,1111,IUK26-IUM26,S,26-May-2026,11:59:09,-0.36,SGX,XOF8016,XOF8016,IUK26-IUM26
9816,1,104.470,1111,IUK26,B,26-May-2026,11:59:09,104.46,SGX,XOF8016,XOF8016,IUK26
9816,1,104.110,1111,IUM26,S,25-Jun-2026,11:59:09,104.1,SGX,XOF8016,XOF8016,IUM26
9816,13,-0.360,1111,IUK26-IUM26,S,26-May-2026,11:59:09,-0.36,SGX,XOF8016,XOF8016,IUK26-IUM26
9816,13,104.470,1111,IUK26,B,26-May-2026,11:59:09,104.46,SGX,XOF8016,XOF8016,IUK26
9816,13,104.110,1111,IUM26,S,25-Jun-2026,11:59:09,104.1,SGX,XOF8016,XOF8016,IUM26
9816,13,-0.360,1111,IUK26-IUM26,S,26-May-2026,11:59:09,-0.36,SGX,XOF8016,XOF8016,IUK26-IUM26
9816,13,104.470,1111,IUK26,B,26-May-2026,11:59:09,104.46,SGX,XOF8016,XOF8016,IUK26
9816,13,104.110,1111,IUM26,S,25-Jun-2026,11:59:09,104.1,SGX,XOF8016,XOF8016,IUM26
9816,9,-0.360,1111,IUK26-IUM26,S,26-May-2026,11:59:09,-0.36,SGX,XOF8016,XOF8016,IUK26-IUM26
9816,9,104.460,1111,IUK26,B,26-May-2026,11:59:09,104.46,SGX,XOF8016,XOF8016,IUK26
9816,9,104.100,1111,IUM26,S,25-Jun-2026,11:59:09,104.1,SGX,XOF8016,XOF8016,IUM26
9816,3,-0.360,1111,IUK26-IUM26,S,26-May-2026,11:59:33,-0.36,SGX,XOF8016,XOF8016,IUK26-IUM26
9816,3,104.450,1111,IUK26,B,26-May-2026,11:59:33,104.45,SGX,XOF8016,XOF8016,IUK26
9816,3,104.090,1111,IUM26,S,25-Jun-2026,11:59:33,104.09,SGX,XOF8016,XOF8016,IUM26
9816,63,-0.360,1111,IUK26-IUM26,S,26-May-2026,11:59:45,-0.36,SGX,XOF8016,XOF8016,IUK26-IUM26
9816,63,104.470,1111,IUK26,B,26-May-2026,11:59:45,104.48,SGX,XOF8016,XOF8016,IUK26
9816,63,104.110,1111,IUM26,S,25-Jun-2026,11:59:45,104.09,SGX,XOF8016,XOF8016,IUM26
9816,167,-0.360,1111,IUK26-IUM26,S,26-May-2026,11:59:45,-0.36,SGX,XOF8016,XOF8016,IUK26-IUM26
9816,167,104.470,1111,IUK26,B,26-May-2026,11:59:45,104.48,SGX,XOF8016,XOF8016,IUK26
9816,167,104.110,1111,IUM26,S,25-Jun-2026,11:59:45,104.09,SGX,XOF8016,XOF8016,IUM26
9816,33,-0.360,1111,IUK26-IUM26,S,26-May-2026,11:59:45,-0.36,SGX,XOF8016,XOF8016,IUK26-IUM26
9816,33,104.470,1111,IUK26,B,26-May-2026,11:59:45,104.48,SGX,XOF8016,XOF8016,IUK26
9816,33,104.110,1111,IUM26,S,25-Jun-2026,11:59:45,104.09,SGX,XOF8016,XOF8016,IUM26
9814,200,-0.360,1111,IUK26-IUM26,S,26-May-2026,11:59:45,-0.36,SGX,XOF8014,XOF8014,IUK26-IUM26
9814,200,104.470,1111,IUK26,B,26-May-2026,11:59:45,104.48,SGX,XOF8014,XOF8014,IUK26
9814,200,104.110,1111,IUM26,S,25-Jun-2026,11:59:45,104.09,SGX,XOF8014,XOF8014,IUM26
9817,100,-0.360,1111,IUK26-IUM26,S,26-May-2026,11:59:45,-0.36,SGX,XOF8017,XOF8017,IUK26-IUM26
9817,100,104.470,1111,IUK26,B,26-May-2026,11:59:45,104.48,SGX,XOF8017,XOF8017,IUK26
9817,100,104.110,1111,IUM26,S,25-Jun-2026,11:59:45,104.09,SGX,XOF8017,XOF8017,IUM26
9818,100,-0.360,1111,IUK26-IUM26,S,26-May-2026,11:59:45,-0.36,SGX,XOF8018,XOF8018,IUK26-IUM26
9818,100,104.470,1111,IUK26,B,26-May-2026,11:59:45,104.48,SGX,XOF8018,XOF8018,IUK26
9818,100,104.110,1111,IUM26,S,25-Jun-2026,11:59:45,104.09,SGX,XOF8018,XOF8018,IUM26
9813,67,-0.360,1111,IUK26-IUM26,S,26-May-2026,11:59:45,-0.36,SGX,XOF8013,XOF8013,IUK26-IUM26
9813,67,104.470,1111,IUK26,B,26-May-2026,11:59:45,104.48,SGX,XOF8013,XOF8013,IUK26
9813,67,104.110,1111,IUM26,S,25-Jun-2026,11:59:45,104.09,SGX,XOF8013,XOF8013,IUM26
9813,33,-0.360,1111,IUK26-IUM26,S,26-May-2026,11:59:45,-0.36,SGX,XOF8013,XOF8013,IUK26-IUM26
9813,33,104.470,1111,IUK26,B,26-May-2026,11:59:45,104.48,SGX,XOF8013,XOF8013,IUK26
9813,33,104.110,1111,IUM26,S,25-Jun-2026,11:59:45,104.09,SGX,XOF8013,XOF8013,IUM26
9819,200,-0.360,1111,IUK26-IUM26,S,26-May-2026,11:59:45,-0.36,SGX,XOF8019,XOF8019,IUK26-IUM26
9819,200,104.470,1111,IUK26,B,26-May-2026,11:59:45,104.48,SGX,XOF8019,XOF8019,IUK26
9819,200,104.110,1111,IUM26,S,25-Jun-2026,11:59:45,104.09,SGX,XOF8019,XOF8019,IUM26
9813,13,-0.360,1111,IUK26-IUM26,B,26-May-2026,12:02:10,-0.36,SGX,XOF8013,XOF8013,IUK26-IUM26
9813,13,104.440,1111,IUK26,S,26-May-2026,12:02:10,104.44,SGX,XOF8013,XOF8013,IUK26
9813,13,104.080,1111,IUM26,B,25-Jun-2026,12:02:10,104.09,SGX,XOF8013,XOF8013,IUM26
9813,23,-0.360,1111,IUK26-IUM26,B,26-May-2026,12:02:10,-0.36,SGX,XOF8013,XOF8013,IUK26-IUM26
9813,23,104.450,1111,IUK26,S,26-May-2026,12:02:10,104.44,SGX,XOF8013,XOF8013,IUK26
9813,23,104.090,1111,IUM26,B,25-Jun-2026,12:02:10,104.09,SGX,XOF8013,XOF8013,IUM26
9812,5,104.060,1111,IUM26,B,25-Jun-2026,12:04:32,104.06,SGX,XOF8012,XOF8012,IUM26
9812,5,104.06,1111,DINR,S,25-Jun-2026,12:04:32,104.06,DGCX,S-XOF8012,S-XOF8012,DINR-20260626
9819,5,104.06,1111,DINR,B,25-Jun-2026,12:04:32,104.06,DGCX,S-XOF8019,S-XOF8019,DINR-20260626
9812,5,104.060,1111,IUM26,B,25-Jun-2026,12:04:32,104.06,SGX,XOF8012,XOF8012,IUM26
9819,5,104.060,1111,IUM26,S,25-Jun-2026,12:04:54,104.06,SGX,XOF8019,XOF8019,IUM26
9812,5,104.060,1111,IUM26,S,25-Jun-2026,12:04:54,104.06,SGX,XOF8012,XOF8012,IUM26
9813,31,-0.360,1111,IUK26-IUM26,B,26-May-2026,12:04:54,-0.36,SGX,XOF8013,XOF8013,IUK26-IUM26
9813,31,104.420,1111,IUK26,S,26-May-2026,12:04:54,104.41,SGX,XOF8013,XOF8013,IUK26
9813,31,104.060,1111,IUM26,B,25-Jun-2026,12:04:54,104.06,SGX,XOF8013,XOF8013,IUM26
9812,5,104.06,1111,DINR,S,25-Jun-2026,12:04:54,104.06,DGCX,S-XOF8012,S-XOF8012,DINR-20260626
9812,1,104.07,1111,DINR,B,25-Jun-2026,12:04:56,104.07,DGCX,S-XOF8012,S-XOF8012,DINR-20260626
9812,5,104.060,1111,IUM26,B,25-Jun-2026,12:05:10,104.06,SGX,XOF8012,XOF8012,IUM26
9812,4,104.07,1111,DINR,S,25-Jun-2026,12:05:10,104.07,DGCX,S-XOF8012,S-XOF8012,DINR-20260626
9812,4,104.07,1111,DINR,B,25-Jun-2026,12:05:10,104.07,DGCX,S-XOF8012,S-XOF8012,DINR-20260626
9812,5,104.060,1111,IUM26,S,25-Jun-2026,12:05:18,104.06,SGX,XOF8012,XOF8012,IUM26
9812,1,104.06,1111,DINR,B,25-Jun-2026,12:05:19,104.07,DGCX,S-XOF8012,S-XOF8012,DINR-20260626
9812,1,104.06,1111,DINR,S,25-Jun-2026,12:05:18,104.07,DGCX,S-XOF8012,S-XOF8012,DINR-20260626
9812,1,104.07,1111,DINR,B,25-Jun-2026,12:05:19,104.07,DGCX,S-XOF8012,S-XOF8012,DINR-20260626
9812,1,104.07,1111,DINR,B,25-Jun-2026,12:05:19,104.07,DGCX,S-XOF8012,S-XOF8012,DINR-20260626
9812,1,104.07,1111,DINR,B,25-Jun-2026,12:05:19,104.07,DGCX,S-XOF8012,S-XOF8012,DINR-20260626
9812,1,104.07,1111,DINR,B,25-Jun-2026,12:05:19,104.07,DGCX,S-XOF8012,S-XOF8012,DINR-20260626
9813,7,-0.360,1111,IUK26-IUM26,B,26-May-2026,12:05:24,-0.36,SGX,XOF8013,XOF8013,IUK26-IUM26
9813,7,104.400,1111,IUK26,S,26-May-2026,12:05:24,104.39,SGX,XOF8013,XOF8013,IUK26
9813,7,104.040,1111,IUM26,B,25-Jun-2026,12:05:24,104.04,SGX,XOF8013,XOF8013,IUM26
9812,5,104.030,1111,IUM26,B,25-Jun-2026,12:05:24,104.04,SGX,XOF8012,XOF8012,IUM26
9812,5,104.04,1111,DINR,S,25-Jun-2026,12:05:24,104.04,DGCX,S-XOF8012,S-XOF8012,DINR-20260626
9819,5,104.04,1111,DINR,B,25-Jun-2026,12:05:24,104.04,DGCX,S-XOF8019,S-XOF8019,DINR-20260626
9819,5,104.040,1111,IUM26,S,25-Jun-2026,12:05:25,104.04,SGX,XOF8019,XOF8019,IUM26
9812,5,104.390,1111,IUK26,B,26-May-2026,12:05:46,104.39,SGX,XOF8012,XOF8012,IUK26
9812,1,104.40,1111,DINR,S,26-May-2026,12:05:46,104.39,DGCX,S-XOF8012,S-XOF8012,DINR-20260527
9812,4,104.39,1111,DINR,S,26-May-2026,12:05:46,104.39,DGCX,S-XOF8012,S-XOF8012,DINR-20260527
9818,4,104.39,1111,DINR,B,26-May-2026,12:05:46,104.39,DGCX,S-XOF8018,S-XOF8018,DINR-20260527
9818,4,104.390,1111,IUK26,S,26-May-2026,12:05:46,104.39,SGX,XOF8018,XOF8018,IUK26
9812,3,104.380,1111,IUK26,B,26-May-2026,12:06:17,104.38,SGX,XOF8012,XOF8012,IUK26
9812,1,104.39,1111,DINR,S,26-May-2026,12:06:17,104.38,DGCX,S-XOF8012,S-XOF8012,DINR-20260527
9812,1,104.39,1111,DINR,S,26-May-2026,12:06:17,104.38,DGCX,S-XOF8012,S-XOF8012,DINR-20260527
9812,1,104.38,1111,DINR,S,26-May-2026,12:06:17,104.38,DGCX,S-XOF8012,S-XOF8012,DINR-20260527
9817,1,104.38,1111,DINR,B,26-May-2026,12:06:17,104.38,DGCX,S-XOF8017,S-XOF8017,DINR-20260527
9817,1,104.380,1111,IUK26,S,26-May-2026,12:06:17,104.38,SGX,XOF8017,XOF8017,IUK26
9812,2,104.380,1111,IUK26,B,26-May-2026,12:06:17,104.38,SGX,XOF8012,XOF8012,IUK26
9812,1,104.39,1111,DINR,S,26-May-2026,12:06:18,104.39,DGCX,S-XOF8012,S-XOF8012,DINR-20260527
9812,1,104.39,1111,DINR,S,26-May-2026,12:06:18,104.39,DGCX,S-XOF8012,S-XOF8012,DINR-20260527
9812,3,104.380,1111,IUK26,B,26-May-2026,12:06:22,104.38,SGX,XOF8012,XOF8012,IUK26
9812,1,104.39,1111,DINR,S,26-May-2026,12:06:22,104.38,DGCX,S-XOF8012,S-XOF8012,DINR-20260527
9812,1,104.39,1111,DINR,S,26-May-2026,12:06:22,104.38,DGCX,S-XOF8012,S-XOF8012,DINR-20260527
9812,1,104.38,1111,DINR,S,26-May-2026,12:06:22,104.38,DGCX,S-XOF8012,S-XOF8012,DINR-20260527
9817,1,104.38,1111,DINR,B,26-May-2026,12:06:22,104.38,DGCX,S-XOF8017,S-XOF8017,DINR-20260527
9817,1,104.380,1111,IUK26,S,26-May-2026,12:06:23,104.38,SGX,XOF8017,XOF8017,IUK26
9812,2,104.380,1111,IUK26,B,26-May-2026,12:06:24,104.38,SGX,XOF8012,XOF8012,IUK26
9812,1,104.39,1111,DINR,S,26-May-2026,12:06:24,104.39,DGCX,S-XOF8012,S-XOF8012,DINR-20260527
9812,1,104.39,1111,DINR,S,26-May-2026,12:06:24,104.39,DGCX,S-XOF8012,S-XOF8012,DINR-20260527
9812,3,104.370,1111,IUK26,B,26-May-2026,12:06:39,104.39,SGX,XOF8012,XOF8012,IUK26
9812,1,104.38,1111,DINR,S,26-May-2026,12:06:39,104.37,DGCX,S-XOF8012,S-XOF8012,DINR-20260527
9812,1,104.38,1111,DINR,S,26-May-2026,12:06:39,104.37,DGCX,S-XOF8012,S-XOF8012,DINR-20260527
9812,1,104.37,1111,DINR,S,26-May-2026,12:06:39,104.37,DGCX,S-XOF8012,S-XOF8012,DINR-20260527
9812,2,104.370,1111,IUK26,B,26-May-2026,12:06:40,104.37,SGX,XOF8012,XOF8012,IUK26
9812,1,104.38,1111,DINR,S,26-May-2026,12:06:40,104.38,DGCX,S-XOF8012,S-XOF8012,DINR-20260527
9812,1,104.38,1111,DINR,S,26-May-2026,12:06:40,104.38,DGCX,S-XOF8012,S-XOF8012,DINR-20260527
9812,5,104.370,1111,IUK26,B,26-May-2026,12:06:47,104.38,SGX,XOF8012,XOF8012,IUK26
9812,1,104.38,1111,DINR,S,26-May-2026,12:06:47,104.38,DGCX,S-XOF8012,S-XOF8012,DINR-20260527
9812,1,104.38,1111,DINR,S,26-May-2026,12:06:47,104.38,DGCX,S-XOF8012,S-XOF8012,DINR-20260527
9812,3,104.38,1111,DINR,S,26-May-2026,12:06:47,104.38,DGCX,S-XOF8012,S-XOF8012,DINR-20260527
9812,5,104.010,1111,IUM26,B,25-Jun-2026,12:06:51,104.01,SGX,XOF8012,XOF8012,IUM26
9812,5,104.01,1111,DINR,S,25-Jun-2026,12:06:51,104.01,DGCX,S-XOF8012,S-XOF8012,DINR-20260626
9819,5,104.01,1111,DINR,B,25-Jun-2026,12:06:51,104.01,DGCX,S-XOF8019,S-XOF8019,DINR-20260626
9819,1,104.010,1111,IUM26,S,25-Jun-2026,12:06:51,104.01,SGX,XOF8019,XOF8019,IUM26
9813,1,-0.360,1111,IUK26-IUM26,B,26-May-2026,12:06:51,-0.36,SGX,XOF8013,XOF8013,IUK26-IUM26
9813,1,104.370,1111,IUK26,S,26-May-2026,12:06:51,104.36,SGX,XOF8013,XOF8013,IUK26
9813,1,104.010,1111,IUM26,B,25-Jun-2026,12:06:51,104.01,SGX,XOF8013,XOF8013,IUM26
9819,4,104.010,1111,IUM26,S,25-Jun-2026,12:06:51,104.01,SGX,XOF8019,XOF8019,IUM26
9812,3,104.360,1111,IUK26,B,26-May-2026,12:06:59,104.37,SGX,XOF8012,XOF8012,IUK26
9812,1,104.360,1111,IUK26,B,26-May-2026,12:06:59,104.37,SGX,XOF8012,XOF8012,IUK26
9812,1,104.37,1111,DINR,S,26-May-2026,12:06:59,104.36,DGCX,S-XOF8012,S-XOF8012,DINR-20260527
9812,1,104.37,1111,DINR,S,26-May-2026,12:06:59,104.36,DGCX,S-XOF8012,S-XOF8012,DINR-20260527
9812,1,104.36,1111,DINR,S,26-May-2026,12:06:59,104.36,DGCX,S-XOF8012,S-XOF8012,DINR-20260527
9812,1,104.360,1111,IUK26,B,26-May-2026,12:06:59,104.37,SGX,XOF8012,XOF8012,IUK26
9812,1,104.36,1111,DINR,S,26-May-2026,12:06:59,104.36,DGCX,S-XOF8012,S-XOF8012,DINR-20260527
9812,1,104.36,1111,DINR,S,26-May-2026,12:06:59,104.36,DGCX,S-XOF8012,S-XOF8012,DINR-20260527
9812,2,104.000,1111,IUM26,B,25-Jun-2026,12:07:45,104,SGX,XOF8012,XOF8012,IUM26
9812,1,104.000,1111,IUM26,B,25-Jun-2026,12:07:45,104,SGX,XOF8012,XOF8012,IUM26
9812,1,104.00,1111,DINR,S,25-Jun-2026,12:07:45,104,DGCX,S-XOF8012,S-XOF8012,DINR-20260626
9812,1,104.00,1111,DINR,S,25-Jun-2026,12:07:45,104,DGCX,S-XOF8012,S-XOF8012,DINR-20260626
9817,1,104.00,1111,DINR,B,25-Jun-2026,12:07:45,104,DGCX,S-XOF8017,S-XOF8017,DINR-20260626
9812,1,104.00,1111,DINR,S,25-Jun-2026,12:07:45,104,DGCX,S-XOF8012,S-XOF8012,DINR-20260626
9817,1,104.00,1111,DINR,B,25-Jun-2026,12:07:45,104,DGCX,S-XOF8017,S-XOF8017,DINR-20260626
9812,2,104.000,1111,IUM26,B,25-Jun-2026,12:07:46,103.99,SGX,XOF8012,XOF8012,IUM26
9812,2,103.99,1111,DINR,S,25-Jun-2026,12:07:46,103.99,DGCX,S-XOF8012,S-XOF8012,DINR-20260626
9819,2,103.99,1111,DINR,B,25-Jun-2026,12:07:46,103.99,DGCX,S-XOF8019,S-XOF8019,DINR-20260626
9819,1,103.990,1111,IUM26,S,25-Jun-2026,12:07:47,103.99,SGX,XOF8019,XOF8019,IUM26
9819,1,103.990,1111,IUM26,S,25-Jun-2026,12:07:47,103.99,SGX,XOF8019,XOF8019,IUM26
9813,16,-0.360,1111,IUK26-IUM26,B,26-May-2026,12:08:44,-0.36,SGX,XOF8013,XOF8013,IUK26-IUM26
9813,16,104.360,1111,IUK26,S,26-May-2026,12:08:44,104.35,SGX,XOF8013,XOF8013,IUK26
9813,16,104.000,1111,IUM26,B,25-Jun-2026,12:08:44,104,SGX,XOF8013,XOF8013,IUM26
9817,1,104.010,1111,IUM26,S,25-Jun-2026,12:08:46,104.01,SGX,XOF8017,XOF8017,IUM26
9817,1,104.010,1111,IUM26,S,25-Jun-2026,12:08:46,104.01,SGX,XOF8017,XOF8017,IUM26
9813,4,-0.400,1111,IUM26-IUN26,B,26-Jun-2026,12:09:12,-0.4,SGX,XOF8013,XOF8013,IUM26-IUN26
9813,4,104.020,1111,IUM26,S,25-Jun-2026,12:09:12,104.02,SGX,XOF8013,XOF8013,IUM26
9813,4,103.620,1111,IUN26,B,29-Jul-2026,12:09:12,103.62,SGX,XOF8013,XOF8013,IUN26
9812,5,104.410,1111,IUK26,S,26-May-2026,12:11:34,104.41,SGX,XOF8012,XOF8012,IUK26
9812,5,104.42,1111,DINR,B,26-May-2026,12:11:34,104.42,DGCX,S-XOF8012,S-XOF8012,DINR-20260527
9812,4,104.410,1111,IUK26,S,26-May-2026,12:11:34,104.41,SGX,XOF8012,XOF8012,IUK26
9812,1,104.42,1111,DINR,B,26-May-2026,12:11:34,104.42,DGCX,S-XOF8012,S-XOF8012,DINR-20260527
9812,3,104.42,1111,DINR,B,26-May-2026,12:11:34,104.42,DGCX,S-XOF8012,S-XOF8012,DINR-20260527
9813,21,-0.360,1111,IUK26-IUM26,B,26-May-2026,12:12:31,-0.36,SGX,XOF8013,XOF8013,IUK26-IUM26
9813,21,104.410,1111,IUK26,S,26-May-2026,12:12:31,104.42,SGX,XOF8013,XOF8013,IUK26
9813,21,104.050,1111,IUM26,B,25-Jun-2026,12:12:31,104.05,SGX,XOF8013,XOF8013,IUM26
9813,1,-0.370,1111,IUM26-IUN26,S,26-Jun-2026,12:12:42,-0.37,SGX,XOF8013,XOF8013,IUM26-IUN26
9813,1,104.030,1111,IUM26,B,25-Jun-2026,12:12:42,104.03,SGX,XOF8013,XOF8013,IUM26
9813,1,103.660,1111,IUN26,S,29-Jul-2026,12:12:42,103.66,SGX,XOF8013,XOF8013,IUN26
9812,1,104.430,1111,IUK26,S,26-May-2026,12:19:11,104.43,SGX,XOF8012,XOF8012,IUK26
9812,2,104.430,1111,IUK26,S,26-May-2026,12:19:11,104.43,SGX,XOF8012,XOF8012,IUK26
9812,2,104.430,1111,IUK26,S,26-May-2026,12:19:11,104.43,SGX,XOF8012,XOF8012,IUK26
9812,1,104.45,1111,DINR,B,26-May-2026,12:19:11,104.46,DGCX,S-XOF8012,S-XOF8012,DINR-20260527
9812,1,104.45,1111,DINR,B,26-May-2026,12:19:11,104.46,DGCX,S-XOF8012,S-XOF8012,DINR-20260527
9812,1,104.45,1111,DINR,B,26-May-2026,12:19:11,104.46,DGCX,S-XOF8012,S-XOF8012,DINR-20260527
9819,1,104.45,1111,DINR,S,26-May-2026,12:19:11,104.46,DGCX,S-XOF8019,S-XOF8019,DINR-20260527
9819,1,104.430,1111,IUK26,B,26-May-2026,12:19:11,104.43,SGX,XOF8019,XOF8019,IUK26
9812,2,104.46,1111,DINR,B,26-May-2026,12:19:11,104.46,DGCX,S-XOF8012,S-XOF8012,DINR-20260527
9812,5,104.450,1111,IUK26,S,26-May-2026,12:23:50,104.46,SGX,XOF8012,XOF8012,IUK26
9812,5,104.47,1111,DINR,B,26-May-2026,12:23:50,104.48,DGCX,S-XOF8012,S-XOF8012,DINR-20260527
9812,5,104.460,1111,IUK26,S,26-May-2026,12:23:51,104.46,SGX,XOF8012,XOF8012,IUK26
9812,1,104.47,1111,DINR,B,26-May-2026,12:23:51,104.48,DGCX,S-XOF8012,S-XOF8012,DINR-20260527
9812,1,104.47,1111,DINR,B,26-May-2026,12:23:51,104.48,DGCX,S-XOF8012,S-XOF8012,DINR-20260527
9812,2,104.48,1111,DINR,B,26-May-2026,12:23:51,104.48,DGCX,S-XOF8012,S-XOF8012,DINR-20260527
9812,1,104.48,1111,DINR,B,26-May-2026,12:23:51,104.48,DGCX,S-XOF8012,S-XOF8012,DINR-20260527
9818,1,104.48,1111,DINR,S,26-May-2026,12:23:51,104.48,DGCX,S-XOF8018,S-XOF8018,DINR-20260527
9818,1,104.460,1111,IUK26,B,26-May-2026,12:23:51,104.46,SGX,XOF8018,XOF8018,IUK26
9816,6,104.430,1111,IUK26,S,26-May-2026,12:27:49,104.43,SGX,XOF8016,XOF8016,IUK26
9816,6,104.430,1111,IUK26,S,26-May-2026,12:27:49,104.43,SGX,XOF8016,XOF8016,IUK26
9816,18,104.430,1111,IUK26,S,26-May-2026,12:27:49,104.43,SGX,XOF8016,XOF8016,IUK26
9816,10,104.070,1111,IUM26,B,25-Jun-2026,12:27:53,104.07,SGX,XOF8016,XOF8016,IUM26
9812,5,104.470,1111,IUK26,S,26-May-2026,12:28:44,104.45,SGX,XOF8012,XOF8012,IUK26
9812,2,104.49,1111,DINR,B,26-May-2026,12:28:44,104.49,DGCX,S-XOF8012,S-XOF8012,DINR-20260527
9812,3,104.49,1111,DINR,B,26-May-2026,12:28:44,104.49,DGCX,S-XOF8012,S-XOF8012,DINR-20260527
9816,1,104.120,1111,IUM26,B,25-Jun-2026,12:29:05,104.12,SGX,XOF8016,XOF8016,IUM26
9816,3,104.120,1111,IUM26,B,25-Jun-2026,12:29:12,104.12,SGX,XOF8016,XOF8016,IUM26
9816,8,104.120,1111,IUM26,B,25-Jun-2026,12:29:27,104.12,SGX,XOF8016,XOF8016,IUM26
9816,8,104.120,1111,IUM26,B,25-Jun-2026,12:29:27,104.12,SGX,XOF8016,XOF8016,IUM26
9000,10,0.0004,1111,KUK26-KUM26,S,18-May-2026,12:30:16,0.0004,SGX,XOB8000,XOB8000,KUK26-KUM26
9000,10,0.6714,1111,KUK26,B,18-May-2026,12:30:16,0,SGX,XOB8000,XOB8000,KUK26
9000,10,0.6718,1111,KUM26,S,15-Jun-2026,12:30:16,0,SGX,XOB8000,XOB8000,KUM26
9000,50,0.0004,1111,KUK26-KUM26,S,18-May-2026,12:30:16,0.0004,SGX,XOB8000,XOB8000,KUK26-KUM26
9000,50,0.6714,1111,KUK26,B,18-May-2026,12:30:16,0,SGX,XOB8000,XOB8000,KUK26
9000,50,0.6718,1111,KUM26,S,15-Jun-2026,12:30:16,0,SGX,XOB8000,XOB8000,KUM26
9000,50,0.0004,1111,KUK26-KUM26,S,18-May-2026,12:30:16,0.0004,SGX,XOB8000,XOB8000,KUK26-KUM26
9000,50,0.6714,1111,KUK26,B,18-May-2026,12:30:16,0,SGX,XOB8000,XOB8000,KUK26
9000,50,0.6718,1111,KUM26,S,15-Jun-2026,12:30:16,0,SGX,XOB8000,XOB8000,KUM26
9000,90,0.0004,1111,KUK26-KUM26,S,18-May-2026,12:30:16,0.0004,SGX,XOB8000,XOB8000,KUK26-KUM26
9000,90,0.6714,1111,KUK26,B,18-May-2026,12:30:16,0,SGX,XOB8000,XOB8000,KUK26
9000,90,0.6718,1111,KUM26,S,15-Jun-2026,12:30:16,0,SGX,XOB8000,XOB8000,KUM26
9812,5,104.160,1111,IUM26,S,25-Jun-2026,12:30:52,104.16,SGX,XOF8012,XOF8012,IUM26
9812,1,104.16,1111,DINR,B,25-Jun-2026,12:30:52,104.17,DGCX,S-XOF8012,S-XOF8012,DINR-20260626
9812,1,104.17,1111,DINR,B,25-Jun-2026,12:30:52,104.17,DGCX,S-XOF8012,S-XOF8012,DINR-20260626
9812,1,104.17,1111,DINR,B,25-Jun-2026,12:31:13,104.17,DGCX,S-XOF8012,S-XOF8012,DINR-20260626
9812,1,104.17,1111,DINR,B,25-Jun-2026,12:31:13,104.17,DGCX,S-XOF8012,S-XOF8012,DINR-20260626
9812,1,104.17,1111,DINR,B,25-Jun-2026,12:31:13,104.17,DGCX,S-XOF8012,S-XOF8012,DINR-20260626
9813,37,-0.360,1111,IUK26-IUM26,B,26-May-2026,12:31:20,-0.36,SGX,XOF8013,XOF8013,IUK26-IUM26
9813,37,104.510,1111,IUK26,S,26-May-2026,12:31:20,104.51,SGX,XOF8013,XOF8013,IUK26
9813,37,104.150,1111,IUM26,B,25-Jun-2026,12:31:20,104.15,SGX,XOF8013,XOF8013,IUM26
9812,2,104.170,1111,IUM26,S,25-Jun-2026,12:32:08,104.17,SGX,XOF8012,XOF8012,IUM26
9813,2,-0.360,1111,IUK26-IUM26,B,26-May-2026,12:32:08,-0.36,SGX,XOF8013,XOF8013,IUK26-IUM26
9813,2,104.530,1111,IUK26,S,26-May-2026,12:32:08,104.52,SGX,XOF8013,XOF8013,IUK26
9813,2,104.170,1111,IUM26,B,25-Jun-2026,12:32:08,104.17,SGX,XOF8013,XOF8013,IUM26
9812,2,104.170,1111,IUM26,S,25-Jun-2026,12:32:08,104.17,SGX,XOF8012,XOF8012,IUM26
9812,1,104.170,1111,IUM26,S,25-Jun-2026,12:32:08,104.17,SGX,XOF8012,XOF8012,IUM26
9812,1,104.17,1111,DINR,B,25-Jun-2026,12:32:08,104.18,DGCX,S-XOF8012,S-XOF8012,DINR-20260626
9812,1,104.18,1111,DINR,B,25-Jun-2026,12:32:08,104.18,DGCX,S-XOF8012,S-XOF8012,DINR-20260626
9812,1,104.18,1111,DINR,B,25-Jun-2026,12:32:08,104.18,DGCX,S-XOF8012,S-XOF8012,DINR-20260626
9000,162,-0.0133,1111,UCK26-UCM26,B,18-May-2026,12:32:32,-0.0133,SGX,XOB8000,XOB8000,UCK26-UCM26
9000,162,6.7702,1111,UCM26,B,15-Jun-2026,12:32:32,0,SGX,XOB8000,XOB8000,UCM26
9000,162,6.7835,1111,UCK26,S,18-May-2026,12:32:32,0,SGX,XOB8000,XOB8000,UCK26
9000,30,-0.0133,1111,UCK26-UCM26,B,18-May-2026,12:32:32,-0.0133,SGX,XOB8000,XOB8000,UCK26-UCM26
9000,30,6.7702,1111,UCM26,B,15-Jun-2026,12:32:32,0,SGX,XOB8000,XOB8000,UCM26
9000,30,6.7835,1111,UCK26,S,18-May-2026,12:32:32,0,SGX,XOB8000,XOB8000,UCK26
9000,8,-0.0133,1111,UCK26-UCM26,B,18-May-2026,12:32:32,-0.0133,SGX,XOB8000,XOB8000,UCK26-UCM26
9000,8,6.7702,1111,UCM26,B,15-Jun-2026,12:32:32,0,SGX,XOB8000,XOB8000,UCM26
9000,8,6.7835,1111,UCK26,S,18-May-2026,12:32:32,0,SGX,XOB8000,XOB8000,UCK26
9000,2,-0.0133,1111,UCK26-UCM26,B,18-May-2026,12:32:33,-0.0133,SGX,XOB8000,XOB8000,UCK26-UCM26
9000,2,6.7702,1111,UCM26,B,15-Jun-2026,12:32:33,0,SGX,XOB8000,XOB8000,UCM26
9000,2,6.7835,1111,UCK26,S,18-May-2026,12:32:33,0,SGX,XOB8000,XOB8000,UCK26
9000,28,-0.0133,1111,UCK26-UCM26,B,18-May-2026,12:32:33,-0.0133,SGX,XOB8000,XOB8000,UCK26-UCM26
9000,28,6.7702,1111,UCM26,B,15-Jun-2026,12:32:33,0,SGX,XOB8000,XOB8000,UCM26
9000,28,6.7835,1111,UCK26,S,18-May-2026,12:32:33,0,SGX,XOB8000,XOB8000,UCK26
9000,22,-0.0133,1111,UCK26-UCM26,B,18-May-2026,12:32:33,-0.0133,SGX,XOB8000,XOB8000,UCK26-UCM26
9000,22,6.7702,1111,UCM26,B,15-Jun-2026,12:32:33,0,SGX,XOB8000,XOB8000,UCM26
9000,22,6.7835,1111,UCK26,S,18-May-2026,12:32:33,0,SGX,XOB8000,XOB8000,UCK26
9000,1,-0.0133,1111,UCK26-UCM26,B,18-May-2026,12:32:33,-0.0133,SGX,XOB8000,XOB8000,UCK26-UCM26
9000,1,6.7702,1111,UCM26,B,15-Jun-2026,12:32:33,0,SGX,XOB8000,XOB8000,UCM26
9000,1,6.7835,1111,UCK26,S,18-May-2026,12:32:33,0,SGX,XOB8000,XOB8000,UCK26
9000,7,-0.0133,1111,UCK26-UCM26,B,18-May-2026,12:32:33,-0.0133,SGX,XOB8000,XOB8000,UCK26-UCM26
9000,7,6.7702,1111,UCM26,B,15-Jun-2026,12:32:33,0,SGX,XOB8000,XOB8000,UCM26
9000,7,6.7835,1111,UCK26,S,18-May-2026,12:32:33,0,SGX,XOB8000,XOB8000,UCK26
9000,12,-0.0133,1111,UCK26-UCM26,B,18-May-2026,12:32:33,-0.0133,SGX,XOB8000,XOB8000,UCK26-UCM26
9000,12,6.7702,1111,UCM26,B,15-Jun-2026,12:32:33,0,SGX,XOB8000,XOB8000,UCM26
9000,12,6.7835,1111,UCK26,S,18-May-2026,12:32:33,0,SGX,XOB8000,XOB8000,UCK26
9000,12,-0.0133,1111,UCK26-UCM26,B,18-May-2026,12:32:33,-0.0133,SGX,XOB8000,XOB8000,UCK26-UCM26
9000,12,6.7702,1111,UCM26,B,15-Jun-2026,12:32:33,0,SGX,XOB8000,XOB8000,UCM26
9000,12,6.7835,1111,UCK26,S,18-May-2026,12:32:33,0,SGX,XOB8000,XOB8000,UCK26
9000,12,-0.0133,1111,UCK26-UCM26,B,18-May-2026,12:32:33,-0.0133,SGX,XOB8000,XOB8000,UCK26-UCM26
9000,12,6.7702,1111,UCM26,B,15-Jun-2026,12:32:33,0,SGX,XOB8000,XOB8000,UCM26
9000,12,6.7835,1111,UCK26,S,18-May-2026,12:32:33,0,SGX,XOB8000,XOB8000,UCK26
9000,12,-0.0133,1111,UCK26-UCM26,B,18-May-2026,12:32:33,-0.0133,SGX,XOB8000,XOB8000,UCK26-UCM26
9000,12,6.7702,1111,UCM26,B,15-Jun-2026,12:32:33,0,SGX,XOB8000,XOB8000,UCM26
9000,12,6.7835,1111,UCK26,S,18-May-2026,12:32:33,0,SGX,XOB8000,XOB8000,UCK26
9000,12,-0.0133,1111,UCK26-UCM26,B,18-May-2026,12:32:33,-0.0133,SGX,XOB8000,XOB8000,UCK26-UCM26
9000,12,6.7702,1111,UCM26,B,15-Jun-2026,12:32:33,0,SGX,XOB8000,XOB8000,UCM26
9000,12,6.7835,1111,UCK26,S,18-May-2026,12:32:33,0,SGX,XOB8000,XOB8000,UCK26
9000,12,-0.0133,1111,UCK26-UCM26,B,18-May-2026,12:32:33,-0.0133,SGX,XOB8000,XOB8000,UCK26-UCM26
9000,12,6.7702,1111,UCM26,B,15-Jun-2026,12:32:33,0,SGX,XOB8000,XOB8000,UCM26
9000,12,6.7835,1111,UCK26,S,18-May-2026,12:32:33,0,SGX,XOB8000,XOB8000,UCK26
9000,10,-0.0133,1111,UCK26-UCM26,B,18-May-2026,12:32:33,-0.0133,SGX,XOB8000,XOB8000,UCK26-UCM26
9000,10,6.7702,1111,UCM26,B,15-Jun-2026,12:32:33,0,SGX,XOB8000,XOB8000,UCM26
9000,10,6.7835,1111,UCK26,S,18-May-2026,12:32:33,0,SGX,XOB8000,XOB8000,UCK26
9000,10,-0.0133,1111,UCK26-UCM26,B,18-May-2026,12:32:33,-0.0133,SGX,XOB8000,XOB8000,UCK26-UCM26
9000,10,6.7702,1111,UCM26,B,15-Jun-2026,12:32:33,0,SGX,XOB8000,XOB8000,UCM26
9000,10,6.7835,1111,UCK26,S,18-May-2026,12:32:33,0,SGX,XOB8000,XOB8000,UCK26
9812,1,104.18,1111,DINR,B,25-Jun-2026,12:32:50,104.18,DGCX,S-XOF8012,S-XOF8012,DINR-20260626
9812,1,104.18,1111,DINR,B,25-Jun-2026,12:32:54,104.18,DGCX,S-XOF8012,S-XOF8012,DINR-20260626
9812,4,104.520,1111,IUK26,B,26-May-2026,12:33:50,104.52,SGX,XOF8012,XOF8012,IUK26
9812,1,104.520,1111,IUK26,B,26-May-2026,12:33:50,104.52,SGX,XOF8012,XOF8012,IUK26
9812,4,104.53,1111,DINR,S,26-May-2026,12:33:50,104.53,DGCX,S-XOF8012,S-XOF8012,DINR-20260527
9812,5,104.150,1111,IUM26,B,25-Jun-2026,12:33:58,104.15,SGX,XOF8012,XOF8012,IUM26
9812,5,104.15,1111,DINR,S,25-Jun-2026,12:33:58,104.15,DGCX,S-XOF8012,S-XOF8012,DINR-20260626
9819,5,104.15,1111,DINR,B,25-Jun-2026,12:33:58,104.15,DGCX,S-XOF8019,S-XOF8019,DINR-20260626
9812,5,104.150,1111,IUM26,B,25-Jun-2026,12:33:58,104.15,SGX,XOF8012,XOF8012,IUM26
9819,5,104.150,1111,IUM26,S,25-Jun-2026,12:34:07,104.15,SGX,XOF8019,XOF8019,IUM26
9812,5,104.150,1111,IUM26,S,25-Jun-2026,12:34:07,104.15,SGX,XOF8012,XOF8012,IUM26
9813,34,-0.360,1111,IUK26-IUM26,B,26-May-2026,12:34:07,-0.36,SGX,XOF8013,XOF8013,IUK26-IUM26
9813,34,104.510,1111,IUK26,S,26-May-2026,12:34:07,104.51,SGX,XOF8013,XOF8013,IUK26
9813,34,104.150,1111,IUM26,B,25-Jun-2026,12:34:07,104.15,SGX,XOF8013,XOF8013,IUM26
9812,5,104.15,1111,DINR,B,25-Jun-2026,12:34:07,104.15,DGCX,S-XOF8012,S-XOF8012,DINR-20260626
9812,5,104.15,1111,DINR,S,25-Jun-2026,12:34:07,104.15,DGCX,S-XOF8012,S-XOF8012,DINR-20260626
9812,5,104.150,1111,IUM26,S,25-Jun-2026,12:34:08,104.15,SGX,XOF8012,XOF8012,IUM26
9812,1,104.16,1111,DINR,B,25-Jun-2026,12:34:52,104.16,DGCX,S-XOF8012,S-XOF8012,DINR-20260626
9812,1,104.16,1111,DINR,B,25-Jun-2026,12:34:52,104.16,DGCX,S-XOF8012,S-XOF8012,DINR-20260626
9812,1,104.16,1111,DINR,B,25-Jun-2026,12:34:52,104.16,DGCX,S-XOF8012,S-XOF8012,DINR-20260626
9812,1,104.16,1111,DINR,B,25-Jun-2026,12:34:52,104.16,DGCX,S-XOF8012,S-XOF8012,DINR-20260626
9812,1,104.16,1111,DINR,B,25-Jun-2026,12:34:52,104.16,DGCX,S-XOF8012,S-XOF8012,DINR-20260626
9000,1,-0.0133,1111,UCK26-UCM26,S,18-May-2026,12:35:55,-0.0133,SGX,XOB8000,XOB8000,UCK26-UCM26
9000,1,6.7841,1111,UCK26,B,18-May-2026,12:35:55,0,SGX,XOB8000,XOB8000,UCK26
9000,1,6.7708,1111,UCM26,S,15-Jun-2026,12:35:55,0,SGX,XOB8000,XOB8000,UCM26
9812,1,104.51,1111,DINR,S,26-May-2026,12:36:25,104.51,DGCX,S-XOF8012,S-XOF8012,DINR-20260527
9812,5,104.480,1111,IUK26,B,26-May-2026,12:37:46,104.48,SGX,XOF8012,XOF8012,IUK26
9812,5,104.49,1111,DINR,S,26-May-2026,12:37:46,104.49,DGCX,S-XOF8012,S-XOF8012,DINR-20260527
9812,5,104.480,1111,IUK26,B,26-May-2026,12:38:07,104.47,SGX,XOF8012,XOF8012,IUK26
9812,5,104.49,1111,DINR,S,26-May-2026,12:38:07,104.49,DGCX,S-XOF8012,S-XOF8012,DINR-20260527
9812,5,104.470,1111,IUK26,B,26-May-2026,12:38:07,104.47,SGX,XOF8012,XOF8012,IUK26
9813,1,-0.360,1111,IUK26-IUM26,B,26-May-2026,12:38:11,-0.36,SGX,XOF8013,XOF8013,IUK26-IUM26
9813,1,104.470,1111,IUK26,S,26-May-2026,12:38:11,104.47,SGX,XOF8013,XOF8013,IUK26
9813,1,104.110,1111,IUM26,B,25-Jun-2026,12:38:11,104.11,SGX,XOF8013,XOF8013,IUM26
9813,5,-0.360,1111,IUK26-IUM26,B,26-May-2026,12:39:23,-0.36,SGX,XOF8013,XOF8013,IUK26-IUM26
9813,5,104.460,1111,IUK26,S,26-May-2026,12:39:23,104.46,SGX,XOF8013,XOF8013,IUK26
9813,5,104.100,1111,IUM26,B,25-Jun-2026,12:39:23,104.1,SGX,XOF8013,XOF8013,IUM26
9812,5,104.080,1111,IUM26,B,25-Jun-2026,12:39:48,104.07,SGX,XOF8012,XOF8012,IUM26
9816,11,104.070,1111,IUM26,B,25-Jun-2026,12:39:49,104.07,SGX,XOF8016,XOF8016,IUM26
9812,1,104.08,1111,DINR,S,25-Jun-2026,12:39:51,104.08,DGCX,S-XOF8012,S-XOF8012,DINR-20260626
9812,5,104.080,1111,IUM26,S,25-Jun-2026,12:39:54,104.08,SGX,XOF8012,XOF8012,IUM26
9812,4,104.08,1111,DINR,B,25-Jun-2026,12:39:54,104.09,DGCX,S-XOF8012,S-XOF8012,DINR-20260626
9812,4,104.08,1111,DINR,S,25-Jun-2026,12:39:54,104.09,DGCX,S-XOF8012,S-XOF8012,DINR-20260626
9812,1,104.09,1111,DINR,B,25-Jun-2026,12:39:54,104.09,DGCX,S-XOF8012,S-XOF8012,DINR-20260626
9813,9,-0.360,1111,IUK26-IUM26,B,26-May-2026,12:40:03,-0.36,SGX,XOF8013,XOF8013,IUK26-IUM26
9813,9,104.440,1111,IUK26,S,26-May-2026,12:40:03,104.44,SGX,XOF8013,XOF8013,IUK26
9813,9,104.080,1111,IUM26,B,25-Jun-2026,12:40:03,104.08,SGX,XOF8013,XOF8013,IUM26
9816,7,104.080,1111,IUM26,S,25-Jun-2026,12:40:03,104.08,SGX,XOF8016,XOF8016,IUM26
9816,1,104.080,1111,IUM26,S,25-Jun-2026,12:40:03,104.08,SGX,XOF8016,XOF8016,IUM26
9816,13,-0.360,1111,IUK26-IUM26,B,26-May-2026,12:40:03,-0.36,SGX,XOF8016,XOF8016,IUK26-IUM26
9816,13,104.440,1111,IUK26,S,26-May-2026,12:40:03,104.44,SGX,XOF8016,XOF8016,IUK26
9816,13,104.080,1111,IUM26,B,25-Jun-2026,12:40:03,104.08,SGX,XOF8016,XOF8016,IUM26
9816,3,104.080,1111,IUM26,S,25-Jun-2026,12:40:03,104.08,SGX,XOF8016,XOF8016,IUM26
9816,3,-0.360,1111,IUK26-IUM26,B,26-May-2026,12:40:03,-0.36,SGX,XOF8016,XOF8016,IUK26-IUM26
9816,3,104.440,1111,IUK26,S,26-May-2026,12:40:03,104.44,SGX,XOF8016,XOF8016,IUK26
9816,3,104.080,1111,IUM26,B,25-Jun-2026,12:40:03,104.08,SGX,XOF8016,XOF8016,IUM26
9816,184,-0.360,1111,IUK26-IUM26,B,26-May-2026,12:40:29,-0.36,SGX,XOF8016,XOF8016,IUK26-IUM26
9816,184,104.450,1111,IUK26,S,26-May-2026,12:40:29,104.44,SGX,XOF8016,XOF8016,IUK26
9816,184,104.090,1111,IUM26,B,25-Jun-2026,12:40:29,104.08,SGX,XOF8016,XOF8016,IUM26
9816,200,-0.360,1111,IUK26-IUM26,B,26-May-2026,12:40:29,-0.36,SGX,XOF8016,XOF8016,IUK26-IUM26
9816,200,104.450,1111,IUK26,S,26-May-2026,12:40:29,104.44,SGX,XOF8016,XOF8016,IUK26
9816,200,104.090,1111,IUM26,B,25-Jun-2026,12:40:29,104.08,SGX,XOF8016,XOF8016,IUM26
9817,100,-0.360,1111,IUK26-IUM26,B,26-May-2026,12:40:29,-0.36,SGX,XOF8017,XOF8017,IUK26-IUM26
9817,100,104.450,1111,IUK26,S,26-May-2026,12:40:29,104.44,SGX,XOF8017,XOF8017,IUK26
9817,100,104.090,1111,IUM26,B,25-Jun-2026,12:40:29,104.08,SGX,XOF8017,XOF8017,IUM26
9816,200,-0.360,1111,IUK26-IUM26,B,26-May-2026,12:40:29,-0.36,SGX,XOF8016,XOF8016,IUK26-IUM26
9816,200,104.450,1111,IUK26,S,26-May-2026,12:40:29,104.44,SGX,XOF8016,XOF8016,IUK26
9816,200,104.090,1111,IUM26,B,25-Jun-2026,12:40:29,104.08,SGX,XOF8016,XOF8016,IUM26
9814,200,-0.360,1111,IUK26-IUM26,B,26-May-2026,12:40:29,-0.36,SGX,XOF8014,XOF8014,IUK26-IUM26
9814,200,104.450,1111,IUK26,S,26-May-2026,12:40:29,104.44,SGX,XOF8014,XOF8014,IUK26
9814,200,104.090,1111,IUM26,B,25-Jun-2026,12:40:29,104.08,SGX,XOF8014,XOF8014,IUM26
9819,116,-0.360,1111,IUK26-IUM26,B,26-May-2026,12:40:29,-0.36,SGX,XOF8019,XOF8019,IUK26-IUM26
9819,116,104.450,1111,IUK26,S,26-May-2026,12:40:29,104.44,SGX,XOF8019,XOF8019,IUK26
9819,116,104.090,1111,IUM26,B,25-Jun-2026,12:40:29,104.08,SGX,XOF8019,XOF8019,IUM26
9816,4,-0.360,1111,IUK26-IUM26,S,26-May-2026,12:40:36,-0.36,SGX,XOF8016,XOF8016,IUK26-IUM26
9816,4,104.440,1111,IUK26,B,26-May-2026,12:40:36,104.44,SGX,XOF8016,XOF8016,IUK26
9816,4,104.080,1111,IUM26,S,25-Jun-2026,12:40:36,104.08,SGX,XOF8016,XOF8016,IUM26
9816,1,-0.360,1111,IUK26-IUM26,S,26-May-2026,12:40:36,-0.36,SGX,XOF8016,XOF8016,IUK26-IUM26
9816,1,104.440,1111,IUK26,B,26-May-2026,12:40:36,104.44,SGX,XOF8016,XOF8016,IUK26
9816,1,104.080,1111,IUM26,S,25-Jun-2026,12:40:36,104.08,SGX,XOF8016,XOF8016,IUM26
9816,10,-0.360,1111,IUK26-IUM26,S,26-May-2026,12:40:36,-0.36,SGX,XOF8016,XOF8016,IUK26-IUM26
9816,10,104.440,1111,IUK26,B,26-May-2026,12:40:36,104.44,SGX,XOF8016,XOF8016,IUK26
9816,10,104.080,1111,IUM26,S,25-Jun-2026,12:40:36,104.08,SGX,XOF8016,XOF8016,IUM26
9816,9,104.070,1111,IUM26,B,25-Jun-2026,12:40:41,104.07,SGX,XOF8016,XOF8016,IUM26
9819,10,-0.360,1111,IUK26-IUM26,B,26-May-2026,12:40:47,-0.36,SGX,XOF8019,XOF8019,IUK26-IUM26
9819,10,104.430,1111,IUK26,S,26-May-2026,12:40:47,104.42,SGX,XOF8019,XOF8019,IUK26
9819,10,104.070,1111,IUM26,B,25-Jun-2026,12:40:47,104.06,SGX,XOF8019,XOF8019,IUM26
9819,5,-0.360,1111,IUK26-IUM26,S,26-May-2026,12:40:47,-0.36,SGX,XOF8019,XOF8019,IUK26-IUM26
9819,5,104.430,1111,IUK26,B,26-May-2026,12:40:47,104.42,SGX,XOF8019,XOF8019,IUK26
9819,5,104.070,1111,IUM26,S,25-Jun-2026,12:40:47,104.06,SGX,XOF8019,XOF8019,IUM26
9813,5,-0.360,1111,IUK26-IUM26,S,26-May-2026,12:40:48,-0.36,SGX,XOF8013,XOF8013,IUK26-IUM26
9813,5,104.420,1111,IUK26,B,26-May-2026,12:40:48,104.42,SGX,XOF8013,XOF8013,IUK26
9813,5,104.060,1111,IUM26,S,25-Jun-2026,12:40:48,104.06,SGX,XOF8013,XOF8013,IUM26
9819,5,-0.360,1111,IUK26-IUM26,S,26-May-2026,12:40:49,-0.36,SGX,XOF8019,XOF8019,IUK26-IUM26
9819,5,104.420,1111,IUK26,B,26-May-2026,12:40:49,104.42,SGX,XOF8019,XOF8019,IUK26
9819,5,104.060,1111,IUM26,S,25-Jun-2026,12:40:49,104.06,SGX,XOF8019,XOF8019,IUM26
9819,36,-0.360,1111,IUK26-IUM26,B,26-May-2026,12:40:49,-0.36,SGX,XOF8019,XOF8019,IUK26-IUM26
9819,36,104.420,1111,IUK26,S,26-May-2026,12:40:49,104.42,SGX,XOF8019,XOF8019,IUK26
9819,36,104.060,1111,IUM26,B,25-Jun-2026,12:40:49,104.06,SGX,XOF8019,XOF8019,IUM26
9812,5,104.41,1111,DINR,S,26-May-2026,12:40:53,104.41,DGCX,S-XOF8012,S-XOF8012,DINR-20260527
9817,2,104.41,1111,DINR,B,26-May-2026,12:41:16,104.41,DGCX,S-XOF8017,S-XOF8017,DINR-20260527
9817,2,104.410,1111,IUK26,S,26-May-2026,12:41:16,104.41,SGX,XOF8017,XOF8017,IUK26
9819,14,-0.360,1111,IUK26-IUM26,B,26-May-2026,12:41:20,-0.36,SGX,XOF8019,XOF8019,IUK26-IUM26
9819,14,104.410,1111,IUK26,S,26-May-2026,12:41:20,104.4,SGX,XOF8019,XOF8019,IUK26
9819,14,104.050,1111,IUM26,B,25-Jun-2026,12:41:20,104.04,SGX,XOF8019,XOF8019,IUM26
9812,5,104.040,1111,IUM26,B,25-Jun-2026,12:41:20,104.04,SGX,XOF8012,XOF8012,IUM26
9813,5,-0.360,1111,IUK26-IUM26,S,26-May-2026,12:41:20,-0.36,SGX,XOF8013,XOF8013,IUK26-IUM26
9813,5,104.040,1111,IUM26,S,25-Jun-2026,12:41:20,104.04,SGX,XOF8013,XOF8013,IUM26
9813,5,104.400,1111,IUK26,B,26-May-2026,12:41:20,104.4,SGX,XOF8013,XOF8013,IUK26
9819,14,-0.360,1111,IUK26-IUM26,B,26-May-2026,12:41:20,-0.36,SGX,XOF8019,XOF8019,IUK26-IUM26
9819,14,104.400,1111,IUK26,S,26-May-2026,12:41:20,104.4,SGX,XOF8019,XOF8019,IUK26
9819,14,104.040,1111,IUM26,B,25-Jun-2026,12:41:20,104.04,SGX,XOF8019,XOF8019,IUM26
9812,1,104.04,1111,DINR,S,25-Jun-2026,12:41:20,104.04,DGCX,S-XOF8012,S-XOF8012,DINR-20260626
9819,1,-0.360,1111,IUK26-IUM26,B,26-May-2026,12:41:20,-0.36,SGX,XOF8019,XOF8019,IUK26-IUM26
9819,1,104.400,1111,IUK26,S,26-May-2026,12:41:20,104.4,SGX,XOF8019,XOF8019,IUK26
9819,1,104.040,1111,IUM26,B,25-Jun-2026,12:41:20,104.04,SGX,XOF8019,XOF8019,IUM26
9819,4,104.04,1111,DINR,B,25-Jun-2026,12:41:20,104.04,DGCX,S-XOF8019,S-XOF8019,DINR-20260626
9812,4,104.04,1111,DINR,S,25-Jun-2026,12:41:20,104.04,DGCX,S-XOF8012,S-XOF8012,DINR-20260626
9819,4,104.040,1111,IUM26,S,25-Jun-2026,12:41:20,104.04,SGX,XOF8019,XOF8019,IUM26
9819,4,-0.360,1111,IUK26-IUM26,B,26-May-2026,12:41:20,-0.36,SGX,XOF8019,XOF8019,IUK26-IUM26
9819,4,104.400,1111,IUK26,S,26-May-2026,12:41:20,104.4,SGX,XOF8019,XOF8019,IUK26
9819,4,104.040,1111,IUM26,B,25-Jun-2026,12:41:20,104.04,SGX,XOF8019,XOF8019,IUM26
9816,5,-0.360,1111,IUK26-IUM26,S,26-May-2026,12:41:20,-0.36,SGX,XOF8016,XOF8016,IUK26-IUM26
9816,5,104.410,1111,IUK26,B,26-May-2026,12:41:20,104.4,SGX,XOF8016,XOF8016,IUK26
9816,5,104.050,1111,IUM26,S,25-Jun-2026,12:41:20,104.04,SGX,XOF8016,XOF8016,IUM26
9817,5,-0.360,1111,IUK26-IUM26,S,26-May-2026,12:41:20,-0.36,SGX,XOF8017,XOF8017,IUK26-IUM26
9817,5,104.410,1111,IUK26,B,26-May-2026,12:41:20,104.4,SGX,XOF8017,XOF8017,IUK26
9817,5,104.050,1111,IUM26,S,25-Jun-2026,12:41:20,104.04,SGX,XOF8017,XOF8017,IUM26
9813,5,-0.360,1111,IUK26-IUM26,S,26-May-2026,12:41:21,-0.36,SGX,XOF8013,XOF8013,IUK26-IUM26
9813,5,104.410,1111,IUK26,B,26-May-2026,12:41:21,104.4,SGX,XOF8013,XOF8013,IUK26
9813,5,104.050,1111,IUM26,S,25-Jun-2026,12:41:21,104.04,SGX,XOF8013,XOF8013,IUM26
9000,5,-0.0133,1111,UCK26-UCM26,S,18-May-2026,12:41:34,-0.0133,SGX,XOB8000,XOB8000,UCK26-UCM26
9000,5,6.7844,1111,UCK26,B,18-May-2026,12:41:34,0,SGX,XOB8000,XOB8000,UCK26
9000,5,6.7711,1111,UCM26,S,15-Jun-2026,12:41:34,0,SGX,XOB8000,XOB8000,UCM26
9819,5,-0.360,1111,IUK26-IUM26,B,26-May-2026,12:41:39,-0.36,SGX,XOF8019,XOF8019,IUK26-IUM26
9819,5,104.410,1111,IUK26,S,26-May-2026,12:41:39,104.41,SGX,XOF8019,XOF8019,IUK26
9819,5,104.050,1111,IUM26,B,25-Jun-2026,12:41:39,104.05,SGX,XOF8019,XOF8019,IUM26
9818,11,-0.360,1111,IUK26-IUM26,B,26-May-2026,12:41:39,-0.36,SGX,XOF8018,XOF8018,IUK26-IUM26
9818,11,104.410,1111,IUK26,S,26-May-2026,12:41:39,104.41,SGX,XOF8018,XOF8018,IUK26
9818,11,104.050,1111,IUM26,B,25-Jun-2026,12:41:39,104.05,SGX,XOF8018,XOF8018,IUM26
9813,2,-0.360,1111,IUK26-IUM26,S,26-May-2026,12:41:39,-0.36,SGX,XOF8013,XOF8013,IUK26-IUM26
9813,2,104.420,1111,IUK26,B,26-May-2026,12:41:39,104.41,SGX,XOF8013,XOF8013,IUK26
9813,2,104.060,1111,IUM26,S,25-Jun-2026,12:41:39,104.05,SGX,XOF8013,XOF8013,IUM26
9813,5,-0.360,1111,IUK26-IUM26,S,26-May-2026,12:41:39,-0.36,SGX,XOF8013,XOF8013,IUK26-IUM26
9813,5,104.420,1111,IUK26,B,26-May-2026,12:41:39,104.41,SGX,XOF8013,XOF8013,IUK26
9813,5,104.060,1111,IUM26,S,25-Jun-2026,12:41:39,104.05,SGX,XOF8013,XOF8013,IUM26
9816,3,-0.360,1111,IUK26-IUM26,S,26-May-2026,12:41:39,-0.36,SGX,XOF8016,XOF8016,IUK26-IUM26
9816,3,104.420,1111,IUK26,B,26-May-2026,12:41:39,104.41,SGX,XOF8016,XOF8016,IUK26
9816,3,104.060,1111,IUM26,S,25-Jun-2026,12:41:39,104.05,SGX,XOF8016,XOF8016,IUM26
9813,5,-0.360,1111,IUK26-IUM26,S,26-May-2026,12:41:58,-0.36,SGX,XOF8013,XOF8013,IUK26-IUM26
9813,5,104.420,1111,IUK26,B,26-May-2026,12:41:58,104.41,SGX,XOF8013,XOF8013,IUK26
9813,5,104.060,1111,IUM26,S,25-Jun-2026,12:41:58,104.05,SGX,XOF8013,XOF8013,IUM26
9000,100,-0.0133,1111,UCK26-UCM26,S,18-May-2026,12:42:06,-0.0133,SGX,XOB8000,XOB8000,UCK26-UCM26
9000,100,6.7846,1111,UCK26,B,18-May-2026,12:42:06,0,SGX,XOB8000,XOB8000,UCK26
9000,100,6.7713,1111,UCM26,S,15-Jun-2026,12:42:06,0,SGX,XOB8000,XOB8000,UCM26
9000,1,-0.0133,1111,UCK26-UCM26,S,18-May-2026,12:42:59,-0.0133,SGX,XOB8000,XOB8000,UCK26-UCM26
9000,1,6.7845,1111,UCK26,B,18-May-2026,12:42:59,0,SGX,XOB8000,XOB8000,UCK26
9000,1,6.7712,1111,UCM26,S,15-Jun-2026,12:42:59,0,SGX,XOB8000,XOB8000,UCM26
9816,1,-0.360,1111,IUK26-IUM26,S,26-May-2026,12:43:21,-0.36,SGX,XOF8016,XOF8016,IUK26-IUM26
9816,1,104.410,1111,IUK26,B,26-May-2026,12:43:21,104.41,SGX,XOF8016,XOF8016,IUK26
9816,1,104.050,1111,IUM26,S,25-Jun-2026,12:43:21,104.05,SGX,XOF8016,XOF8016,IUM26
9816,1,-0.360,1111,IUK26-IUM26,S,26-May-2026,12:43:38,-0.36,SGX,XOF8016,XOF8016,IUK26-IUM26
9816,1,104.400,1111,IUK26,B,26-May-2026,12:43:38,104.4,SGX,XOF8016,XOF8016,IUK26
9816,1,104.040,1111,IUM26,S,25-Jun-2026,12:43:38,104.04,SGX,XOF8016,XOF8016,IUM26
9816,2,104.050,1111,IUM26,S,25-Jun-2026,12:43:59,104.05,SGX,XOF8016,XOF8016,IUM26
9816,7,104.050,1111,IUM26,S,25-Jun-2026,12:43:59,104.05,SGX,XOF8016,XOF8016,IUM26
9818,10,-0.360,1111,IUK26-IUM26,B,26-May-2026,12:44:17,-0.36,SGX,XOF8018,XOF8018,IUK26-IUM26
9818,10,104.410,1111,IUK26,S,26-May-2026,12:44:17,104.41,SGX,XOF8018,XOF8018,IUK26
9818,10,104.050,1111,IUM26,B,25-Jun-2026,12:44:17,104.05,SGX,XOF8018,XOF8018,IUM26
9816,1,-0.360,1111,IUK26-IUM26,S,26-May-2026,12:44:50,-0.36,SGX,XOF8016,XOF8016,IUK26-IUM26
9816,1,104.420,1111,IUK26,B,26-May-2026,12:44:50,104.41,SGX,XOF8016,XOF8016,IUK26
9816,1,104.060,1111,IUM26,S,25-Jun-2026,12:44:50,104.06,SGX,XOF8016,XOF8016,IUM26
9812,2,104.060,1111,IUM26,S,25-Jun-2026,12:44:52,104.06,SGX,XOF8012,XOF8012,IUM26
9812,3,104.060,1111,IUM26,S,25-Jun-2026,12:44:52,104.06,SGX,XOF8012,XOF8012,IUM26
9812,1,104.06,1111,DINR,B,25-Jun-2026,12:44:52,104.07,DGCX,S-XOF8012,S-XOF8012,DINR-20260626
9812,1,104.07,1111,DINR,B,25-Jun-2026,12:44:52,104.07,DGCX,S-XOF8012,S-XOF8012,DINR-20260626
9812,1,104.07,1111,DINR,B,25-Jun-2026,12:44:52,104.07,DGCX,S-XOF8012,S-XOF8012,DINR-20260626
9812,1,104.07,1111,DINR,B,25-Jun-2026,12:44:52,104.07,DGCX,S-XOF8012,S-XOF8012,DINR-20260626
9812,1,104.07,1111,DINR,B,25-Jun-2026,12:45:26,104.07,DGCX,S-XOF8012,S-XOF8012,DINR-20260626
9812,1,104.070,1111,IUM26,S,25-Jun-2026,12:45:37,104.07,SGX,XOF8012,XOF8012,IUM26
9812,1,104.07,1111,DINR,B,25-Jun-2026,12:45:37,104.07,DGCX,S-XOF8012,S-XOF8012,DINR-20260626
9818,79,-0.360,1111,IUK26-IUM26,B,26-May-2026,12:46:19,-0.36,SGX,XOF8018,XOF8018,IUK26-IUM26
9818,79,104.410,1111,IUK26,S,26-May-2026,12:46:19,104.41,SGX,XOF8018,XOF8018,IUK26
9818,79,104.050,1111,IUM26,B,25-Jun-2026,12:46:19,104.05,SGX,XOF8018,XOF8018,IUM26
9819,10,-0.360,1111,IUK26-IUM26,B,26-May-2026,12:46:19,-0.36,SGX,XOF8019,XOF8019,IUK26-IUM26
9819,10,104.410,1111,IUK26,S,26-May-2026,12:46:19,104.41,SGX,XOF8019,XOF8019,IUK26
9819,10,104.050,1111,IUM26,B,25-Jun-2026,12:46:19,104.05,SGX,XOF8019,XOF8019,IUM26
9000,2,0.0004,1111,KUK26-KUM26,B,18-May-2026,12:46:50,0.0004,SGX,XOB8000,XOB8000,KUK26-KUM26
9000,2,0.6711,1111,KUK26,S,18-May-2026,12:46:50,0,SGX,XOB8000,XOB8000,KUK26
9000,2,0.6715,1111,KUM26,B,15-Jun-2026,12:46:50,0,SGX,XOB8000,XOB8000,KUM26
9000,3,0.0004,1111,KUK26-KUM26,B,18-May-2026,12:46:50,0.0004,SGX,XOB8000,XOB8000,KUK26-KUM26
9000,3,0.6712,1111,KUK26,S,18-May-2026,12:46:50,0,SGX,XOB8000,XOB8000,KUK26
9000,3,0.6716,1111,KUM26,B,15-Jun-2026,12:46:50,0,SGX,XOB8000,XOB8000,KUM26
9000,3,0.0004,1111,KUK26-KUM26,B,18-May-2026,12:46:53,0.0004,SGX,XOB8000,XOB8000,KUK26-KUM26
9000,3,0.6713,1111,KUK26,S,18-May-2026,12:46:53,0,SGX,XOB8000,XOB8000,KUK26
9000,3,0.6717,1111,KUM26,B,15-Jun-2026,12:46:53,0,SGX,XOB8000,XOB8000,KUM26
9000,15,0.0004,1111,KUK26-KUM26,B,18-May-2026,12:46:53,0.0004,SGX,XOB8000,XOB8000,KUK26-KUM26
9000,15,0.6713,1111,KUK26,S,18-May-2026,12:46:53,0,SGX,XOB8000,XOB8000,KUK26
9000,15,0.6717,1111,KUM26,B,15-Jun-2026,12:46:53,0,SGX,XOB8000,XOB8000,KUM26
9817,5,-0.360,1111,IUK26-IUM26,B,26-May-2026,12:46:54,-0.36,SGX,XOF8017,XOF8017,IUK26-IUM26
9817,5,104.040,1111,IUM26,B,25-Jun-2026,12:46:54,104.05,SGX,XOF8017,XOF8017,IUM26
9817,5,104.400,1111,IUK26,S,26-May-2026,12:46:54,104.4,SGX,XOF8017,XOF8017,IUK26
9000,4,-0.0133,1111,UCK26-UCM26,S,18-May-2026,12:49:01,-0.0133,SGX,XOB8000,XOB8000,UCK26-UCM26
9000,4,6.7854,1111,UCK26,B,18-May-2026,12:49:01,0,SGX,XOB8000,XOB8000,UCK26
9000,4,6.7721,1111,UCM26,S,15-Jun-2026,12:49:01,0,SGX,XOB8000,XOB8000,UCM26
9000,6,-0.0133,1111,UCK26-UCM26,S,18-May-2026,12:49:03,-0.0133,SGX,XOB8000,XOB8000,UCK26-UCM26
9000,6,6.7854,1111,UCK26,B,18-May-2026,12:49:03,0,SGX,XOB8000,XOB8000,UCK26
9000,6,6.7721,1111,UCM26,S,15-Jun-2026,12:49:03,0,SGX,XOB8000,XOB8000,UCM26
9000,1,-0.0133,1111,UCK26-UCM26,S,18-May-2026,12:49:14,-0.0133,SGX,XOB8000,XOB8000,UCK26-UCM26
9000,1,6.7855,1111,UCK26,B,18-May-2026,12:49:14,0,SGX,XOB8000,XOB8000,UCK26
9000,1,6.7722,1111,UCM26,S,15-Jun-2026,12:49:14,0,SGX,XOB8000,XOB8000,UCM26
9000,4,-0.0133,1111,UCK26-UCM26,S,18-May-2026,12:50:18,-0.0133,SGX,XOB8000,XOB8000,UCK26-UCM26
9000,4,6.7855,1111,UCK26,B,18-May-2026,12:50:18,0,SGX,XOB8000,XOB8000,UCK26
9000,4,6.7722,1111,UCM26,S,15-Jun-2026,12:50:18,0,SGX,XOB8000,XOB8000,UCM26
9000,3,-0.0133,1111,UCK26-UCM26,S,18-May-2026,12:50:30,-0.0133,SGX,XOB8000,XOB8000,UCK26-UCM26
9000,3,6.7856,1111,UCK26,B,18-May-2026,12:50:30,0,SGX,XOB8000,XOB8000,UCK26
9000,3,6.7723,1111,UCM26,S,15-Jun-2026,12:50:30,0,SGX,XOB8000,XOB8000,UCM26
9000,8,0.0004,1111,KUK26-KUM26,B,18-May-2026,12:50:40,0.0004,SGX,XOB8000,XOB8000,KUK26-KUM26
9000,8,0.6711,1111,KUK26,S,18-May-2026,12:50:40,0,SGX,XOB8000,XOB8000,KUK26
9000,8,0.6715,1111,KUM26,B,15-Jun-2026,12:50:40,0,SGX,XOB8000,XOB8000,KUM26
9000,1,0.0004,1111,KUK26-KUM26,B,18-May-2026,12:50:40,0.0004,SGX,XOB8000,XOB8000,KUK26-KUM26
9000,1,0.6711,1111,KUK26,S,18-May-2026,12:50:40,0,SGX,XOB8000,XOB8000,KUK26
9000,1,0.6715,1111,KUM26,B,15-Jun-2026,12:50:40,0,SGX,XOB8000,XOB8000,KUM26
9000,2,0.0004,1111,KUK26-KUM26,B,18-May-2026,12:50:40,0.0004,SGX,XOB8000,XOB8000,KUK26-KUM26
9000,2,0.6711,1111,KUK26,S,18-May-2026,12:50:40,0,SGX,XOB8000,XOB8000,KUK26
9000,2,0.6715,1111,KUM26,B,15-Jun-2026,12:50:40,0,SGX,XOB8000,XOB8000,KUM26
9000,4,-0.0133,1111,UCK26-UCM26,S,18-May-2026,12:51:26,-0.0133,SGX,XOB8000,XOB8000,UCK26-UCM26
9000,4,6.7857,1111,UCK26,B,18-May-2026,12:51:26,0,SGX,XOB8000,XOB8000,UCK26
9000,4,6.7724,1111,UCM26,S,15-Jun-2026,12:51:26,0,SGX,XOB8000,XOB8000,UCM26
9000,12,0.0004,1111,KUK26-KUM26,B,18-May-2026,12:51:29,0.0004,SGX,XOB8000,XOB8000,KUK26-KUM26
9000,12,0.6713,1111,KUK26,S,18-May-2026,12:51:29,0,SGX,XOB8000,XOB8000,KUK26
9000,12,0.6717,1111,KUM26,B,15-Jun-2026,12:51:29,0,SGX,XOB8000,XOB8000,KUM26
9816,200,-0.360,1111,IUK26-IUM26,S,26-May-2026,12:51:40,-0.36,SGX,XOF8016,XOF8016,IUK26-IUM26
9816,200,104.040,1111,IUM26,S,25-Jun-2026,12:51:40,104.04,SGX,XOF8016,XOF8016,IUM26
9816,200,104.400,1111,IUK26,B,26-May-2026,12:51:40,104.4,SGX,XOF8016,XOF8016,IUK26
9813,64,-0.360,1111,IUK26-IUM26,S,26-May-2026,12:51:40,-0.36,SGX,XOF8013,XOF8013,IUK26-IUM26
9813,64,104.040,1111,IUM26,S,25-Jun-2026,12:51:40,104.04,SGX,XOF8013,XOF8013,IUM26
9813,64,104.400,1111,IUK26,B,26-May-2026,12:51:40,104.4,SGX,XOF8013,XOF8013,IUK26
9000,8,-0.0133,1111,UCK26-UCM26,S,18-May-2026,12:51:46,-0.0133,SGX,XOB8000,XOB8000,UCK26-UCM26
9000,8,6.7855,1111,UCK26,B,18-May-2026,12:51:46,0,SGX,XOB8000,XOB8000,UCK26
9000,8,6.7722,1111,UCM26,S,15-Jun-2026,12:51:46,0,SGX,XOB8000,XOB8000,UCM26
9000,1,-0.0133,1111,UCK26-UCM26,S,18-May-2026,12:51:46,-0.0133,SGX,XOB8000,XOB8000,UCK26-UCM26
9000,1,6.7855,1111,UCK26,B,18-May-2026,12:51:46,0,SGX,XOB8000,XOB8000,UCK26
9000,1,6.7722,1111,UCM26,S,15-Jun-2026,12:51:46,0,SGX,XOB8000,XOB8000,UCM26
9000,50,0.0004,1111,KUK26-KUM26,B,18-May-2026,12:52:30,0.0004,SGX,XOB8000,XOB8000,KUK26-KUM26
9000,50,0.6719,1111,KUM26,B,15-Jun-2026,12:52:30,0,SGX,XOB8000,XOB8000,KUM26
9000,50,0.6715,1111,KUK26,S,18-May-2026,12:52:30,0,SGX,XOB8000,XOB8000,KUK26
9000,50,0.0004,1111,KUK26-KUM26,B,18-May-2026,12:52:30,0.0004,SGX,XOB8000,XOB8000,KUK26-KUM26
9000,50,0.6719,1111,KUM26,B,15-Jun-2026,12:52:30,0,SGX,XOB8000,XOB8000,KUM26
9000,50,0.6715,1111,KUK26,S,18-May-2026,12:52:30,0,SGX,XOB8000,XOB8000,KUK26
9000,1,-0.0133,1111,UCK26-UCM26,S,18-May-2026,12:52:33,-0.0133,SGX,XOB8000,XOB8000,UCK26-UCM26
9000,1,6.7855,1111,UCK26,B,18-May-2026,12:52:33,0,SGX,XOB8000,XOB8000,UCK26
9000,1,6.7722,1111,UCM26,S,15-Jun-2026,12:52:33,0,SGX,XOB8000,XOB8000,UCM26
9000,1,-0.0133,1111,UCK26-UCM26,S,18-May-2026,12:52:33,-0.0133,SGX,XOB8000,XOB8000,UCK26-UCM26
9000,1,6.7855,1111,UCK26,B,18-May-2026,12:52:33,0,SGX,XOB8000,XOB8000,UCK26
9000,1,6.7722,1111,UCM26,S,15-Jun-2026,12:52:33,0,SGX,XOB8000,XOB8000,UCM26
9000,50,0.0004,1111,KUK26-KUM26,S,18-May-2026,12:52:33,0.0004,SGX,XOB8000,XOB8000,KUK26-KUM26
9000,50,0.6715,1111,KUK26,B,18-May-2026,12:52:33,0,SGX,XOB8000,XOB8000,KUK26
9000,50,0.6719,1111,KUM26,S,15-Jun-2026,12:52:33,0,SGX,XOB8000,XOB8000,KUM26
9000,20,0.0004,1111,KUK26-KUM26,S,18-May-2026,12:52:33,0.0004,SGX,XOB8000,XOB8000,KUK26-KUM26
9000,20,0.6715,1111,KUK26,B,18-May-2026,12:52:33,0,SGX,XOB8000,XOB8000,KUK26
9000,20,0.6719,1111,KUM26,S,15-Jun-2026,12:52:33,0,SGX,XOB8000,XOB8000,KUM26
9000,50,0.0004,1111,KUK26-KUM26,S,18-May-2026,12:52:33,0.0004,SGX,XOB8000,XOB8000,KUK26-KUM26
9000,50,0.6715,1111,KUK26,B,18-May-2026,12:52:33,0,SGX,XOB8000,XOB8000,KUK26
9000,50,0.6719,1111,KUM26,S,15-Jun-2026,12:52:33,0,SGX,XOB8000,XOB8000,KUM26
9000,50,0.0004,1111,KUK26-KUM26,B,18-May-2026,12:52:36,0.0004,SGX,XOB8000,XOB8000,KUK26-KUM26
9000,50,0.6719,1111,KUM26,B,15-Jun-2026,12:52:36,0,SGX,XOB8000,XOB8000,KUM26
9000,50,0.6715,1111,KUK26,S,18-May-2026,12:52:36,0,SGX,XOB8000,XOB8000,KUK26
9000,50,0.0004,1111,KUK26-KUM26,B,18-May-2026,12:52:36,0.0004,SGX,XOB8000,XOB8000,KUK26-KUM26
9000,50,0.6719,1111,KUM26,B,15-Jun-2026,12:52:36,0,SGX,XOB8000,XOB8000,KUM26
9000,50,0.6715,1111,KUK26,S,18-May-2026,12:52:36,0,SGX,XOB8000,XOB8000,KUK26
9000,3,-0.0133,1111,UCK26-UCM26,S,18-May-2026,12:52:36,-0.0133,SGX,XOB8000,XOB8000,UCK26-UCM26
9000,3,6.7855,1111,UCK26,B,18-May-2026,12:52:36,0,SGX,XOB8000,XOB8000,UCK26
9000,3,6.7722,1111,UCM26,S,15-Jun-2026,12:52:36,0,SGX,XOB8000,XOB8000,UCM26
9000,50,0.0004,1111,KUK26-KUM26,S,18-May-2026,12:52:38,0.0004,SGX,XOB8000,XOB8000,KUK26-KUM26
9000,50,0.6715,1111,KUK26,B,18-May-2026,12:52:38,0,SGX,XOB8000,XOB8000,KUK26
9000,50,0.6719,1111,KUM26,S,15-Jun-2026,12:52:38,0,SGX,XOB8000,XOB8000,KUM26
9000,50,0.0004,1111,KUK26-KUM26,S,18-May-2026,12:52:38,0.0004,SGX,XOB8000,XOB8000,KUK26-KUM26
9000,50,0.6715,1111,KUK26,B,18-May-2026,12:52:38,0,SGX,XOB8000,XOB8000,KUK26
9000,50,0.6719,1111,KUM26,S,15-Jun-2026,12:52:38,0,SGX,XOB8000,XOB8000,KUM26
9000,50,0.0004,1111,KUK26-KUM26,B,18-May-2026,12:52:41,0.0004,SGX,XOB8000,XOB8000,KUK26-KUM26
9000,50,0.6719,1111,KUM26,B,15-Jun-2026,12:52:41,0,SGX,XOB8000,XOB8000,KUM26
9000,50,0.6715,1111,KUK26,S,18-May-2026,12:52:41,0,SGX,XOB8000,XOB8000,KUK26
9000,50,0.0004,1111,KUK26-KUM26,B,18-May-2026,12:52:41,0.0004,SGX,XOB8000,XOB8000,KUK26-KUM26
9000,50,0.6719,1111,KUM26,B,15-Jun-2026,12:52:41,0,SGX,XOB8000,XOB8000,KUM26
9000,50,0.6715,1111,KUK26,S,18-May-2026,12:52:41,0,SGX,XOB8000,XOB8000,KUK26
9000,50,0.0004,1111,KUK26-KUM26,S,18-May-2026,12:52:44,0.0004,SGX,XOB8000,XOB8000,KUK26-KUM26
9000,50,0.6715,1111,KUK26,B,18-May-2026,12:52:44,0,SGX,XOB8000,XOB8000,KUK26
9000,50,0.6719,1111,KUM26,S,15-Jun-2026,12:52:44,0,SGX,XOB8000,XOB8000,KUM26
9000,50,0.0004,1111,KUK26-KUM26,S,18-May-2026,12:52:44,0.0004,SGX,XOB8000,XOB8000,KUK26-KUM26
9000,50,0.6715,1111,KUK26,B,18-May-2026,12:52:44,0,SGX,XOB8000,XOB8000,KUK26
9000,50,0.6719,1111,KUM26,S,15-Jun-2026,12:52:44,0,SGX,XOB8000,XOB8000,KUM26
9000,1,-0.0133,1111,UCK26-UCM26,S,18-May-2026,12:53:05,-0.0133,SGX,XOB8000,XOB8000,UCK26-UCM26
9000,1,6.7855,1111,UCK26,B,18-May-2026,12:53:05,0,SGX,XOB8000,XOB8000,UCK26
9000,1,6.7722,1111,UCM26,S,15-Jun-2026,12:53:05,0,SGX,XOB8000,XOB8000,UCM26
9000,4,-0.0133,1111,UCK26-UCM26,S,18-May-2026,12:53:05,-0.0133,SGX,XOB8000,XOB8000,UCK26-UCM26
9000,4,6.7855,1111,UCK26,B,18-May-2026,12:53:05,0,SGX,XOB8000,XOB8000,UCK26
9000,4,6.7722,1111,UCM26,S,15-Jun-2026,12:53:05,0,SGX,XOB8000,XOB8000,UCM26
9000,1,0.0004,1111,KUK26-KUM26,B,18-May-2026,12:53:09,0.0004,SGX,XOB8000,XOB8000,KUK26-KUM26
9000,1,0.6719,1111,KUM26,B,15-Jun-2026,12:53:09,0,SGX,XOB8000,XOB8000,KUM26
9000,1,0.6715,1111,KUK26,S,18-May-2026,12:53:09,0,SGX,XOB8000,XOB8000,KUK26
9000,5,-0.0133,1111,UCK26-UCM26,S,18-May-2026,12:53:13,-0.0133,SGX,XOB8000,XOB8000,UCK26-UCM26
9000,5,6.7854,1111,UCK26,B,18-May-2026,12:53:13,0,SGX,XOB8000,XOB8000,UCK26
9000,5,6.7721,1111,UCM26,S,15-Jun-2026,12:53:13,0,SGX,XOB8000,XOB8000,UCM26
9000,49,0.0004,1111,KUK26-KUM26,B,18-May-2026,12:53:13,0.0004,SGX,XOB8000,XOB8000,KUK26-KUM26
9000,49,0.6719,1111,KUM26,B,15-Jun-2026,12:53:13,0,SGX,XOB8000,XOB8000,KUM26
9000,49,0.6715,1111,KUK26,S,18-May-2026,12:53:13,0,SGX,XOB8000,XOB8000,KUK26
9000,50,0.0004,1111,KUK26-KUM26,B,18-May-2026,12:53:13,0.0004,SGX,XOB8000,XOB8000,KUK26-KUM26
9000,50,0.6719,1111,KUM26,B,15-Jun-2026,12:53:13,0,SGX,XOB8000,XOB8000,KUM26
9000,50,0.6715,1111,KUK26,S,18-May-2026,12:53:13,0,SGX,XOB8000,XOB8000,KUK26
9000,99,0.0004,1111,KUK26-KUM26,B,18-May-2026,12:53:13,0.0004,SGX,XOB8000,XOB8000,KUK26-KUM26
9000,99,0.6719,1111,KUM26,B,15-Jun-2026,12:53:13,0,SGX,XOB8000,XOB8000,KUM26
9000,99,0.6715,1111,KUK26,S,18-May-2026,12:53:13,0,SGX,XOB8000,XOB8000,KUK26
9000,50,0.0004,1111,KUK26-KUM26,S,18-May-2026,12:53:21,0.0004,SGX,XOB8000,XOB8000,KUK26-KUM26
9000,50,0.6718,1111,KUM26,S,15-Jun-2026,12:53:21,0,SGX,XOB8000,XOB8000,KUM26
9000,50,0.6714,1111,KUK26,B,18-May-2026,12:53:21,0,SGX,XOB8000,XOB8000,KUK26
9000,50,0.0004,1111,KUK26-KUM26,S,18-May-2026,12:53:21,0.0004,SGX,XOB8000,XOB8000,KUK26-KUM26
9000,50,0.6718,1111,KUM26,S,15-Jun-2026,12:53:21,0,SGX,XOB8000,XOB8000,KUM26
9000,50,0.6714,1111,KUK26,B,18-May-2026,12:53:21,0,SGX,XOB8000,XOB8000,KUK26
9000,20,0.0004,1111,KUK26-KUM26,S,18-May-2026,12:53:21,0.0004,SGX,XOB8000,XOB8000,KUK26-KUM26
9000,20,0.6718,1111,KUM26,S,15-Jun-2026,12:53:21,0,SGX,XOB8000,XOB8000,KUM26
9000,20,0.6714,1111,KUK26,B,18-May-2026,12:53:21,0,SGX,XOB8000,XOB8000,KUK26
9000,50,0.0004,1111,KUK26-KUM26,B,18-May-2026,12:53:31,0.0004,SGX,XOB8000,XOB8000,KUK26-KUM26
9000,50,0.6719,1111,KUM26,B,15-Jun-2026,12:53:31,0,SGX,XOB8000,XOB8000,KUM26
9000,50,0.6715,1111,KUK26,S,18-May-2026,12:53:31,0,SGX,XOB8000,XOB8000,KUK26
9000,50,0.0004,1111,KUK26-KUM26,B,18-May-2026,12:53:31,0.0004,SGX,XOB8000,XOB8000,KUK26-KUM26
9000,50,0.6719,1111,KUM26,B,15-Jun-2026,12:53:31,0,SGX,XOB8000,XOB8000,KUM26
9000,50,0.6715,1111,KUK26,S,18-May-2026,12:53:31,0,SGX,XOB8000,XOB8000,KUK26
9000,49,0.0004,1111,KUK26-KUM26,S,18-May-2026,12:53:34,0.0004,SGX,XOB8000,XOB8000,KUK26-KUM26
9000,49,0.6716,1111,KUK26,B,18-May-2026,12:53:34,0,SGX,XOB8000,XOB8000,KUK26
9000,49,0.6720,1111,KUM26,S,15-Jun-2026,12:53:34,0,SGX,XOB8000,XOB8000,KUM26
9000,50,0.0004,1111,KUK26-KUM26,S,18-May-2026,12:53:34,0.0004,SGX,XOB8000,XOB8000,KUK26-KUM26
9000,50,0.6716,1111,KUK26,B,18-May-2026,12:53:34,0,SGX,XOB8000,XOB8000,KUK26
9000,50,0.6720,1111,KUM26,S,15-Jun-2026,12:53:34,0,SGX,XOB8000,XOB8000,KUM26
9000,50,0.0004,1111,KUK26-KUM26,B,18-May-2026,12:53:37,0.0004,SGX,XOB8000,XOB8000,KUK26-KUM26
9000,50,0.6717,1111,KUK26,S,18-May-2026,12:53:37,0,SGX,XOB8000,XOB8000,KUK26
9000,50,0.6721,1111,KUM26,B,15-Jun-2026,12:53:37,0,SGX,XOB8000,XOB8000,KUM26
9000,50,0.0004,1111,KUK26-KUM26,B,18-May-2026,12:53:37,0.0004,SGX,XOB8000,XOB8000,KUK26-KUM26
9000,50,0.6717,1111,KUK26,S,18-May-2026,12:53:37,0,SGX,XOB8000,XOB8000,KUK26
9000,50,0.6721,1111,KUM26,B,15-Jun-2026,12:53:37,0,SGX,XOB8000,XOB8000,KUM26
9000,50,0.0004,1111,KUK26-KUM26,S,18-May-2026,12:53:46,0.0004,SGX,XOB8000,XOB8000,KUK26-KUM26
9000,50,0.6721,1111,KUM26,S,15-Jun-2026,12:53:46,0,SGX,XOB8000,XOB8000,KUM26
9000,50,0.6717,1111,KUK26,B,18-May-2026,12:53:46,0,SGX,XOB8000,XOB8000,KUK26
9000,50,0.0004,1111,KUK26-KUM26,S,18-May-2026,12:53:46,0.0004,SGX,XOB8000,XOB8000,KUK26-KUM26
9000,50,0.6721,1111,KUM26,S,15-Jun-2026,12:53:46,0,SGX,XOB8000,XOB8000,KUM26
9000,50,0.6717,1111,KUK26,B,18-May-2026,12:53:46,0,SGX,XOB8000,XOB8000,KUK26
9000,50,0.0004,1111,KUK26-KUM26,B,18-May-2026,12:53:49,0.0004,SGX,XOB8000,XOB8000,KUK26-KUM26
9000,50,0.6717,1111,KUK26,S,18-May-2026,12:53:49,0,SGX,XOB8000,XOB8000,KUK26
9000,50,0.6721,1111,KUM26,B,15-Jun-2026,12:53:49,0,SGX,XOB8000,XOB8000,KUM26
9000,50,0.0004,1111,KUK26-KUM26,B,18-May-2026,12:53:49,0.0004,SGX,XOB8000,XOB8000,KUK26-KUM26
9000,50,0.6717,1111,KUK26,S,18-May-2026,12:53:49,0,SGX,XOB8000,XOB8000,KUK26
9000,50,0.6721,1111,KUM26,B,15-Jun-2026,12:53:49,0,SGX,XOB8000,XOB8000,KUM26
9000,50,0.0004,1111,KUK26-KUM26,S,18-May-2026,12:53:52,0.0004,SGX,XOB8000,XOB8000,KUK26-KUM26
9000,50,0.6717,1111,KUK26,B,18-May-2026,12:53:52,0,SGX,XOB8000,XOB8000,KUK26
9000,50,0.6721,1111,KUM26,S,15-Jun-2026,12:53:52,0,SGX,XOB8000,XOB8000,KUM26
9000,50,0.0004,1111,KUK26-KUM26,S,18-May-2026,12:53:52,0.0004,SGX,XOB8000,XOB8000,KUK26-KUM26
9000,50,0.6717,1111,KUK26,B,18-May-2026,12:53:52,0,SGX,XOB8000,XOB8000,KUK26
9000,50,0.6721,1111,KUM26,S,15-Jun-2026,12:53:52,0,SGX,XOB8000,XOB8000,KUM26
9000,50,0.0004,1111,KUK26-KUM26,B,18-May-2026,12:53:54,0.0004,SGX,XOB8000,XOB8000,KUK26-KUM26
9000,50,0.6717,1111,KUK26,S,18-May-2026,12:53:54,0,SGX,XOB8000,XOB8000,KUK26
9000,50,0.6721,1111,KUM26,B,15-Jun-2026,12:53:54,0,SGX,XOB8000,XOB8000,KUM26
9000,50,0.0004,1111,KUK26-KUM26,B,18-May-2026,12:53:54,0.0004,SGX,XOB8000,XOB8000,KUK26-KUM26
9000,50,0.6717,1111,KUK26,S,18-May-2026,12:53:54,0,SGX,XOB8000,XOB8000,KUK26
9000,50,0.6721,1111,KUM26,B,15-Jun-2026,12:53:54,0,SGX,XOB8000,XOB8000,KUM26
9000,50,0.0004,1111,KUK26-KUM26,S,18-May-2026,12:53:57,0.0004,SGX,XOB8000,XOB8000,KUK26-KUM26
9000,50,0.6717,1111,KUK26,B,18-May-2026,12:53:57,0,SGX,XOB8000,XOB8000,KUK26
9000,50,0.6721,1111,KUM26,S,15-Jun-2026,12:53:57,0,SGX,XOB8000,XOB8000,KUM26
9000,50,0.0004,1111,KUK26-KUM26,S,18-May-2026,12:53:57,0.0004,SGX,XOB8000,XOB8000,KUK26-KUM26
9000,50,0.6717,1111,KUK26,B,18-May-2026,12:53:57,0,SGX,XOB8000,XOB8000,KUK26
9000,50,0.6721,1111,KUM26,S,15-Jun-2026,12:53:57,0,SGX,XOB8000,XOB8000,KUM26
9000,50,0.0004,1111,KUK26-KUM26,B,18-May-2026,12:54:00,0.0004,SGX,XOB8000,XOB8000,KUK26-KUM26
9000,50,0.6717,1111,KUK26,S,18-May-2026,12:54:00,0,SGX,XOB8000,XOB8000,KUK26
9000,50,0.6721,1111,KUM26,B,15-Jun-2026,12:54:00,0,SGX,XOB8000,XOB8000,KUM26
9000,50,0.0004,1111,KUK26-KUM26,B,18-May-2026,12:54:00,0.0004,SGX,XOB8000,XOB8000,KUK26-KUM26
9000,50,0.6717,1111,KUK26,S,18-May-2026,12:54:00,0,SGX,XOB8000,XOB8000,KUK26
9000,50,0.6721,1111,KUM26,B,15-Jun-2026,12:54:00,0,SGX,XOB8000,XOB8000,KUM26
9000,50,0.0004,1111,KUK26-KUM26,S,18-May-2026,12:54:02,0.0004,SGX,XOB8000,XOB8000,KUK26-KUM26
9000,50,0.6717,1111,KUK26,B,18-May-2026,12:54:02,0,SGX,XOB8000,XOB8000,KUK26
9000,50,0.6721,1111,KUM26,S,15-Jun-2026,12:54:02,0,SGX,XOB8000,XOB8000,KUM26
9000,50,0.0004,1111,KUK26-KUM26,S,18-May-2026,12:54:02,0.0004,SGX,XOB8000,XOB8000,KUK26-KUM26
9000,50,0.6717,1111,KUK26,B,18-May-2026,12:54:02,0,SGX,XOB8000,XOB8000,KUK26
9000,50,0.6721,1111,KUM26,S,15-Jun-2026,12:54:02,0,SGX,XOB8000,XOB8000,KUM26
9000,50,0.0004,1111,KUK26-KUM26,B,18-May-2026,12:54:05,0.0004,SGX,XOB8000,XOB8000,KUK26-KUM26
9000,50,0.6717,1111,KUK26,S,18-May-2026,12:54:05,0,SGX,XOB8000,XOB8000,KUK26
9000,50,0.6721,1111,KUM26,B,15-Jun-2026,12:54:05,0,SGX,XOB8000,XOB8000,KUM26
9000,50,0.0004,1111,KUK26-KUM26,B,18-May-2026,12:54:05,0.0004,SGX,XOB8000,XOB8000,KUK26-KUM26
9000,50,0.6717,1111,KUK26,S,18-May-2026,12:54:05,0,SGX,XOB8000,XOB8000,KUK26
9000,50,0.6721,1111,KUM26,B,15-Jun-2026,12:54:05,0,SGX,XOB8000,XOB8000,KUM26
9000,50,0.0004,1111,KUK26-KUM26,S,18-May-2026,12:54:07,0.0004,SGX,XOB8000,XOB8000,KUK26-KUM26
9000,50,0.6717,1111,KUK26,B,18-May-2026,12:54:07,0,SGX,XOB8000,XOB8000,KUK26
9000,50,0.6721,1111,KUM26,S,15-Jun-2026,12:54:07,0,SGX,XOB8000,XOB8000,KUM26
9000,50,0.0004,1111,KUK26-KUM26,S,18-May-2026,12:54:07,0.0004,SGX,XOB8000,XOB8000,KUK26-KUM26
9000,50,0.6717,1111,KUK26,B,18-May-2026,12:54:07,0,SGX,XOB8000,XOB8000,KUK26
9000,50,0.6721,1111,KUM26,S,15-Jun-2026,12:54:07,0,SGX,XOB8000,XOB8000,KUM26
9000,50,0.0004,1111,KUK26-KUM26,B,18-May-2026,12:54:10,0.0004,SGX,XOB8000,XOB8000,KUK26-KUM26
9000,50,0.6717,1111,KUK26,S,18-May-2026,12:54:10,0,SGX,XOB8000,XOB8000,KUK26
9000,50,0.6721,1111,KUM26,B,15-Jun-2026,12:54:10,0,SGX,XOB8000,XOB8000,KUM26
9000,50,0.0004,1111,KUK26-KUM26,B,18-May-2026,12:54:10,0.0004,SGX,XOB8000,XOB8000,KUK26-KUM26
9000,50,0.6717,1111,KUK26,S,18-May-2026,12:54:10,0,SGX,XOB8000,XOB8000,KUK26
9000,50,0.6721,1111,KUM26,B,15-Jun-2026,12:54:10,0,SGX,XOB8000,XOB8000,KUM26
9000,50,0.0004,1111,KUK26-KUM26,S,18-May-2026,12:54:12,0.0004,SGX,XOB8000,XOB8000,KUK26-KUM26
9000,50,0.6721,1111,KUM26,S,15-Jun-2026,12:54:12,0,SGX,XOB8000,XOB8000,KUM26
9000,50,0.6717,1111,KUK26,B,18-May-2026,12:54:12,0,SGX,XOB8000,XOB8000,KUK26
9000,50,0.0004,1111,KUK26-KUM26,S,18-May-2026,12:54:12,0.0004,SGX,XOB8000,XOB8000,KUK26-KUM26
9000,50,0.6721,1111,KUM26,S,15-Jun-2026,12:54:12,0,SGX,XOB8000,XOB8000,KUM26
9000,50,0.6717,1111,KUK26,B,18-May-2026,12:54:12,0,SGX,XOB8000,XOB8000,KUK26
9000,50,0.0004,1111,KUK26-KUM26,B,18-May-2026,12:54:15,0.0004,SGX,XOB8000,XOB8000,KUK26-KUM26
9000,50,0.6717,1111,KUK26,S,18-May-2026,12:54:15,0,SGX,XOB8000,XOB8000,KUK26
9000,50,0.6721,1111,KUM26,B,15-Jun-2026,12:54:15,0,SGX,XOB8000,XOB8000,KUM26
9000,50,0.0004,1111,KUK26-KUM26,B,18-May-2026,12:54:15,0.0004,SGX,XOB8000,XOB8000,KUK26-KUM26
9000,50,0.6717,1111,KUK26,S,18-May-2026,12:54:15,0,SGX,XOB8000,XOB8000,KUK26
9000,50,0.6721,1111,KUM26,B,15-Jun-2026,12:54:15,0,SGX,XOB8000,XOB8000,KUM26
9000,50,0.0004,1111,KUK26-KUM26,S,18-May-2026,12:54:17,0.0004,SGX,XOB8000,XOB8000,KUK26-KUM26
9000,50,0.6721,1111,KUM26,S,15-Jun-2026,12:54:17,0,SGX,XOB8000,XOB8000,KUM26
9000,50,0.6717,1111,KUK26,B,18-May-2026,12:54:17,0,SGX,XOB8000,XOB8000,KUK26
9000,50,0.0004,1111,KUK26-KUM26,S,18-May-2026,12:54:17,0.0004,SGX,XOB8000,XOB8000,KUK26-KUM26
9000,50,0.6721,1111,KUM26,S,15-Jun-2026,12:54:17,0,SGX,XOB8000,XOB8000,KUM26
9000,50,0.6717,1111,KUK26,B,18-May-2026,12:54:17,0,SGX,XOB8000,XOB8000,KUK26
9000,50,0.0004,1111,KUK26-KUM26,B,18-May-2026,12:54:20,0.0004,SGX,XOB8000,XOB8000,KUK26-KUM26
9000,50,0.6717,1111,KUK26,S,18-May-2026,12:54:20,0,SGX,XOB8000,XOB8000,KUK26
9000,50,0.6721,1111,KUM26,B,15-Jun-2026,12:54:20,0,SGX,XOB8000,XOB8000,KUM26
9000,50,0.0004,1111,KUK26-KUM26,B,18-May-2026,12:54:20,0.0004,SGX,XOB8000,XOB8000,KUK26-KUM26
9000,50,0.6717,1111,KUK26,S,18-May-2026,12:54:20,0,SGX,XOB8000,XOB8000,KUK26
9000,50,0.6721,1111,KUM26,B,15-Jun-2026,12:54:20,0,SGX,XOB8000,XOB8000,KUM26
9000,50,0.0004,1111,KUK26-KUM26,S,18-May-2026,12:54:22,0.0004,SGX,XOB8000,XOB8000,KUK26-KUM26
9000,50,0.6721,1111,KUM26,S,15-Jun-2026,12:54:22,0,SGX,XOB8000,XOB8000,KUM26
9000,50,0.6717,1111,KUK26,B,18-May-2026,12:54:22,0,SGX,XOB8000,XOB8000,KUK26
9000,50,0.0004,1111,KUK26-KUM26,S,18-May-2026,12:54:22,0.0004,SGX,XOB8000,XOB8000,KUK26-KUM26
9000,50,0.6721,1111,KUM26,S,15-Jun-2026,12:54:22,0,SGX,XOB8000,XOB8000,KUM26
9000,50,0.6717,1111,KUK26,B,18-May-2026,12:54:22,0,SGX,XOB8000,XOB8000,KUK26
9000,50,0.0004,1111,KUK26-KUM26,B,18-May-2026,12:54:25,0.0004,SGX,XOB8000,XOB8000,KUK26-KUM26
9000,50,0.6717,1111,KUK26,S,18-May-2026,12:54:25,0,SGX,XOB8000,XOB8000,KUK26
9000,50,0.6721,1111,KUM26,B,15-Jun-2026,12:54:25,0,SGX,XOB8000,XOB8000,KUM26
9000,50,0.0004,1111,KUK26-KUM26,B,18-May-2026,12:54:25,0.0004,SGX,XOB8000,XOB8000,KUK26-KUM26
9000,50,0.6717,1111,KUK26,S,18-May-2026,12:54:25,0,SGX,XOB8000,XOB8000,KUK26
9000,50,0.6721,1111,KUM26,B,15-Jun-2026,12:54:25,0,SGX,XOB8000,XOB8000,KUM26
9000,50,0.0004,1111,KUK26-KUM26,S,18-May-2026,12:54:27,0.0004,SGX,XOB8000,XOB8000,KUK26-KUM26
9000,50,0.6717,1111,KUK26,B,18-May-2026,12:54:27,0,SGX,XOB8000,XOB8000,KUK26
9000,50,0.6721,1111,KUM26,S,15-Jun-2026,12:54:27,0,SGX,XOB8000,XOB8000,KUM26
9000,50,0.0004,1111,KUK26-KUM26,S,18-May-2026,12:54:27,0.0004,SGX,XOB8000,XOB8000,KUK26-KUM26
9000,50,0.6717,1111,KUK26,B,18-May-2026,12:54:27,0,SGX,XOB8000,XOB8000,KUK26
9000,50,0.6721,1111,KUM26,S,15-Jun-2026,12:54:27,0,SGX,XOB8000,XOB8000,KUM26
9817,2,104.40,1111,DINR,B,26-May-2026,12:54:28,104.4,DGCX,S-XOF8017,S-XOF8017,DINR-20260527
9817,1,104.400,1111,IUK26,S,26-May-2026,12:54:28,104.41,SGX,XOF8017,XOF8017,IUK26
9817,1,104.400,1111,IUK26,S,26-May-2026,12:54:28,104.41,SGX,XOF8017,XOF8017,IUK26
9000,50,0.0004,1111,KUK26-KUM26,B,18-May-2026,12:54:30,0.0004,SGX,XOB8000,XOB8000,KUK26-KUM26
9000,50,0.6717,1111,KUK26,S,18-May-2026,12:54:30,0,SGX,XOB8000,XOB8000,KUK26
9000,50,0.6721,1111,KUM26,B,15-Jun-2026,12:54:30,0,SGX,XOB8000,XOB8000,KUM26
9000,50,0.0004,1111,KUK26-KUM26,B,18-May-2026,12:54:30,0.0004,SGX,XOB8000,XOB8000,KUK26-KUM26
9000,50,0.6717,1111,KUK26,S,18-May-2026,12:54:30,0,SGX,XOB8000,XOB8000,KUK26
9000,50,0.6721,1111,KUM26,B,15-Jun-2026,12:54:30,0,SGX,XOB8000,XOB8000,KUM26
9000,50,0.0004,1111,KUK26-KUM26,S,18-May-2026,12:54:32,0.0004,SGX,XOB8000,XOB8000,KUK26-KUM26
9000,50,0.6717,1111,KUK26,B,18-May-2026,12:54:32,0,SGX,XOB8000,XOB8000,KUK26
9000,50,0.6721,1111,KUM26,S,15-Jun-2026,12:54:32,0,SGX,XOB8000,XOB8000,KUM26
9000,50,0.0004,1111,KUK26-KUM26,S,18-May-2026,12:54:32,0.0004,SGX,XOB8000,XOB8000,KUK26-KUM26
9000,50,0.6717,1111,KUK26,B,18-May-2026,12:54:32,0,SGX,XOB8000,XOB8000,KUK26
9000,50,0.6721,1111,KUM26,S,15-Jun-2026,12:54:32,0,SGX,XOB8000,XOB8000,KUM26
9000,50,0.0004,1111,KUK26-KUM26,B,18-May-2026,12:54:35,0.0004,SGX,XOB8000,XOB8000,KUK26-KUM26
9000,50,0.6717,1111,KUK26,S,18-May-2026,12:54:35,0,SGX,XOB8000,XOB8000,KUK26
9000,50,0.6721,1111,KUM26,B,15-Jun-2026,12:54:35,0,SGX,XOB8000,XOB8000,KUM26
9000,50,0.0004,1111,KUK26-KUM26,B,18-May-2026,12:54:35,0.0004,SGX,XOB8000,XOB8000,KUK26-KUM26
9000,50,0.6717,1111,KUK26,S,18-May-2026,12:54:35,0,SGX,XOB8000,XOB8000,KUK26
9000,50,0.6721,1111,KUM26,B,15-Jun-2026,12:54:35,0,SGX,XOB8000,XOB8000,KUM26
9000,2,-0.0133,1111,UCK26-UCM26,S,18-May-2026,12:54:37,-0.0133,SGX,XOB8000,XOB8000,UCK26-UCM26
9000,2,6.7851,1111,UCK26,B,18-May-2026,12:54:37,0,SGX,XOB8000,XOB8000,UCK26
9000,2,6.7718,1111,UCM26,S,15-Jun-2026,12:54:37,0,SGX,XOB8000,XOB8000,UCM26
9000,50,0.0004,1111,KUK26-KUM26,S,18-May-2026,12:54:37,0.0004,SGX,XOB8000,XOB8000,KUK26-KUM26
9000,50,0.6721,1111,KUM26,S,15-Jun-2026,12:54:37,0,SGX,XOB8000,XOB8000,KUM26
9000,50,0.6717,1111,KUK26,B,18-May-2026,12:54:37,0,SGX,XOB8000,XOB8000,KUK26
9000,50,0.0004,1111,KUK26-KUM26,S,18-May-2026,12:54:37,0.0004,SGX,XOB8000,XOB8000,KUK26-KUM26
9000,50,0.6721,1111,KUM26,S,15-Jun-2026,12:54:37,0,SGX,XOB8000,XOB8000,KUM26
9000,50,0.6717,1111,KUK26,B,18-May-2026,12:54:37,0,SGX,XOB8000,XOB8000,KUK26
9000,50,0.0004,1111,KUK26-KUM26,B,18-May-2026,12:54:40,0.0004,SGX,XOB8000,XOB8000,KUK26-KUM26
9000,50,0.6717,1111,KUK26,S,18-May-2026,12:54:40,0,SGX,XOB8000,XOB8000,KUK26
9000,50,0.6721,1111,KUM26,B,15-Jun-2026,12:54:40,0,SGX,XOB8000,XOB8000,KUM26
9000,50,0.0004,1111,KUK26-KUM26,B,18-May-2026,12:54:40,0.0004,SGX,XOB8000,XOB8000,KUK26-KUM26
9000,50,0.6717,1111,KUK26,S,18-May-2026,12:54:40,0,SGX,XOB8000,XOB8000,KUK26
9000,50,0.6721,1111,KUM26,B,15-Jun-2026,12:54:40,0,SGX,XOB8000,XOB8000,KUM26
9000,50,0.0004,1111,KUK26-KUM26,S,18-May-2026,12:54:42,0.0004,SGX,XOB8000,XOB8000,KUK26-KUM26
9000,50,0.6717,1111,KUK26,B,18-May-2026,12:54:42,0,SGX,XOB8000,XOB8000,KUK26
9000,50,0.6721,1111,KUM26,S,15-Jun-2026,12:54:42,0,SGX,XOB8000,XOB8000,KUM26
9000,50,0.0004,1111,KUK26-KUM26,S,18-May-2026,12:54:42,0.0004,SGX,XOB8000,XOB8000,KUK26-KUM26
9000,50,0.6717,1111,KUK26,B,18-May-2026,12:54:42,0,SGX,XOB8000,XOB8000,KUK26
9000,50,0.6721,1111,KUM26,S,15-Jun-2026,12:54:42,0,SGX,XOB8000,XOB8000,KUM26
9000,50,0.0004,1111,KUK26-KUM26,B,18-May-2026,12:54:44,0.0004,SGX,XOB8000,XOB8000,KUK26-KUM26
9000,50,0.6717,1111,KUK26,S,18-May-2026,12:54:44,0,SGX,XOB8000,XOB8000,KUK26
9000,50,0.6721,1111,KUM26,B,15-Jun-2026,12:54:44,0,SGX,XOB8000,XOB8000,KUM26
9000,50,0.0004,1111,KUK26-KUM26,B,18-May-2026,12:54:44,0.0004,SGX,XOB8000,XOB8000,KUK26-KUM26
9000,50,0.6717,1111,KUK26,S,18-May-2026,12:54:44,0,SGX,XOB8000,XOB8000,KUK26
9000,50,0.6721,1111,KUM26,B,15-Jun-2026,12:54:44,0,SGX,XOB8000,XOB8000,KUM26
9000,50,0.0004,1111,KUK26-KUM26,S,18-May-2026,12:54:48,0.0004,SGX,XOB8000,XOB8000,KUK26-KUM26
9000,50,0.6721,1111,KUM26,S,15-Jun-2026,12:54:48,0,SGX,XOB8000,XOB8000,KUM26
9000,50,0.6717,1111,KUK26,B,18-May-2026,12:54:48,0,SGX,XOB8000,XOB8000,KUK26
9000,50,0.0004,1111,KUK26-KUM26,S,18-May-2026,12:54:48,0.0004,SGX,XOB8000,XOB8000,KUK26-KUM26
9000,50,0.6721,1111,KUM26,S,15-Jun-2026,12:54:48,0,SGX,XOB8000,XOB8000,KUM26
9000,50,0.6717,1111,KUK26,B,18-May-2026,12:54:48,0,SGX,XOB8000,XOB8000,KUK26
9000,50,0.0004,1111,KUK26-KUM26,B,18-May-2026,12:54:52,0.0004,SGX,XOB8000,XOB8000,KUK26-KUM26
9000,50,0.6717,1111,KUK26,S,18-May-2026,12:54:52,0,SGX,XOB8000,XOB8000,KUK26
9000,50,0.6721,1111,KUM26,B,15-Jun-2026,12:54:52,0,SGX,XOB8000,XOB8000,KUM26
9000,50,0.0004,1111,KUK26-KUM26,B,18-May-2026,12:54:52,0.0004,SGX,XOB8000,XOB8000,KUK26-KUM26
9000,50,0.6717,1111,KUK26,S,18-May-2026,12:54:52,0,SGX,XOB8000,XOB8000,KUK26
9000,50,0.6721,1111,KUM26,B,15-Jun-2026,12:54:52,0,SGX,XOB8000,XOB8000,KUM26
9000,9,-0.0133,1111,UCK26-UCM26,S,18-May-2026,12:55:09,-0.0133,SGX,XOB8000,XOB8000,UCK26-UCM26
9000,9,6.7852,1111,UCK26,B,18-May-2026,12:55:09,0,SGX,XOB8000,XOB8000,UCK26
9000,9,6.7719,1111,UCM26,S,15-Jun-2026,12:55:09,0,SGX,XOB8000,XOB8000,UCM26
9812,5,104.010,1111,IUM26,B,25-Jun-2026,12:55:34,104.01,SGX,XOF8012,XOF8012,IUM26
9812,5,104.01,1111,DINR,S,25-Jun-2026,12:55:34,104.01,DGCX,S-XOF8012,S-XOF8012,DINR-20260626
9812,5,104.010,1111,IUM26,B,25-Jun-2026,12:55:34,104.01,SGX,XOF8012,XOF8012,IUM26
9812,5,104.370,1111,IUK26,B,26-May-2026,12:55:34,104.37,SGX,XOF8012,XOF8012,IUK26
9812,5,104.01,1111,DINR,S,25-Jun-2026,12:55:37,104.01,DGCX,S-XOF8012,S-XOF8012,DINR-20260626
9812,5,104.38,1111,DINR,S,26-May-2026,12:55:37,104.38,DGCX,S-XOF8012,S-XOF8012,DINR-20260527
9000,1,-0.0133,1111,UCK26-UCM26,S,18-May-2026,12:55:47,-0.0133,SGX,XOB8000,XOB8000,UCK26-UCM26
9000,1,6.7855,1111,UCK26,B,18-May-2026,12:55:47,0,SGX,XOB8000,XOB8000,UCK26
9000,1,6.7722,1111,UCM26,S,15-Jun-2026,12:55:47,0,SGX,XOB8000,XOB8000,UCM26
9000,1,-0.0133,1111,UCK26-UCM26,S,18-May-2026,12:56:31,-0.0133,SGX,XOB8000,XOB8000,UCK26-UCM26
9000,1,6.7850,1111,UCK26,B,18-May-2026,12:56:31,0,SGX,XOB8000,XOB8000,UCK26
9000,1,6.7717,1111,UCM26,S,15-Jun-2026,12:56:31,0,SGX,XOB8000,XOB8000,UCM26
9000,5,-0.0133,1111,UCK26-UCM26,S,18-May-2026,12:57:15,-0.0133,SGX,XOB8000,XOB8000,UCK26-UCM26
9000,5,6.7849,1111,UCK26,B,18-May-2026,12:57:15,0,SGX,XOB8000,XOB8000,UCK26
9000,5,6.7716,1111,UCM26,S,15-Jun-2026,12:57:15,0,SGX,XOB8000,XOB8000,UCM26
9819,1,104.04,1111,DINR,B,25-Jun-2026,12:57:54,104.06,DGCX,S-XOF8019,S-XOF8019,DINR-20260626
9819,1,104.040,1111,IUM26,S,25-Jun-2026,12:57:54,104.06,SGX,XOF8019,XOF8019,IUM26
9812,5,104.050,1111,IUM26,S,25-Jun-2026,12:57:55,104.06,SGX,XOF8012,XOF8012,IUM26
9812,1,104.05,1111,DINR,B,25-Jun-2026,12:57:55,104.06,DGCX,S-XOF8012,S-XOF8012,DINR-20260626
9812,1,104.06,1111,DINR,B,25-Jun-2026,12:57:55,104.06,DGCX,S-XOF8012,S-XOF8012,DINR-20260626
9000,8,-0.0133,1111,UCK26-UCM26,S,18-May-2026,12:58:09,-0.0133,SGX,XOB8000,XOB8000,UCK26-UCM26
9000,8,6.7850,1111,UCK26,B,18-May-2026,12:58:09,0,SGX,XOB8000,XOB8000,UCK26
9000,8,6.7717,1111,UCM26,S,15-Jun-2026,12:58:09,0,SGX,XOB8000,XOB8000,UCM26
9000,7,-0.0133,1111,UCK26-UCM26,S,18-May-2026,12:59:14,-0.0133,SGX,XOB8000,XOB8000,UCK26-UCM26
9000,7,6.7850,1111,UCK26,B,18-May-2026,12:59:14,0,SGX,XOB8000,XOB8000,UCK26
9000,7,6.7717,1111,UCM26,S,15-Jun-2026,12:59:14,0,SGX,XOB8000,XOB8000,UCM26
9812,1,104.06,1111,DINR,B,25-Jun-2026,13:02:49,104.06,DGCX,S-XOF8012,S-XOF8012,DINR-20260626
9812,1,104.06,1111,DINR,B,25-Jun-2026,13:02:49,104.06,DGCX,S-XOF8012,S-XOF8012,DINR-20260626
9812,1,104.06,1111,DINR,B,25-Jun-2026,13:02:49,104.06,DGCX,S-XOF8012,S-XOF8012,DINR-20260626
9812,5,104.400,1111,IUK26,B,26-May-2026,13:02:50,104.4,SGX,XOF8012,XOF8012,IUK26
9812,5,104.41,1111,DINR,S,26-May-2026,13:03:07,104.41,DGCX,S-XOF8012,S-XOF8012,DINR-20260527
9812,2,104.420,1111,IUK26,S,26-May-2026,13:03:09,104.42,SGX,XOF8012,XOF8012,IUK26
9812,1,104.42,1111,DINR,B,26-May-2026,13:03:08,104.43,DGCX,S-XOF8012,S-XOF8012,DINR-20260527
9812,1,104.42,1111,DINR,B,26-May-2026,13:03:08,104.43,DGCX,S-XOF8012,S-XOF8012,DINR-20260527
9812,3,104.420,1111,IUK26,S,26-May-2026,13:03:09,104.42,SGX,XOF8012,XOF8012,IUK26
9812,1,104.42,1111,DINR,B,26-May-2026,13:03:09,104.43,DGCX,S-XOF8012,S-XOF8012,DINR-20260527
9812,2,104.43,1111,DINR,B,26-May-2026,13:03:09,104.43,DGCX,S-XOF8012,S-XOF8012,DINR-20260527
9812,1,104.430,1111,IUK26,S,26-May-2026,13:03:11,104.44,SGX,XOF8012,XOF8012,IUK26
9812,1,104.430,1111,IUK26,S,26-May-2026,13:03:11,104.44,SGX,XOF8012,XOF8012,IUK26
9812,1,104.44,1111,DINR,B,26-May-2026,13:03:11,104.44,DGCX,S-XOF8012,S-XOF8012,DINR-20260527
9812,1,104.430,1111,IUK26,S,26-May-2026,13:03:11,104.44,SGX,XOF8012,XOF8012,IUK26
9812,1,104.44,1111,DINR,B,26-May-2026,13:03:11,104.44,DGCX,S-XOF8012,S-XOF8012,DINR-20260527
9812,1,104.430,1111,IUK26,S,26-May-2026,13:03:11,104.44,SGX,XOF8012,XOF8012,IUK26
9812,1,104.44,1111,DINR,B,26-May-2026,13:03:11,104.44,DGCX,S-XOF8012,S-XOF8012,DINR-20260527
9812,1,104.430,1111,IUK26,S,26-May-2026,13:03:11,104.44,SGX,XOF8012,XOF8012,IUK26
9812,1,104.44,1111,DINR,B,26-May-2026,13:03:11,104.44,DGCX,S-XOF8012,S-XOF8012,DINR-20260527
9812,1,104.44,1111,DINR,B,26-May-2026,13:03:11,104.44,DGCX,S-XOF8012,S-XOF8012,DINR-20260527
9812,5,104.440,1111,IUK26,S,26-May-2026,13:03:34,104.44,SGX,XOF8012,XOF8012,IUK26
9812,5,104.45,1111,DINR,B,26-May-2026,13:03:34,104.45,DGCX,S-XOF8012,S-XOF8012,DINR-20260527
9812,5,104.450,1111,IUK26,S,26-May-2026,13:04:45,104.44,SGX,XOF8012,XOF8012,IUK26
9812,1,104.450,1111,IUK26,S,26-May-2026,13:04:45,104.44,SGX,XOF8012,XOF8012,IUK26
9812,4,104.450,1111,IUK26,S,26-May-2026,13:04:45,104.44,SGX,XOF8012,XOF8012,IUK26
9812,2,104.090,1111,IUM26,S,25-Jun-2026,13:04:45,104.09,SGX,XOF8012,XOF8012,IUM26
9812,3,104.090,1111,IUM26,S,25-Jun-2026,13:04:45,104.09,SGX,XOF8012,XOF8012,IUM26
9812,5,104.46,1111,DINR,B,26-May-2026,13:04:45,104.46,DGCX,S-XOF8012,S-XOF8012,DINR-20260527
9812,1,104.46,1111,DINR,B,26-May-2026,13:04:45,104.46,DGCX,S-XOF8012,S-XOF8012,DINR-20260527
9812,4,104.46,1111,DINR,B,26-May-2026,13:04:45,104.46,DGCX,S-XOF8012,S-XOF8012,DINR-20260527
9812,5,104.450,1111,IUK26,S,26-May-2026,13:04:45,104.44,SGX,XOF8012,XOF8012,IUK26
9812,1,104.10,1111,DINR,B,25-Jun-2026,13:04:45,104.1,DGCX,S-XOF8012,S-XOF8012,DINR-20260626
9812,1,104.46,1111,DINR,B,26-May-2026,13:04:45,104.46,DGCX,S-XOF8012,S-XOF8012,DINR-20260527
9812,4,104.46,1111,DINR,B,26-May-2026,13:04:45,104.46,DGCX,S-XOF8012,S-XOF8012,DINR-20260527
9812,5,104.090,1111,IUM26,B,25-Jun-2026,13:04:58,104.09,SGX,XOF8012,XOF8012,IUM26
9812,1,104.10,1111,DINR,S,25-Jun-2026,13:04:58,104.1,DGCX,S-XOF8012,S-XOF8012,DINR-20260626
9812,1,104.10,1111,DINR,B,25-Jun-2026,13:04:58,104.1,DGCX,S-XOF8012,S-XOF8012,DINR-20260626
9812,3,104.10,1111,DINR,S,25-Jun-2026,13:04:58,104.1,DGCX,S-XOF8012,S-XOF8012,DINR-20260626
9812,3,104.10,1111,DINR,B,25-Jun-2026,13:04:58,104.1,DGCX,S-XOF8012,S-XOF8012,DINR-20260626
9000,14,-0.0133,1111,UCK26-UCM26,S,18-May-2026,13:05:36,-0.0133,SGX,XOB8000,XOB8000,UCK26-UCM26
9000,14,6.7714,1111,UCM26,S,15-Jun-2026,13:05:36,0,SGX,XOB8000,XOB8000,UCM26
9000,14,6.7847,1111,UCK26,B,18-May-2026,13:05:36,0,SGX,XOB8000,XOB8000,UCK26
9000,152,-0.0133,1111,UCK26-UCM26,S,18-May-2026,13:05:36,-0.0133,SGX,XOB8000,XOB8000,UCK26-UCM26
9000,152,6.7714,1111,UCM26,S,15-Jun-2026,13:05:36,0,SGX,XOB8000,XOB8000,UCM26
9000,152,6.7847,1111,UCK26,B,18-May-2026,13:05:36,0,SGX,XOB8000,XOB8000,UCK26
9812,1,104.090,1111,IUM26,S,25-Jun-2026,13:05:53,104.09,SGX,XOF8012,XOF8012,IUM26
9812,4,104.090,1111,IUM26,S,25-Jun-2026,13:05:53,104.09,SGX,XOF8012,XOF8012,IUM26
9812,1,104.09,1111,DINR,B,25-Jun-2026,13:05:53,104.09,DGCX,S-XOF8012,S-XOF8012,DINR-20260626
9812,1,104.09,1111,DINR,S,25-Jun-2026,13:05:53,104.09,DGCX,S-XOF8012,S-XOF8012,DINR-20260626
9812,5,104.090,1111,IUM26,B,25-Jun-2026,13:07:09,104.08,SGX,XOF8012,XOF8012,IUM26
9812,4,104.10,1111,DINR,S,25-Jun-2026,13:07:09,104.09,DGCX,S-XOF8012,S-XOF8012,DINR-20260626
9812,4,104.10,1111,DINR,B,25-Jun-2026,13:07:09,104.09,DGCX,S-XOF8012,S-XOF8012,DINR-20260626
9812,1,104.09,1111,DINR,S,25-Jun-2026,13:07:09,104.09,DGCX,S-XOF8012,S-XOF8012,DINR-20260626
9812,5,104.450,1111,IUK26,B,26-May-2026,13:07:09,104.45,SGX,XOF8012,XOF8012,IUK26
9812,5,104.090,1111,IUM26,B,25-Jun-2026,13:07:09,104.08,SGX,XOF8012,XOF8012,IUM26
9819,1,104.09,1111,DINR,B,25-Jun-2026,13:07:09,104.09,DGCX,S-XOF8019,S-XOF8019,DINR-20260626
9812,2,104.45,1111,DINR,S,26-May-2026,13:07:09,104.45,DGCX,S-XOF8012,S-XOF8012,DINR-20260527
9817,2,104.45,1111,DINR,B,26-May-2026,13:07:09,104.45,DGCX,S-XOF8017,S-XOF8017,DINR-20260527
9812,2,104.45,1111,DINR,S,26-May-2026,13:07:09,104.45,DGCX,S-XOF8012,S-XOF8012,DINR-20260527
9817,2,104.45,1111,DINR,B,26-May-2026,13:07:09,104.45,DGCX,S-XOF8017,S-XOF8017,DINR-20260527
9812,1,104.45,1111,DINR,S,26-May-2026,13:07:09,104.45,DGCX,S-XOF8012,S-XOF8012,DINR-20260527
9812,1,104.450,1111,IUK26,B,26-May-2026,13:07:09,104.45,SGX,XOF8012,XOF8012,IUK26
9812,4,104.450,1111,IUK26,B,26-May-2026,13:07:09,104.45,SGX,XOF8012,XOF8012,IUK26
9817,2,104.450,1111,IUK26,S,26-May-2026,13:07:48,104.45,SGX,XOF8017,XOF8017,IUK26
9817,2,104.450,1111,IUK26,S,26-May-2026,13:07:48,104.45,SGX,XOF8017,XOF8017,IUK26
9819,1,104.070,1111,IUM26,S,25-Jun-2026,13:09:25,104.07,SGX,XOF8019,XOF8019,IUM26
9812,1,104.44,1111,DINR,S,26-May-2026,13:09:30,104.44,DGCX,S-XOF8012,S-XOF8012,DINR-20260527
9812,3,104.080,1111,IUM26,S,25-Jun-2026,13:12:09,104.08,SGX,XOF8012,XOF8012,IUM26
9812,3,104.08,1111,DINR,B,25-Jun-2026,13:12:09,104.08,DGCX,S-XOF8012,S-XOF8012,DINR-20260626
9812,3,104.08,1111,DINR,S,25-Jun-2026,13:12:09,104.08,DGCX,S-XOF8012,S-XOF8012,DINR-20260626
9812,2,104.080,1111,IUM26,S,25-Jun-2026,13:12:40,104.08,SGX,XOF8012,XOF8012,IUM26
9812,2,104.08,1111,DINR,B,25-Jun-2026,13:12:40,104.08,DGCX,S-XOF8012,S-XOF8012,DINR-20260626
9812,2,104.08,1111,DINR,S,25-Jun-2026,13:12:40,104.08,DGCX,S-XOF8012,S-XOF8012,DINR-20260626
9812,5,104.010,1111,IUM26,B,25-Jun-2026,13:17:27,104.01,SGX,XOF8012,XOF8012,IUM26
9812,3,104.02,1111,DINR,S,25-Jun-2026,13:17:27,104.02,DGCX,S-XOF8012,S-XOF8012,DINR-20260626
9812,2,104.02,1111,DINR,S,25-Jun-2026,13:17:27,104.02,DGCX,S-XOF8012,S-XOF8012,DINR-20260626
9000,2,0.0004,1111,KUK26-KUM26,S,18-May-2026,13:17:35,0.0004,SGX,XOB8000,XOB8000,KUK26-KUM26
9000,2,0.6710,1111,KUK26,B,18-May-2026,13:17:35,0,SGX,XOB8000,XOB8000,KUK26
9000,2,0.6714,1111,KUM26,S,15-Jun-2026,13:17:35,0,SGX,XOB8000,XOB8000,KUM26
9812,9,-0.370,1111,IUK26-IUM26,B,26-May-2026,13:17:45,-0.37,SGX,XOF8012,XOF8012,IUK26-IUM26
9812,9,104.380,1111,IUK26,S,26-May-2026,13:17:45,104.38,SGX,XOF8012,XOF8012,IUK26
9812,9,104.010,1111,IUM26,B,25-Jun-2026,13:17:45,104.01,SGX,XOF8012,XOF8012,IUM26
9812,6,-0.370,1111,IUK26-IUM26,B,26-May-2026,13:18:02,-0.37,SGX,XOF8012,XOF8012,IUK26-IUM26
9812,6,104.380,1111,IUK26,S,26-May-2026,13:18:02,104.38,SGX,XOF8012,XOF8012,IUK26
9812,6,104.010,1111,IUM26,B,25-Jun-2026,13:18:02,104.01,SGX,XOF8012,XOF8012,IUM26
9812,5,104.010,1111,IUM26,B,25-Jun-2026,13:18:02,104.01,SGX,XOF8012,XOF8012,IUM26
9812,5,104.02,1111,DINR,S,25-Jun-2026,13:18:02,104.02,DGCX,S-XOF8012,S-XOF8012,DINR-20260626
9814,39,-0.370,1111,IUK26-IUM26,B,26-May-2026,13:18:15,-0.37,SGX,XOF8014,XOF8014,IUK26-IUM26
9814,39,104.380,1111,IUK26,S,26-May-2026,13:18:15,104.39,SGX,XOF8014,XOF8014,IUK26
9814,39,104.010,1111,IUM26,B,25-Jun-2026,13:18:15,104.03,SGX,XOF8014,XOF8014,IUM26
9812,5,104.010,1111,IUM26,B,25-Jun-2026,13:18:15,104.03,SGX,XOF8012,XOF8012,IUM26
9812,5,104.01,1111,DINR,S,25-Jun-2026,13:18:15,104.01,DGCX,S-XOF8012,S-XOF8012,DINR-20260626
9814,5,-0.370,1111,IUK26-IUM26,B,26-May-2026,13:18:15,-0.37,SGX,XOF8014,XOF8014,IUK26-IUM26
9814,5,104.380,1111,IUK26,S,26-May-2026,13:18:15,104.39,SGX,XOF8014,XOF8014,IUK26
9814,5,104.010,1111,IUM26,B,25-Jun-2026,13:18:15,104.03,SGX,XOF8014,XOF8014,IUM26
9000,2,0.0004,1111,KUK26-KUM26,S,18-May-2026,13:22:11,0.0004,SGX,XOB8000,XOB8000,KUK26-KUM26
9000,2,0.6711,1111,KUK26,B,18-May-2026,13:22:11,0,SGX,XOB8000,XOB8000,KUK26
9000,2,0.6715,1111,KUM26,S,15-Jun-2026,13:22:11,0,SGX,XOB8000,XOB8000,KUM26
9000,2,0.0004,1111,KUK26-KUM26,S,18-May-2026,13:22:20,0.0004,SGX,XOB8000,XOB8000,KUK26-KUM26
9000,2,0.6711,1111,KUK26,B,18-May-2026,13:22:20,0,SGX,XOB8000,XOB8000,KUK26
9000,2,0.6715,1111,KUM26,S,15-Jun-2026,13:22:20,0,SGX,XOB8000,XOB8000,KUM26
9814,6,-0.370,1111,IUK26-IUM26,B,26-May-2026,13:27:31,-0.37,SGX,XOF8014,XOF8014,IUK26-IUM26
9814,6,104.380,1111,IUK26,S,26-May-2026,13:27:31,104.39,SGX,XOF8014,XOF8014,IUK26
9814,6,104.010,1111,IUM26,B,25-Jun-2026,13:27:31,104.01,SGX,XOF8014,XOF8014,IUM26
9814,6,-0.370,1111,IUK26-IUM26,B,26-May-2026,13:27:31,-0.37,SGX,XOF8014,XOF8014,IUK26-IUM26
9814,6,104.380,1111,IUK26,S,26-May-2026,13:27:31,104.39,SGX,XOF8014,XOF8014,IUK26
9814,6,104.010,1111,IUM26,B,25-Jun-2026,13:27:31,104.01,SGX,XOF8014,XOF8014,IUM26
9814,64,-0.370,1111,IUK26-IUM26,B,26-May-2026,13:36:30,-0.37,SGX,XOF8014,XOF8014,IUK26-IUM26
9814,64,104.300,1111,IUK26,S,26-May-2026,13:36:30,104.3,SGX,XOF8014,XOF8014,IUK26
9814,64,103.930,1111,IUM26,B,25-Jun-2026,13:36:30,103.93,SGX,XOF8014,XOF8014,IUM26
9814,21,-0.370,1111,IUK26-IUM26,B,26-May-2026,13:36:30,-0.37,SGX,XOF8014,XOF8014,IUK26-IUM26
9814,21,104.300,1111,IUK26,S,26-May-2026,13:36:30,104.3,SGX,XOF8014,XOF8014,IUK26
9814,21,103.930,1111,IUM26,B,25-Jun-2026,13:36:30,103.93,SGX,XOF8014,XOF8014,IUM26
9814,14,-0.370,1111,IUK26-IUM26,B,26-May-2026,13:36:30,-0.37,SGX,XOF8014,XOF8014,IUK26-IUM26
9814,14,104.300,1111,IUK26,S,26-May-2026,13:36:30,104.3,SGX,XOF8014,XOF8014,IUK26
9814,14,103.930,1111,IUM26,B,25-Jun-2026,13:36:30,103.93,SGX,XOF8014,XOF8014,IUM26
9814,13,-0.370,1111,IUK26-IUM26,B,26-May-2026,13:38:46,-0.37,SGX,XOF8014,XOF8014,IUK26-IUM26
9814,13,104.310,1111,IUK26,S,26-May-2026,13:38:46,104.31,SGX,XOF8014,XOF8014,IUK26
9814,13,103.940,1111,IUM26,B,25-Jun-2026,13:38:46,103.94,SGX,XOF8014,XOF8014,IUM26
9814,2,-0.370,1111,IUK26-IUM26,B,26-May-2026,13:38:46,-0.37,SGX,XOF8014,XOF8014,IUK26-IUM26
9814,2,104.310,1111,IUK26,S,26-May-2026,13:38:46,104.31,SGX,XOF8014,XOF8014,IUK26
9814,2,103.940,1111,IUM26,B,25-Jun-2026,13:38:46,103.94,SGX,XOF8014,XOF8014,IUM26
9814,2,-0.370,1111,IUK26-IUM26,B,26-May-2026,13:39:55,-0.37,SGX,XOF8014,XOF8014,IUK26-IUM26
9814,2,104.310,1111,IUK26,S,26-May-2026,13:39:55,104.31,SGX,XOF8014,XOF8014,IUK26
9814,2,103.940,1111,IUM26,B,25-Jun-2026,13:39:55,103.94,SGX,XOF8014,XOF8014,IUM26
9814,2,-0.370,1111,IUK26-IUM26,B,26-May-2026,13:39:55,-0.37,SGX,XOF8014,XOF8014,IUK26-IUM26
9814,2,104.310,1111,IUK26,S,26-May-2026,13:39:55,104.31,SGX,XOF8014,XOF8014,IUK26
9814,2,103.940,1111,IUM26,B,25-Jun-2026,13:39:55,103.94,SGX,XOF8014,XOF8014,IUM26
9814,6,-0.370,1111,IUK26-IUM26,B,26-May-2026,13:39:55,-0.37,SGX,XOF8014,XOF8014,IUK26-IUM26
9814,6,104.310,1111,IUK26,S,26-May-2026,13:39:55,104.31,SGX,XOF8014,XOF8014,IUK26
9814,6,103.940,1111,IUM26,B,25-Jun-2026,13:39:55,103.94,SGX,XOF8014,XOF8014,IUM26
9814,6,-0.370,1111,IUK26-IUM26,B,26-May-2026,13:39:55,-0.37,SGX,XOF8014,XOF8014,IUK26-IUM26
9814,6,104.310,1111,IUK26,S,26-May-2026,13:39:55,104.31,SGX,XOF8014,XOF8014,IUK26
9814,6,103.940,1111,IUM26,B,25-Jun-2026,13:39:55,103.94,SGX,XOF8014,XOF8014,IUM26
9814,6,-0.370,1111,IUK26-IUM26,B,26-May-2026,13:39:55,-0.37,SGX,XOF8014,XOF8014,IUK26-IUM26
9814,6,104.310,1111,IUK26,S,26-May-2026,13:39:55,104.31,SGX,XOF8014,XOF8014,IUK26
9814,6,103.940,1111,IUM26,B,25-Jun-2026,13:39:55,103.94,SGX,XOF8014,XOF8014,IUM26
9814,2,-0.370,1111,IUK26-IUM26,B,26-May-2026,13:40:04,-0.37,SGX,XOF8014,XOF8014,IUK26-IUM26
9814,2,104.310,1111,IUK26,S,26-May-2026,13:40:04,104.31,SGX,XOF8014,XOF8014,IUK26
9814,2,103.940,1111,IUM26,B,25-Jun-2026,13:40:04,103.94,SGX,XOF8014,XOF8014,IUM26
9812,1,104.290,1111,IUK26,S,26-May-2026,13:40:21,104.29,SGX,XOF8012,XOF8012,IUK26
9812,3,104.290,1111,IUK26,S,26-May-2026,13:40:21,104.29,SGX,XOF8012,XOF8012,IUK26
9812,5,104.290,1111,IUK26,B,26-May-2026,13:41:21,104.29,SGX,XOF8012,XOF8012,IUK26
9812,5,104.30,1111,DINR,S,26-May-2026,13:41:21,104.3,DGCX,S-XOF8012,S-XOF8012,DINR-20260527
9814,6,-0.370,1111,IUK26-IUM26,B,26-May-2026,13:42:40,-0.37,SGX,XOF8014,XOF8014,IUK26-IUM26
9814,6,104.290,1111,IUK26,S,26-May-2026,13:42:40,104.29,SGX,XOF8014,XOF8014,IUK26
9814,6,103.920,1111,IUM26,B,25-Jun-2026,13:42:40,103.92,SGX,XOF8014,XOF8014,IUM26
9812,5,103.920,1111,IUM26,B,25-Jun-2026,13:42:40,103.92,SGX,XOF8012,XOF8012,IUM26
9812,5,104.290,1111,IUK26,B,26-May-2026,13:42:40,104.29,SGX,XOF8012,XOF8012,IUK26
9816,29,-0.370,1111,IUK26-IUM26,B,26-May-2026,13:42:40,-0.37,SGX,XOF8016,XOF8016,IUK26-IUM26
9816,29,104.290,1111,IUK26,S,26-May-2026,13:42:40,104.29,SGX,XOF8016,XOF8016,IUK26
9816,29,103.920,1111,IUM26,B,25-Jun-2026,13:42:40,103.92,SGX,XOF8016,XOF8016,IUM26
9812,5,103.93,1111,DINR,S,25-Jun-2026,13:42:40,103.92,DGCX,S-XOF8012,S-XOF8012,DINR-20260626
9812,5,104.30,1111,DINR,S,26-May-2026,13:42:40,104.3,DGCX,S-XOF8012,S-XOF8012,DINR-20260527
9812,5,103.920,1111,IUM26,B,25-Jun-2026,13:42:41,103.92,SGX,XOF8012,XOF8012,IUM26
9812,5,104.290,1111,IUK26,B,26-May-2026,13:42:41,104.29,SGX,XOF8012,XOF8012,IUK26
9812,2,103.92,1111,DINR,S,25-Jun-2026,13:42:41,103.92,DGCX,S-XOF8012,S-XOF8012,DINR-20260626
9812,3,103.92,1111,DINR,S,25-Jun-2026,13:42:41,103.92,DGCX,S-XOF8012,S-XOF8012,DINR-20260626
9812,5,104.29,1111,DINR,S,26-May-2026,13:42:42,104.29,DGCX,S-XOF8012,S-XOF8012,DINR-20260527
9816,2,-0.370,1111,IUK26-IUM26,B,26-May-2026,13:43:50,-0.37,SGX,XOF8016,XOF8016,IUK26-IUM26
9816,2,104.310,1111,IUK26,S,26-May-2026,13:43:50,104.31,SGX,XOF8016,XOF8016,IUK26
9816,2,103.940,1111,IUM26,B,25-Jun-2026,13:43:50,103.94,SGX,XOF8016,XOF8016,IUM26
9812,5,103.930,1111,IUM26,B,25-Jun-2026,13:44:26,103.93,SGX,XOF8012,XOF8012,IUM26
9812,5,103.93,1111,DINR,S,25-Jun-2026,13:44:26,103.93,DGCX,S-XOF8012,S-XOF8012,DINR-20260626
9812,5,103.930,1111,IUM26,B,25-Jun-2026,13:44:26,103.93,SGX,XOF8012,XOF8012,IUM26
9812,5,103.93,1111,DINR,S,25-Jun-2026,13:44:27,103.93,DGCX,S-XOF8012,S-XOF8012,DINR-20260626
9812,5,104.310,1111,IUK26,B,26-May-2026,13:46:29,104.31,SGX,XOF8012,XOF8012,IUK26
9812,5,104.32,1111,DINR,S,26-May-2026,13:46:30,104.31,DGCX,S-XOF8012,S-XOF8012,DINR-20260527
9812,5,104.310,1111,IUK26,B,26-May-2026,13:46:30,104.31,SGX,XOF8012,XOF8012,IUK26
9812,2,104.31,1111,DINR,S,26-May-2026,13:46:30,104.31,DGCX,S-XOF8012,S-XOF8012,DINR-20260527
9812,2,104.31,1111,DINR,S,26-May-2026,13:46:30,104.31,DGCX,S-XOF8012,S-XOF8012,DINR-20260527
9812,1,104.31,1111,DINR,S,26-May-2026,13:46:30,104.31,DGCX,S-XOF8012,S-XOF8012,DINR-20260527
9812,5,104.310,1111,IUK26,B,26-May-2026,13:47:26,104.32,SGX,XOF8012,XOF8012,IUK26
9812,5,104.32,1111,DINR,S,26-May-2026,13:47:26,104.32,DGCX,S-XOF8012,S-XOF8012,DINR-20260527
9812,5,103.960,1111,IUM26,B,25-Jun-2026,13:49:27,103.96,SGX,XOF8012,XOF8012,IUM26
9812,5,103.97,1111,DINR,S,25-Jun-2026,13:49:27,103.97,DGCX,S-XOF8012,S-XOF8012,DINR-20260626
9812,5,103.960,1111,IUM26,B,25-Jun-2026,13:49:27,103.96,SGX,XOF8012,XOF8012,IUM26
9812,5,103.97,1111,DINR,S,25-Jun-2026,13:49:27,103.97,DGCX,S-XOF8012,S-XOF8012,DINR-20260626
9817,3,104.38,1111,DINR,S,26-May-2026,13:52:38,104.38,DGCX,S-XOF8017,S-XOF8017,DINR-20260527
9819,3,104.38,1111,DINR,S,26-May-2026,13:52:38,104.38,DGCX,S-XOF8019,S-XOF8019,DINR-20260527
9817,2,104.360,1111,IUK26,B,26-May-2026,13:52:39,104.36,SGX,XOF8017,XOF8017,IUK26
9817,1,104.360,1111,IUK26,B,26-May-2026,13:52:39,104.36,SGX,XOF8017,XOF8017,IUK26
9819,3,104.360,1111,IUK26,B,26-May-2026,13:52:39,104.36,SGX,XOF8019,XOF8019,IUK26
9819,2,104.38,1111,DINR,S,26-May-2026,13:52:44,104.38,DGCX,S-XOF8019,S-XOF8019,DINR-20260527
9819,1,104.38,1111,DINR,S,26-May-2026,13:52:44,104.38,DGCX,S-XOF8019,S-XOF8019,DINR-20260527
9819,2,104.360,1111,IUK26,B,26-May-2026,13:52:44,104.36,SGX,XOF8019,XOF8019,IUK26
9819,1,104.360,1111,IUK26,B,26-May-2026,13:52:44,104.36,SGX,XOF8019,XOF8019,IUK26
9812,15,0.37,1111,DINR,S,27-May-2026,13:56:21,0.37,DGCX,S-XOF8012,S-XOF8012,DINR-20260527-20260626
9812,15,104.00,1111,DINR,B,25-Jun-2026,13:56:21,104,DGCX,S-XOF8012,S-XOF8012,DINR-20260626
9812,15,104.37,1111,DINR,S,26-May-2026,13:56:21,104.37,DGCX,S-XOF8012,S-XOF8012,DINR-20260527
9819,4,104.38,1111,DINR,S,26-May-2026,13:56:23,104.38,DGCX,S-XOF8019,S-XOF8019,DINR-20260527
9812,15,-0.370,1111,IUK26-IUM26,S,26-May-2026,13:56:27,-0.37,SGX,XOF8012,XOF8012,IUK26-IUM26
9812,15,104.370,1111,IUK26,B,26-May-2026,13:56:27,104.36,SGX,XOF8012,XOF8012,IUK26
9812,15,104.000,1111,IUM26,S,25-Jun-2026,13:56:27,103.99,SGX,XOF8012,XOF8012,IUM26
9819,4,104.360,1111,IUK26,B,26-May-2026,13:56:44,104.35,SGX,XOF8019,XOF8019,IUK26
9817,3,104.40,1111,DINR,S,26-May-2026,14:01:08,104.4,DGCX,S-XOF8017,S-XOF8017,DINR-20260527
9817,2,104.380,1111,IUK26,B,26-May-2026,14:01:08,104.38,SGX,XOF8017,XOF8017,IUK26
9817,1,104.380,1111,IUK26,B,26-May-2026,14:01:08,104.38,SGX,XOF8017,XOF8017,IUK26
9817,5,104.40,1111,DINR,S,26-May-2026,14:01:08,104.4,DGCX,S-XOF8017,S-XOF8017,DINR-20260527
9819,5,104.40,1111,DINR,S,26-May-2026,14:01:08,104.4,DGCX,S-XOF8019,S-XOF8019,DINR-20260527
9817,5,104.380,1111,IUK26,B,26-May-2026,14:01:08,104.38,SGX,XOF8017,XOF8017,IUK26
9819,5,104.40,1111,DINR,S,26-May-2026,14:01:08,104.4,DGCX,S-XOF8019,S-XOF8019,DINR-20260527
9819,5,104.40,1111,DINR,S,26-May-2026,14:01:08,104.4,DGCX,S-XOF8019,S-XOF8019,DINR-20260527
9819,5,104.380,1111,IUK26,B,26-May-2026,14:01:08,104.38,SGX,XOF8019,XOF8019,IUK26
9819,5,104.380,1111,IUK26,B,26-May-2026,14:01:08,104.38,SGX,XOF8019,XOF8019,IUK26
9819,5,104.40,1111,DINR,S,26-May-2026,14:01:08,104.4,DGCX,S-XOF8019,S-XOF8019,DINR-20260527
9819,5,104.40,1111,DINR,S,26-May-2026,14:01:08,104.4,DGCX,S-XOF8019,S-XOF8019,DINR-20260527
9818,5,104.40,1111,DINR,S,26-May-2026,14:01:08,104.4,DGCX,S-XOF8018,S-XOF8018,DINR-20260527
9818,5,104.40,1111,DINR,S,26-May-2026,14:01:08,104.4,DGCX,S-XOF8018,S-XOF8018,DINR-20260527
9818,2,104.40,1111,DINR,S,26-May-2026,14:01:08,104.4,DGCX,S-XOF8018,S-XOF8018,DINR-20260527
9818,5,104.40,1111,DINR,S,26-May-2026,14:01:08,104.4,DGCX,S-XOF8018,S-XOF8018,DINR-20260527
9818,1,104.40,1111,DINR,S,26-May-2026,14:01:08,104.4,DGCX,S-XOF8018,S-XOF8018,DINR-20260527
9818,1,104.40,1111,DINR,S,26-May-2026,14:01:08,104.4,DGCX,S-XOF8018,S-XOF8018,DINR-20260527
9819,5,104.40,1111,DINR,S,26-May-2026,14:01:08,104.4,DGCX,S-XOF8019,S-XOF8019,DINR-20260527
9817,3,104.40,1111,DINR,S,26-May-2026,14:01:08,104.4,DGCX,S-XOF8017,S-XOF8017,DINR-20260527
9817,2,104.40,1111,DINR,S,26-May-2026,14:01:08,104.4,DGCX,S-XOF8017,S-XOF8017,DINR-20260527
9812,8,0.37,1111,DINR,S,27-May-2026,14:01:28,0.37,DGCX,S-XOF8012,S-XOF8012,DINR-20260527-20260626
9812,8,104.04,1111,DINR,B,25-Jun-2026,14:01:28,104.04,DGCX,S-XOF8012,S-XOF8012,DINR-20260626
9812,8,104.41,1111,DINR,S,26-May-2026,14:01:28,104.41,DGCX,S-XOF8012,S-XOF8012,DINR-20260527
9819,1,104.380,1111,IUK26,B,26-May-2026,14:01:30,104.39,SGX,XOF8019,XOF8019,IUK26
9819,4,104.380,1111,IUK26,B,26-May-2026,14:01:33,104.38,SGX,XOF8019,XOF8019,IUK26
9819,1,104.380,1111,IUK26,B,26-May-2026,14:01:33,104.38,SGX,XOF8019,XOF8019,IUK26
9819,4,104.380,1111,IUK26,B,26-May-2026,14:01:47,104.38,SGX,XOF8019,XOF8019,IUK26
9819,5,104.380,1111,IUK26,B,26-May-2026,14:01:47,104.38,SGX,XOF8019,XOF8019,IUK26
9818,4,104.380,1111,IUK26,B,26-May-2026,14:01:48,104.38,SGX,XOF8018,XOF8018,IUK26
9818,1,104.380,1111,IUK26,B,26-May-2026,14:01:48,104.38,SGX,XOF8018,XOF8018,IUK26
9818,2,104.380,1111,IUK26,B,26-May-2026,14:01:48,104.38,SGX,XOF8018,XOF8018,IUK26
9818,2,104.380,1111,IUK26,B,26-May-2026,14:01:48,104.38,SGX,XOF8018,XOF8018,IUK26
9818,2,104.380,1111,IUK26,B,26-May-2026,14:01:53,104.38,SGX,XOF8018,XOF8018,IUK26
9818,1,104.380,1111,IUK26,B,26-May-2026,14:02:00,104.38,SGX,XOF8018,XOF8018,IUK26
9818,5,104.380,1111,IUK26,B,26-May-2026,14:02:00,104.38,SGX,XOF8018,XOF8018,IUK26
9818,1,104.380,1111,IUK26,B,26-May-2026,14:02:00,104.38,SGX,XOF8018,XOF8018,IUK26
9818,1,104.380,1111,IUK26,B,26-May-2026,14:02:00,104.38,SGX,XOF8018,XOF8018,IUK26
9819,5,104.380,1111,IUK26,B,26-May-2026,14:02:00,104.38,SGX,XOF8019,XOF8019,IUK26
9817,3,104.380,1111,IUK26,B,26-May-2026,14:02:00,104.38,SGX,XOF8017,XOF8017,IUK26
9817,2,104.380,1111,IUK26,B,26-May-2026,14:02:00,104.38,SGX,XOF8017,XOF8017,IUK26
9819,5,104.40,1111,DINR,S,26-May-2026,14:02:08,104.4,DGCX,S-XOF8019,S-XOF8019,DINR-20260527
9817,3,104.40,1111,DINR,S,26-May-2026,14:02:08,104.4,DGCX,S-XOF8017,S-XOF8017,DINR-20260527
9817,3,104.40,1111,DINR,S,26-May-2026,14:02:08,104.4,DGCX,S-XOF8017,S-XOF8017,DINR-20260527
9817,5,104.40,1111,DINR,S,26-May-2026,14:02:08,104.4,DGCX,S-XOF8017,S-XOF8017,DINR-20260527
9819,5,104.40,1111,DINR,S,26-May-2026,14:02:08,104.4,DGCX,S-XOF8019,S-XOF8019,DINR-20260527
9819,5,104.40,1111,DINR,S,26-May-2026,14:02:08,104.4,DGCX,S-XOF8019,S-XOF8019,DINR-20260527
9819,5,104.40,1111,DINR,S,26-May-2026,14:02:08,104.4,DGCX,S-XOF8019,S-XOF8019,DINR-20260527
9818,5,104.40,1111,DINR,S,26-May-2026,14:02:08,104.4,DGCX,S-XOF8018,S-XOF8018,DINR-20260527
9819,5,104.40,1111,DINR,S,26-May-2026,14:02:08,104.4,DGCX,S-XOF8019,S-XOF8019,DINR-20260527
9818,1,104.40,1111,DINR,S,26-May-2026,14:02:08,104.4,DGCX,S-XOF8018,S-XOF8018,DINR-20260527
9819,5,104.40,1111,DINR,S,26-May-2026,14:02:08,104.4,DGCX,S-XOF8019,S-XOF8019,DINR-20260527
9818,2,104.40,1111,DINR,S,26-May-2026,14:02:08,104.4,DGCX,S-XOF8018,S-XOF8018,DINR-20260527
9819,5,104.380,1111,IUK26,B,26-May-2026,14:02:08,104.38,SGX,XOF8019,XOF8019,IUK26
9817,3,104.380,1111,IUK26,B,26-May-2026,14:02:08,104.38,SGX,XOF8017,XOF8017,IUK26
9817,3,104.380,1111,IUK26,B,26-May-2026,14:02:38,104.38,SGX,XOF8017,XOF8017,IUK26
9817,5,104.380,1111,IUK26,B,26-May-2026,14:02:38,104.38,SGX,XOF8017,XOF8017,IUK26
9819,5,104.380,1111,IUK26,B,26-May-2026,14:02:38,104.38,SGX,XOF8019,XOF8019,IUK26
9819,5,104.380,1111,IUK26,B,26-May-2026,14:02:38,104.38,SGX,XOF8019,XOF8019,IUK26
9819,5,104.380,1111,IUK26,B,26-May-2026,14:02:38,104.38,SGX,XOF8019,XOF8019,IUK26
9818,5,104.380,1111,IUK26,B,26-May-2026,14:02:38,104.38,SGX,XOF8018,XOF8018,IUK26
9819,5,104.380,1111,IUK26,B,26-May-2026,14:02:38,104.38,SGX,XOF8019,XOF8019,IUK26
9818,1,104.380,1111,IUK26,B,26-May-2026,14:02:38,104.38,SGX,XOF8018,XOF8018,IUK26
9819,5,104.380,1111,IUK26,B,26-May-2026,14:02:38,104.38,SGX,XOF8019,XOF8019,IUK26
9818,2,104.380,1111,IUK26,B,26-May-2026,14:02:38,104.38,SGX,XOF8018,XOF8018,IUK26
9812,20,0.37,1111,DINR,S,27-May-2026,14:03:09,0.37,DGCX,S-XOF8012,S-XOF8012,DINR-20260527-20260626
9812,20,104.40,1111,DINR,S,26-May-2026,14:03:09,104.4,DGCX,S-XOF8012,S-XOF8012,DINR-20260527
9812,20,104.03,1111,DINR,B,25-Jun-2026,14:03:09,104.03,DGCX,S-XOF8012,S-XOF8012,DINR-20260626
9819,5,104.38,1111,DINR,S,26-May-2026,14:05:20,104.38,DGCX,S-XOF8019,S-XOF8019,DINR-20260527
9819,5,104.38,1111,DINR,S,26-May-2026,14:05:20,104.38,DGCX,S-XOF8019,S-XOF8019,DINR-20260527
9819,5,104.38,1111,DINR,S,26-May-2026,14:05:20,104.38,DGCX,S-XOF8019,S-XOF8019,DINR-20260527
9819,5,104.38,1111,DINR,S,26-May-2026,14:05:20,104.38,DGCX,S-XOF8019,S-XOF8019,DINR-20260527
9819,5,104.38,1111,DINR,S,26-May-2026,14:05:20,104.38,DGCX,S-XOF8019,S-XOF8019,DINR-20260527
9818,5,104.38,1111,DINR,S,26-May-2026,14:05:20,104.38,DGCX,S-XOF8018,S-XOF8018,DINR-20260527
9818,1,104.38,1111,DINR,S,26-May-2026,14:05:20,104.38,DGCX,S-XOF8018,S-XOF8018,DINR-20260527
9818,5,104.38,1111,DINR,S,26-May-2026,14:05:20,104.38,DGCX,S-XOF8018,S-XOF8018,DINR-20260527
9818,5,104.38,1111,DINR,S,26-May-2026,14:05:20,104.38,DGCX,S-XOF8018,S-XOF8018,DINR-20260527
9818,1,104.38,1111,DINR,S,26-May-2026,14:05:20,104.38,DGCX,S-XOF8018,S-XOF8018,DINR-20260527
9819,5,104.38,1111,DINR,S,26-May-2026,14:05:20,104.38,DGCX,S-XOF8019,S-XOF8019,DINR-20260527
9817,3,104.38,1111,DINR,S,26-May-2026,14:05:20,104.38,DGCX,S-XOF8017,S-XOF8017,DINR-20260527
9817,3,104.38,1111,DINR,S,26-May-2026,14:05:20,104.38,DGCX,S-XOF8017,S-XOF8017,DINR-20260527
9817,3,104.38,1111,DINR,S,26-May-2026,14:05:20,104.38,DGCX,S-XOF8017,S-XOF8017,DINR-20260527
9817,5,104.38,1111,DINR,S,26-May-2026,14:05:20,104.38,DGCX,S-XOF8017,S-XOF8017,DINR-20260527
9819,5,104.360,1111,IUK26,B,26-May-2026,14:05:36,104.36,SGX,XOF8019,XOF8019,IUK26
9819,5,104.360,1111,IUK26,B,26-May-2026,14:05:36,104.36,SGX,XOF8019,XOF8019,IUK26
9818,1,104.360,1111,IUK26,B,26-May-2026,14:05:36,104.36,SGX,XOF8018,XOF8018,IUK26
9818,5,104.360,1111,IUK26,B,26-May-2026,14:05:36,104.36,SGX,XOF8018,XOF8018,IUK26
9818,1,104.360,1111,IUK26,B,26-May-2026,14:05:36,104.36,SGX,XOF8018,XOF8018,IUK26
9818,4,104.360,1111,IUK26,B,26-May-2026,14:05:36,104.36,SGX,XOF8018,XOF8018,IUK26
9818,1,104.360,1111,IUK26,B,26-May-2026,14:05:38,104.36,SGX,XOF8018,XOF8018,IUK26
9818,5,104.360,1111,IUK26,B,26-May-2026,14:05:56,104.35,SGX,XOF8018,XOF8018,IUK26
9819,5,104.360,1111,IUK26,B,26-May-2026,14:05:56,104.35,SGX,XOF8019,XOF8019,IUK26
9819,5,104.360,1111,IUK26,B,26-May-2026,14:05:56,104.35,SGX,XOF8019,XOF8019,IUK26
9819,4,104.360,1111,IUK26,B,26-May-2026,14:05:57,104.35,SGX,XOF8019,XOF8019,IUK26
9819,1,104.360,1111,IUK26,B,26-May-2026,14:05:57,104.35,SGX,XOF8019,XOF8019,IUK26
9817,3,104.360,1111,IUK26,B,26-May-2026,14:05:57,104.35,SGX,XOF8017,XOF8017,IUK26
9819,5,104.360,1111,IUK26,B,26-May-2026,14:05:57,104.35,SGX,XOF8019,XOF8019,IUK26
9817,5,104.360,1111,IUK26,B,26-May-2026,14:05:57,104.35,SGX,XOF8017,XOF8017,IUK26
9817,3,104.360,1111,IUK26,B,26-May-2026,14:05:57,104.35,SGX,XOF8017,XOF8017,IUK26
9817,3,104.360,1111,IUK26,B,26-May-2026,14:05:57,104.35,SGX,XOF8017,XOF8017,IUK26
9812,5,104.360,1111,IUK26,B,26-May-2026,14:05:57,104.35,SGX,XOF8012,XOF8012,IUK26
9812,2,104.38,1111,DINR,S,26-May-2026,14:05:57,104.37,DGCX,S-XOF8012,S-XOF8012,DINR-20260527
9812,3,104.38,1111,DINR,S,26-May-2026,14:05:57,104.37,DGCX,S-XOF8012,S-XOF8012,DINR-20260527
9812,5,104.360,1111,IUK26,B,26-May-2026,14:05:57,104.35,SGX,XOF8012,XOF8012,IUK26
9812,1,104.38,1111,DINR,S,26-May-2026,14:05:57,104.37,DGCX,S-XOF8012,S-XOF8012,DINR-20260527
9812,4,104.37,1111,DINR,S,26-May-2026,14:05:57,104.37,DGCX,S-XOF8012,S-XOF8012,DINR-20260527
9812,5,104.360,1111,IUK26,B,26-May-2026,14:05:57,104.35,SGX,XOF8012,XOF8012,IUK26
9812,5,104.37,1111,DINR,S,26-May-2026,14:05:57,104.37,DGCX,S-XOF8012,S-XOF8012,DINR-20260527
9812,5,104.360,1111,IUK26,B,26-May-2026,14:05:57,104.35,SGX,XOF8012,XOF8012,IUK26
9812,4,104.37,1111,DINR,S,26-May-2026,14:05:57,104.37,DGCX,S-XOF8012,S-XOF8012,DINR-20260527
9812,1,104.37,1111,DINR,S,26-May-2026,14:05:57,104.37,DGCX,S-XOF8012,S-XOF8012,DINR-20260527
9812,5,104.360,1111,IUK26,B,26-May-2026,14:05:57,104.35,SGX,XOF8012,XOF8012,IUK26
9812,5,104.37,1111,DINR,S,26-May-2026,14:05:57,104.37,DGCX,S-XOF8012,S-XOF8012,DINR-20260527
9812,5,104.360,1111,IUK26,B,26-May-2026,14:05:57,104.35,SGX,XOF8012,XOF8012,IUK26
9812,5,104.37,1111,DINR,S,26-May-2026,14:05:57,104.37,DGCX,S-XOF8012,S-XOF8012,DINR-20260527
9816,15,-0.370,1111,IUK26-IUM26,B,26-May-2026,14:07:00,-0.37,SGX,XOF8016,XOF8016,IUK26-IUM26
9816,15,104.360,1111,IUK26,S,26-May-2026,14:07:00,104.36,SGX,XOF8016,XOF8016,IUK26
9816,15,103.990,1111,IUM26,B,25-Jun-2026,14:07:00,103.99,SGX,XOF8016,XOF8016,IUM26
9816,1,-0.370,1111,IUK26-IUM26,B,26-May-2026,14:10:10,-0.37,SGX,XOF8016,XOF8016,IUK26-IUM26
9816,1,104.360,1111,IUK26,S,26-May-2026,14:10:10,104.36,SGX,XOF8016,XOF8016,IUK26
9816,1,103.990,1111,IUM26,B,25-Jun-2026,14:10:10,103.99,SGX,XOF8016,XOF8016,IUM26
9816,13,-0.370,1111,IUK26-IUM26,B,26-May-2026,14:10:21,-0.37,SGX,XOF8016,XOF8016,IUK26-IUM26
9816,13,104.360,1111,IUK26,S,26-May-2026,14:10:21,104.36,SGX,XOF8016,XOF8016,IUK26
9816,13,103.990,1111,IUM26,B,25-Jun-2026,14:10:21,103.99,SGX,XOF8016,XOF8016,IUM26
9812,18,-0.370,1111,IUK26-IUM26,S,26-May-2026,14:10:34,-0.37,SGX,XOF8012,XOF8012,IUK26-IUM26
9812,18,103.980,1111,IUM26,S,25-Jun-2026,14:10:34,103.99,SGX,XOF8012,XOF8012,IUM26
9812,18,104.350,1111,IUK26,B,26-May-2026,14:10:34,104.36,SGX,XOF8012,XOF8012,IUK26
9814,200,-0.370,1111,IUK26-IUM26,S,26-May-2026,14:10:37,-0.37,SGX,XOF8014,XOF8014,IUK26-IUM26
9814,200,103.980,1111,IUM26,S,25-Jun-2026,14:10:37,103.99,SGX,XOF8014,XOF8014,IUM26
9814,200,104.350,1111,IUK26,B,26-May-2026,14:10:37,104.36,SGX,XOF8014,XOF8014,IUK26
9812,10,-0.370,1111,IUK26-IUM26,S,26-May-2026,14:10:58,-0.37,SGX,XOF8012,XOF8012,IUK26-IUM26
9812,10,103.980,1111,IUM26,S,25-Jun-2026,14:10:58,103.99,SGX,XOF8012,XOF8012,IUM26
9812,10,104.350,1111,IUK26,B,26-May-2026,14:10:58,104.36,SGX,XOF8012,XOF8012,IUK26
9819,2,104.33,1111,DINR,S,26-May-2026,14:14:57,104.33,DGCX,S-XOF8019,S-XOF8019,DINR-20260527
9819,2,104.310,1111,IUK26,B,26-May-2026,14:14:57,104.31,SGX,XOF8019,XOF8019,IUK26
9000,77,-0.0132,1111,UCK26-UCM26,S,18-May-2026,14:15:17,-0.0132,SGX,XOB8000,XOB8000,UCK26-UCM26
9000,77,6.7714,1111,UCM26,S,15-Jun-2026,14:15:17,0,SGX,XOB8000,XOB8000,UCM26
9000,77,6.7846,1111,UCK26,B,18-May-2026,14:15:17,0,SGX,XOB8000,XOB8000,UCK26
9000,1,-0.0132,1111,UCK26-UCM26,S,18-May-2026,14:15:19,-0.0132,SGX,XOB8000,XOB8000,UCK26-UCM26
9000,1,6.7846,1111,UCK26,B,18-May-2026,14:15:19,0,SGX,XOB8000,XOB8000,UCK26
9000,1,6.7714,1111,UCM26,S,15-Jun-2026,14:15:19,0,SGX,XOB8000,XOB8000,UCM26
9000,1,-0.0132,1111,UCK26-UCM26,S,18-May-2026,14:15:19,-0.0132,SGX,XOB8000,XOB8000,UCK26-UCM26
9000,1,6.7846,1111,UCK26,B,18-May-2026,14:15:19,0,SGX,XOB8000,XOB8000,UCK26
9000,1,6.7714,1111,UCM26,S,15-Jun-2026,14:15:19,0,SGX,XOB8000,XOB8000,UCM26
9000,1,-0.0132,1111,UCK26-UCM26,S,18-May-2026,14:15:21,-0.0132,SGX,XOB8000,XOB8000,UCK26-UCM26
9000,1,6.7846,1111,UCK26,B,18-May-2026,14:15:21,0,SGX,XOB8000,XOB8000,UCK26
9000,1,6.7714,1111,UCM26,S,15-Jun-2026,14:15:21,0,SGX,XOB8000,XOB8000,UCM26
9000,1,-0.0132,1111,UCK26-UCM26,S,18-May-2026,14:15:21,-0.0132,SGX,XOB8000,XOB8000,UCK26-UCM26
9000,1,6.7846,1111,UCK26,B,18-May-2026,14:15:21,0,SGX,XOB8000,XOB8000,UCK26
9000,1,6.7714,1111,UCM26,S,15-Jun-2026,14:15:21,0,SGX,XOB8000,XOB8000,UCM26
9000,1,-0.0132,1111,UCK26-UCM26,S,18-May-2026,14:15:21,-0.0132,SGX,XOB8000,XOB8000,UCK26-UCM26
9000,1,6.7846,1111,UCK26,B,18-May-2026,14:15:21,0,SGX,XOB8000,XOB8000,UCK26
9000,1,6.7714,1111,UCM26,S,15-Jun-2026,14:15:21,0,SGX,XOB8000,XOB8000,UCM26
9000,10,-0.0132,1111,UCK26-UCM26,B,18-May-2026,14:15:21,-0.0132,SGX,XOB8000,XOB8000,UCK26-UCM26
9000,10,6.7847,1111,UCK26,S,18-May-2026,14:15:21,0,SGX,XOB8000,XOB8000,UCK26
9000,10,6.7715,1111,UCM26,B,15-Jun-2026,14:15:21,0,SGX,XOB8000,XOB8000,UCM26
9000,1,-0.0132,1111,UCK26-UCM26,S,18-May-2026,14:15:23,-0.0132,SGX,XOB8000,XOB8000,UCK26-UCM26
9000,1,6.7846,1111,UCK26,B,18-May-2026,14:15:23,0,SGX,XOB8000,XOB8000,UCK26
9000,1,6.7714,1111,UCM26,S,15-Jun-2026,14:15:23,0,SGX,XOB8000,XOB8000,UCM26
9000,1,-0.0132,1111,UCK26-UCM26,S,18-May-2026,14:15:23,-0.0132,SGX,XOB8000,XOB8000,UCK26-UCM26
9000,1,6.7847,1111,UCK26,B,18-May-2026,14:15:23,0,SGX,XOB8000,XOB8000,UCK26
9000,1,6.7715,1111,UCM26,S,15-Jun-2026,14:15:23,0,SGX,XOB8000,XOB8000,UCM26
9000,1,-0.0132,1111,UCK26-UCM26,S,18-May-2026,14:15:23,-0.0132,SGX,XOB8000,XOB8000,UCK26-UCM26
9000,1,6.7846,1111,UCK26,B,18-May-2026,14:15:23,0,SGX,XOB8000,XOB8000,UCK26
9000,1,6.7714,1111,UCM26,S,15-Jun-2026,14:15:23,0,SGX,XOB8000,XOB8000,UCM26
9000,1,-0.0132,1111,UCK26-UCM26,S,18-May-2026,14:15:23,-0.0132,SGX,XOB8000,XOB8000,UCK26-UCM26
9000,1,6.7846,1111,UCK26,B,18-May-2026,14:15:23,0,SGX,XOB8000,XOB8000,UCK26
9000,1,6.7714,1111,UCM26,S,15-Jun-2026,14:15:23,0,SGX,XOB8000,XOB8000,UCM26
9000,1,-0.0132,1111,UCK26-UCM26,S,18-May-2026,14:15:25,-0.0132,SGX,XOB8000,XOB8000,UCK26-UCM26
9000,1,6.7846,1111,UCK26,B,18-May-2026,14:15:25,0,SGX,XOB8000,XOB8000,UCK26
9000,1,6.7714,1111,UCM26,S,15-Jun-2026,14:15:25,0,SGX,XOB8000,XOB8000,UCM26
9000,1,-0.0132,1111,UCK26-UCM26,S,18-May-2026,14:15:25,-0.0132,SGX,XOB8000,XOB8000,UCK26-UCM26
9000,1,6.7846,1111,UCK26,B,18-May-2026,14:15:25,0,SGX,XOB8000,XOB8000,UCK26
9000,1,6.7714,1111,UCM26,S,15-Jun-2026,14:15:25,0,SGX,XOB8000,XOB8000,UCM26
9000,1,-0.0132,1111,UCK26-UCM26,S,18-May-2026,14:15:25,-0.0132,SGX,XOB8000,XOB8000,UCK26-UCM26
9000,1,6.7846,1111,UCK26,B,18-May-2026,14:15:25,0,SGX,XOB8000,XOB8000,UCK26
9000,1,6.7714,1111,UCM26,S,15-Jun-2026,14:15:25,0,SGX,XOB8000,XOB8000,UCM26
9000,1,-0.0132,1111,UCK26-UCM26,S,18-May-2026,14:15:27,-0.0132,SGX,XOB8000,XOB8000,UCK26-UCM26
9000,1,6.7846,1111,UCK26,B,18-May-2026,14:15:27,0,SGX,XOB8000,XOB8000,UCK26
9000,1,6.7714,1111,UCM26,S,15-Jun-2026,14:15:27,0,SGX,XOB8000,XOB8000,UCM26
9000,1,-0.0132,1111,UCK26-UCM26,S,18-May-2026,14:15:27,-0.0132,SGX,XOB8000,XOB8000,UCK26-UCM26
9000,1,6.7846,1111,UCK26,B,18-May-2026,14:15:27,0,SGX,XOB8000,XOB8000,UCK26
9000,1,6.7714,1111,UCM26,S,15-Jun-2026,14:15:27,0,SGX,XOB8000,XOB8000,UCM26
9000,1,-0.0132,1111,UCK26-UCM26,S,18-May-2026,14:15:27,-0.0132,SGX,XOB8000,XOB8000,UCK26-UCM26
9000,1,6.7846,1111,UCK26,B,18-May-2026,14:15:27,0,SGX,XOB8000,XOB8000,UCK26
9000,1,6.7714,1111,UCM26,S,15-Jun-2026,14:15:27,0,SGX,XOB8000,XOB8000,UCM26
9000,1,-0.0132,1111,UCK26-UCM26,S,18-May-2026,14:15:29,-0.0132,SGX,XOB8000,XOB8000,UCK26-UCM26
9000,1,6.7846,1111,UCK26,B,18-May-2026,14:15:29,0,SGX,XOB8000,XOB8000,UCK26
9000,1,6.7714,1111,UCM26,S,15-Jun-2026,14:15:29,0,SGX,XOB8000,XOB8000,UCM26
9000,1,-0.0132,1111,UCK26-UCM26,S,18-May-2026,14:15:29,-0.0132,SGX,XOB8000,XOB8000,UCK26-UCM26
9000,1,6.7846,1111,UCK26,B,18-May-2026,14:15:29,0,SGX,XOB8000,XOB8000,UCK26
9000,1,6.7714,1111,UCM26,S,15-Jun-2026,14:15:29,0,SGX,XOB8000,XOB8000,UCM26
9000,1,-0.0132,1111,UCK26-UCM26,S,18-May-2026,14:15:31,-0.0132,SGX,XOB8000,XOB8000,UCK26-UCM26
9000,1,6.7846,1111,UCK26,B,18-May-2026,14:15:31,0,SGX,XOB8000,XOB8000,UCK26
9000,1,6.7714,1111,UCM26,S,15-Jun-2026,14:15:31,0,SGX,XOB8000,XOB8000,UCM26
9000,1,-0.0132,1111,UCK26-UCM26,S,18-May-2026,14:15:31,-0.0132,SGX,XOB8000,XOB8000,UCK26-UCM26
9000,1,6.7846,1111,UCK26,B,18-May-2026,14:15:31,0,SGX,XOB8000,XOB8000,UCK26
9000,1,6.7714,1111,UCM26,S,15-Jun-2026,14:15:31,0,SGX,XOB8000,XOB8000,UCM26
9000,1,-0.0132,1111,UCK26-UCM26,S,18-May-2026,14:15:35,-0.0132,SGX,XOB8000,XOB8000,UCK26-UCM26
9000,1,6.7844,1111,UCK26,B,18-May-2026,14:15:35,0,SGX,XOB8000,XOB8000,UCK26
9000,1,6.7712,1111,UCM26,S,15-Jun-2026,14:15:35,0,SGX,XOB8000,XOB8000,UCM26
9000,1,-0.0132,1111,UCK26-UCM26,S,18-May-2026,14:15:38,-0.0132,SGX,XOB8000,XOB8000,UCK26-UCM26
9000,1,6.7844,1111,UCK26,B,18-May-2026,14:15:38,0,SGX,XOB8000,XOB8000,UCK26
9000,1,6.7712,1111,UCM26,S,15-Jun-2026,14:15:38,0,SGX,XOB8000,XOB8000,UCM26
9000,1,-0.0132,1111,UCK26-UCM26,S,18-May-2026,14:15:41,-0.0132,SGX,XOB8000,XOB8000,UCK26-UCM26
9000,1,6.7844,1111,UCK26,B,18-May-2026,14:15:41,0,SGX,XOB8000,XOB8000,UCK26
9000,1,6.7712,1111,UCM26,S,15-Jun-2026,14:15:41,0,SGX,XOB8000,XOB8000,UCM26
9000,1,-0.0132,1111,UCK26-UCM26,S,18-May-2026,14:15:46,-0.0132,SGX,XOB8000,XOB8000,UCK26-UCM26
9000,1,6.7844,1111,UCK26,B,18-May-2026,14:15:46,0,SGX,XOB8000,XOB8000,UCK26
9000,1,6.7712,1111,UCM26,S,15-Jun-2026,14:15:46,0,SGX,XOB8000,XOB8000,UCM26
9000,1,-0.0132,1111,UCK26-UCM26,S,18-May-2026,14:15:47,-0.0132,SGX,XOB8000,XOB8000,UCK26-UCM26
9000,1,6.7844,1111,UCK26,B,18-May-2026,14:15:47,0,SGX,XOB8000,XOB8000,UCK26
9000,1,6.7712,1111,UCM26,S,15-Jun-2026,14:15:47,0,SGX,XOB8000,XOB8000,UCM26
9000,1,-0.0132,1111,UCK26-UCM26,S,18-May-2026,14:15:47,-0.0132,SGX,XOB8000,XOB8000,UCK26-UCM26
9000,1,6.7844,1111,UCK26,B,18-May-2026,14:15:47,0,SGX,XOB8000,XOB8000,UCK26
9000,1,6.7712,1111,UCM26,S,15-Jun-2026,14:15:47,0,SGX,XOB8000,XOB8000,UCM26
9000,1,-0.0132,1111,UCK26-UCM26,S,18-May-2026,14:15:47,-0.0132,SGX,XOB8000,XOB8000,UCK26-UCM26
9000,1,6.7844,1111,UCK26,B,18-May-2026,14:15:47,0,SGX,XOB8000,XOB8000,UCK26
9000,1,6.7712,1111,UCM26,S,15-Jun-2026,14:15:47,0,SGX,XOB8000,XOB8000,UCM26
9000,27,-0.0132,1111,UCK26-UCM26,B,18-May-2026,14:23:00,-0.0132,SGX,XOB8000,XOB8000,UCK26-UCM26
9000,27,6.7704,1111,UCM26,B,15-Jun-2026,14:23:00,0,SGX,XOB8000,XOB8000,UCM26
9000,27,6.7836,1111,UCK26,S,18-May-2026,14:23:00,0,SGX,XOB8000,XOB8000,UCK26
9812,5,103.960,1111,IUM26,B,25-Jun-2026,14:24:22,103.95,SGX,XOF8012,XOF8012,IUM26
9812,1,103.96,1111,DINR,S,25-Jun-2026,14:24:22,103.96,DGCX,S-XOF8012,S-XOF8012,DINR-20260626
9812,4,103.96,1111,DINR,S,25-Jun-2026,14:24:22,103.96,DGCX,S-XOF8012,S-XOF8012,DINR-20260626
9812,5,103.960,1111,IUM26,B,25-Jun-2026,14:24:22,103.95,SGX,XOF8012,XOF8012,IUM26
9812,5,103.96,1111,DINR,S,25-Jun-2026,14:26:22,103.96,DGCX,S-XOF8012,S-XOF8012,DINR-20260626
9000,66,-0.0132,1111,UCK26-UCM26,B,18-May-2026,14:28:16,-0.0132,SGX,XOB8000,XOB8000,UCK26-UCM26
9000,66,6.7836,1111,UCK26,S,18-May-2026,14:28:16,0,SGX,XOB8000,XOB8000,UCK26
9000,66,6.7704,1111,UCM26,B,15-Jun-2026,14:28:16,0,SGX,XOB8000,XOB8000,UCM26
9816,2,104.320,1111,IUK26,S,26-May-2026,14:28:55,104.32,SGX,XOF8016,XOF8016,IUK26
9816,10,103.950,1111,IUM26,B,25-Jun-2026,14:28:55,103.94,SGX,XOF8016,XOF8016,IUM26
9812,5,103.950,1111,IUM26,B,25-Jun-2026,14:28:55,103.94,SGX,XOF8012,XOF8012,IUM26
9812,5,103.95,1111,DINR,S,25-Jun-2026,14:28:55,103.95,DGCX,S-XOF8012,S-XOF8012,DINR-20260626
9812,5,103.950,1111,IUM26,B,25-Jun-2026,14:28:56,103.94,SGX,XOF8012,XOF8012,IUM26
9816,8,104.320,1111,IUK26,S,26-May-2026,14:29:29,104.33,SGX,XOF8016,XOF8016,IUK26
9812,5,103.950,1111,IUM26,S,25-Jun-2026,14:29:29,103.96,SGX,XOF8012,XOF8012,IUM26
9816,7,-0.370,1111,IUK26-IUM26,B,26-May-2026,14:29:29,-0.37,SGX,XOF8016,XOF8016,IUK26-IUM26
9816,7,104.320,1111,IUK26,S,26-May-2026,14:29:29,104.33,SGX,XOF8016,XOF8016,IUK26
9816,7,103.950,1111,IUM26,B,25-Jun-2026,14:29:29,103.96,SGX,XOF8016,XOF8016,IUM26
9812,5,103.95,1111,DINR,B,25-Jun-2026,14:29:29,103.95,DGCX,S-XOF8012,S-XOF8012,DINR-20260626
9812,5,103.95,1111,DINR,S,25-Jun-2026,14:29:29,103.95,DGCX,S-XOF8012,S-XOF8012,DINR-20260626
9812,5,103.950,1111,IUM26,S,25-Jun-2026,14:29:29,103.96,SGX,XOF8012,XOF8012,IUM26
9816,2,-0.370,1111,IUK26-IUM26,B,26-May-2026,14:29:59,-0.37,SGX,XOF8016,XOF8016,IUK26-IUM26
9816,2,104.330,1111,IUK26,S,26-May-2026,14:29:59,104.33,SGX,XOF8016,XOF8016,IUK26
9816,2,103.960,1111,IUM26,B,25-Jun-2026,14:29:59,103.96,SGX,XOF8016,XOF8016,IUM26
9816,14,-0.370,1111,IUK26-IUM26,B,26-May-2026,14:29:59,-0.37,SGX,XOF8016,XOF8016,IUK26-IUM26
9816,14,104.330,1111,IUK26,S,26-May-2026,14:29:59,104.33,SGX,XOF8016,XOF8016,IUK26
9816,14,103.960,1111,IUM26,B,25-Jun-2026,14:29:59,103.96,SGX,XOF8016,XOF8016,IUM26
9818,5,104.35,1111,DINR,S,26-May-2026,14:29:59,104.35,DGCX,S-XOF8018,S-XOF8018,DINR-20260527
9818,5,104.35,1111,DINR,S,26-May-2026,14:29:59,104.35,DGCX,S-XOF8018,S-XOF8018,DINR-20260527
9818,2,104.35,1111,DINR,S,26-May-2026,14:29:59,104.35,DGCX,S-XOF8018,S-XOF8018,DINR-20260527
9818,5,104.35,1111,DINR,S,26-May-2026,14:29:59,104.35,DGCX,S-XOF8018,S-XOF8018,DINR-20260527
9818,1,104.35,1111,DINR,S,26-May-2026,14:29:59,104.35,DGCX,S-XOF8018,S-XOF8018,DINR-20260527
9818,1,104.35,1111,DINR,S,26-May-2026,14:29:59,104.35,DGCX,S-XOF8018,S-XOF8018,DINR-20260527
9818,3,104.330,1111,IUK26,B,26-May-2026,14:30:01,104.33,SGX,XOF8018,XOF8018,IUK26
9818,2,104.330,1111,IUK26,B,26-May-2026,14:30:01,104.33,SGX,XOF8018,XOF8018,IUK26
9818,2,104.330,1111,IUK26,B,26-May-2026,14:30:01,104.33,SGX,XOF8018,XOF8018,IUK26
9818,3,104.330,1111,IUK26,B,26-May-2026,14:30:01,104.33,SGX,XOF8018,XOF8018,IUK26
9818,1,104.330,1111,IUK26,B,26-May-2026,14:30:01,104.33,SGX,XOF8018,XOF8018,IUK26
9812,2,103.970,1111,IUM26,B,25-Jun-2026,14:30:09,103.97,SGX,XOF8012,XOF8012,IUM26
9812,2,103.970,1111,IUM26,B,25-Jun-2026,14:30:09,103.97,SGX,XOF8012,XOF8012,IUM26
9812,2,103.98,1111,DINR,S,25-Jun-2026,14:30:09,103.98,DGCX,S-XOF8012,S-XOF8012,DINR-20260626
9812,2,103.98,1111,DINR,S,25-Jun-2026,14:30:09,103.98,DGCX,S-XOF8012,S-XOF8012,DINR-20260626
9812,2,103.98,1111,DINR,B,25-Jun-2026,14:30:09,103.98,DGCX,S-XOF8012,S-XOF8012,DINR-20260626
9818,1,104.330,1111,IUK26,B,26-May-2026,14:30:11,104.33,SGX,XOF8018,XOF8018,IUK26
9818,5,104.330,1111,IUK26,B,26-May-2026,14:30:11,104.33,SGX,XOF8018,XOF8018,IUK26
9812,1,103.970,1111,IUM26,B,25-Jun-2026,14:30:11,103.97,SGX,XOF8012,XOF8012,IUM26
9812,5,103.970,1111,IUM26,B,25-Jun-2026,14:30:11,103.97,SGX,XOF8012,XOF8012,IUM26
9812,1,103.98,1111,DINR,S,25-Jun-2026,14:30:11,103.97,DGCX,S-XOF8012,S-XOF8012,DINR-20260626
9812,1,103.98,1111,DINR,B,25-Jun-2026,14:30:11,103.97,DGCX,S-XOF8012,S-XOF8012,DINR-20260626
9812,2,103.98,1111,DINR,S,25-Jun-2026,14:30:11,103.97,DGCX,S-XOF8012,S-XOF8012,DINR-20260626
9812,2,103.98,1111,DINR,B,25-Jun-2026,14:30:11,103.97,DGCX,S-XOF8012,S-XOF8012,DINR-20260626
9812,1,103.97,1111,DINR,S,25-Jun-2026,14:30:11,103.97,DGCX,S-XOF8012,S-XOF8012,DINR-20260626
9818,1,104.330,1111,IUK26,B,26-May-2026,14:30:11,104.33,SGX,XOF8018,XOF8018,IUK26
9818,1,104.330,1111,IUK26,B,26-May-2026,14:30:11,104.33,SGX,XOF8018,XOF8018,IUK26
9812,5,103.970,1111,IUM26,S,25-Jun-2026,14:30:16,103.97,SGX,XOF8012,XOF8012,IUM26
9812,2,103.97,1111,DINR,B,25-Jun-2026,14:30:16,103.97,DGCX,S-XOF8012,S-XOF8012,DINR-20260626
9812,2,103.97,1111,DINR,S,25-Jun-2026,14:30:16,103.97,DGCX,S-XOF8012,S-XOF8012,DINR-20260626
9819,5,104.37,1111,DINR,S,26-May-2026,14:32:29,104.37,DGCX,S-XOF8019,S-XOF8019,DINR-20260527
9819,4,104.350,1111,IUK26,B,26-May-2026,14:32:29,104.35,SGX,XOF8019,XOF8019,IUK26
9819,1,104.350,1111,IUK26,B,26-May-2026,14:32:29,104.35,SGX,XOF8019,XOF8019,IUK26
9819,5,104.37,1111,DINR,S,26-May-2026,14:32:29,104.37,DGCX,S-XOF8019,S-XOF8019,DINR-20260527
9819,5,104.37,1111,DINR,S,26-May-2026,14:32:29,104.37,DGCX,S-XOF8019,S-XOF8019,DINR-20260527
9819,5,104.37,1111,DINR,S,26-May-2026,14:32:29,104.37,DGCX,S-XOF8019,S-XOF8019,DINR-20260527
9819,5,104.37,1111,DINR,S,26-May-2026,14:32:29,104.37,DGCX,S-XOF8019,S-XOF8019,DINR-20260527
9819,3,104.350,1111,IUK26,B,26-May-2026,14:32:29,104.35,SGX,XOF8019,XOF8019,IUK26
9819,2,104.350,1111,IUK26,B,26-May-2026,14:32:29,104.35,SGX,XOF8019,XOF8019,IUK26
9817,3,104.37,1111,DINR,S,26-May-2026,14:32:29,104.37,DGCX,S-XOF8017,S-XOF8017,DINR-20260527
9816,2,-0.370,1111,IUK26-IUM26,B,26-May-2026,14:32:29,-0.37,SGX,XOF8016,XOF8016,IUK26-IUM26
9816,2,104.350,1111,IUK26,S,26-May-2026,14:32:29,104.35,SGX,XOF8016,XOF8016,IUK26
9816,2,103.980,1111,IUM26,B,25-Jun-2026,14:32:29,103.98,SGX,XOF8016,XOF8016,IUM26
9819,1,104.350,1111,IUK26,B,26-May-2026,14:32:29,104.35,SGX,XOF8019,XOF8019,IUK26
9816,1,-0.370,1111,IUK26-IUM26,B,26-May-2026,14:32:29,-0.37,SGX,XOF8016,XOF8016,IUK26-IUM26
9816,1,104.350,1111,IUK26,S,26-May-2026,14:32:29,104.35,SGX,XOF8016,XOF8016,IUK26
9816,1,103.980,1111,IUM26,B,25-Jun-2026,14:32:29,103.98,SGX,XOF8016,XOF8016,IUM26
9817,3,104.37,1111,DINR,S,26-May-2026,14:32:29,104.37,DGCX,S-XOF8017,S-XOF8017,DINR-20260527
9817,3,104.37,1111,DINR,S,26-May-2026,14:32:29,104.37,DGCX,S-XOF8017,S-XOF8017,DINR-20260527
9817,5,104.37,1111,DINR,S,26-May-2026,14:32:29,104.37,DGCX,S-XOF8017,S-XOF8017,DINR-20260527
9818,5,104.37,1111,DINR,S,26-May-2026,14:32:29,104.37,DGCX,S-XOF8018,S-XOF8018,DINR-20260527
9819,4,104.350,1111,IUK26,B,26-May-2026,14:32:30,104.35,SGX,XOF8019,XOF8019,IUK26
9819,5,104.350,1111,IUK26,B,26-May-2026,14:32:30,104.35,SGX,XOF8019,XOF8019,IUK26
9819,5,104.350,1111,IUK26,B,26-May-2026,14:32:30,104.35,SGX,XOF8019,XOF8019,IUK26
9817,3,104.350,1111,IUK26,B,26-May-2026,14:32:30,104.35,SGX,XOF8017,XOF8017,IUK26
9817,3,104.350,1111,IUK26,B,26-May-2026,14:32:30,104.35,SGX,XOF8017,XOF8017,IUK26
9817,3,104.350,1111,IUK26,B,26-May-2026,14:32:30,104.35,SGX,XOF8017,XOF8017,IUK26
9817,5,104.350,1111,IUK26,B,26-May-2026,14:32:30,104.35,SGX,XOF8017,XOF8017,IUK26
9818,5,104.350,1111,IUK26,B,26-May-2026,14:32:30,104.35,SGX,XOF8018,XOF8018,IUK26
9816,14,-0.370,1111,IUK26-IUM26,B,26-May-2026,14:36:36,-0.37,SGX,XOF8016,XOF8016,IUK26-IUM26
9816,14,104.350,1111,IUK26,S,26-May-2026,14:36:36,104.35,SGX,XOF8016,XOF8016,IUK26
9816,14,103.980,1111,IUM26,B,25-Jun-2026,14:36:36,103.98,SGX,XOF8016,XOF8016,IUM26
9812,3,103.99,1111,DINR,B,25-Jun-2026,14:36:41,103.99,DGCX,S-XOF8012,S-XOF8012,DINR-20260626
9812,5,104.030,1111,IUM26,S,25-Jun-2026,14:38:36,104.03,SGX,XOF8012,XOF8012,IUM26
9812,1,104.03,1111,DINR,B,25-Jun-2026,14:38:36,104.04,DGCX,S-XOF8012,S-XOF8012,DINR-20260626
9812,1,104.03,1111,DINR,B,25-Jun-2026,14:38:36,104.04,DGCX,S-XOF8012,S-XOF8012,DINR-20260626
9812,1,104.04,1111,DINR,B,25-Jun-2026,14:38:36,104.04,DGCX,S-XOF8012,S-XOF8012,DINR-20260626
9812,1,104.04,1111,DINR,B,25-Jun-2026,14:38:36,104.04,DGCX,S-XOF8012,S-XOF8012,DINR-20260626
9812,1,104.04,1111,DINR,B,25-Jun-2026,14:38:57,104.04,DGCX,S-XOF8012,S-XOF8012,DINR-20260626
9812,5,104.040,1111,IUM26,S,25-Jun-2026,14:38:59,104.04,SGX,XOF8012,XOF8012,IUM26
9812,1,104.04,1111,DINR,B,25-Jun-2026,14:38:59,104.05,DGCX,S-XOF8012,S-XOF8012,DINR-20260626
9812,1,104.05,1111,DINR,B,25-Jun-2026,14:38:59,104.05,DGCX,S-XOF8012,S-XOF8012,DINR-20260626
9812,1,104.05,1111,DINR,B,25-Jun-2026,14:38:59,104.05,DGCX,S-XOF8012,S-XOF8012,DINR-20260626
9812,1,104.05,1111,DINR,B,25-Jun-2026,14:39:08,104.05,DGCX,S-XOF8012,S-XOF8012,DINR-20260626
9812,1,104.05,1111,DINR,B,25-Jun-2026,14:39:08,104.05,DGCX,S-XOF8012,S-XOF8012,DINR-20260626
9812,5,104.400,1111,IUK26,B,26-May-2026,14:40:14,104.39,SGX,XOF8012,XOF8012,IUK26
9812,5,104.41,1111,DINR,S,26-May-2026,14:40:14,104.41,DGCX,S-XOF8012,S-XOF8012,DINR-20260527
9816,3,-0.370,1111,IUK26-IUM26,B,26-May-2026,14:45:00,-0.37,SGX,XOF8016,XOF8016,IUK26-IUM26
9816,3,104.390,1111,IUK26,S,26-May-2026,14:45:00,104.38,SGX,XOF8016,XOF8016,IUK26
9816,3,104.020,1111,IUM26,B,25-Jun-2026,14:45:00,104.02,SGX,XOF8016,XOF8016,IUM26
9812,1,104.390,1111,IUK26,S,26-May-2026,14:57:40,104.39,SGX,XOF8012,XOF8012,IUK26
9812,3,104.390,1111,IUK26,S,26-May-2026,14:57:40,104.39,SGX,XOF8012,XOF8012,IUK26
9812,1,104.40,1111,DINR,B,26-May-2026,14:57:45,104.4,DGCX,S-XOF8012,S-XOF8012,DINR-20260527
9812,1,104.40,1111,DINR,B,26-May-2026,14:57:45,104.4,DGCX,S-XOF8012,S-XOF8012,DINR-20260527
9812,1,104.40,1111,DINR,B,26-May-2026,14:57:46,104.4,DGCX,S-XOF8012,S-XOF8012,DINR-20260527
9812,1,104.40,1111,DINR,B,26-May-2026,14:57:46,104.4,DGCX,S-XOF8012,S-XOF8012,DINR-20260527
9816,1,-0.370,1111,IUK26-IUM26,B,26-May-2026,15:00:36,-0.37,SGX,XOF8016,XOF8016,IUK26-IUM26
9816,1,104.380,1111,IUK26,S,26-May-2026,15:00:36,104.38,SGX,XOF8016,XOF8016,IUK26
9816,1,104.010,1111,IUM26,B,25-Jun-2026,15:00:36,104.01,SGX,XOF8016,XOF8016,IUM26
9812,1,104.000,1111,IUM26,B,25-Jun-2026,15:06:09,104.01,SGX,XOF8012,XOF8012,IUM26
9812,4,104.000,1111,IUM26,B,25-Jun-2026,15:06:09,104.01,SGX,XOF8012,XOF8012,IUM26
9812,1,104.00,1111,DINR,S,25-Jun-2026,15:06:09,104,DGCX,S-XOF8012,S-XOF8012,DINR-20260626
9812,4,104.00,1111,DINR,S,25-Jun-2026,15:06:09,104,DGCX,S-XOF8012,S-XOF8012,DINR-20260626
9816,59,-0.370,1111,IUK26-IUM26,B,26-May-2026,15:12:42,-0.37,SGX,XOF8016,XOF8016,IUK26-IUM26
9816,59,104.400,1111,IUK26,S,26-May-2026,15:12:42,104.41,SGX,XOF8016,XOF8016,IUK26
9816,59,104.030,1111,IUM26,B,25-Jun-2026,15:12:42,104.03,SGX,XOF8016,XOF8016,IUM26
9816,9,-0.370,1111,IUK26-IUM26,B,26-May-2026,15:12:57,-0.37,SGX,XOF8016,XOF8016,IUK26-IUM26
9816,9,104.400,1111,IUK26,S,26-May-2026,15:12:57,104.4,SGX,XOF8016,XOF8016,IUK26
9816,9,104.030,1111,IUM26,B,25-Jun-2026,15:12:57,104.03,SGX,XOF8016,XOF8016,IUM26
9812,5,104.410,1111,IUK26,S,26-May-2026,15:13:04,104.42,SGX,XOF8012,XOF8012,IUK26
9816,13,-0.370,1111,IUK26-IUM26,B,26-May-2026,15:13:04,-0.37,SGX,XOF8016,XOF8016,IUK26-IUM26
9816,13,104.410,1111,IUK26,S,26-May-2026,15:13:04,104.42,SGX,XOF8016,XOF8016,IUK26
9816,13,104.040,1111,IUM26,B,25-Jun-2026,15:13:04,104.04,SGX,XOF8016,XOF8016,IUM26
9812,1,104.43,1111,DINR,B,26-May-2026,15:13:04,104.43,DGCX,S-XOF8012,S-XOF8012,DINR-20260527
9812,1,104.43,1111,DINR,B,26-May-2026,15:13:04,104.43,DGCX,S-XOF8012,S-XOF8012,DINR-20260527
9812,1,104.43,1111,DINR,B,26-May-2026,15:13:04,104.43,DGCX,S-XOF8012,S-XOF8012,DINR-20260527
9812,1,104.420,1111,IUK26,S,26-May-2026,15:13:04,104.42,SGX,XOF8012,XOF8012,IUK26
9812,4,104.420,1111,IUK26,S,26-May-2026,15:13:04,104.42,SGX,XOF8012,XOF8012,IUK26
9812,1,104.43,1111,DINR,B,26-May-2026,15:13:04,104.43,DGCX,S-XOF8012,S-XOF8012,DINR-20260527
9812,5,104.040,1111,IUM26,B,25-Jun-2026,15:13:37,104.04,SGX,XOF8012,XOF8012,IUM26
9812,1,104.43,1111,DINR,B,26-May-2026,15:13:37,104.43,DGCX,S-XOF8012,S-XOF8012,DINR-20260527
9812,1,104.43,1111,DINR,B,26-May-2026,15:13:37,104.43,DGCX,S-XOF8012,S-XOF8012,DINR-20260527
9812,2,104.43,1111,DINR,B,26-May-2026,15:13:37,104.43,DGCX,S-XOF8012,S-XOF8012,DINR-20260527
9812,2,104.43,1111,DINR,B,26-May-2026,15:13:37,104.43,DGCX,S-XOF8012,S-XOF8012,DINR-20260527
9812,1,104.04,1111,DINR,S,25-Jun-2026,15:13:37,104.04,DGCX,S-XOF8012,S-XOF8012,DINR-20260626
9816,15,-0.370,1111,IUK26-IUM26,B,26-May-2026,15:13:42,-0.37,SGX,XOF8016,XOF8016,IUK26-IUM26
9816,15,104.400,1111,IUK26,S,26-May-2026,15:13:42,104.4,SGX,XOF8016,XOF8016,IUK26
9816,15,104.030,1111,IUM26,B,25-Jun-2026,15:13:42,104.03,SGX,XOF8016,XOF8016,IUM26
9813,29,-0.370,1111,IUK26-IUM26,B,26-May-2026,15:13:42,-0.37,SGX,XOF8013,XOF8013,IUK26-IUM26
9813,29,104.400,1111,IUK26,S,26-May-2026,15:13:42,104.4,SGX,XOF8013,XOF8013,IUK26
9813,29,104.030,1111,IUM26,B,25-Jun-2026,15:13:42,104.03,SGX,XOF8013,XOF8013,IUM26
9813,5,-0.370,1111,IUK26-IUM26,B,26-May-2026,15:15:48,-0.37,SGX,XOF8013,XOF8013,IUK26-IUM26
9813,5,104.400,1111,IUK26,S,26-May-2026,15:15:48,104.4,SGX,XOF8013,XOF8013,IUK26
9813,5,104.030,1111,IUM26,B,25-Jun-2026,15:15:48,104.03,SGX,XOF8013,XOF8013,IUM26
9813,4,-0.370,1111,IUK26-IUM26,B,26-May-2026,15:15:48,-0.37,SGX,XOF8013,XOF8013,IUK26-IUM26
9813,4,104.400,1111,IUK26,S,26-May-2026,15:15:48,104.4,SGX,XOF8013,XOF8013,IUK26
9813,4,104.030,1111,IUM26,B,25-Jun-2026,15:15:48,104.03,SGX,XOF8013,XOF8013,IUM26
9816,13,104.030,1111,IUM26,B,25-Jun-2026,15:16:00,104.03,SGX,XOF8016,XOF8016,IUM26
9816,7,104.030,1111,IUM26,B,25-Jun-2026,15:16:00,104.03,SGX,XOF8016,XOF8016,IUM26
9816,2,104.400,1111,IUK26,S,26-May-2026,15:16:06,104.4,SGX,XOF8016,XOF8016,IUK26
9816,4,104.400,1111,IUK26,S,26-May-2026,15:16:09,104.4,SGX,XOF8016,XOF8016,IUK26
9816,1,104.400,1111,IUK26,S,26-May-2026,15:16:19,104.4,SGX,XOF8016,XOF8016,IUK26
9816,13,104.400,1111,IUK26,S,26-May-2026,15:16:19,104.4,SGX,XOF8016,XOF8016,IUK26
9812,5,104.040,1111,IUM26,S,25-Jun-2026,15:16:37,104.05,SGX,XOF8012,XOF8012,IUM26
9812,4,104.04,1111,DINR,B,25-Jun-2026,15:16:37,104.04,DGCX,S-XOF8012,S-XOF8012,DINR-20260626
9812,4,104.04,1111,DINR,S,25-Jun-2026,15:16:37,104.04,DGCX,S-XOF8012,S-XOF8012,DINR-20260626
9817,3,104.44,1111,DINR,S,26-May-2026,15:18:39,104.44,DGCX,S-XOF8017,S-XOF8017,DINR-20260527
9817,3,104.44,1111,DINR,S,26-May-2026,15:18:39,104.44,DGCX,S-XOF8017,S-XOF8017,DINR-20260527
9817,1,104.44,1111,DINR,S,26-May-2026,15:18:39,104.44,DGCX,S-XOF8017,S-XOF8017,DINR-20260527
9817,3,104.420,1111,IUK26,B,26-May-2026,15:18:39,104.41,SGX,XOF8017,XOF8017,IUK26
9817,3,104.420,1111,IUK26,B,26-May-2026,15:18:39,104.41,SGX,XOF8017,XOF8017,IUK26
9817,1,104.420,1111,IUK26,B,26-May-2026,15:18:39,104.41,SGX,XOF8017,XOF8017,IUK26
9813,1,-0.370,1111,IUK26-IUM26,B,26-May-2026,15:18:39,-0.37,SGX,XOF8013,XOF8013,IUK26-IUM26
9813,1,104.420,1111,IUK26,S,26-May-2026,15:18:39,104.41,SGX,XOF8013,XOF8013,IUK26
9813,1,104.050,1111,IUM26,B,25-Jun-2026,15:18:39,104.05,SGX,XOF8013,XOF8013,IUM26
9812,1,104.040,1111,IUM26,B,25-Jun-2026,15:18:42,104.04,SGX,XOF8012,XOF8012,IUM26
9812,4,104.040,1111,IUM26,B,25-Jun-2026,15:18:42,104.04,SGX,XOF8012,XOF8012,IUM26
9812,1,104.05,1111,DINR,S,25-Jun-2026,15:18:42,104.04,DGCX,S-XOF8012,S-XOF8012,DINR-20260626
9812,1,104.05,1111,DINR,B,25-Jun-2026,15:18:42,104.04,DGCX,S-XOF8012,S-XOF8012,DINR-20260626
9812,1,104.04,1111,DINR,S,25-Jun-2026,15:18:42,104.04,DGCX,S-XOF8012,S-XOF8012,DINR-20260626
9812,5,104.040,1111,IUM26,S,25-Jun-2026,15:18:58,104.04,SGX,XOF8012,XOF8012,IUM26
9813,6,-0.370,1111,IUK26-IUM26,B,26-May-2026,15:18:58,-0.37,SGX,XOF8013,XOF8013,IUK26-IUM26
9813,6,104.410,1111,IUK26,S,26-May-2026,15:18:58,104.42,SGX,XOF8013,XOF8013,IUK26
9813,6,104.040,1111,IUM26,B,25-Jun-2026,15:18:58,104.04,SGX,XOF8013,XOF8013,IUM26
9812,3,104.04,1111,DINR,B,25-Jun-2026,15:18:58,104.04,DGCX,S-XOF8012,S-XOF8012,DINR-20260626
9812,3,104.04,1111,DINR,S,25-Jun-2026,15:18:58,104.04,DGCX,S-XOF8012,S-XOF8012,DINR-20260626
9813,1,-0.370,1111,IUK26-IUM26,B,26-May-2026,15:19:28,-0.37,SGX,XOF8013,XOF8013,IUK26-IUM26
9813,1,104.420,1111,IUK26,S,26-May-2026,15:19:28,104.42,SGX,XOF8013,XOF8013,IUK26
9813,1,104.050,1111,IUM26,B,25-Jun-2026,15:19:28,104.05,SGX,XOF8013,XOF8013,IUM26
9819,5,104.45,1111,DINR,S,26-May-2026,15:20:10,104.45,DGCX,S-XOF8019,S-XOF8019,DINR-20260527
9819,1,104.45,1111,DINR,S,26-May-2026,15:20:10,104.45,DGCX,S-XOF8019,S-XOF8019,DINR-20260527
9819,5,104.430,1111,IUK26,B,26-May-2026,15:20:10,104.43,SGX,XOF8019,XOF8019,IUK26
9819,1,104.430,1111,IUK26,B,26-May-2026,15:20:10,104.43,SGX,XOF8019,XOF8019,IUK26
9819,5,104.45,1111,DINR,S,26-May-2026,15:20:31,104.45,DGCX,S-XOF8019,S-XOF8019,DINR-20260527
9819,5,104.430,1111,IUK26,B,26-May-2026,15:20:31,104.43,SGX,XOF8019,XOF8019,IUK26
9812,5,104.050,1111,IUM26,B,25-Jun-2026,15:20:36,104.05,SGX,XOF8012,XOF8012,IUM26
9813,54,-0.370,1111,IUK26-IUM26,B,26-May-2026,15:20:36,-0.37,SGX,XOF8013,XOF8013,IUK26-IUM26
9813,54,104.420,1111,IUK26,S,26-May-2026,15:20:36,104.43,SGX,XOF8013,XOF8013,IUK26
9813,54,104.050,1111,IUM26,B,25-Jun-2026,15:20:36,104.05,SGX,XOF8013,XOF8013,IUM26
9812,2,104.06,1111,DINR,S,25-Jun-2026,15:20:36,104.05,DGCX,S-XOF8012,S-XOF8012,DINR-20260626
9812,2,104.06,1111,DINR,B,25-Jun-2026,15:20:36,104.05,DGCX,S-XOF8012,S-XOF8012,DINR-20260626
9812,3,104.05,1111,DINR,S,25-Jun-2026,15:20:36,104.05,DGCX,S-XOF8012,S-XOF8012,DINR-20260626
9812,3,104.050,1111,IUM26,B,25-Jun-2026,15:20:36,104.05,SGX,XOF8012,XOF8012,IUM26
9812,1,104.05,1111,DINR,S,25-Jun-2026,15:20:36,104.05,DGCX,S-XOF8012,S-XOF8012,DINR-20260626
9812,1,104.05,1111,DINR,S,25-Jun-2026,15:20:36,104.05,DGCX,S-XOF8012,S-XOF8012,DINR-20260626
9812,1,104.05,1111,DINR,S,25-Jun-2026,15:20:36,104.05,DGCX,S-XOF8012,S-XOF8012,DINR-20260626
9819,1,104.05,1111,DINR,B,25-Jun-2026,15:20:36,104.05,DGCX,S-XOF8019,S-XOF8019,DINR-20260626
9819,1,104.050,1111,IUM26,S,25-Jun-2026,15:20:36,104.05,SGX,XOF8019,XOF8019,IUM26
9812,5,104.040,1111,IUM26,B,25-Jun-2026,15:20:56,104.04,SGX,XOF8012,XOF8012,IUM26
9812,4,104.04,1111,DINR,S,25-Jun-2026,15:20:56,104.04,DGCX,S-XOF8012,S-XOF8012,DINR-20260626
9819,4,104.04,1111,DINR,B,25-Jun-2026,15:20:56,104.04,DGCX,S-XOF8019,S-XOF8019,DINR-20260626
9812,1,104.04,1111,DINR,S,25-Jun-2026,15:20:56,104.04,DGCX,S-XOF8012,S-XOF8012,DINR-20260626
9819,1,104.040,1111,IUM26,S,25-Jun-2026,15:20:56,104.04,SGX,XOF8019,XOF8019,IUM26
9819,3,104.040,1111,IUM26,S,25-Jun-2026,15:20:56,104.04,SGX,XOF8019,XOF8019,IUM26
9813,3,-0.370,1111,IUK26-IUM26,B,26-May-2026,15:21:55,-0.37,SGX,XOF8013,XOF8013,IUK26-IUM26
9813,3,104.410,1111,IUK26,S,26-May-2026,15:21:55,104.41,SGX,XOF8013,XOF8013,IUK26
9813,3,104.040,1111,IUM26,B,25-Jun-2026,15:21:55,104.04,SGX,XOF8013,XOF8013,IUM26
9813,5,-0.370,1111,IUK26-IUM26,B,26-May-2026,15:21:55,-0.37,SGX,XOF8013,XOF8013,IUK26-IUM26
9813,5,104.410,1111,IUK26,S,26-May-2026,15:21:55,104.41,SGX,XOF8013,XOF8013,IUK26
9813,5,104.040,1111,IUM26,B,25-Jun-2026,15:21:55,104.04,SGX,XOF8013,XOF8013,IUM26
9818,5,104.43,1111,DINR,S,26-May-2026,15:21:55,104.43,DGCX,S-XOF8018,S-XOF8018,DINR-20260527
9817,1,104.43,1111,DINR,S,26-May-2026,15:21:55,104.43,DGCX,S-XOF8017,S-XOF8017,DINR-20260527
9818,1,104.410,1111,IUK26,B,26-May-2026,15:21:55,104.41,SGX,XOF8018,XOF8018,IUK26
9818,5,104.43,1111,DINR,S,26-May-2026,15:21:55,104.43,DGCX,S-XOF8018,S-XOF8018,DINR-20260527
9818,2,104.43,1111,DINR,S,26-May-2026,15:21:55,104.43,DGCX,S-XOF8018,S-XOF8018,DINR-20260527
9818,5,104.43,1111,DINR,S,26-May-2026,15:21:55,104.43,DGCX,S-XOF8018,S-XOF8018,DINR-20260527
9818,1,104.43,1111,DINR,S,26-May-2026,15:21:55,104.43,DGCX,S-XOF8018,S-XOF8018,DINR-20260527
9819,5,104.43,1111,DINR,S,26-May-2026,15:21:55,104.43,DGCX,S-XOF8019,S-XOF8019,DINR-20260527
9819,5,104.43,1111,DINR,S,26-May-2026,15:21:55,104.43,DGCX,S-XOF8019,S-XOF8019,DINR-20260527
9819,5,104.43,1111,DINR,S,26-May-2026,15:21:55,104.43,DGCX,S-XOF8019,S-XOF8019,DINR-20260527
9818,1,104.43,1111,DINR,S,26-May-2026,15:21:55,104.43,DGCX,S-XOF8018,S-XOF8018,DINR-20260527
9819,5,104.43,1111,DINR,S,26-May-2026,15:21:55,104.43,DGCX,S-XOF8019,S-XOF8019,DINR-20260527
9819,5,104.43,1111,DINR,S,26-May-2026,15:21:55,104.43,DGCX,S-XOF8019,S-XOF8019,DINR-20260527
9817,2,104.43,1111,DINR,S,26-May-2026,15:21:55,104.43,DGCX,S-XOF8017,S-XOF8017,DINR-20260527
9818,4,104.410,1111,IUK26,B,26-May-2026,15:21:56,104.41,SGX,XOF8018,XOF8018,IUK26
9817,1,104.410,1111,IUK26,B,26-May-2026,15:21:56,104.41,SGX,XOF8017,XOF8017,IUK26
9818,5,104.410,1111,IUK26,B,26-May-2026,15:21:56,104.41,SGX,XOF8018,XOF8018,IUK26
9818,2,104.410,1111,IUK26,B,26-May-2026,15:21:56,104.41,SGX,XOF8018,XOF8018,IUK26
9818,5,104.410,1111,IUK26,B,26-May-2026,15:21:56,104.41,SGX,XOF8018,XOF8018,IUK26
9818,1,104.410,1111,IUK26,B,26-May-2026,15:21:56,104.41,SGX,XOF8018,XOF8018,IUK26
9819,5,104.410,1111,IUK26,B,26-May-2026,15:21:56,104.41,SGX,XOF8019,XOF8019,IUK26
9819,5,104.410,1111,IUK26,B,26-May-2026,15:21:56,104.41,SGX,XOF8019,XOF8019,IUK26
9819,5,104.410,1111,IUK26,B,26-May-2026,15:21:56,104.41,SGX,XOF8019,XOF8019,IUK26
9818,1,104.410,1111,IUK26,B,26-May-2026,15:21:56,104.41,SGX,XOF8018,XOF8018,IUK26
9819,5,104.410,1111,IUK26,B,26-May-2026,15:21:56,104.41,SGX,XOF8019,XOF8019,IUK26
9819,5,104.410,1111,IUK26,B,26-May-2026,15:21:56,104.41,SGX,XOF8019,XOF8019,IUK26
9817,2,104.410,1111,IUK26,B,26-May-2026,15:21:56,104.41,SGX,XOF8017,XOF8017,IUK26
9819,5,104.43,1111,DINR,S,26-May-2026,15:22:01,104.43,DGCX,S-XOF8019,S-XOF8019,DINR-20260527
9819,5,104.410,1111,IUK26,B,26-May-2026,15:22:01,104.41,SGX,XOF8019,XOF8019,IUK26
9818,3,104.43,1111,DINR,S,26-May-2026,15:22:01,104.43,DGCX,S-XOF8018,S-XOF8018,DINR-20260527
9818,3,104.410,1111,IUK26,B,26-May-2026,15:22:01,104.41,SGX,XOF8018,XOF8018,IUK26
9813,36,-0.370,1111,IUK26-IUM26,B,26-May-2026,15:22:16,-0.37,SGX,XOF8013,XOF8013,IUK26-IUM26
9813,36,104.410,1111,IUK26,S,26-May-2026,15:22:16,104.41,SGX,XOF8013,XOF8013,IUK26
9813,36,104.040,1111,IUM26,B,25-Jun-2026,15:22:16,104.04,SGX,XOF8013,XOF8013,IUM26
9813,6,-0.370,1111,IUK26-IUM26,B,26-May-2026,15:22:23,-0.37,SGX,XOF8013,XOF8013,IUK26-IUM26
9813,6,104.400,1111,IUK26,S,26-May-2026,15:22:23,104.4,SGX,XOF8013,XOF8013,IUK26
9813,6,104.030,1111,IUM26,B,25-Jun-2026,15:22:23,104.03,SGX,XOF8013,XOF8013,IUM26
9813,14,-0.370,1111,IUK26-IUM26,B,26-May-2026,15:23:29,-0.37,SGX,XOF8013,XOF8013,IUK26-IUM26
9813,14,104.400,1111,IUK26,S,26-May-2026,15:23:29,104.4,SGX,XOF8013,XOF8013,IUK26
9813,14,104.030,1111,IUM26,B,25-Jun-2026,15:23:29,104.03,SGX,XOF8013,XOF8013,IUM26
9813,27,-0.370,1111,IUK26-IUM26,B,26-May-2026,15:23:42,-0.37,SGX,XOF8013,XOF8013,IUK26-IUM26
9813,27,104.410,1111,IUK26,S,26-May-2026,15:23:42,104.41,SGX,XOF8013,XOF8013,IUK26
9813,27,104.040,1111,IUM26,B,25-Jun-2026,15:23:42,104.04,SGX,XOF8013,XOF8013,IUM26
9813,2,-0.370,1111,IUK26-IUM26,B,26-May-2026,15:24:20,-0.37,SGX,XOF8013,XOF8013,IUK26-IUM26
9813,2,104.430,1111,IUK26,S,26-May-2026,15:24:20,104.43,SGX,XOF8013,XOF8013,IUK26
9813,2,104.060,1111,IUM26,B,25-Jun-2026,15:24:20,104.06,SGX,XOF8013,XOF8013,IUM26
9813,7,-0.370,1111,IUK26-IUM26,B,26-May-2026,15:24:48,-0.37,SGX,XOF8013,XOF8013,IUK26-IUM26
9813,7,104.430,1111,IUK26,S,26-May-2026,15:24:48,104.42,SGX,XOF8013,XOF8013,IUK26
9813,7,104.060,1111,IUM26,B,25-Jun-2026,15:24:48,104.06,SGX,XOF8013,XOF8013,IUM26
9813,9,-0.370,1111,IUK26-IUM26,S,26-May-2026,15:25:49,-0.37,SGX,XOF8013,XOF8013,IUK26-IUM26
9813,9,104.420,1111,IUK26,B,26-May-2026,15:25:49,104.41,SGX,XOF8013,XOF8013,IUK26
9813,9,104.050,1111,IUM26,S,25-Jun-2026,15:25:49,104.04,SGX,XOF8013,XOF8013,IUM26
9819,5,104.44,1111,DINR,S,26-May-2026,15:26:02,104.44,DGCX,S-XOF8019,S-XOF8019,DINR-20260527
9819,5,104.420,1111,IUK26,B,26-May-2026,15:26:02,104.4,SGX,XOF8019,XOF8019,IUK26
9818,5,104.44,1111,DINR,S,26-May-2026,15:26:02,104.44,DGCX,S-XOF8018,S-XOF8018,DINR-20260527
9818,5,104.420,1111,IUK26,B,26-May-2026,15:26:02,104.4,SGX,XOF8018,XOF8018,IUK26
9818,5,104.44,1111,DINR,S,26-May-2026,15:26:02,104.44,DGCX,S-XOF8018,S-XOF8018,DINR-20260527
9818,2,104.44,1111,DINR,S,26-May-2026,15:26:02,104.44,DGCX,S-XOF8018,S-XOF8018,DINR-20260527
9818,5,104.44,1111,DINR,S,26-May-2026,15:26:02,104.44,DGCX,S-XOF8018,S-XOF8018,DINR-20260527
9818,5,104.420,1111,IUK26,B,26-May-2026,15:26:02,104.4,SGX,XOF8018,XOF8018,IUK26
9818,2,104.420,1111,IUK26,B,26-May-2026,15:26:02,104.4,SGX,XOF8018,XOF8018,IUK26
9818,5,104.420,1111,IUK26,B,26-May-2026,15:26:02,104.4,SGX,XOF8018,XOF8018,IUK26
9818,1,104.44,1111,DINR,S,26-May-2026,15:26:02,104.44,DGCX,S-XOF8018,S-XOF8018,DINR-20260527
9818,1,104.44,1111,DINR,S,26-May-2026,15:26:02,104.44,DGCX,S-XOF8018,S-XOF8018,DINR-20260527
9818,1,104.420,1111,IUK26,B,26-May-2026,15:26:02,104.4,SGX,XOF8018,XOF8018,IUK26
9818,2,104.44,1111,DINR,S,26-May-2026,15:26:02,104.44,DGCX,S-XOF8018,S-XOF8018,DINR-20260527
9818,1,104.420,1111,IUK26,B,26-May-2026,15:26:02,104.4,SGX,XOF8018,XOF8018,IUK26
9818,2,104.420,1111,IUK26,B,26-May-2026,15:26:02,104.4,SGX,XOF8018,XOF8018,IUK26
9812,5,104.400,1111,IUK26,B,26-May-2026,15:26:04,104.4,SGX,XOF8012,XOF8012,IUK26
9812,5,104.42,1111,DINR,S,26-May-2026,15:26:06,104.42,DGCX,S-XOF8012,S-XOF8012,DINR-20260527
9817,4,104.43,1111,DINR,S,26-May-2026,15:26:21,104.43,DGCX,S-XOF8017,S-XOF8017,DINR-20260527
9817,4,104.410,1111,IUK26,B,26-May-2026,15:26:21,104.41,SGX,XOF8017,XOF8017,IUK26
9817,1,104.43,1111,DINR,S,26-May-2026,15:26:32,104.43,DGCX,S-XOF8017,S-XOF8017,DINR-20260527
9817,1,104.410,1111,IUK26,B,26-May-2026,15:26:32,104.41,SGX,XOF8017,XOF8017,IUK26
9817,3,104.43,1111,DINR,S,26-May-2026,15:26:32,104.43,DGCX,S-XOF8017,S-XOF8017,DINR-20260527
9817,3,104.43,1111,DINR,S,26-May-2026,15:26:32,104.43,DGCX,S-XOF8017,S-XOF8017,DINR-20260527
9817,3,104.410,1111,IUK26,B,26-May-2026,15:26:32,104.41,SGX,XOF8017,XOF8017,IUK26
9817,3,104.410,1111,IUK26,B,26-May-2026,15:26:32,104.41,SGX,XOF8017,XOF8017,IUK26
9817,2,104.40,1111,DINR,B,26-May-2026,15:27:19,104.4,DGCX,S-XOF8017,S-XOF8017,DINR-20260527
9817,2,104.400,1111,IUK26,S,26-May-2026,15:27:19,104.39,SGX,XOF8017,XOF8017,IUK26
9818,3,104.49,1111,DINR,S,26-May-2026,15:42:03,104.49,DGCX,S-XOF8018,S-XOF8018,DINR-20260527
9818,3,104.470,1111,IUK26,B,26-May-2026,15:42:03,104.47,SGX,XOF8018,XOF8018,IUK26
9818,2,104.49,1111,DINR,S,26-May-2026,15:42:06,104.49,DGCX,S-XOF8018,S-XOF8018,DINR-20260527
9818,5,104.49,1111,DINR,S,26-May-2026,15:42:06,104.49,DGCX,S-XOF8018,S-XOF8018,DINR-20260527
9818,3,104.49,1111,DINR,S,26-May-2026,15:42:06,104.49,DGCX,S-XOF8018,S-XOF8018,DINR-20260527
9818,2,104.470,1111,IUK26,B,26-May-2026,15:42:06,104.47,SGX,XOF8018,XOF8018,IUK26
9818,5,104.470,1111,IUK26,B,26-May-2026,15:42:06,104.47,SGX,XOF8018,XOF8018,IUK26
9818,3,104.470,1111,IUK26,B,26-May-2026,15:42:06,104.47,SGX,XOF8018,XOF8018,IUK26
9818,2,104.49,1111,DINR,S,26-May-2026,15:42:08,104.49,DGCX,S-XOF8018,S-XOF8018,DINR-20260527
9819,3,104.49,1111,DINR,S,26-May-2026,15:42:08,104.49,DGCX,S-XOF8019,S-XOF8019,DINR-20260527
9818,2,104.470,1111,IUK26,B,26-May-2026,15:42:08,104.46,SGX,XOF8018,XOF8018,IUK26
9819,3,104.470,1111,IUK26,B,26-May-2026,15:42:08,104.46,SGX,XOF8019,XOF8019,IUK26
9819,5,104.46,1111,DINR,S,26-May-2026,15:43:11,104.46,DGCX,S-XOF8019,S-XOF8019,DINR-20260527
9819,5,104.46,1111,DINR,S,26-May-2026,15:43:11,104.46,DGCX,S-XOF8019,S-XOF8019,DINR-20260527
9819,1,104.440,1111,IUK26,B,26-May-2026,15:43:11,104.45,SGX,XOF8019,XOF8019,IUK26
9819,4,104.440,1111,IUK26,B,26-May-2026,15:43:11,104.45,SGX,XOF8019,XOF8019,IUK26
9819,4,104.440,1111,IUK26,B,26-May-2026,15:43:11,104.45,SGX,XOF8019,XOF8019,IUK26
9819,1,104.440,1111,IUK26,B,26-May-2026,15:43:11,104.45,SGX,XOF8019,XOF8019,IUK26
9819,5,104.48,1111,DINR,S,26-May-2026,15:44:56,104.48,DGCX,S-XOF8019,S-XOF8019,DINR-20260527
9818,5,104.48,1111,DINR,S,26-May-2026,15:44:56,104.48,DGCX,S-XOF8018,S-XOF8018,DINR-20260527
9819,5,104.460,1111,IUK26,B,26-May-2026,15:44:56,104.46,SGX,XOF8019,XOF8019,IUK26
9818,5,104.460,1111,IUK26,B,26-May-2026,15:44:56,104.46,SGX,XOF8018,XOF8018,IUK26
9817,3,104.45,1111,DINR,S,26-May-2026,15:56:20,104.45,DGCX,S-XOF8017,S-XOF8017,DINR-20260527
9818,5,104.45,1111,DINR,S,26-May-2026,15:56:20,104.45,DGCX,S-XOF8018,S-XOF8018,DINR-20260527
9818,5,104.45,1111,DINR,S,26-May-2026,15:56:20,104.45,DGCX,S-XOF8018,S-XOF8018,DINR-20260527
9817,3,104.430,1111,IUK26,B,26-May-2026,15:56:20,104.43,SGX,XOF8017,XOF8017,IUK26
9818,5,104.45,1111,DINR,S,26-May-2026,15:56:20,104.45,DGCX,S-XOF8018,S-XOF8018,DINR-20260527
9819,5,104.45,1111,DINR,S,26-May-2026,15:56:20,104.45,DGCX,S-XOF8019,S-XOF8019,DINR-20260527
9819,5,104.45,1111,DINR,S,26-May-2026,15:56:20,104.45,DGCX,S-XOF8019,S-XOF8019,DINR-20260527
9819,2,104.45,1111,DINR,S,26-May-2026,15:56:20,104.45,DGCX,S-XOF8019,S-XOF8019,DINR-20260527
9818,4,104.430,1111,IUK26,B,26-May-2026,15:56:24,104.43,SGX,XOF8018,XOF8018,IUK26
9818,1,104.430,1111,IUK26,B,26-May-2026,15:56:24,104.43,SGX,XOF8018,XOF8018,IUK26
9818,3,104.430,1111,IUK26,B,26-May-2026,15:56:24,104.43,SGX,XOF8018,XOF8018,IUK26
9818,2,104.430,1111,IUK26,B,26-May-2026,15:56:24,104.43,SGX,XOF8018,XOF8018,IUK26
9819,2,104.430,1111,IUK26,B,26-May-2026,15:56:24,104.43,SGX,XOF8019,XOF8019,IUK26
9819,3,104.430,1111,IUK26,B,26-May-2026,15:56:24,104.43,SGX,XOF8019,XOF8019,IUK26
9818,1,104.430,1111,IUK26,B,26-May-2026,15:56:25,104.43,SGX,XOF8018,XOF8018,IUK26
9818,3,104.430,1111,IUK26,B,26-May-2026,15:56:25,104.43,SGX,XOF8018,XOF8018,IUK26
9818,1,104.430,1111,IUK26,B,26-May-2026,15:56:28,104.43,SGX,XOF8018,XOF8018,IUK26
9819,2,104.430,1111,IUK26,B,26-May-2026,15:56:28,104.43,SGX,XOF8019,XOF8019,IUK26
9819,1,104.430,1111,IUK26,B,26-May-2026,15:56:28,104.43,SGX,XOF8019,XOF8019,IUK26
9819,4,104.430,1111,IUK26,B,26-May-2026,15:56:28,104.43,SGX,XOF8019,XOF8019,IUK26
9819,200,-0.370,1111,IUK26-IUM26,S,26-May-2026,16:04:05,-0.37,SGX,XOF8019,XOF8019,IUK26-IUM26
9819,200,104.400,1111,IUK26,B,26-May-2026,16:04:05,104.41,SGX,XOF8019,XOF8019,IUK26
9819,200,104.030,1111,IUM26,S,25-Jun-2026,16:04:05,104.03,SGX,XOF8019,XOF8019,IUM26
9000,6,-0.0131,1111,UCK26-UCM26,S,18-May-2026,16:09:10,-0.0131,SGX,XOB8000,XOB8000,UCK26-UCM26
9000,6,6.7691,1111,UCM26,S,15-Jun-2026,16:09:10,0,SGX,XOB8000,XOB8000,UCM26
9000,6,6.7822,1111,UCK26,B,18-May-2026,16:09:10,0,SGX,XOB8000,XOB8000,UCK26
9000,35,-0.0131,1111,UCK26-UCM26,S,18-May-2026,16:09:10,-0.0131,SGX,XOB8000,XOB8000,UCK26-UCM26
9000,35,6.7691,1111,UCM26,S,15-Jun-2026,16:09:10,0,SGX,XOB8000,XOB8000,UCM26
9000,35,6.7822,1111,UCK26,B,18-May-2026,16:09:10,0,SGX,XOB8000,XOB8000,UCK26
9000,30,-0.0131,1111,UCK26-UCM26,S,18-May-2026,16:09:10,-0.0131,SGX,XOB8000,XOB8000,UCK26-UCM26
9000,30,6.7691,1111,UCM26,S,15-Jun-2026,16:09:10,0,SGX,XOB8000,XOB8000,UCM26
9000,30,6.7822,1111,UCK26,B,18-May-2026,16:09:10,0,SGX,XOB8000,XOB8000,UCK26
9000,66,-0.0131,1111,UCK26-UCM26,S,18-May-2026,16:09:10,-0.0131,SGX,XOB8000,XOB8000,UCK26-UCM26
9000,66,6.7691,1111,UCM26,S,15-Jun-2026,16:09:10,0,SGX,XOB8000,XOB8000,UCM26
9000,66,6.7822,1111,UCK26,B,18-May-2026,16:09:10,0,SGX,XOB8000,XOB8000,UCK26
9000,30,-0.0131,1111,UCK26-UCM26,B,18-May-2026,16:09:11,-0.0131,SGX,XOB8000,XOB8000,UCK26-UCM26
9000,30,6.7691,1111,UCM26,B,15-Jun-2026,16:09:11,0,SGX,XOB8000,XOB8000,UCM26
9000,30,6.7822,1111,UCK26,S,18-May-2026,16:09:11,0,SGX,XOB8000,XOB8000,UCK26
9000,35,-0.0131,1111,UCK26-UCM26,S,18-May-2026,16:09:10,-0.0131,SGX,XOB8000,XOB8000,UCK26-UCM26
9000,35,6.7691,1111,UCM26,S,15-Jun-2026,16:09:10,0,SGX,XOB8000,XOB8000,UCM26
9000,35,6.7822,1111,UCK26,B,18-May-2026,16:09:10,0,SGX,XOB8000,XOB8000,UCK26
9000,30,-0.0131,1111,UCK26-UCM26,S,18-May-2026,16:09:10,-0.0131,SGX,XOB8000,XOB8000,UCK26-UCM26
9000,30,6.7691,1111,UCM26,S,15-Jun-2026,16:09:10,0,SGX,XOB8000,XOB8000,UCM26
9000,30,6.7822,1111,UCK26,B,18-May-2026,16:09:10,0,SGX,XOB8000,XOB8000,UCK26
9000,35,-0.0131,1111,UCK26-UCM26,B,18-May-2026,16:09:11,-0.0131,SGX,XOB8000,XOB8000,UCK26-UCM26
9000,35,6.7691,1111,UCM26,B,15-Jun-2026,16:09:11,0,SGX,XOB8000,XOB8000,UCM26
9000,35,6.7822,1111,UCK26,S,18-May-2026,16:09:11,0,SGX,XOB8000,XOB8000,UCK26
9000,30,-0.0131,1111,UCK26-UCM26,B,18-May-2026,16:09:11,-0.0131,SGX,XOB8000,XOB8000,UCK26-UCM26
9000,30,6.7691,1111,UCM26,B,15-Jun-2026,16:09:11,0,SGX,XOB8000,XOB8000,UCM26
9000,30,6.7822,1111,UCK26,S,18-May-2026,16:09:11,0,SGX,XOB8000,XOB8000,UCK26
9000,35,-0.0131,1111,UCK26-UCM26,S,18-May-2026,16:09:11,-0.0131,SGX,XOB8000,XOB8000,UCK26-UCM26
9000,35,6.7691,1111,UCM26,S,15-Jun-2026,16:09:11,0,SGX,XOB8000,XOB8000,UCM26
9000,35,6.7822,1111,UCK26,B,18-May-2026,16:09:11,0,SGX,XOB8000,XOB8000,UCK26
9000,30,-0.0131,1111,UCK26-UCM26,S,18-May-2026,16:09:11,-0.0131,SGX,XOB8000,XOB8000,UCK26-UCM26
9000,30,6.7691,1111,UCM26,S,15-Jun-2026,16:09:11,0,SGX,XOB8000,XOB8000,UCM26
9000,30,6.7822,1111,UCK26,B,18-May-2026,16:09:11,0,SGX,XOB8000,XOB8000,UCK26
9000,35,-0.0131,1111,UCK26-UCM26,B,18-May-2026,16:09:11,-0.0131,SGX,XOB8000,XOB8000,UCK26-UCM26
9000,35,6.7691,1111,UCM26,B,15-Jun-2026,16:09:11,0,SGX,XOB8000,XOB8000,UCM26
9000,35,6.7822,1111,UCK26,S,18-May-2026,16:09:11,0,SGX,XOB8000,XOB8000,UCK26
9000,30,-0.0131,1111,UCK26-UCM26,B,18-May-2026,16:09:11,-0.0131,SGX,XOB8000,XOB8000,UCK26-UCM26
9000,30,6.7691,1111,UCM26,B,15-Jun-2026,16:09:11,0,SGX,XOB8000,XOB8000,UCM26
9000,30,6.7822,1111,UCK26,S,18-May-2026,16:09:11,0,SGX,XOB8000,XOB8000,UCK26
9000,35,-0.0131,1111,UCK26-UCM26,S,18-May-2026,16:09:11,-0.0131,SGX,XOB8000,XOB8000,UCK26-UCM26
9000,35,6.7691,1111,UCM26,S,15-Jun-2026,16:09:11,0,SGX,XOB8000,XOB8000,UCM26
9000,35,6.7822,1111,UCK26,B,18-May-2026,16:09:11,0,SGX,XOB8000,XOB8000,UCK26
9000,30,-0.0131,1111,UCK26-UCM26,S,18-May-2026,16:09:11,-0.0131,SGX,XOB8000,XOB8000,UCK26-UCM26
9000,30,6.7691,1111,UCM26,S,15-Jun-2026,16:09:11,0,SGX,XOB8000,XOB8000,UCM26
9000,30,6.7822,1111,UCK26,B,18-May-2026,16:09:11,0,SGX,XOB8000,XOB8000,UCK26
9000,35,-0.0131,1111,UCK26-UCM26,B,18-May-2026,16:09:11,-0.0131,SGX,XOB8000,XOB8000,UCK26-UCM26
9000,35,6.7691,1111,UCM26,B,15-Jun-2026,16:09:11,0,SGX,XOB8000,XOB8000,UCM26
9000,35,6.7822,1111,UCK26,S,18-May-2026,16:09:11,0,SGX,XOB8000,XOB8000,UCK26
9000,5,-0.0131,1111,UCK26-UCM26,B,18-May-2026,16:09:11,-0.0131,SGX,XOB8000,XOB8000,UCK26-UCM26
9000,5,6.7691,1111,UCM26,B,15-Jun-2026,16:09:11,0,SGX,XOB8000,XOB8000,UCM26
9000,5,6.7822,1111,UCK26,S,18-May-2026,16:09:11,0,SGX,XOB8000,XOB8000,UCK26
9000,25,-0.0131,1111,UCK26-UCM26,B,18-May-2026,16:09:12,-0.0131,SGX,XOB8000,XOB8000,UCK26-UCM26
9000,25,6.7691,1111,UCM26,B,15-Jun-2026,16:09:12,0,SGX,XOB8000,XOB8000,UCM26
9000,25,6.7822,1111,UCK26,S,18-May-2026,16:09:12,0,SGX,XOB8000,XOB8000,UCK26
9000,35,-0.0131,1111,UCK26-UCM26,S,18-May-2026,16:09:11,-0.0131,SGX,XOB8000,XOB8000,UCK26-UCM26
9000,35,6.7691,1111,UCM26,S,15-Jun-2026,16:09:11,0,SGX,XOB8000,XOB8000,UCM26
9000,35,6.7822,1111,UCK26,B,18-May-2026,16:09:11,0,SGX,XOB8000,XOB8000,UCK26
9000,30,-0.0131,1111,UCK26-UCM26,S,18-May-2026,16:09:11,-0.0131,SGX,XOB8000,XOB8000,UCK26-UCM26
9000,30,6.7691,1111,UCM26,S,15-Jun-2026,16:09:11,0,SGX,XOB8000,XOB8000,UCM26
9000,30,6.7822,1111,UCK26,B,18-May-2026,16:09:11,0,SGX,XOB8000,XOB8000,UCK26
9000,35,-0.0131,1111,UCK26-UCM26,B,18-May-2026,16:09:12,-0.0131,SGX,XOB8000,XOB8000,UCK26-UCM26
9000,35,6.7691,1111,UCM26,B,15-Jun-2026,16:09:12,0,SGX,XOB8000,XOB8000,UCM26
9000,35,6.7822,1111,UCK26,S,18-May-2026,16:09:12,0,SGX,XOB8000,XOB8000,UCK26
9000,30,-0.0131,1111,UCK26-UCM26,B,18-May-2026,16:09:12,-0.0131,SGX,XOB8000,XOB8000,UCK26-UCM26
9000,30,6.7691,1111,UCM26,B,15-Jun-2026,16:09:12,0,SGX,XOB8000,XOB8000,UCM26
9000,30,6.7822,1111,UCK26,S,18-May-2026,16:09:12,0,SGX,XOB8000,XOB8000,UCK26
9000,30,-0.0131,1111,UCK26-UCM26,S,18-May-2026,16:09:12,-0.0131,SGX,XOB8000,XOB8000,UCK26-UCM26
9000,30,6.7691,1111,UCM26,S,15-Jun-2026,16:09:12,0,SGX,XOB8000,XOB8000,UCM26
9000,30,6.7822,1111,UCK26,B,18-May-2026,16:09:12,0,SGX,XOB8000,XOB8000,UCK26
9000,35,-0.0131,1111,UCK26-UCM26,S,18-May-2026,16:09:12,-0.0131,SGX,XOB8000,XOB8000,UCK26-UCM26
9000,35,6.7691,1111,UCM26,S,15-Jun-2026,16:09:12,0,SGX,XOB8000,XOB8000,UCM26
9000,35,6.7822,1111,UCK26,B,18-May-2026,16:09:12,0,SGX,XOB8000,XOB8000,UCK26
9000,30,-0.0131,1111,UCK26-UCM26,B,18-May-2026,16:09:12,-0.0131,SGX,XOB8000,XOB8000,UCK26-UCM26
9000,30,6.7691,1111,UCM26,B,15-Jun-2026,16:09:12,0,SGX,XOB8000,XOB8000,UCM26
9000,30,6.7822,1111,UCK26,S,18-May-2026,16:09:12,0,SGX,XOB8000,XOB8000,UCK26
9000,35,-0.0131,1111,UCK26-UCM26,B,18-May-2026,16:09:12,-0.0131,SGX,XOB8000,XOB8000,UCK26-UCM26
9000,35,6.7691,1111,UCM26,B,15-Jun-2026,16:09:12,0,SGX,XOB8000,XOB8000,UCM26
9000,35,6.7822,1111,UCK26,S,18-May-2026,16:09:12,0,SGX,XOB8000,XOB8000,UCK26
9000,30,-0.0131,1111,UCK26-UCM26,S,18-May-2026,16:09:12,-0.0131,SGX,XOB8000,XOB8000,UCK26-UCM26
9000,30,6.7691,1111,UCM26,S,15-Jun-2026,16:09:12,0,SGX,XOB8000,XOB8000,UCM26
9000,30,6.7822,1111,UCK26,B,18-May-2026,16:09:12,0,SGX,XOB8000,XOB8000,UCK26
9000,30,-0.0131,1111,UCK26-UCM26,B,18-May-2026,16:09:12,-0.0131,SGX,XOB8000,XOB8000,UCK26-UCM26
9000,30,6.7691,1111,UCM26,B,15-Jun-2026,16:09:12,0,SGX,XOB8000,XOB8000,UCM26
9000,30,6.7822,1111,UCK26,S,18-May-2026,16:09:12,0,SGX,XOB8000,XOB8000,UCK26
9000,35,-0.0131,1111,UCK26-UCM26,S,18-May-2026,16:09:12,-0.0131,SGX,XOB8000,XOB8000,UCK26-UCM26
9000,35,6.7691,1111,UCM26,S,15-Jun-2026,16:09:12,0,SGX,XOB8000,XOB8000,UCM26
9000,35,6.7822,1111,UCK26,B,18-May-2026,16:09:12,0,SGX,XOB8000,XOB8000,UCK26
9000,15,-0.0131,1111,UCK26-UCM26,B,18-May-2026,16:09:12,-0.0131,SGX,XOB8000,XOB8000,UCK26-UCM26
9000,15,6.7691,1111,UCM26,B,15-Jun-2026,16:09:12,0,SGX,XOB8000,XOB8000,UCM26
9000,15,6.7822,1111,UCK26,S,18-May-2026,16:09:12,0,SGX,XOB8000,XOB8000,UCK26
9000,20,-0.0131,1111,UCK26-UCM26,B,18-May-2026,16:09:12,-0.0131,SGX,XOB8000,XOB8000,UCK26-UCM26
9000,20,6.7691,1111,UCM26,B,15-Jun-2026,16:09:12,0,SGX,XOB8000,XOB8000,UCM26
9000,20,6.7822,1111,UCK26,S,18-May-2026,16:09:12,0,SGX,XOB8000,XOB8000,UCK26
9000,35,-0.0131,1111,UCK26-UCM26,S,18-May-2026,16:09:12,-0.0131,SGX,XOB8000,XOB8000,UCK26-UCM26
9000,35,6.7691,1111,UCM26,S,15-Jun-2026,16:09:12,0,SGX,XOB8000,XOB8000,UCM26
9000,35,6.7822,1111,UCK26,B,18-May-2026,16:09:12,0,SGX,XOB8000,XOB8000,UCK26
9000,30,-0.0131,1111,UCK26-UCM26,S,18-May-2026,16:09:12,-0.0131,SGX,XOB8000,XOB8000,UCK26-UCM26
9000,30,6.7691,1111,UCM26,S,15-Jun-2026,16:09:12,0,SGX,XOB8000,XOB8000,UCM26
9000,30,6.7822,1111,UCK26,B,18-May-2026,16:09:12,0,SGX,XOB8000,XOB8000,UCK26
9000,35,-0.0131,1111,UCK26-UCM26,B,18-May-2026,16:09:12,-0.0131,SGX,XOB8000,XOB8000,UCK26-UCM26
9000,35,6.7691,1111,UCM26,B,15-Jun-2026,16:09:12,0,SGX,XOB8000,XOB8000,UCM26
9000,35,6.7822,1111,UCK26,S,18-May-2026,16:09:12,0,SGX,XOB8000,XOB8000,UCK26
9000,30,-0.0131,1111,UCK26-UCM26,B,18-May-2026,16:09:12,-0.0131,SGX,XOB8000,XOB8000,UCK26-UCM26
9000,30,6.7691,1111,UCM26,B,15-Jun-2026,16:09:12,0,SGX,XOB8000,XOB8000,UCM26
9000,30,6.7822,1111,UCK26,S,18-May-2026,16:09:12,0,SGX,XOB8000,XOB8000,UCK26
9000,30,-0.0131,1111,UCK26-UCM26,S,18-May-2026,16:09:13,-0.0131,SGX,XOB8000,XOB8000,UCK26-UCM26
9000,30,6.7691,1111,UCM26,S,15-Jun-2026,16:09:13,0,SGX,XOB8000,XOB8000,UCM26
9000,30,6.7822,1111,UCK26,B,18-May-2026,16:09:13,0,SGX,XOB8000,XOB8000,UCK26
9000,35,-0.0131,1111,UCK26-UCM26,S,18-May-2026,16:09:13,-0.0131,SGX,XOB8000,XOB8000,UCK26-UCM26
9000,35,6.7691,1111,UCM26,S,15-Jun-2026,16:09:13,0,SGX,XOB8000,XOB8000,UCM26
9000,35,6.7822,1111,UCK26,B,18-May-2026,16:09:13,0,SGX,XOB8000,XOB8000,UCK26
9000,30,-0.0131,1111,UCK26-UCM26,B,18-May-2026,16:09:13,-0.0131,SGX,XOB8000,XOB8000,UCK26-UCM26
9000,30,6.7691,1111,UCM26,B,15-Jun-2026,16:09:13,0,SGX,XOB8000,XOB8000,UCM26
9000,30,6.7822,1111,UCK26,S,18-May-2026,16:09:13,0,SGX,XOB8000,XOB8000,UCK26
9000,35,-0.0131,1111,UCK26-UCM26,B,18-May-2026,16:09:13,-0.0131,SGX,XOB8000,XOB8000,UCK26-UCM26
9000,35,6.7691,1111,UCM26,B,15-Jun-2026,16:09:13,0,SGX,XOB8000,XOB8000,UCM26
9000,35,6.7822,1111,UCK26,S,18-May-2026,16:09:13,0,SGX,XOB8000,XOB8000,UCK26
9000,30,-0.0131,1111,UCK26-UCM26,S,18-May-2026,16:09:13,-0.0131,SGX,XOB8000,XOB8000,UCK26-UCM26
9000,30,6.7691,1111,UCM26,S,15-Jun-2026,16:09:13,0,SGX,XOB8000,XOB8000,UCM26
9000,30,6.7822,1111,UCK26,B,18-May-2026,16:09:13,0,SGX,XOB8000,XOB8000,UCK26
9000,35,-0.0131,1111,UCK26-UCM26,S,18-May-2026,16:09:13,-0.0131,SGX,XOB8000,XOB8000,UCK26-UCM26
9000,35,6.7691,1111,UCM26,S,15-Jun-2026,16:09:13,0,SGX,XOB8000,XOB8000,UCM26
9000,35,6.7822,1111,UCK26,B,18-May-2026,16:09:13,0,SGX,XOB8000,XOB8000,UCK26
9000,30,-0.0131,1111,UCK26-UCM26,B,18-May-2026,16:09:13,-0.0131,SGX,XOB8000,XOB8000,UCK26-UCM26
9000,30,6.7691,1111,UCM26,B,15-Jun-2026,16:09:13,0,SGX,XOB8000,XOB8000,UCM26
9000,30,6.7822,1111,UCK26,S,18-May-2026,16:09:13,0,SGX,XOB8000,XOB8000,UCK26
9000,20,-0.0131,1111,UCK26-UCM26,B,18-May-2026,16:09:13,-0.0131,SGX,XOB8000,XOB8000,UCK26-UCM26
9000,20,6.7691,1111,UCM26,B,15-Jun-2026,16:09:13,0,SGX,XOB8000,XOB8000,UCM26
9000,20,6.7822,1111,UCK26,S,18-May-2026,16:09:13,0,SGX,XOB8000,XOB8000,UCK26
9000,15,-0.0131,1111,UCK26-UCM26,B,18-May-2026,16:09:14,-0.0131,SGX,XOB8000,XOB8000,UCK26-UCM26
9000,15,6.7691,1111,UCM26,B,15-Jun-2026,16:09:14,0,SGX,XOB8000,XOB8000,UCM26
9000,15,6.7822,1111,UCK26,S,18-May-2026,16:09:14,0,SGX,XOB8000,XOB8000,UCK26
9000,30,-0.0131,1111,UCK26-UCM26,S,18-May-2026,16:09:13,-0.0131,SGX,XOB8000,XOB8000,UCK26-UCM26
9000,30,6.7691,1111,UCM26,S,15-Jun-2026,16:09:13,0,SGX,XOB8000,XOB8000,UCM26
9000,30,6.7822,1111,UCK26,B,18-May-2026,16:09:13,0,SGX,XOB8000,XOB8000,UCK26
9000,35,-0.0131,1111,UCK26-UCM26,S,18-May-2026,16:09:13,-0.0131,SGX,XOB8000,XOB8000,UCK26-UCM26
9000,35,6.7691,1111,UCM26,S,15-Jun-2026,16:09:13,0,SGX,XOB8000,XOB8000,UCM26
9000,35,6.7822,1111,UCK26,B,18-May-2026,16:09:13,0,SGX,XOB8000,XOB8000,UCK26
9000,30,-0.0131,1111,UCK26-UCM26,B,18-May-2026,16:09:14,-0.0131,SGX,XOB8000,XOB8000,UCK26-UCM26
9000,30,6.7691,1111,UCM26,B,15-Jun-2026,16:09:14,0,SGX,XOB8000,XOB8000,UCM26
9000,30,6.7822,1111,UCK26,S,18-May-2026,16:09:14,0,SGX,XOB8000,XOB8000,UCK26
9000,35,-0.0131,1111,UCK26-UCM26,B,18-May-2026,16:09:14,-0.0131,SGX,XOB8000,XOB8000,UCK26-UCM26
9000,35,6.7691,1111,UCM26,B,15-Jun-2026,16:09:14,0,SGX,XOB8000,XOB8000,UCM26
9000,35,6.7822,1111,UCK26,S,18-May-2026,16:09:14,0,SGX,XOB8000,XOB8000,UCK26
9000,30,-0.0131,1111,UCK26-UCM26,S,18-May-2026,16:09:14,-0.0131,SGX,XOB8000,XOB8000,UCK26-UCM26
9000,30,6.7691,1111,UCM26,S,15-Jun-2026,16:09:14,0,SGX,XOB8000,XOB8000,UCM26
9000,30,6.7822,1111,UCK26,B,18-May-2026,16:09:14,0,SGX,XOB8000,XOB8000,UCK26
9000,35,-0.0131,1111,UCK26-UCM26,S,18-May-2026,16:09:14,-0.0131,SGX,XOB8000,XOB8000,UCK26-UCM26
9000,35,6.7691,1111,UCM26,S,15-Jun-2026,16:09:14,0,SGX,XOB8000,XOB8000,UCM26
9000,35,6.7822,1111,UCK26,B,18-May-2026,16:09:14,0,SGX,XOB8000,XOB8000,UCK26
9000,35,-0.0131,1111,UCK26-UCM26,B,18-May-2026,16:09:14,-0.0131,SGX,XOB8000,XOB8000,UCK26-UCM26
9000,35,6.7691,1111,UCM26,B,15-Jun-2026,16:09:14,0,SGX,XOB8000,XOB8000,UCM26
9000,35,6.7822,1111,UCK26,S,18-May-2026,16:09:14,0,SGX,XOB8000,XOB8000,UCK26
9000,30,-0.0131,1111,UCK26-UCM26,B,18-May-2026,16:09:14,-0.0131,SGX,XOB8000,XOB8000,UCK26-UCM26
9000,30,6.7691,1111,UCM26,B,15-Jun-2026,16:09:14,0,SGX,XOB8000,XOB8000,UCM26
9000,30,6.7822,1111,UCK26,S,18-May-2026,16:09:14,0,SGX,XOB8000,XOB8000,UCK26
9000,35,-0.0131,1111,UCK26-UCM26,S,18-May-2026,16:09:14,-0.0131,SGX,XOB8000,XOB8000,UCK26-UCM26
9000,35,6.7691,1111,UCM26,S,15-Jun-2026,16:09:14,0,SGX,XOB8000,XOB8000,UCM26
9000,35,6.7822,1111,UCK26,B,18-May-2026,16:09:14,0,SGX,XOB8000,XOB8000,UCK26
9000,30,-0.0131,1111,UCK26-UCM26,S,18-May-2026,16:09:14,-0.0131,SGX,XOB8000,XOB8000,UCK26-UCM26
9000,30,6.7691,1111,UCM26,S,15-Jun-2026,16:09:14,0,SGX,XOB8000,XOB8000,UCM26
9000,30,6.7822,1111,UCK26,B,18-May-2026,16:09:14,0,SGX,XOB8000,XOB8000,UCK26
9000,35,-0.0131,1111,UCK26-UCM26,B,18-May-2026,16:09:14,-0.0131,SGX,XOB8000,XOB8000,UCK26-UCM26
9000,35,6.7691,1111,UCM26,B,15-Jun-2026,16:09:14,0,SGX,XOB8000,XOB8000,UCM26
9000,35,6.7822,1111,UCK26,S,18-May-2026,16:09:14,0,SGX,XOB8000,XOB8000,UCK26
9000,20,-0.0131,1111,UCK26-UCM26,B,18-May-2026,16:09:14,-0.0131,SGX,XOB8000,XOB8000,UCK26-UCM26
9000,20,6.7691,1111,UCM26,B,15-Jun-2026,16:09:14,0,SGX,XOB8000,XOB8000,UCM26
9000,20,6.7822,1111,UCK26,S,18-May-2026,16:09:14,0,SGX,XOB8000,XOB8000,UCK26
9000,200,-0.0131,1111,UCK26-UCM26,B,18-May-2026,16:09:14,-0.0131,SGX,XOB8000,XOB8000,UCK26-UCM26
9000,200,6.7691,1111,UCM26,B,15-Jun-2026,16:09:14,0,SGX,XOB8000,XOB8000,UCM26
9000,200,6.7822,1111,UCK26,S,18-May-2026,16:09:14,0,SGX,XOB8000,XOB8000,UCK26
9000,30,-0.0131,1111,UCK26-UCM26,B,18-May-2026,16:09:18,-0.0131,SGX,XOB8000,XOB8000,UCK26-UCM26
9000,30,6.7691,1111,UCM26,B,15-Jun-2026,16:09:18,0,SGX,XOB8000,XOB8000,UCM26
9000,30,6.7822,1111,UCK26,S,18-May-2026,16:09:18,0,SGX,XOB8000,XOB8000,UCK26
9000,35,-0.0131,1111,UCK26-UCM26,B,18-May-2026,16:09:18,-0.0131,SGX,XOB8000,XOB8000,UCK26-UCM26
9000,35,6.7691,1111,UCM26,B,15-Jun-2026,16:09:18,0,SGX,XOB8000,XOB8000,UCM26
9000,35,6.7822,1111,UCK26,S,18-May-2026,16:09:18,0,SGX,XOB8000,XOB8000,UCK26
9000,36,-0.0131,1111,UCK26-UCM26,B,18-May-2026,16:09:18,-0.0131,SGX,XOB8000,XOB8000,UCK26-UCM26
9000,36,6.7691,1111,UCM26,B,15-Jun-2026,16:09:18,0,SGX,XOB8000,XOB8000,UCM26
9000,36,6.7822,1111,UCK26,S,18-May-2026,16:09:18,0,SGX,XOB8000,XOB8000,UCK26
9000,35,-0.0131,1111,UCK26-UCM26,S,18-May-2026,16:09:19,-0.0131,SGX,XOB8000,XOB8000,UCK26-UCM26
9000,35,6.7822,1111,UCK26,B,18-May-2026,16:09:19,0,SGX,XOB8000,XOB8000,UCK26
9000,35,6.7691,1111,UCM26,S,15-Jun-2026,16:09:19,0,SGX,XOB8000,XOB8000,UCM26
9000,36,-0.0131,1111,UCK26-UCM26,B,18-May-2026,16:09:18,-0.0131,SGX,XOB8000,XOB8000,UCK26-UCM26
9000,36,6.7823,1111,UCK26,S,18-May-2026,16:09:18,0,SGX,XOB8000,XOB8000,UCK26
9000,36,6.7692,1111,UCM26,B,15-Jun-2026,16:09:18,0,SGX,XOB8000,XOB8000,UCM26
9000,36,-0.0131,1111,UCK26-UCM26,B,18-May-2026,16:09:18,-0.0131,SGX,XOB8000,XOB8000,UCK26-UCM26
9000,36,6.7823,1111,UCK26,S,18-May-2026,16:09:18,0,SGX,XOB8000,XOB8000,UCK26
9000,36,6.7692,1111,UCM26,B,15-Jun-2026,16:09:18,0,SGX,XOB8000,XOB8000,UCM26
9000,35,-0.0131,1111,UCK26-UCM26,B,18-May-2026,16:09:18,-0.0131,SGX,XOB8000,XOB8000,UCK26-UCM26
9000,35,6.7823,1111,UCK26,S,18-May-2026,16:09:18,0,SGX,XOB8000,XOB8000,UCK26
9000,35,6.7692,1111,UCM26,B,15-Jun-2026,16:09:18,0,SGX,XOB8000,XOB8000,UCM26
9000,30,-0.0131,1111,UCK26-UCM26,B,18-May-2026,16:09:18,-0.0131,SGX,XOB8000,XOB8000,UCK26-UCM26
9000,30,6.7823,1111,UCK26,S,18-May-2026,16:09:18,0,SGX,XOB8000,XOB8000,UCK26
9000,30,6.7692,1111,UCM26,B,15-Jun-2026,16:09:18,0,SGX,XOB8000,XOB8000,UCM26
9000,35,-0.0131,1111,UCK26-UCM26,S,18-May-2026,16:09:19,-0.0131,SGX,XOB8000,XOB8000,UCK26-UCM26
9000,35,6.7692,1111,UCM26,S,15-Jun-2026,16:09:19,0,SGX,XOB8000,XOB8000,UCM26
9000,35,6.7823,1111,UCK26,B,18-May-2026,16:09:19,0,SGX,XOB8000,XOB8000,UCK26
9000,30,-0.0131,1111,UCK26-UCM26,S,18-May-2026,16:09:19,-0.0131,SGX,XOB8000,XOB8000,UCK26-UCM26
9000,30,6.7692,1111,UCM26,S,15-Jun-2026,16:09:19,0,SGX,XOB8000,XOB8000,UCM26
9000,30,6.7823,1111,UCK26,B,18-May-2026,16:09:19,0,SGX,XOB8000,XOB8000,UCK26
9000,36,-0.0131,1111,UCK26-UCM26,B,18-May-2026,16:09:19,-0.0131,SGX,XOB8000,XOB8000,UCK26-UCM26
9000,36,6.7692,1111,UCM26,B,15-Jun-2026,16:09:19,0,SGX,XOB8000,XOB8000,UCM26
9000,36,6.7823,1111,UCK26,S,18-May-2026,16:09:19,0,SGX,XOB8000,XOB8000,UCK26
9000,35,-0.0131,1111,UCK26-UCM26,B,18-May-2026,16:09:19,-0.0131,SGX,XOB8000,XOB8000,UCK26-UCM26
9000,35,6.7692,1111,UCM26,B,15-Jun-2026,16:09:19,0,SGX,XOB8000,XOB8000,UCM26
9000,35,6.7823,1111,UCK26,S,18-May-2026,16:09:19,0,SGX,XOB8000,XOB8000,UCK26
9000,30,-0.0131,1111,UCK26-UCM26,B,18-May-2026,16:09:19,-0.0131,SGX,XOB8000,XOB8000,UCK26-UCM26
9000,30,6.7692,1111,UCM26,B,15-Jun-2026,16:09:19,0,SGX,XOB8000,XOB8000,UCM26
9000,30,6.7823,1111,UCK26,S,18-May-2026,16:09:19,0,SGX,XOB8000,XOB8000,UCK26
9000,35,-0.0131,1111,UCK26-UCM26,S,18-May-2026,16:09:19,-0.0131,SGX,XOB8000,XOB8000,UCK26-UCM26
9000,35,6.7823,1111,UCK26,B,18-May-2026,16:09:19,0,SGX,XOB8000,XOB8000,UCK26
9000,35,6.7692,1111,UCM26,S,15-Jun-2026,16:09:19,0,SGX,XOB8000,XOB8000,UCM26
9000,30,-0.0131,1111,UCK26-UCM26,S,18-May-2026,16:09:19,-0.0131,SGX,XOB8000,XOB8000,UCK26-UCM26
9000,30,6.7823,1111,UCK26,B,18-May-2026,16:09:19,0,SGX,XOB8000,XOB8000,UCK26
9000,30,6.7692,1111,UCM26,S,15-Jun-2026,16:09:19,0,SGX,XOB8000,XOB8000,UCM26
9000,36,-0.0131,1111,UCK26-UCM26,B,18-May-2026,16:09:19,-0.0131,SGX,XOB8000,XOB8000,UCK26-UCM26
9000,36,6.7823,1111,UCK26,S,18-May-2026,16:09:19,0,SGX,XOB8000,XOB8000,UCK26
9000,36,6.7692,1111,UCM26,B,15-Jun-2026,16:09:19,0,SGX,XOB8000,XOB8000,UCM26
9000,36,-0.0131,1111,UCK26-UCM26,B,18-May-2026,16:09:19,-0.0131,SGX,XOB8000,XOB8000,UCK26-UCM26
9000,36,6.7692,1111,UCM26,B,15-Jun-2026,16:09:19,0,SGX,XOB8000,XOB8000,UCM26
9000,36,6.7823,1111,UCK26,S,18-May-2026,16:09:19,0,SGX,XOB8000,XOB8000,UCK26
9000,35,-0.0131,1111,UCK26-UCM26,B,18-May-2026,16:09:19,-0.0131,SGX,XOB8000,XOB8000,UCK26-UCM26
9000,35,6.7692,1111,UCM26,B,15-Jun-2026,16:09:19,0,SGX,XOB8000,XOB8000,UCM26
9000,35,6.7823,1111,UCK26,S,18-May-2026,16:09:19,0,SGX,XOB8000,XOB8000,UCK26
9000,30,-0.0131,1111,UCK26-UCM26,B,18-May-2026,16:09:19,-0.0131,SGX,XOB8000,XOB8000,UCK26-UCM26
9000,30,6.7692,1111,UCM26,B,15-Jun-2026,16:09:19,0,SGX,XOB8000,XOB8000,UCM26
9000,30,6.7823,1111,UCK26,S,18-May-2026,16:09:19,0,SGX,XOB8000,XOB8000,UCK26
9000,35,-0.0131,1111,UCK26-UCM26,S,18-May-2026,16:09:19,-0.0131,SGX,XOB8000,XOB8000,UCK26-UCM26
9000,35,6.7692,1111,UCM26,S,15-Jun-2026,16:09:19,0,SGX,XOB8000,XOB8000,UCM26
9000,35,6.7823,1111,UCK26,B,18-May-2026,16:09:19,0,SGX,XOB8000,XOB8000,UCK26
9000,30,-0.0131,1111,UCK26-UCM26,S,18-May-2026,16:09:20,-0.0131,SGX,XOB8000,XOB8000,UCK26-UCM26
9000,30,6.7692,1111,UCM26,S,15-Jun-2026,16:09:20,0,SGX,XOB8000,XOB8000,UCM26
9000,30,6.7823,1111,UCK26,B,18-May-2026,16:09:20,0,SGX,XOB8000,XOB8000,UCK26
9000,36,-0.0131,1111,UCK26-UCM26,B,18-May-2026,16:09:19,-0.0131,SGX,XOB8000,XOB8000,UCK26-UCM26
9000,36,6.7692,1111,UCM26,B,15-Jun-2026,16:09:19,0,SGX,XOB8000,XOB8000,UCM26
9000,36,6.7823,1111,UCK26,S,18-May-2026,16:09:19,0,SGX,XOB8000,XOB8000,UCK26
9000,30,-0.0131,1111,UCK26-UCM26,B,18-May-2026,16:09:19,-0.0131,SGX,XOB8000,XOB8000,UCK26-UCM26
9000,30,6.7692,1111,UCM26,B,15-Jun-2026,16:09:19,0,SGX,XOB8000,XOB8000,UCM26
9000,30,6.7823,1111,UCK26,S,18-May-2026,16:09:19,0,SGX,XOB8000,XOB8000,UCK26
9000,35,-0.0131,1111,UCK26-UCM26,B,18-May-2026,16:09:19,-0.0131,SGX,XOB8000,XOB8000,UCK26-UCM26
9000,35,6.7692,1111,UCM26,B,15-Jun-2026,16:09:19,0,SGX,XOB8000,XOB8000,UCM26
9000,35,6.7823,1111,UCK26,S,18-May-2026,16:09:19,0,SGX,XOB8000,XOB8000,UCK26
9000,30,-0.0131,1111,UCK26-UCM26,S,18-May-2026,16:09:20,-0.0131,SGX,XOB8000,XOB8000,UCK26-UCM26
9000,30,6.7692,1111,UCM26,S,15-Jun-2026,16:09:20,0,SGX,XOB8000,XOB8000,UCM26
9000,30,6.7823,1111,UCK26,B,18-May-2026,16:09:20,0,SGX,XOB8000,XOB8000,UCK26
9000,35,-0.0131,1111,UCK26-UCM26,S,18-May-2026,16:09:20,-0.0131,SGX,XOB8000,XOB8000,UCK26-UCM26
9000,35,6.7692,1111,UCM26,S,15-Jun-2026,16:09:20,0,SGX,XOB8000,XOB8000,UCM26
9000,35,6.7823,1111,UCK26,B,18-May-2026,16:09:20,0,SGX,XOB8000,XOB8000,UCK26
9000,36,-0.0131,1111,UCK26-UCM26,B,18-May-2026,16:09:20,-0.0131,SGX,XOB8000,XOB8000,UCK26-UCM26
9000,36,6.7692,1111,UCM26,B,15-Jun-2026,16:09:20,0,SGX,XOB8000,XOB8000,UCM26
9000,36,6.7823,1111,UCK26,S,18-May-2026,16:09:20,0,SGX,XOB8000,XOB8000,UCK26
9000,35,-0.0131,1111,UCK26-UCM26,B,18-May-2026,16:09:20,-0.0131,SGX,XOB8000,XOB8000,UCK26-UCM26
9000,35,6.7823,1111,UCK26,S,18-May-2026,16:09:20,0,SGX,XOB8000,XOB8000,UCK26
9000,35,6.7692,1111,UCM26,B,15-Jun-2026,16:09:20,0,SGX,XOB8000,XOB8000,UCM26
9000,30,-0.0131,1111,UCK26-UCM26,B,18-May-2026,16:09:20,-0.0131,SGX,XOB8000,XOB8000,UCK26-UCM26
9000,30,6.7823,1111,UCK26,S,18-May-2026,16:09:20,0,SGX,XOB8000,XOB8000,UCK26
9000,30,6.7692,1111,UCM26,B,15-Jun-2026,16:09:20,0,SGX,XOB8000,XOB8000,UCM26
9000,35,-0.0131,1111,UCK26-UCM26,S,18-May-2026,16:09:20,-0.0131,SGX,XOB8000,XOB8000,UCK26-UCM26
9000,35,6.7823,1111,UCK26,B,18-May-2026,16:09:20,0,SGX,XOB8000,XOB8000,UCK26
9000,35,6.7692,1111,UCM26,S,15-Jun-2026,16:09:20,0,SGX,XOB8000,XOB8000,UCM26
9000,30,-0.0131,1111,UCK26-UCM26,S,18-May-2026,16:09:20,-0.0131,SGX,XOB8000,XOB8000,UCK26-UCM26
9000,30,6.7823,1111,UCK26,B,18-May-2026,16:09:20,0,SGX,XOB8000,XOB8000,UCK26
9000,30,6.7692,1111,UCM26,S,15-Jun-2026,16:09:20,0,SGX,XOB8000,XOB8000,UCM26
9000,30,-0.0131,1111,UCK26-UCM26,B,18-May-2026,16:09:20,-0.0131,SGX,XOB8000,XOB8000,UCK26-UCM26
9000,30,6.7692,1111,UCM26,B,15-Jun-2026,16:09:20,0,SGX,XOB8000,XOB8000,UCM26
9000,30,6.7823,1111,UCK26,S,18-May-2026,16:09:20,0,SGX,XOB8000,XOB8000,UCK26
9000,36,-0.0131,1111,UCK26-UCM26,B,18-May-2026,16:09:20,-0.0131,SGX,XOB8000,XOB8000,UCK26-UCM26
9000,36,6.7692,1111,UCM26,B,15-Jun-2026,16:09:20,0,SGX,XOB8000,XOB8000,UCM26
9000,36,6.7823,1111,UCK26,S,18-May-2026,16:09:20,0,SGX,XOB8000,XOB8000,UCK26
9000,30,-0.0131,1111,UCK26-UCM26,S,18-May-2026,16:09:20,-0.0131,SGX,XOB8000,XOB8000,UCK26-UCM26
9000,30,6.7692,1111,UCM26,S,15-Jun-2026,16:09:20,0,SGX,XOB8000,XOB8000,UCM26
9000,30,6.7823,1111,UCK26,B,18-May-2026,16:09:20,0,SGX,XOB8000,XOB8000,UCK26
9000,35,-0.0131,1111,UCK26-UCM26,B,18-May-2026,16:09:20,-0.0131,SGX,XOB8000,XOB8000,UCK26-UCM26
9000,35,6.7692,1111,UCM26,B,15-Jun-2026,16:09:20,0,SGX,XOB8000,XOB8000,UCM26
9000,35,6.7823,1111,UCK26,S,18-May-2026,16:09:20,0,SGX,XOB8000,XOB8000,UCK26
9000,36,-0.0131,1111,UCK26-UCM26,B,18-May-2026,16:09:20,-0.0131,SGX,XOB8000,XOB8000,UCK26-UCM26
9000,36,6.7692,1111,UCM26,B,15-Jun-2026,16:09:20,0,SGX,XOB8000,XOB8000,UCM26
9000,36,6.7823,1111,UCK26,S,18-May-2026,16:09:20,0,SGX,XOB8000,XOB8000,UCK26
9000,10,-0.0131,1111,UCK26-UCM26,S,18-May-2026,16:09:20,-0.0131,SGX,XOB8000,XOB8000,UCK26-UCM26
9000,10,6.7692,1111,UCM26,S,15-Jun-2026,16:09:20,0,SGX,XOB8000,XOB8000,UCM26
9000,10,6.7823,1111,UCK26,B,18-May-2026,16:09:20,0,SGX,XOB8000,XOB8000,UCK26
9000,25,-0.0131,1111,UCK26-UCM26,S,18-May-2026,16:09:20,-0.0131,SGX,XOB8000,XOB8000,UCK26-UCM26
9000,25,6.7692,1111,UCM26,S,15-Jun-2026,16:09:20,0,SGX,XOB8000,XOB8000,UCM26
9000,25,6.7823,1111,UCK26,B,18-May-2026,16:09:20,0,SGX,XOB8000,XOB8000,UCK26
9000,30,-0.0131,1111,UCK26-UCM26,B,18-May-2026,16:09:20,-0.0131,SGX,XOB8000,XOB8000,UCK26-UCM26
9000,30,6.7692,1111,UCM26,B,15-Jun-2026,16:09:20,0,SGX,XOB8000,XOB8000,UCM26
9000,30,6.7823,1111,UCK26,S,18-May-2026,16:09:20,0,SGX,XOB8000,XOB8000,UCK26
9000,35,-0.0131,1111,UCK26-UCM26,B,18-May-2026,16:09:20,-0.0131,SGX,XOB8000,XOB8000,UCK26-UCM26
9000,35,6.7692,1111,UCM26,B,15-Jun-2026,16:09:20,0,SGX,XOB8000,XOB8000,UCM26
9000,35,6.7823,1111,UCK26,S,18-May-2026,16:09:20,0,SGX,XOB8000,XOB8000,UCK26
9000,10,-0.0131,1111,UCK26-UCM26,B,18-May-2026,16:09:20,-0.0131,SGX,XOB8000,XOB8000,UCK26-UCM26
9000,10,6.7692,1111,UCM26,B,15-Jun-2026,16:09:20,0,SGX,XOB8000,XOB8000,UCM26
9000,10,6.7823,1111,UCK26,S,18-May-2026,16:09:20,0,SGX,XOB8000,XOB8000,UCK26
9000,14,-0.0131,1111,UCK26-UCM26,B,18-May-2026,16:09:20,-0.0131,SGX,XOB8000,XOB8000,UCK26-UCM26
9000,14,6.7692,1111,UCM26,B,15-Jun-2026,16:09:20,0,SGX,XOB8000,XOB8000,UCM26
9000,14,6.7823,1111,UCK26,S,18-May-2026,16:09:20,0,SGX,XOB8000,XOB8000,UCK26
9000,30,-0.0131,1111,UCK26-UCM26,S,18-May-2026,16:09:20,-0.0131,SGX,XOB8000,XOB8000,UCK26-UCM26
9000,30,6.7692,1111,UCM26,S,15-Jun-2026,16:09:20,0,SGX,XOB8000,XOB8000,UCM26
9000,30,6.7823,1111,UCK26,B,18-May-2026,16:09:20,0,SGX,XOB8000,XOB8000,UCK26
9000,35,-0.0131,1111,UCK26-UCM26,S,18-May-2026,16:09:20,-0.0131,SGX,XOB8000,XOB8000,UCK26-UCM26
9000,35,6.7692,1111,UCM26,S,15-Jun-2026,16:09:20,0,SGX,XOB8000,XOB8000,UCM26
9000,35,6.7823,1111,UCK26,B,18-May-2026,16:09:20,0,SGX,XOB8000,XOB8000,UCK26
9000,1,-0.0131,1111,UCK26-UCM26,B,18-May-2026,16:09:21,-0.0131,SGX,XOB8000,XOB8000,UCK26-UCM26
9000,1,6.7692,1111,UCM26,B,15-Jun-2026,16:09:21,0,SGX,XOB8000,XOB8000,UCM26
9000,1,6.7823,1111,UCK26,S,18-May-2026,16:09:21,0,SGX,XOB8000,XOB8000,UCK26
9000,35,-0.0131,1111,UCK26-UCM26,B,18-May-2026,16:09:21,-0.0131,SGX,XOB8000,XOB8000,UCK26-UCM26
9000,35,6.7692,1111,UCM26,B,15-Jun-2026,16:09:21,0,SGX,XOB8000,XOB8000,UCM26
9000,35,6.7823,1111,UCK26,S,18-May-2026,16:09:21,0,SGX,XOB8000,XOB8000,UCK26
9000,30,-0.0131,1111,UCK26-UCM26,B,18-May-2026,16:09:21,-0.0131,SGX,XOB8000,XOB8000,UCK26-UCM26
9000,30,6.7692,1111,UCM26,B,15-Jun-2026,16:09:21,0,SGX,XOB8000,XOB8000,UCM26
9000,30,6.7823,1111,UCK26,S,18-May-2026,16:09:21,0,SGX,XOB8000,XOB8000,UCK26
9000,35,-0.0131,1111,UCK26-UCM26,S,18-May-2026,16:09:21,-0.0131,SGX,XOB8000,XOB8000,UCK26-UCM26
9000,35,6.7692,1111,UCM26,S,15-Jun-2026,16:09:21,0,SGX,XOB8000,XOB8000,UCM26
9000,35,6.7823,1111,UCK26,B,18-May-2026,16:09:21,0,SGX,XOB8000,XOB8000,UCK26
9000,30,-0.0131,1111,UCK26-UCM26,S,18-May-2026,16:09:21,-0.0131,SGX,XOB8000,XOB8000,UCK26-UCM26
9000,30,6.7692,1111,UCM26,S,15-Jun-2026,16:09:21,0,SGX,XOB8000,XOB8000,UCM26
9000,30,6.7823,1111,UCK26,B,18-May-2026,16:09:21,0,SGX,XOB8000,XOB8000,UCK26
9000,30,-0.0131,1111,UCK26-UCM26,B,18-May-2026,16:09:23,-0.0131,SGX,XOB8000,XOB8000,UCK26-UCM26
9000,30,6.7692,1111,UCM26,B,15-Jun-2026,16:09:23,0,SGX,XOB8000,XOB8000,UCM26
9000,30,6.7823,1111,UCK26,S,18-May-2026,16:09:23,0,SGX,XOB8000,XOB8000,UCK26
9000,35,-0.0131,1111,UCK26-UCM26,B,18-May-2026,16:09:23,-0.0131,SGX,XOB8000,XOB8000,UCK26-UCM26
9000,35,6.7692,1111,UCM26,B,15-Jun-2026,16:09:23,0,SGX,XOB8000,XOB8000,UCM26
9000,35,6.7823,1111,UCK26,S,18-May-2026,16:09:23,0,SGX,XOB8000,XOB8000,UCK26
9000,30,-0.0131,1111,UCK26-UCM26,S,18-May-2026,16:09:23,-0.0131,SGX,XOB8000,XOB8000,UCK26-UCM26
9000,30,6.7692,1111,UCM26,S,15-Jun-2026,16:09:23,0,SGX,XOB8000,XOB8000,UCM26
9000,30,6.7823,1111,UCK26,B,18-May-2026,16:09:23,0,SGX,XOB8000,XOB8000,UCK26
9000,15,-0.0131,1111,UCK26-UCM26,S,18-May-2026,16:09:23,-0.0131,SGX,XOB8000,XOB8000,UCK26-UCM26
9000,15,6.7692,1111,UCM26,S,15-Jun-2026,16:09:23,0,SGX,XOB8000,XOB8000,UCM26
9000,15,6.7823,1111,UCK26,B,18-May-2026,16:09:23,0,SGX,XOB8000,XOB8000,UCK26
9000,20,-0.0131,1111,UCK26-UCM26,S,18-May-2026,16:09:24,-0.0131,SGX,XOB8000,XOB8000,UCK26-UCM26
9000,20,6.7692,1111,UCM26,S,15-Jun-2026,16:09:24,0,SGX,XOB8000,XOB8000,UCM26
9000,20,6.7823,1111,UCK26,B,18-May-2026,16:09:24,0,SGX,XOB8000,XOB8000,UCK26
9000,35,-0.0131,1111,UCK26-UCM26,B,18-May-2026,16:09:24,-0.0131,SGX,XOB8000,XOB8000,UCK26-UCM26
9000,35,6.7692,1111,UCM26,B,15-Jun-2026,16:09:24,0,SGX,XOB8000,XOB8000,UCM26
9000,35,6.7823,1111,UCK26,S,18-May-2026,16:09:24,0,SGX,XOB8000,XOB8000,UCK26
9000,30,-0.0131,1111,UCK26-UCM26,B,18-May-2026,16:09:24,-0.0131,SGX,XOB8000,XOB8000,UCK26-UCM26
9000,30,6.7692,1111,UCM26,B,15-Jun-2026,16:09:24,0,SGX,XOB8000,XOB8000,UCM26
9000,30,6.7823,1111,UCK26,S,18-May-2026,16:09:24,0,SGX,XOB8000,XOB8000,UCK26
9000,35,-0.0131,1111,UCK26-UCM26,S,18-May-2026,16:09:24,-0.0131,SGX,XOB8000,XOB8000,UCK26-UCM26
9000,35,6.7692,1111,UCM26,S,15-Jun-2026,16:09:24,0,SGX,XOB8000,XOB8000,UCM26
9000,35,6.7823,1111,UCK26,B,18-May-2026,16:09:24,0,SGX,XOB8000,XOB8000,UCK26
9000,30,-0.0131,1111,UCK26-UCM26,S,18-May-2026,16:09:24,-0.0131,SGX,XOB8000,XOB8000,UCK26-UCM26
9000,30,6.7692,1111,UCM26,S,15-Jun-2026,16:09:24,0,SGX,XOB8000,XOB8000,UCM26
9000,30,6.7823,1111,UCK26,B,18-May-2026,16:09:24,0,SGX,XOB8000,XOB8000,UCK26
9000,35,-0.0131,1111,UCK26-UCM26,B,18-May-2026,16:09:24,-0.0131,SGX,XOB8000,XOB8000,UCK26-UCM26
9000,35,6.7692,1111,UCM26,B,15-Jun-2026,16:09:24,0,SGX,XOB8000,XOB8000,UCM26
9000,35,6.7823,1111,UCK26,S,18-May-2026,16:09:24,0,SGX,XOB8000,XOB8000,UCK26
9000,30,-0.0131,1111,UCK26-UCM26,B,18-May-2026,16:09:24,-0.0131,SGX,XOB8000,XOB8000,UCK26-UCM26
9000,30,6.7692,1111,UCM26,B,15-Jun-2026,16:09:24,0,SGX,XOB8000,XOB8000,UCM26
9000,30,6.7823,1111,UCK26,S,18-May-2026,16:09:24,0,SGX,XOB8000,XOB8000,UCK26
9000,35,-0.0131,1111,UCK26-UCM26,S,18-May-2026,16:09:24,-0.0131,SGX,XOB8000,XOB8000,UCK26-UCM26
9000,35,6.7692,1111,UCM26,S,15-Jun-2026,16:09:24,0,SGX,XOB8000,XOB8000,UCM26
9000,35,6.7823,1111,UCK26,B,18-May-2026,16:09:24,0,SGX,XOB8000,XOB8000,UCK26
9000,30,-0.0131,1111,UCK26-UCM26,S,18-May-2026,16:09:24,-0.0131,SGX,XOB8000,XOB8000,UCK26-UCM26
9000,30,6.7692,1111,UCM26,S,15-Jun-2026,16:09:24,0,SGX,XOB8000,XOB8000,UCM26
9000,30,6.7823,1111,UCK26,B,18-May-2026,16:09:24,0,SGX,XOB8000,XOB8000,UCK26
9000,30,-0.0131,1111,UCK26-UCM26,B,18-May-2026,16:09:25,-0.0131,SGX,XOB8000,XOB8000,UCK26-UCM26
9000,30,6.7692,1111,UCM26,B,15-Jun-2026,16:09:25,0,SGX,XOB8000,XOB8000,UCM26
9000,30,6.7823,1111,UCK26,S,18-May-2026,16:09:25,0,SGX,XOB8000,XOB8000,UCK26
9000,35,-0.0131,1111,UCK26-UCM26,B,18-May-2026,16:09:25,-0.0131,SGX,XOB8000,XOB8000,UCK26-UCM26
9000,35,6.7692,1111,UCM26,B,15-Jun-2026,16:09:25,0,SGX,XOB8000,XOB8000,UCM26
9000,35,6.7823,1111,UCK26,S,18-May-2026,16:09:25,0,SGX,XOB8000,XOB8000,UCK26
9000,30,-0.0131,1111,UCK26-UCM26,S,18-May-2026,16:09:25,-0.0131,SGX,XOB8000,XOB8000,UCK26-UCM26
9000,30,6.7692,1111,UCM26,S,15-Jun-2026,16:09:25,0,SGX,XOB8000,XOB8000,UCM26
9000,30,6.7823,1111,UCK26,B,18-May-2026,16:09:25,0,SGX,XOB8000,XOB8000,UCK26
9000,20,-0.0131,1111,UCK26-UCM26,S,18-May-2026,16:09:25,-0.0131,SGX,XOB8000,XOB8000,UCK26-UCM26
9000,20,6.7692,1111,UCM26,S,15-Jun-2026,16:09:25,0,SGX,XOB8000,XOB8000,UCM26
9000,20,6.7823,1111,UCK26,B,18-May-2026,16:09:25,0,SGX,XOB8000,XOB8000,UCK26
9000,15,-0.0131,1111,UCK26-UCM26,S,18-May-2026,16:09:26,-0.0131,SGX,XOB8000,XOB8000,UCK26-UCM26
9000,15,6.7692,1111,UCM26,S,15-Jun-2026,16:09:26,0,SGX,XOB8000,XOB8000,UCM26
9000,15,6.7823,1111,UCK26,B,18-May-2026,16:09:26,0,SGX,XOB8000,XOB8000,UCK26
9000,35,-0.0131,1111,UCK26-UCM26,B,18-May-2026,16:09:26,-0.0131,SGX,XOB8000,XOB8000,UCK26-UCM26
9000,35,6.7692,1111,UCM26,B,15-Jun-2026,16:09:26,0,SGX,XOB8000,XOB8000,UCM26
9000,35,6.7823,1111,UCK26,S,18-May-2026,16:09:26,0,SGX,XOB8000,XOB8000,UCK26
9000,30,-0.0131,1111,UCK26-UCM26,B,18-May-2026,16:09:26,-0.0131,SGX,XOB8000,XOB8000,UCK26-UCM26
9000,30,6.7692,1111,UCM26,B,15-Jun-2026,16:09:26,0,SGX,XOB8000,XOB8000,UCM26
9000,30,6.7823,1111,UCK26,S,18-May-2026,16:09:26,0,SGX,XOB8000,XOB8000,UCK26
9000,35,-0.0131,1111,UCK26-UCM26,S,18-May-2026,16:09:26,-0.0131,SGX,XOB8000,XOB8000,UCK26-UCM26
9000,35,6.7692,1111,UCM26,S,15-Jun-2026,16:09:26,0,SGX,XOB8000,XOB8000,UCM26
9000,35,6.7823,1111,UCK26,B,18-May-2026,16:09:26,0,SGX,XOB8000,XOB8000,UCK26
9000,30,-0.0131,1111,UCK26-UCM26,S,18-May-2026,16:09:26,-0.0131,SGX,XOB8000,XOB8000,UCK26-UCM26
9000,30,6.7692,1111,UCM26,S,15-Jun-2026,16:09:26,0,SGX,XOB8000,XOB8000,UCM26
9000,30,6.7823,1111,UCK26,B,18-May-2026,16:09:26,0,SGX,XOB8000,XOB8000,UCK26
9000,30,-0.0131,1111,UCK26-UCM26,B,18-May-2026,16:09:26,-0.0131,SGX,XOB8000,XOB8000,UCK26-UCM26
9000,30,6.7692,1111,UCM26,B,15-Jun-2026,16:09:26,0,SGX,XOB8000,XOB8000,UCM26
9000,30,6.7823,1111,UCK26,S,18-May-2026,16:09:26,0,SGX,XOB8000,XOB8000,UCK26
9000,35,-0.0131,1111,UCK26-UCM26,B,18-May-2026,16:09:26,-0.0131,SGX,XOB8000,XOB8000,UCK26-UCM26
9000,35,6.7692,1111,UCM26,B,15-Jun-2026,16:09:26,0,SGX,XOB8000,XOB8000,UCM26
9000,35,6.7823,1111,UCK26,S,18-May-2026,16:09:26,0,SGX,XOB8000,XOB8000,UCK26
9000,30,-0.0131,1111,UCK26-UCM26,S,18-May-2026,16:09:26,-0.0131,SGX,XOB8000,XOB8000,UCK26-UCM26
9000,30,6.7692,1111,UCM26,S,15-Jun-2026,16:09:26,0,SGX,XOB8000,XOB8000,UCM26
9000,30,6.7823,1111,UCK26,B,18-May-2026,16:09:26,0,SGX,XOB8000,XOB8000,UCK26
9000,35,-0.0131,1111,UCK26-UCM26,S,18-May-2026,16:09:26,-0.0131,SGX,XOB8000,XOB8000,UCK26-UCM26
9000,35,6.7692,1111,UCM26,S,15-Jun-2026,16:09:26,0,SGX,XOB8000,XOB8000,UCM26
9000,35,6.7823,1111,UCK26,B,18-May-2026,16:09:26,0,SGX,XOB8000,XOB8000,UCK26
9000,30,-0.0131,1111,UCK26-UCM26,B,18-May-2026,16:09:26,-0.0131,SGX,XOB8000,XOB8000,UCK26-UCM26
9000,30,6.7692,1111,UCM26,B,15-Jun-2026,16:09:26,0,SGX,XOB8000,XOB8000,UCM26
9000,30,6.7823,1111,UCK26,S,18-May-2026,16:09:26,0,SGX,XOB8000,XOB8000,UCK26
9000,35,-0.0131,1111,UCK26-UCM26,B,18-May-2026,16:09:26,-0.0131,SGX,XOB8000,XOB8000,UCK26-UCM26
9000,35,6.7692,1111,UCM26,B,15-Jun-2026,16:09:26,0,SGX,XOB8000,XOB8000,UCM26
9000,35,6.7823,1111,UCK26,S,18-May-2026,16:09:26,0,SGX,XOB8000,XOB8000,UCK26
9000,35,-0.0131,1111,UCK26-UCM26,S,18-May-2026,16:09:26,-0.0131,SGX,XOB8000,XOB8000,UCK26-UCM26
9000,35,6.7692,1111,UCM26,S,15-Jun-2026,16:09:26,0,SGX,XOB8000,XOB8000,UCM26
9000,35,6.7823,1111,UCK26,B,18-May-2026,16:09:26,0,SGX,XOB8000,XOB8000,UCK26
9000,20,-0.0131,1111,UCK26-UCM26,S,18-May-2026,16:09:26,-0.0131,SGX,XOB8000,XOB8000,UCK26-UCM26
9000,20,6.7692,1111,UCM26,S,15-Jun-2026,16:09:26,0,SGX,XOB8000,XOB8000,UCM26
9000,20,6.7823,1111,UCK26,B,18-May-2026,16:09:26,0,SGX,XOB8000,XOB8000,UCK26
9000,10,-0.0131,1111,UCK26-UCM26,S,18-May-2026,16:09:26,-0.0131,SGX,XOB8000,XOB8000,UCK26-UCM26
9000,10,6.7692,1111,UCM26,S,15-Jun-2026,16:09:26,0,SGX,XOB8000,XOB8000,UCM26
9000,10,6.7823,1111,UCK26,B,18-May-2026,16:09:26,0,SGX,XOB8000,XOB8000,UCK26
9000,35,-0.0131,1111,UCK26-UCM26,B,18-May-2026,16:09:27,-0.0131,SGX,XOB8000,XOB8000,UCK26-UCM26
9000,35,6.7692,1111,UCM26,B,15-Jun-2026,16:09:27,0,SGX,XOB8000,XOB8000,UCM26
9000,35,6.7823,1111,UCK26,S,18-May-2026,16:09:27,0,SGX,XOB8000,XOB8000,UCK26
9000,35,-0.0131,1111,UCK26-UCM26,S,18-May-2026,16:09:27,-0.0131,SGX,XOB8000,XOB8000,UCK26-UCM26
9000,35,6.7692,1111,UCM26,S,15-Jun-2026,16:09:27,0,SGX,XOB8000,XOB8000,UCM26
9000,35,6.7823,1111,UCK26,B,18-May-2026,16:09:27,0,SGX,XOB8000,XOB8000,UCK26
9000,30,-0.0131,1111,UCK26-UCM26,B,18-May-2026,16:09:27,-0.0131,SGX,XOB8000,XOB8000,UCK26-UCM26
9000,30,6.7692,1111,UCM26,B,15-Jun-2026,16:09:27,0,SGX,XOB8000,XOB8000,UCM26
9000,30,6.7823,1111,UCK26,S,18-May-2026,16:09:27,0,SGX,XOB8000,XOB8000,UCK26
9000,35,-0.0131,1111,UCK26-UCM26,B,18-May-2026,16:09:27,-0.0131,SGX,XOB8000,XOB8000,UCK26-UCM26
9000,35,6.7692,1111,UCM26,B,15-Jun-2026,16:09:27,0,SGX,XOB8000,XOB8000,UCM26
9000,35,6.7823,1111,UCK26,S,18-May-2026,16:09:27,0,SGX,XOB8000,XOB8000,UCK26
9000,30,-0.0131,1111,UCK26-UCM26,S,18-May-2026,16:09:27,-0.0131,SGX,XOB8000,XOB8000,UCK26-UCM26
9000,30,6.7692,1111,UCM26,S,15-Jun-2026,16:09:27,0,SGX,XOB8000,XOB8000,UCM26
9000,30,6.7823,1111,UCK26,B,18-May-2026,16:09:27,0,SGX,XOB8000,XOB8000,UCK26
9000,35,-0.0131,1111,UCK26-UCM26,S,18-May-2026,16:09:27,-0.0131,SGX,XOB8000,XOB8000,UCK26-UCM26
9000,35,6.7692,1111,UCM26,S,15-Jun-2026,16:09:27,0,SGX,XOB8000,XOB8000,UCM26
9000,35,6.7823,1111,UCK26,B,18-May-2026,16:09:27,0,SGX,XOB8000,XOB8000,UCK26
9000,35,-0.0131,1111,UCK26-UCM26,B,18-May-2026,16:09:27,-0.0131,SGX,XOB8000,XOB8000,UCK26-UCM26
9000,35,6.7692,1111,UCM26,B,15-Jun-2026,16:09:27,0,SGX,XOB8000,XOB8000,UCM26
9000,35,6.7823,1111,UCK26,S,18-May-2026,16:09:27,0,SGX,XOB8000,XOB8000,UCK26
9000,30,-0.0131,1111,UCK26-UCM26,B,18-May-2026,16:09:27,-0.0131,SGX,XOB8000,XOB8000,UCK26-UCM26
9000,30,6.7692,1111,UCM26,B,15-Jun-2026,16:09:27,0,SGX,XOB8000,XOB8000,UCM26
9000,30,6.7823,1111,UCK26,S,18-May-2026,16:09:27,0,SGX,XOB8000,XOB8000,UCK26
9000,35,-0.0131,1111,UCK26-UCM26,S,18-May-2026,16:09:27,-0.0131,SGX,XOB8000,XOB8000,UCK26-UCM26
9000,35,6.7692,1111,UCM26,S,15-Jun-2026,16:09:27,0,SGX,XOB8000,XOB8000,UCM26
9000,35,6.7823,1111,UCK26,B,18-May-2026,16:09:27,0,SGX,XOB8000,XOB8000,UCK26
9000,30,-0.0131,1111,UCK26-UCM26,S,18-May-2026,16:09:27,-0.0131,SGX,XOB8000,XOB8000,UCK26-UCM26
9000,30,6.7692,1111,UCM26,S,15-Jun-2026,16:09:27,0,SGX,XOB8000,XOB8000,UCM26
9000,30,6.7823,1111,UCK26,B,18-May-2026,16:09:27,0,SGX,XOB8000,XOB8000,UCK26
9000,25,-0.0131,1111,UCK26-UCM26,S,18-May-2026,16:09:27,-0.0131,SGX,XOB8000,XOB8000,UCK26-UCM26
9000,25,6.7692,1111,UCM26,S,15-Jun-2026,16:09:27,0,SGX,XOB8000,XOB8000,UCM26
9000,25,6.7823,1111,UCK26,B,18-May-2026,16:09:27,0,SGX,XOB8000,XOB8000,UCK26
9000,175,-0.0131,1111,UCK26-UCM26,S,18-May-2026,16:09:28,-0.0131,SGX,XOB8000,XOB8000,UCK26-UCM26
9000,175,6.7692,1111,UCM26,S,15-Jun-2026,16:09:28,0,SGX,XOB8000,XOB8000,UCM26
9000,175,6.7823,1111,UCK26,B,18-May-2026,16:09:28,0,SGX,XOB8000,XOB8000,UCK26
9000,30,-0.0131,1111,UCK26-UCM26,B,18-May-2026,16:09:28,-0.0131,SGX,XOB8000,XOB8000,UCK26-UCM26
9000,30,6.7823,1111,UCK26,S,18-May-2026,16:09:28,0,SGX,XOB8000,XOB8000,UCK26
9000,30,6.7692,1111,UCM26,B,15-Jun-2026,16:09:28,0,SGX,XOB8000,XOB8000,UCM26
9000,35,-0.0131,1111,UCK26-UCM26,B,18-May-2026,16:09:28,-0.0131,SGX,XOB8000,XOB8000,UCK26-UCM26
9000,35,6.7823,1111,UCK26,S,18-May-2026,16:09:28,0,SGX,XOB8000,XOB8000,UCK26
9000,35,6.7692,1111,UCM26,B,15-Jun-2026,16:09:28,0,SGX,XOB8000,XOB8000,UCM26
9000,25,-0.0131,1111,UCK26-UCM26,S,18-May-2026,16:09:28,-0.0131,SGX,XOB8000,XOB8000,UCK26-UCM26
9000,25,6.7823,1111,UCK26,B,18-May-2026,16:09:28,0,SGX,XOB8000,XOB8000,UCK26
9000,25,6.7692,1111,UCM26,S,15-Jun-2026,16:09:28,0,SGX,XOB8000,XOB8000,UCM26
9000,5,-0.0131,1111,UCK26-UCM26,S,18-May-2026,16:09:28,-0.0131,SGX,XOB8000,XOB8000,UCK26-UCM26
9000,5,6.7823,1111,UCK26,B,18-May-2026,16:09:28,0,SGX,XOB8000,XOB8000,UCK26
9000,5,6.7692,1111,UCM26,S,15-Jun-2026,16:09:28,0,SGX,XOB8000,XOB8000,UCM26
9000,35,-0.0131,1111,UCK26-UCM26,S,18-May-2026,16:09:28,-0.0131,SGX,XOB8000,XOB8000,UCK26-UCM26
9000,35,6.7823,1111,UCK26,B,18-May-2026,16:09:28,0,SGX,XOB8000,XOB8000,UCK26
9000,35,6.7692,1111,UCM26,S,15-Jun-2026,16:09:28,0,SGX,XOB8000,XOB8000,UCM26
9000,30,-0.0131,1111,UCK26-UCM26,B,18-May-2026,16:09:28,-0.0131,SGX,XOB8000,XOB8000,UCK26-UCM26
9000,30,6.7823,1111,UCK26,S,18-May-2026,16:09:28,0,SGX,XOB8000,XOB8000,UCK26
9000,30,6.7692,1111,UCM26,B,15-Jun-2026,16:09:28,0,SGX,XOB8000,XOB8000,UCM26
9000,35,-0.0131,1111,UCK26-UCM26,B,18-May-2026,16:09:28,-0.0131,SGX,XOB8000,XOB8000,UCK26-UCM26
9000,35,6.7823,1111,UCK26,S,18-May-2026,16:09:28,0,SGX,XOB8000,XOB8000,UCK26
9000,35,6.7692,1111,UCM26,B,15-Jun-2026,16:09:28,0,SGX,XOB8000,XOB8000,UCM26
9000,30,-0.0131,1111,UCK26-UCM26,S,18-May-2026,16:09:28,-0.0131,SGX,XOB8000,XOB8000,UCK26-UCM26
9000,30,6.7823,1111,UCK26,B,18-May-2026,16:09:28,0,SGX,XOB8000,XOB8000,UCK26
9000,30,6.7692,1111,UCM26,S,15-Jun-2026,16:09:28,0,SGX,XOB8000,XOB8000,UCM26
9000,35,-0.0131,1111,UCK26-UCM26,S,18-May-2026,16:09:28,-0.0131,SGX,XOB8000,XOB8000,UCK26-UCM26
9000,35,6.7823,1111,UCK26,B,18-May-2026,16:09:28,0,SGX,XOB8000,XOB8000,UCK26
9000,35,6.7692,1111,UCM26,S,15-Jun-2026,16:09:28,0,SGX,XOB8000,XOB8000,UCM26
9000,35,-0.0131,1111,UCK26-UCM26,B,18-May-2026,16:09:29,-0.0131,SGX,XOB8000,XOB8000,UCK26-UCM26
9000,35,6.7823,1111,UCK26,S,18-May-2026,16:09:29,0,SGX,XOB8000,XOB8000,UCK26
9000,35,6.7692,1111,UCM26,B,15-Jun-2026,16:09:29,0,SGX,XOB8000,XOB8000,UCM26
9000,30,-0.0131,1111,UCK26-UCM26,B,18-May-2026,16:09:29,-0.0131,SGX,XOB8000,XOB8000,UCK26-UCM26
9000,30,6.7823,1111,UCK26,S,18-May-2026,16:09:29,0,SGX,XOB8000,XOB8000,UCK26
9000,30,6.7692,1111,UCM26,B,15-Jun-2026,16:09:29,0,SGX,XOB8000,XOB8000,UCM26
9000,35,-0.0131,1111,UCK26-UCM26,S,18-May-2026,16:09:30,-0.0131,SGX,XOB8000,XOB8000,UCK26-UCM26
9000,35,6.7823,1111,UCK26,B,18-May-2026,16:09:30,0,SGX,XOB8000,XOB8000,UCK26
9000,35,6.7692,1111,UCM26,S,15-Jun-2026,16:09:30,0,SGX,XOB8000,XOB8000,UCM26
9000,30,-0.0131,1111,UCK26-UCM26,S,18-May-2026,16:09:30,-0.0131,SGX,XOB8000,XOB8000,UCK26-UCM26
9000,30,6.7823,1111,UCK26,B,18-May-2026,16:09:30,0,SGX,XOB8000,XOB8000,UCK26
9000,30,6.7692,1111,UCM26,S,15-Jun-2026,16:09:30,0,SGX,XOB8000,XOB8000,UCM26
9000,35,-0.0131,1111,UCK26-UCM26,B,18-May-2026,16:09:30,-0.0131,SGX,XOB8000,XOB8000,UCK26-UCM26
9000,35,6.7823,1111,UCK26,S,18-May-2026,16:09:30,0,SGX,XOB8000,XOB8000,UCK26
9000,35,6.7692,1111,UCM26,B,15-Jun-2026,16:09:30,0,SGX,XOB8000,XOB8000,UCM26
9000,30,-0.0131,1111,UCK26-UCM26,B,18-May-2026,16:09:30,-0.0131,SGX,XOB8000,XOB8000,UCK26-UCM26
9000,30,6.7823,1111,UCK26,S,18-May-2026,16:09:30,0,SGX,XOB8000,XOB8000,UCK26
9000,30,6.7692,1111,UCM26,B,15-Jun-2026,16:09:30,0,SGX,XOB8000,XOB8000,UCM26
9000,30,-0.0131,1111,UCK26-UCM26,S,18-May-2026,16:09:30,-0.0131,SGX,XOB8000,XOB8000,UCK26-UCM26
9000,30,6.7823,1111,UCK26,B,18-May-2026,16:09:30,0,SGX,XOB8000,XOB8000,UCK26
9000,30,6.7692,1111,UCM26,S,15-Jun-2026,16:09:30,0,SGX,XOB8000,XOB8000,UCM26
9000,5,-0.0131,1111,UCK26-UCM26,S,18-May-2026,16:09:37,-0.0131,SGX,XOB8000,XOB8000,UCK26-UCM26
9000,5,6.7823,1111,UCK26,B,18-May-2026,16:09:37,0,SGX,XOB8000,XOB8000,UCK26
9000,5,6.7692,1111,UCM26,S,15-Jun-2026,16:09:37,0,SGX,XOB8000,XOB8000,UCM26
9000,30,-0.0131,1111,UCK26-UCM26,S,18-May-2026,16:09:37,-0.0131,SGX,XOB8000,XOB8000,UCK26-UCM26
9000,30,6.7823,1111,UCK26,B,18-May-2026,16:09:37,0,SGX,XOB8000,XOB8000,UCK26
9000,30,6.7692,1111,UCM26,S,15-Jun-2026,16:09:37,0,SGX,XOB8000,XOB8000,UCM26
9000,10,-0.0131,1111,UCK26-UCM26,S,18-May-2026,16:09:37,-0.0131,SGX,XOB8000,XOB8000,UCK26-UCM26
9000,10,6.7823,1111,UCK26,B,18-May-2026,16:09:37,0,SGX,XOB8000,XOB8000,UCK26
9000,10,6.7692,1111,UCM26,S,15-Jun-2026,16:09:37,0,SGX,XOB8000,XOB8000,UCM26
9000,30,-0.0131,1111,UCK26-UCM26,S,18-May-2026,16:09:37,-0.0131,SGX,XOB8000,XOB8000,UCK26-UCM26
9000,30,6.7823,1111,UCK26,B,18-May-2026,16:09:37,0,SGX,XOB8000,XOB8000,UCK26
9000,30,6.7692,1111,UCM26,S,15-Jun-2026,16:09:37,0,SGX,XOB8000,XOB8000,UCM26
9000,125,-0.0131,1111,UCK26-UCM26,S,18-May-2026,16:09:37,-0.0131,SGX,XOB8000,XOB8000,UCK26-UCM26
9000,125,6.7823,1111,UCK26,B,18-May-2026,16:09:37,0,SGX,XOB8000,XOB8000,UCK26
9000,125,6.7692,1111,UCM26,S,15-Jun-2026,16:09:37,0,SGX,XOB8000,XOB8000,UCM26
9000,30,-0.0131,1111,UCK26-UCM26,B,18-May-2026,16:09:37,-0.0131,SGX,XOB8000,XOB8000,UCK26-UCM26
9000,30,6.7823,1111,UCK26,S,18-May-2026,16:09:37,0,SGX,XOB8000,XOB8000,UCK26
9000,30,6.7692,1111,UCM26,B,15-Jun-2026,16:09:37,0,SGX,XOB8000,XOB8000,UCM26
9000,75,-0.0131,1111,UCK26-UCM26,S,18-May-2026,16:09:37,-0.0131,SGX,XOB8000,XOB8000,UCK26-UCM26
9000,75,6.7823,1111,UCK26,B,18-May-2026,16:09:37,0,SGX,XOB8000,XOB8000,UCK26
9000,75,6.7692,1111,UCM26,S,15-Jun-2026,16:09:37,0,SGX,XOB8000,XOB8000,UCM26
9000,30,-0.0131,1111,UCK26-UCM26,S,18-May-2026,16:09:39,-0.0131,SGX,XOB8000,XOB8000,UCK26-UCM26
9000,30,6.7823,1111,UCK26,B,18-May-2026,16:09:39,0,SGX,XOB8000,XOB8000,UCK26
9000,30,6.7692,1111,UCM26,S,15-Jun-2026,16:09:39,0,SGX,XOB8000,XOB8000,UCM26
9000,35,-0.0131,1111,UCK26-UCM26,S,18-May-2026,16:09:39,-0.0131,SGX,XOB8000,XOB8000,UCK26-UCM26
9000,35,6.7823,1111,UCK26,B,18-May-2026,16:09:39,0,SGX,XOB8000,XOB8000,UCK26
9000,35,6.7692,1111,UCM26,S,15-Jun-2026,16:09:39,0,SGX,XOB8000,XOB8000,UCM26
9000,30,-0.0131,1111,UCK26-UCM26,B,18-May-2026,16:09:40,-0.0131,SGX,XOB8000,XOB8000,UCK26-UCM26
9000,30,6.7823,1111,UCK26,S,18-May-2026,16:09:40,0,SGX,XOB8000,XOB8000,UCK26
9000,30,6.7692,1111,UCM26,B,15-Jun-2026,16:09:40,0,SGX,XOB8000,XOB8000,UCM26
9000,35,-0.0131,1111,UCK26-UCM26,B,18-May-2026,16:09:40,-0.0131,SGX,XOB8000,XOB8000,UCK26-UCM26
9000,35,6.7823,1111,UCK26,S,18-May-2026,16:09:40,0,SGX,XOB8000,XOB8000,UCK26
9000,35,6.7692,1111,UCM26,B,15-Jun-2026,16:09:40,0,SGX,XOB8000,XOB8000,UCM26
9000,80,-0.0131,1111,UCK26-UCM26,B,18-May-2026,16:09:40,-0.0131,SGX,XOB8000,XOB8000,UCK26-UCM26
9000,80,6.7822,1111,UCK26,S,18-May-2026,16:09:40,0,SGX,XOB8000,XOB8000,UCK26
9000,80,6.7691,1111,UCM26,B,15-Jun-2026,16:09:40,0,SGX,XOB8000,XOB8000,UCM26
9000,25,-0.0131,1111,UCK26-UCM26,B,18-May-2026,16:09:42,-0.0131,SGX,XOB8000,XOB8000,UCK26-UCM26
9000,25,6.7822,1111,UCK26,S,18-May-2026,16:09:42,0,SGX,XOB8000,XOB8000,UCK26
9000,25,6.7691,1111,UCM26,B,15-Jun-2026,16:09:42,0,SGX,XOB8000,XOB8000,UCM26
9000,55,-0.0131,1111,UCK26-UCM26,B,18-May-2026,16:09:42,-0.0131,SGX,XOB8000,XOB8000,UCK26-UCM26
9000,55,6.7822,1111,UCK26,S,18-May-2026,16:09:42,0,SGX,XOB8000,XOB8000,UCK26
9000,55,6.7691,1111,UCM26,B,15-Jun-2026,16:09:42,0,SGX,XOB8000,XOB8000,UCM26
9000,80,-0.0131,1111,UCK26-UCM26,B,18-May-2026,16:09:43,-0.0131,SGX,XOB8000,XOB8000,UCK26-UCM26
9000,80,6.7822,1111,UCK26,S,18-May-2026,16:09:43,0,SGX,XOB8000,XOB8000,UCK26
9000,80,6.7691,1111,UCM26,B,15-Jun-2026,16:09:43,0,SGX,XOB8000,XOB8000,UCM26
9000,65,-0.0131,1111,UCK26-UCM26,B,18-May-2026,16:09:45,-0.0131,SGX,XOB8000,XOB8000,UCK26-UCM26
9000,65,6.7822,1111,UCK26,S,18-May-2026,16:09:45,0,SGX,XOB8000,XOB8000,UCK26
9000,65,6.7691,1111,UCM26,B,15-Jun-2026,16:09:45,0,SGX,XOB8000,XOB8000,UCM26
9000,15,-0.0131,1111,UCK26-UCM26,B,18-May-2026,16:09:45,-0.0131,SGX,XOB8000,XOB8000,UCK26-UCM26
9000,15,6.7822,1111,UCK26,S,18-May-2026,16:09:45,0,SGX,XOB8000,XOB8000,UCK26
9000,15,6.7691,1111,UCM26,B,15-Jun-2026,16:09:45,0,SGX,XOB8000,XOB8000,UCM26
9000,30,-0.0131,1111,UCK26-UCM26,S,18-May-2026,16:09:50,-0.0131,SGX,XOB8000,XOB8000,UCK26-UCM26
9000,30,6.7822,1111,UCK26,B,18-May-2026,16:09:50,0,SGX,XOB8000,XOB8000,UCK26
9000,30,6.7691,1111,UCM26,S,15-Jun-2026,16:09:50,0,SGX,XOB8000,XOB8000,UCM26
9000,35,-0.0131,1111,UCK26-UCM26,S,18-May-2026,16:09:50,-0.0131,SGX,XOB8000,XOB8000,UCK26-UCM26
9000,35,6.7822,1111,UCK26,B,18-May-2026,16:09:50,0,SGX,XOB8000,XOB8000,UCK26
9000,35,6.7691,1111,UCM26,S,15-Jun-2026,16:09:50,0,SGX,XOB8000,XOB8000,UCM26
9000,30,-0.0131,1111,UCK26-UCM26,B,18-May-2026,16:09:51,-0.0131,SGX,XOB8000,XOB8000,UCK26-UCM26
9000,30,6.7822,1111,UCK26,S,18-May-2026,16:09:51,0,SGX,XOB8000,XOB8000,UCK26
9000,30,6.7691,1111,UCM26,B,15-Jun-2026,16:09:51,0,SGX,XOB8000,XOB8000,UCM26
9000,35,-0.0131,1111,UCK26-UCM26,B,18-May-2026,16:09:51,-0.0131,SGX,XOB8000,XOB8000,UCK26-UCM26
9000,35,6.7822,1111,UCK26,S,18-May-2026,16:09:51,0,SGX,XOB8000,XOB8000,UCK26
9000,35,6.7691,1111,UCM26,B,15-Jun-2026,16:09:51,0,SGX,XOB8000,XOB8000,UCM26
9000,35,-0.0131,1111,UCK26-UCM26,S,18-May-2026,16:09:50,-0.0131,SGX,XOB8000,XOB8000,UCK26-UCM26
9000,35,6.7822,1111,UCK26,B,18-May-2026,16:09:50,0,SGX,XOB8000,XOB8000,UCK26
9000,35,6.7691,1111,UCM26,S,15-Jun-2026,16:09:50,0,SGX,XOB8000,XOB8000,UCM26
9000,30,-0.0131,1111,UCK26-UCM26,S,18-May-2026,16:09:50,-0.0131,SGX,XOB8000,XOB8000,UCK26-UCM26
9000,30,6.7822,1111,UCK26,B,18-May-2026,16:09:50,0,SGX,XOB8000,XOB8000,UCK26
9000,30,6.7691,1111,UCM26,S,15-Jun-2026,16:09:50,0,SGX,XOB8000,XOB8000,UCM26
9000,35,-0.0131,1111,UCK26-UCM26,B,18-May-2026,16:09:51,-0.0131,SGX,XOB8000,XOB8000,UCK26-UCM26
9000,35,6.7690,1111,UCM26,B,15-Jun-2026,16:09:51,0,SGX,XOB8000,XOB8000,UCM26
9000,35,6.7821,1111,UCK26,S,18-May-2026,16:09:51,0,SGX,XOB8000,XOB8000,UCK26
9000,30,-0.0131,1111,UCK26-UCM26,B,18-May-2026,16:09:51,-0.0131,SGX,XOB8000,XOB8000,UCK26-UCM26
9000,30,6.7690,1111,UCM26,B,15-Jun-2026,16:09:51,0,SGX,XOB8000,XOB8000,UCM26
9000,30,6.7821,1111,UCK26,S,18-May-2026,16:09:51,0,SGX,XOB8000,XOB8000,UCK26
9000,35,-0.0131,1111,UCK26-UCM26,S,18-May-2026,16:09:51,-0.0131,SGX,XOB8000,XOB8000,UCK26-UCM26
9000,35,6.7822,1111,UCK26,B,18-May-2026,16:09:51,0,SGX,XOB8000,XOB8000,UCK26
9000,35,6.7691,1111,UCM26,S,15-Jun-2026,16:09:51,0,SGX,XOB8000,XOB8000,UCM26
9000,30,-0.0131,1111,UCK26-UCM26,S,18-May-2026,16:09:51,-0.0131,SGX,XOB8000,XOB8000,UCK26-UCM26
9000,30,6.7822,1111,UCK26,B,18-May-2026,16:09:51,0,SGX,XOB8000,XOB8000,UCK26
9000,30,6.7691,1111,UCM26,S,15-Jun-2026,16:09:51,0,SGX,XOB8000,XOB8000,UCM26
9000,35,-0.0131,1111,UCK26-UCM26,B,18-May-2026,16:09:51,-0.0131,SGX,XOB8000,XOB8000,UCK26-UCM26
9000,35,6.7822,1111,UCK26,S,18-May-2026,16:09:51,0,SGX,XOB8000,XOB8000,UCK26
9000,35,6.7691,1111,UCM26,B,15-Jun-2026,16:09:51,0,SGX,XOB8000,XOB8000,UCM26
9000,20,-0.0131,1111,UCK26-UCM26,B,18-May-2026,16:09:51,-0.0131,SGX,XOB8000,XOB8000,UCK26-UCM26
9000,20,6.7690,1111,UCM26,B,15-Jun-2026,16:09:51,0,SGX,XOB8000,XOB8000,UCM26
9000,20,6.7821,1111,UCK26,S,18-May-2026,16:09:51,0,SGX,XOB8000,XOB8000,UCK26
9000,190,-0.0131,1111,UCK26-UCM26,S,18-May-2026,16:09:54,-0.0131,SGX,XOB8000,XOB8000,UCK26-UCM26
9000,190,6.7822,1111,UCK26,B,18-May-2026,16:09:54,0,SGX,XOB8000,XOB8000,UCK26
9000,190,6.7691,1111,UCM26,S,15-Jun-2026,16:09:54,0,SGX,XOB8000,XOB8000,UCM26
9000,35,-0.0131,1111,UCK26-UCM26,B,18-May-2026,16:11:05,-0.0131,SGX,XOB8000,XOB8000,UCK26-UCM26
9000,35,6.7825,1111,UCK26,S,18-May-2026,16:11:05,0,SGX,XOB8000,XOB8000,UCK26
9000,35,6.7694,1111,UCM26,B,15-Jun-2026,16:11:05,0,SGX,XOB8000,XOB8000,UCM26
9000,30,-0.0131,1111,UCK26-UCM26,B,18-May-2026,16:11:05,-0.0131,SGX,XOB8000,XOB8000,UCK26-UCM26
9000,30,6.7825,1111,UCK26,S,18-May-2026,16:11:05,0,SGX,XOB8000,XOB8000,UCK26
9000,30,6.7694,1111,UCM26,B,15-Jun-2026,16:11:05,0,SGX,XOB8000,XOB8000,UCM26
9000,80,-0.0131,1111,UCK26-UCM26,B,18-May-2026,16:11:05,-0.0131,SGX,XOB8000,XOB8000,UCK26-UCM26
9000,80,6.7825,1111,UCK26,S,18-May-2026,16:11:05,0,SGX,XOB8000,XOB8000,UCK26
9000,80,6.7694,1111,UCM26,B,15-Jun-2026,16:11:05,0,SGX,XOB8000,XOB8000,UCM26
9000,10,-0.0131,1111,UCK26-UCM26,B,18-May-2026,16:11:05,-0.0131,SGX,XOB8000,XOB8000,UCK26-UCM26
9000,10,6.7825,1111,UCK26,S,18-May-2026,16:11:05,0,SGX,XOB8000,XOB8000,UCK26
9000,10,6.7694,1111,UCM26,B,15-Jun-2026,16:11:05,0,SGX,XOB8000,XOB8000,UCM26
9000,10,-0.0131,1111,UCK26-UCM26,S,18-May-2026,16:11:05,-0.0131,SGX,XOB8000,XOB8000,UCK26-UCM26
9000,10,6.7694,1111,UCM26,S,15-Jun-2026,16:11:05,0,SGX,XOB8000,XOB8000,UCM26
9000,10,6.7825,1111,UCK26,B,18-May-2026,16:11:05,0,SGX,XOB8000,XOB8000,UCK26
9000,25,-0.0131,1111,UCK26-UCM26,S,18-May-2026,16:11:06,-0.0131,SGX,XOB8000,XOB8000,UCK26-UCM26
9000,25,6.7694,1111,UCM26,S,15-Jun-2026,16:11:06,0,SGX,XOB8000,XOB8000,UCM26
9000,25,6.7825,1111,UCK26,B,18-May-2026,16:11:06,0,SGX,XOB8000,XOB8000,UCK26
9000,30,-0.0131,1111,UCK26-UCM26,S,18-May-2026,16:11:06,-0.0131,SGX,XOB8000,XOB8000,UCK26-UCM26
9000,30,6.7694,1111,UCM26,S,15-Jun-2026,16:11:06,0,SGX,XOB8000,XOB8000,UCM26
9000,30,6.7825,1111,UCK26,B,18-May-2026,16:11:06,0,SGX,XOB8000,XOB8000,UCK26
9000,35,-0.0131,1111,UCK26-UCM26,B,18-May-2026,16:11:05,-0.0131,SGX,XOB8000,XOB8000,UCK26-UCM26
9000,35,6.7694,1111,UCM26,B,15-Jun-2026,16:11:05,0,SGX,XOB8000,XOB8000,UCM26
9000,35,6.7825,1111,UCK26,S,18-May-2026,16:11:05,0,SGX,XOB8000,XOB8000,UCK26
9000,30,-0.0131,1111,UCK26-UCM26,B,18-May-2026,16:11:05,-0.0131,SGX,XOB8000,XOB8000,UCK26-UCM26
9000,30,6.7694,1111,UCM26,B,15-Jun-2026,16:11:05,0,SGX,XOB8000,XOB8000,UCM26
9000,30,6.7825,1111,UCK26,S,18-May-2026,16:11:05,0,SGX,XOB8000,XOB8000,UCK26
9000,35,-0.0131,1111,UCK26-UCM26,S,18-May-2026,16:11:06,-0.0131,SGX,XOB8000,XOB8000,UCK26-UCM26
9000,35,6.7694,1111,UCM26,S,15-Jun-2026,16:11:06,0,SGX,XOB8000,XOB8000,UCM26
9000,35,6.7825,1111,UCK26,B,18-May-2026,16:11:06,0,SGX,XOB8000,XOB8000,UCK26
9000,30,-0.0131,1111,UCK26-UCM26,S,18-May-2026,16:11:06,-0.0131,SGX,XOB8000,XOB8000,UCK26-UCM26
9000,30,6.7694,1111,UCM26,S,15-Jun-2026,16:11:06,0,SGX,XOB8000,XOB8000,UCM26
9000,30,6.7825,1111,UCK26,B,18-May-2026,16:11:06,0,SGX,XOB8000,XOB8000,UCK26
9000,30,-0.0131,1111,UCK26-UCM26,B,18-May-2026,16:11:06,-0.0131,SGX,XOB8000,XOB8000,UCK26-UCM26
9000,30,6.7694,1111,UCM26,B,15-Jun-2026,16:11:06,0,SGX,XOB8000,XOB8000,UCM26
9000,30,6.7825,1111,UCK26,S,18-May-2026,16:11:06,0,SGX,XOB8000,XOB8000,UCK26
9000,35,-0.0131,1111,UCK26-UCM26,B,18-May-2026,16:11:06,-0.0131,SGX,XOB8000,XOB8000,UCK26-UCM26
9000,35,6.7694,1111,UCM26,B,15-Jun-2026,16:11:06,0,SGX,XOB8000,XOB8000,UCM26
9000,35,6.7825,1111,UCK26,S,18-May-2026,16:11:06,0,SGX,XOB8000,XOB8000,UCK26
9000,30,-0.0131,1111,UCK26-UCM26,S,18-May-2026,16:11:06,-0.0131,SGX,XOB8000,XOB8000,UCK26-UCM26
9000,30,6.7694,1111,UCM26,S,15-Jun-2026,16:11:06,0,SGX,XOB8000,XOB8000,UCM26
9000,30,6.7825,1111,UCK26,B,18-May-2026,16:11:06,0,SGX,XOB8000,XOB8000,UCK26
9000,35,-0.0131,1111,UCK26-UCM26,S,18-May-2026,16:11:06,-0.0131,SGX,XOB8000,XOB8000,UCK26-UCM26
9000,35,6.7694,1111,UCM26,S,15-Jun-2026,16:11:06,0,SGX,XOB8000,XOB8000,UCM26
9000,35,6.7825,1111,UCK26,B,18-May-2026,16:11:06,0,SGX,XOB8000,XOB8000,UCK26
9000,30,-0.0131,1111,UCK26-UCM26,B,18-May-2026,16:11:06,-0.0131,SGX,XOB8000,XOB8000,UCK26-UCM26
9000,30,6.7694,1111,UCM26,B,15-Jun-2026,16:11:06,0,SGX,XOB8000,XOB8000,UCM26
9000,30,6.7825,1111,UCK26,S,18-May-2026,16:11:06,0,SGX,XOB8000,XOB8000,UCK26
9000,35,-0.0131,1111,UCK26-UCM26,B,18-May-2026,16:11:06,-0.0131,SGX,XOB8000,XOB8000,UCK26-UCM26
9000,35,6.7694,1111,UCM26,B,15-Jun-2026,16:11:06,0,SGX,XOB8000,XOB8000,UCM26
9000,35,6.7825,1111,UCK26,S,18-May-2026,16:11:06,0,SGX,XOB8000,XOB8000,UCK26
9000,15,-0.0131,1111,UCK26-UCM26,S,18-May-2026,16:11:06,-0.0131,SGX,XOB8000,XOB8000,UCK26-UCM26
9000,15,6.7694,1111,UCM26,S,15-Jun-2026,16:11:06,0,SGX,XOB8000,XOB8000,UCM26
9000,15,6.7825,1111,UCK26,B,18-May-2026,16:11:06,0,SGX,XOB8000,XOB8000,UCK26
9000,15,-0.0131,1111,UCK26-UCM26,S,18-May-2026,16:11:06,-0.0131,SGX,XOB8000,XOB8000,UCK26-UCM26
9000,15,6.7694,1111,UCM26,S,15-Jun-2026,16:11:06,0,SGX,XOB8000,XOB8000,UCM26
9000,15,6.7825,1111,UCK26,B,18-May-2026,16:11:06,0,SGX,XOB8000,XOB8000,UCK26
9000,35,-0.0131,1111,UCK26-UCM26,S,18-May-2026,16:11:06,-0.0131,SGX,XOB8000,XOB8000,UCK26-UCM26
9000,35,6.7694,1111,UCM26,S,15-Jun-2026,16:11:06,0,SGX,XOB8000,XOB8000,UCM26
9000,35,6.7825,1111,UCK26,B,18-May-2026,16:11:06,0,SGX,XOB8000,XOB8000,UCK26
9000,30,-0.0131,1111,UCK26-UCM26,B,18-May-2026,16:11:07,-0.0131,SGX,XOB8000,XOB8000,UCK26-UCM26
9000,30,6.7825,1111,UCK26,S,18-May-2026,16:11:07,0,SGX,XOB8000,XOB8000,UCK26
9000,30,6.7694,1111,UCM26,B,15-Jun-2026,16:11:07,0,SGX,XOB8000,XOB8000,UCM26
9000,35,-0.0131,1111,UCK26-UCM26,B,18-May-2026,16:11:07,-0.0131,SGX,XOB8000,XOB8000,UCK26-UCM26
9000,35,6.7825,1111,UCK26,S,18-May-2026,16:11:07,0,SGX,XOB8000,XOB8000,UCK26
9000,35,6.7694,1111,UCM26,B,15-Jun-2026,16:11:07,0,SGX,XOB8000,XOB8000,UCM26
9000,30,-0.0131,1111,UCK26-UCM26,S,18-May-2026,16:11:08,-0.0131,SGX,XOB8000,XOB8000,UCK26-UCM26
9000,30,6.7825,1111,UCK26,B,18-May-2026,16:11:08,0,SGX,XOB8000,XOB8000,UCK26
9000,30,6.7694,1111,UCM26,S,15-Jun-2026,16:11:08,0,SGX,XOB8000,XOB8000,UCM26
9000,35,-0.0131,1111,UCK26-UCM26,S,18-May-2026,16:11:08,-0.0131,SGX,XOB8000,XOB8000,UCK26-UCM26
9000,35,6.7825,1111,UCK26,B,18-May-2026,16:11:08,0,SGX,XOB8000,XOB8000,UCK26
9000,35,6.7694,1111,UCM26,S,15-Jun-2026,16:11:08,0,SGX,XOB8000,XOB8000,UCM26
9000,35,-0.0131,1111,UCK26-UCM26,B,18-May-2026,16:11:07,-0.0131,SGX,XOB8000,XOB8000,UCK26-UCM26
9000,35,6.7694,1111,UCM26,B,15-Jun-2026,16:11:07,0,SGX,XOB8000,XOB8000,UCM26
9000,35,6.7825,1111,UCK26,S,18-May-2026,16:11:07,0,SGX,XOB8000,XOB8000,UCK26
9000,30,-0.0131,1111,UCK26-UCM26,B,18-May-2026,16:11:07,-0.0131,SGX,XOB8000,XOB8000,UCK26-UCM26
9000,30,6.7694,1111,UCM26,B,15-Jun-2026,16:11:07,0,SGX,XOB8000,XOB8000,UCM26
9000,30,6.7825,1111,UCK26,S,18-May-2026,16:11:07,0,SGX,XOB8000,XOB8000,UCK26
9000,35,-0.0131,1111,UCK26-UCM26,S,18-May-2026,16:11:08,-0.0131,SGX,XOB8000,XOB8000,UCK26-UCM26
9000,35,6.7694,1111,UCM26,S,15-Jun-2026,16:11:08,0,SGX,XOB8000,XOB8000,UCM26
9000,35,6.7825,1111,UCK26,B,18-May-2026,16:11:08,0,SGX,XOB8000,XOB8000,UCK26
9000,30,-0.0131,1111,UCK26-UCM26,S,18-May-2026,16:11:08,-0.0131,SGX,XOB8000,XOB8000,UCK26-UCM26
9000,30,6.7694,1111,UCM26,S,15-Jun-2026,16:11:08,0,SGX,XOB8000,XOB8000,UCM26
9000,30,6.7825,1111,UCK26,B,18-May-2026,16:11:08,0,SGX,XOB8000,XOB8000,UCK26
9000,30,-0.0131,1111,UCK26-UCM26,B,18-May-2026,16:11:08,-0.0131,SGX,XOB8000,XOB8000,UCK26-UCM26
9000,30,6.7694,1111,UCM26,B,15-Jun-2026,16:11:08,0,SGX,XOB8000,XOB8000,UCM26
9000,30,6.7825,1111,UCK26,S,18-May-2026,16:11:08,0,SGX,XOB8000,XOB8000,UCK26
9000,35,-0.0131,1111,UCK26-UCM26,B,18-May-2026,16:11:08,-0.0131,SGX,XOB8000,XOB8000,UCK26-UCM26
9000,35,6.7694,1111,UCM26,B,15-Jun-2026,16:11:08,0,SGX,XOB8000,XOB8000,UCM26
9000,35,6.7825,1111,UCK26,S,18-May-2026,16:11:08,0,SGX,XOB8000,XOB8000,UCK26
9000,20,-0.0131,1111,UCK26-UCM26,S,18-May-2026,16:11:08,-0.0131,SGX,XOB8000,XOB8000,UCK26-UCM26
9000,20,6.7694,1111,UCM26,S,15-Jun-2026,16:11:08,0,SGX,XOB8000,XOB8000,UCM26
9000,20,6.7825,1111,UCK26,B,18-May-2026,16:11:08,0,SGX,XOB8000,XOB8000,UCK26
9000,10,-0.0131,1111,UCK26-UCM26,S,18-May-2026,16:11:08,-0.0131,SGX,XOB8000,XOB8000,UCK26-UCM26
9000,10,6.7694,1111,UCM26,S,15-Jun-2026,16:11:08,0,SGX,XOB8000,XOB8000,UCM26
9000,10,6.7825,1111,UCK26,B,18-May-2026,16:11:08,0,SGX,XOB8000,XOB8000,UCK26
9000,35,-0.0131,1111,UCK26-UCM26,S,18-May-2026,16:11:08,-0.0131,SGX,XOB8000,XOB8000,UCK26-UCM26
9000,35,6.7694,1111,UCM26,S,15-Jun-2026,16:11:08,0,SGX,XOB8000,XOB8000,UCM26
9000,35,6.7825,1111,UCK26,B,18-May-2026,16:11:08,0,SGX,XOB8000,XOB8000,UCK26
9000,30,-0.0131,1111,UCK26-UCM26,B,18-May-2026,16:11:09,-0.0131,SGX,XOB8000,XOB8000,UCK26-UCM26
9000,30,6.7825,1111,UCK26,S,18-May-2026,16:11:09,0,SGX,XOB8000,XOB8000,UCK26
9000,30,6.7694,1111,UCM26,B,15-Jun-2026,16:11:09,0,SGX,XOB8000,XOB8000,UCM26
9000,35,-0.0131,1111,UCK26-UCM26,B,18-May-2026,16:11:09,-0.0131,SGX,XOB8000,XOB8000,UCK26-UCM26
9000,35,6.7825,1111,UCK26,S,18-May-2026,16:11:09,0,SGX,XOB8000,XOB8000,UCK26
9000,35,6.7694,1111,UCM26,B,15-Jun-2026,16:11:09,0,SGX,XOB8000,XOB8000,UCM26
9000,30,-0.0131,1111,UCK26-UCM26,S,18-May-2026,16:11:10,-0.0131,SGX,XOB8000,XOB8000,UCK26-UCM26
9000,30,6.7825,1111,UCK26,B,18-May-2026,16:11:10,0,SGX,XOB8000,XOB8000,UCK26
9000,30,6.7694,1111,UCM26,S,15-Jun-2026,16:11:10,0,SGX,XOB8000,XOB8000,UCM26
9000,35,-0.0131,1111,UCK26-UCM26,S,18-May-2026,16:11:10,-0.0131,SGX,XOB8000,XOB8000,UCK26-UCM26
9000,35,6.7825,1111,UCK26,B,18-May-2026,16:11:10,0,SGX,XOB8000,XOB8000,UCK26
9000,35,6.7694,1111,UCM26,S,15-Jun-2026,16:11:10,0,SGX,XOB8000,XOB8000,UCM26
9000,1,-0.0131,1111,UCK26-UCM26,B,18-May-2026,16:11:09,-0.0131,SGX,XOB8000,XOB8000,UCK26-UCM26
9000,1,6.7825,1111,UCK26,S,18-May-2026,16:11:09,0,SGX,XOB8000,XOB8000,UCK26
9000,1,6.7694,1111,UCM26,B,15-Jun-2026,16:11:09,0,SGX,XOB8000,XOB8000,UCM26
9000,30,-0.0131,1111,UCK26-UCM26,B,18-May-2026,16:11:10,-0.0131,SGX,XOB8000,XOB8000,UCK26-UCM26
9000,30,6.7694,1111,UCM26,B,15-Jun-2026,16:11:10,0,SGX,XOB8000,XOB8000,UCM26
9000,30,6.7825,1111,UCK26,S,18-May-2026,16:11:10,0,SGX,XOB8000,XOB8000,UCK26
9000,35,-0.0131,1111,UCK26-UCM26,B,18-May-2026,16:11:10,-0.0131,SGX,XOB8000,XOB8000,UCK26-UCM26
9000,35,6.7694,1111,UCM26,B,15-Jun-2026,16:11:10,0,SGX,XOB8000,XOB8000,UCM26
9000,35,6.7825,1111,UCK26,S,18-May-2026,16:11:10,0,SGX,XOB8000,XOB8000,UCK26
9000,80,-0.0131,1111,UCK26-UCM26,B,18-May-2026,16:11:10,-0.0131,SGX,XOB8000,XOB8000,UCK26-UCM26
9000,80,6.7694,1111,UCM26,B,15-Jun-2026,16:11:10,0,SGX,XOB8000,XOB8000,UCM26
9000,80,6.7825,1111,UCK26,S,18-May-2026,16:11:10,0,SGX,XOB8000,XOB8000,UCK26
9000,30,-0.0131,1111,UCK26-UCM26,S,18-May-2026,16:11:10,-0.0131,SGX,XOB8000,XOB8000,UCK26-UCM26
9000,30,6.7694,1111,UCM26,S,15-Jun-2026,16:11:10,0,SGX,XOB8000,XOB8000,UCM26
9000,30,6.7825,1111,UCK26,B,18-May-2026,16:11:10,0,SGX,XOB8000,XOB8000,UCK26
9000,35,-0.0131,1111,UCK26-UCM26,S,18-May-2026,16:11:10,-0.0131,SGX,XOB8000,XOB8000,UCK26-UCM26
9000,35,6.7694,1111,UCM26,S,15-Jun-2026,16:11:10,0,SGX,XOB8000,XOB8000,UCM26
9000,35,6.7825,1111,UCK26,B,18-May-2026,16:11:10,0,SGX,XOB8000,XOB8000,UCK26
9000,30,-0.0131,1111,UCK26-UCM26,B,18-May-2026,16:11:11,-0.0131,SGX,XOB8000,XOB8000,UCK26-UCM26
9000,30,6.7694,1111,UCM26,B,15-Jun-2026,16:11:11,0,SGX,XOB8000,XOB8000,UCM26
9000,30,6.7825,1111,UCK26,S,18-May-2026,16:11:11,0,SGX,XOB8000,XOB8000,UCK26
9000,35,-0.0131,1111,UCK26-UCM26,B,18-May-2026,16:11:11,-0.0131,SGX,XOB8000,XOB8000,UCK26-UCM26
9000,35,6.7694,1111,UCM26,B,15-Jun-2026,16:11:11,0,SGX,XOB8000,XOB8000,UCM26
9000,35,6.7825,1111,UCK26,S,18-May-2026,16:11:11,0,SGX,XOB8000,XOB8000,UCK26
9000,25,-0.0131,1111,UCK26-UCM26,S,18-May-2026,16:11:11,-0.0131,SGX,XOB8000,XOB8000,UCK26-UCM26
9000,25,6.7694,1111,UCM26,S,15-Jun-2026,16:11:11,0,SGX,XOB8000,XOB8000,UCM26
9000,25,6.7825,1111,UCK26,B,18-May-2026,16:11:11,0,SGX,XOB8000,XOB8000,UCK26
9000,10,-0.0131,1111,UCK26-UCM26,S,18-May-2026,16:11:12,-0.0131,SGX,XOB8000,XOB8000,UCK26-UCM26
9000,10,6.7694,1111,UCM26,S,15-Jun-2026,16:11:12,0,SGX,XOB8000,XOB8000,UCM26
9000,10,6.7825,1111,UCK26,B,18-May-2026,16:11:12,0,SGX,XOB8000,XOB8000,UCK26
9000,30,-0.0131,1111,UCK26-UCM26,S,18-May-2026,16:11:12,-0.0131,SGX,XOB8000,XOB8000,UCK26-UCM26
9000,30,6.7694,1111,UCM26,S,15-Jun-2026,16:11:12,0,SGX,XOB8000,XOB8000,UCM26
9000,30,6.7825,1111,UCK26,B,18-May-2026,16:11:12,0,SGX,XOB8000,XOB8000,UCK26
9000,30,-0.0131,1111,UCK26-UCM26,B,18-May-2026,16:11:12,-0.0131,SGX,XOB8000,XOB8000,UCK26-UCM26
9000,30,6.7826,1111,UCK26,S,18-May-2026,16:11:12,0,SGX,XOB8000,XOB8000,UCK26
9000,30,6.7695,1111,UCM26,B,15-Jun-2026,16:11:12,0,SGX,XOB8000,XOB8000,UCM26
9000,35,-0.0131,1111,UCK26-UCM26,B,18-May-2026,16:11:12,-0.0131,SGX,XOB8000,XOB8000,UCK26-UCM26
9000,35,6.7826,1111,UCK26,S,18-May-2026,16:11:12,0,SGX,XOB8000,XOB8000,UCK26
9000,35,6.7695,1111,UCM26,B,15-Jun-2026,16:11:12,0,SGX,XOB8000,XOB8000,UCM26
9000,30,-0.0131,1111,UCK26-UCM26,S,18-May-2026,16:11:12,-0.0131,SGX,XOB8000,XOB8000,UCK26-UCM26
9000,30,6.7826,1111,UCK26,B,18-May-2026,16:11:12,0,SGX,XOB8000,XOB8000,UCK26
9000,30,6.7695,1111,UCM26,S,15-Jun-2026,16:11:12,0,SGX,XOB8000,XOB8000,UCM26
9000,35,-0.0131,1111,UCK26-UCM26,S,18-May-2026,16:11:12,-0.0131,SGX,XOB8000,XOB8000,UCK26-UCM26
9000,35,6.7826,1111,UCK26,B,18-May-2026,16:11:12,0,SGX,XOB8000,XOB8000,UCK26
9000,35,6.7695,1111,UCM26,S,15-Jun-2026,16:11:12,0,SGX,XOB8000,XOB8000,UCM26
9000,35,-0.0131,1111,UCK26-UCM26,B,18-May-2026,16:11:12,-0.0131,SGX,XOB8000,XOB8000,UCK26-UCM26
9000,35,6.7825,1111,UCK26,S,18-May-2026,16:11:12,0,SGX,XOB8000,XOB8000,UCK26
9000,35,6.7694,1111,UCM26,B,15-Jun-2026,16:11:12,0,SGX,XOB8000,XOB8000,UCM26
9000,30,-0.0131,1111,UCK26-UCM26,B,18-May-2026,16:11:12,-0.0131,SGX,XOB8000,XOB8000,UCK26-UCM26
9000,30,6.7825,1111,UCK26,S,18-May-2026,16:11:12,0,SGX,XOB8000,XOB8000,UCK26
9000,30,6.7694,1111,UCM26,B,15-Jun-2026,16:11:12,0,SGX,XOB8000,XOB8000,UCM26
9000,1,-0.0131,1111,UCK26-UCM26,B,18-May-2026,16:11:12,-0.0131,SGX,XOB8000,XOB8000,UCK26-UCM26
9000,1,6.7825,1111,UCK26,S,18-May-2026,16:11:12,0,SGX,XOB8000,XOB8000,UCK26
9000,1,6.7694,1111,UCM26,B,15-Jun-2026,16:11:12,0,SGX,XOB8000,XOB8000,UCM26
9000,35,-0.0131,1111,UCK26-UCM26,S,18-May-2026,16:11:12,-0.0131,SGX,XOB8000,XOB8000,UCK26-UCM26
9000,35,6.7826,1111,UCK26,B,18-May-2026,16:11:12,0,SGX,XOB8000,XOB8000,UCK26
9000,35,6.7695,1111,UCM26,S,15-Jun-2026,16:11:12,0,SGX,XOB8000,XOB8000,UCM26
9000,30,-0.0131,1111,UCK26-UCM26,S,18-May-2026,16:11:12,-0.0131,SGX,XOB8000,XOB8000,UCK26-UCM26
9000,30,6.7826,1111,UCK26,B,18-May-2026,16:11:12,0,SGX,XOB8000,XOB8000,UCK26
9000,30,6.7695,1111,UCM26,S,15-Jun-2026,16:11:12,0,SGX,XOB8000,XOB8000,UCM26
9000,30,-0.0131,1111,UCK26-UCM26,B,18-May-2026,16:11:13,-0.0131,SGX,XOB8000,XOB8000,UCK26-UCM26
9000,30,6.7826,1111,UCK26,S,18-May-2026,16:11:13,0,SGX,XOB8000,XOB8000,UCK26
9000,30,6.7695,1111,UCM26,B,15-Jun-2026,16:11:13,0,SGX,XOB8000,XOB8000,UCM26
9000,35,-0.0131,1111,UCK26-UCM26,B,18-May-2026,16:11:13,-0.0131,SGX,XOB8000,XOB8000,UCK26-UCM26
9000,35,6.7826,1111,UCK26,S,18-May-2026,16:11:13,0,SGX,XOB8000,XOB8000,UCK26
9000,35,6.7695,1111,UCM26,B,15-Jun-2026,16:11:13,0,SGX,XOB8000,XOB8000,UCM26
9000,30,-0.0131,1111,UCK26-UCM26,S,18-May-2026,16:11:13,-0.0131,SGX,XOB8000,XOB8000,UCK26-UCM26
9000,30,6.7826,1111,UCK26,B,18-May-2026,16:11:13,0,SGX,XOB8000,XOB8000,UCK26
9000,30,6.7695,1111,UCM26,S,15-Jun-2026,16:11:13,0,SGX,XOB8000,XOB8000,UCM26
9000,5,-0.0131,1111,UCK26-UCM26,S,18-May-2026,16:11:14,-0.0131,SGX,XOB8000,XOB8000,UCK26-UCM26
9000,5,6.7826,1111,UCK26,B,18-May-2026,16:11:14,0,SGX,XOB8000,XOB8000,UCK26
9000,5,6.7695,1111,UCM26,S,15-Jun-2026,16:11:14,0,SGX,XOB8000,XOB8000,UCM26
9000,30,-0.0131,1111,UCK26-UCM26,S,18-May-2026,16:11:14,-0.0131,SGX,XOB8000,XOB8000,UCK26-UCM26
9000,30,6.7826,1111,UCK26,B,18-May-2026,16:11:14,0,SGX,XOB8000,XOB8000,UCK26
9000,30,6.7695,1111,UCM26,S,15-Jun-2026,16:11:14,0,SGX,XOB8000,XOB8000,UCM26
9000,30,-0.0131,1111,UCK26-UCM26,B,18-May-2026,16:11:13,-0.0131,SGX,XOB8000,XOB8000,UCK26-UCM26
9000,30,6.7825,1111,UCK26,S,18-May-2026,16:11:13,0,SGX,XOB8000,XOB8000,UCK26
9000,30,6.7694,1111,UCM26,B,15-Jun-2026,16:11:13,0,SGX,XOB8000,XOB8000,UCM26
9000,35,-0.0131,1111,UCK26-UCM26,B,18-May-2026,16:11:13,-0.0131,SGX,XOB8000,XOB8000,UCK26-UCM26
9000,35,6.7825,1111,UCK26,S,18-May-2026,16:11:13,0,SGX,XOB8000,XOB8000,UCK26
9000,35,6.7694,1111,UCM26,B,15-Jun-2026,16:11:13,0,SGX,XOB8000,XOB8000,UCM26
9000,30,-0.0131,1111,UCK26-UCM26,S,18-May-2026,16:11:14,-0.0131,SGX,XOB8000,XOB8000,UCK26-UCM26
9000,30,6.7825,1111,UCK26,B,18-May-2026,16:11:14,0,SGX,XOB8000,XOB8000,UCK26
9000,30,6.7694,1111,UCM26,S,15-Jun-2026,16:11:14,0,SGX,XOB8000,XOB8000,UCM26
9000,35,-0.0131,1111,UCK26-UCM26,S,18-May-2026,16:11:14,-0.0131,SGX,XOB8000,XOB8000,UCK26-UCM26
9000,35,6.7825,1111,UCK26,B,18-May-2026,16:11:14,0,SGX,XOB8000,XOB8000,UCK26
9000,35,6.7694,1111,UCM26,S,15-Jun-2026,16:11:14,0,SGX,XOB8000,XOB8000,UCM26
9000,30,-0.0131,1111,UCK26-UCM26,B,18-May-2026,16:11:14,-0.0131,SGX,XOB8000,XOB8000,UCK26-UCM26
9000,30,6.7825,1111,UCK26,S,18-May-2026,16:11:14,0,SGX,XOB8000,XOB8000,UCK26
9000,30,6.7694,1111,UCM26,B,15-Jun-2026,16:11:14,0,SGX,XOB8000,XOB8000,UCM26
9000,35,-0.0131,1111,UCK26-UCM26,B,18-May-2026,16:11:14,-0.0131,SGX,XOB8000,XOB8000,UCK26-UCM26
9000,35,6.7825,1111,UCK26,S,18-May-2026,16:11:14,0,SGX,XOB8000,XOB8000,UCK26
9000,35,6.7694,1111,UCM26,B,15-Jun-2026,16:11:14,0,SGX,XOB8000,XOB8000,UCM26
9000,30,-0.0131,1111,UCK26-UCM26,S,18-May-2026,16:11:14,-0.0131,SGX,XOB8000,XOB8000,UCK26-UCM26
9000,30,6.7825,1111,UCK26,B,18-May-2026,16:11:14,0,SGX,XOB8000,XOB8000,UCK26
9000,30,6.7694,1111,UCM26,S,15-Jun-2026,16:11:14,0,SGX,XOB8000,XOB8000,UCM26
9000,35,-0.0131,1111,UCK26-UCM26,S,18-May-2026,16:11:14,-0.0131,SGX,XOB8000,XOB8000,UCK26-UCM26
9000,35,6.7826,1111,UCK26,B,18-May-2026,16:11:14,0,SGX,XOB8000,XOB8000,UCK26
9000,35,6.7695,1111,UCM26,S,15-Jun-2026,16:11:14,0,SGX,XOB8000,XOB8000,UCM26
9000,35,-0.0131,1111,UCK26-UCM26,B,18-May-2026,16:11:15,-0.0131,SGX,XOB8000,XOB8000,UCK26-UCM26
9000,35,6.7825,1111,UCK26,S,18-May-2026,16:11:15,0,SGX,XOB8000,XOB8000,UCK26
9000,35,6.7694,1111,UCM26,B,15-Jun-2026,16:11:15,0,SGX,XOB8000,XOB8000,UCM26
9000,30,-0.0131,1111,UCK26-UCM26,B,18-May-2026,16:11:15,-0.0131,SGX,XOB8000,XOB8000,UCK26-UCM26
9000,30,6.7825,1111,UCK26,S,18-May-2026,16:11:15,0,SGX,XOB8000,XOB8000,UCK26
9000,30,6.7694,1111,UCM26,B,15-Jun-2026,16:11:15,0,SGX,XOB8000,XOB8000,UCM26
9000,35,-0.0131,1111,UCK26-UCM26,S,18-May-2026,16:11:15,-0.0131,SGX,XOB8000,XOB8000,UCK26-UCM26
9000,35,6.7825,1111,UCK26,B,18-May-2026,16:11:15,0,SGX,XOB8000,XOB8000,UCK26
9000,35,6.7694,1111,UCM26,S,15-Jun-2026,16:11:15,0,SGX,XOB8000,XOB8000,UCM26
9000,30,-0.0131,1111,UCK26-UCM26,S,18-May-2026,16:11:20,-0.0131,SGX,XOB8000,XOB8000,UCK26-UCM26
9000,30,6.7693,1111,UCM26,S,15-Jun-2026,16:11:20,0,SGX,XOB8000,XOB8000,UCM26
9000,30,6.7824,1111,UCK26,B,18-May-2026,16:11:20,0,SGX,XOB8000,XOB8000,UCK26
9000,10,-0.0131,1111,UCK26-UCM26,S,18-May-2026,16:11:20,-0.0131,SGX,XOB8000,XOB8000,UCK26-UCM26
9000,10,6.7693,1111,UCM26,S,15-Jun-2026,16:11:20,0,SGX,XOB8000,XOB8000,UCM26
9000,10,6.7824,1111,UCK26,B,18-May-2026,16:11:20,0,SGX,XOB8000,XOB8000,UCK26
9000,30,-0.0131,1111,UCK26-UCM26,S,18-May-2026,16:11:20,-0.0131,SGX,XOB8000,XOB8000,UCK26-UCM26
9000,30,6.7693,1111,UCM26,S,15-Jun-2026,16:11:20,0,SGX,XOB8000,XOB8000,UCM26
9000,30,6.7824,1111,UCK26,B,18-May-2026,16:11:20,0,SGX,XOB8000,XOB8000,UCK26
9000,35,-0.0131,1111,UCK26-UCM26,S,18-May-2026,16:11:20,-0.0131,SGX,XOB8000,XOB8000,UCK26-UCM26
9000,35,6.7693,1111,UCM26,S,15-Jun-2026,16:11:20,0,SGX,XOB8000,XOB8000,UCM26
9000,35,6.7824,1111,UCK26,B,18-May-2026,16:11:20,0,SGX,XOB8000,XOB8000,UCK26
9000,95,-0.0131,1111,UCK26-UCM26,S,18-May-2026,16:11:20,-0.0131,SGX,XOB8000,XOB8000,UCK26-UCM26
9000,95,6.7693,1111,UCM26,S,15-Jun-2026,16:11:20,0,SGX,XOB8000,XOB8000,UCM26
9000,95,6.7824,1111,UCK26,B,18-May-2026,16:11:20,0,SGX,XOB8000,XOB8000,UCK26
9000,30,-0.0131,1111,UCK26-UCM26,B,18-May-2026,16:11:22,-0.0131,SGX,XOB8000,XOB8000,UCK26-UCM26
9000,30,6.7693,1111,UCM26,B,15-Jun-2026,16:11:22,0,SGX,XOB8000,XOB8000,UCM26
9000,30,6.7824,1111,UCK26,S,18-May-2026,16:11:22,0,SGX,XOB8000,XOB8000,UCK26
9000,35,-0.0131,1111,UCK26-UCM26,B,18-May-2026,16:11:22,-0.0131,SGX,XOB8000,XOB8000,UCK26-UCM26
9000,35,6.7693,1111,UCM26,B,15-Jun-2026,16:11:22,0,SGX,XOB8000,XOB8000,UCM26
9000,35,6.7824,1111,UCK26,S,18-May-2026,16:11:22,0,SGX,XOB8000,XOB8000,UCK26
9000,105,-0.0131,1111,UCK26-UCM26,S,18-May-2026,16:11:20,-0.0131,SGX,XOB8000,XOB8000,UCK26-UCM26
9000,105,6.7693,1111,UCM26,S,15-Jun-2026,16:11:20,0,SGX,XOB8000,XOB8000,UCM26
9000,105,6.7824,1111,UCK26,B,18-May-2026,16:11:20,0,SGX,XOB8000,XOB8000,UCK26
9000,30,-0.0131,1111,UCK26-UCM26,S,18-May-2026,16:11:21,-0.0131,SGX,XOB8000,XOB8000,UCK26-UCM26
9000,30,6.7824,1111,UCK26,B,18-May-2026,16:11:21,0,SGX,XOB8000,XOB8000,UCK26
9000,30,6.7693,1111,UCM26,S,15-Jun-2026,16:11:21,0,SGX,XOB8000,XOB8000,UCM26
9000,35,-0.0131,1111,UCK26-UCM26,S,18-May-2026,16:11:21,-0.0131,SGX,XOB8000,XOB8000,UCK26-UCM26
9000,35,6.7824,1111,UCK26,B,18-May-2026,16:11:21,0,SGX,XOB8000,XOB8000,UCK26
9000,35,6.7693,1111,UCM26,S,15-Jun-2026,16:11:21,0,SGX,XOB8000,XOB8000,UCM26
9000,30,-0.0131,1111,UCK26-UCM26,B,18-May-2026,16:11:22,-0.0131,SGX,XOB8000,XOB8000,UCK26-UCM26
9000,30,6.7824,1111,UCK26,S,18-May-2026,16:11:22,0,SGX,XOB8000,XOB8000,UCK26
9000,30,6.7693,1111,UCM26,B,15-Jun-2026,16:11:22,0,SGX,XOB8000,XOB8000,UCM26
9000,35,-0.0131,1111,UCK26-UCM26,B,18-May-2026,16:11:22,-0.0131,SGX,XOB8000,XOB8000,UCK26-UCM26
9000,35,6.7824,1111,UCK26,S,18-May-2026,16:11:22,0,SGX,XOB8000,XOB8000,UCK26
9000,35,6.7693,1111,UCM26,B,15-Jun-2026,16:11:22,0,SGX,XOB8000,XOB8000,UCM26
9000,35,-0.0131,1111,UCK26-UCM26,S,18-May-2026,16:11:22,-0.0131,SGX,XOB8000,XOB8000,UCK26-UCM26
9000,35,6.7693,1111,UCM26,S,15-Jun-2026,16:11:22,0,SGX,XOB8000,XOB8000,UCM26
9000,35,6.7824,1111,UCK26,B,18-May-2026,16:11:22,0,SGX,XOB8000,XOB8000,UCK26
9000,30,-0.0131,1111,UCK26-UCM26,S,18-May-2026,16:11:22,-0.0131,SGX,XOB8000,XOB8000,UCK26-UCM26
9000,30,6.7693,1111,UCM26,S,15-Jun-2026,16:11:22,0,SGX,XOB8000,XOB8000,UCM26
9000,30,6.7824,1111,UCK26,B,18-May-2026,16:11:22,0,SGX,XOB8000,XOB8000,UCK26
9000,35,-0.0131,1111,UCK26-UCM26,B,18-May-2026,16:11:22,-0.0131,SGX,XOB8000,XOB8000,UCK26-UCM26
9000,35,6.7824,1111,UCK26,S,18-May-2026,16:11:22,0,SGX,XOB8000,XOB8000,UCK26
9000,35,6.7693,1111,UCM26,B,15-Jun-2026,16:11:22,0,SGX,XOB8000,XOB8000,UCM26
9000,30,-0.0131,1111,UCK26-UCM26,B,18-May-2026,16:11:22,-0.0131,SGX,XOB8000,XOB8000,UCK26-UCM26
9000,30,6.7824,1111,UCK26,S,18-May-2026,16:11:22,0,SGX,XOB8000,XOB8000,UCK26
9000,30,6.7693,1111,UCM26,B,15-Jun-2026,16:11:22,0,SGX,XOB8000,XOB8000,UCM26
9000,35,-0.0131,1111,UCK26-UCM26,S,18-May-2026,16:11:23,-0.0131,SGX,XOB8000,XOB8000,UCK26-UCM26
9000,35,6.7824,1111,UCK26,B,18-May-2026,16:11:23,0,SGX,XOB8000,XOB8000,UCK26
9000,35,6.7693,1111,UCM26,S,15-Jun-2026,16:11:23,0,SGX,XOB8000,XOB8000,UCM26
9000,30,-0.0131,1111,UCK26-UCM26,S,18-May-2026,16:11:23,-0.0131,SGX,XOB8000,XOB8000,UCK26-UCM26
9000,30,6.7824,1111,UCK26,B,18-May-2026,16:11:23,0,SGX,XOB8000,XOB8000,UCK26
9000,30,6.7693,1111,UCM26,S,15-Jun-2026,16:11:23,0,SGX,XOB8000,XOB8000,UCM26
9000,135,-0.0131,1111,UCK26-UCM26,S,18-May-2026,16:11:23,-0.0131,SGX,XOB8000,XOB8000,UCK26-UCM26
9000,135,6.7824,1111,UCK26,B,18-May-2026,16:11:23,0,SGX,XOB8000,XOB8000,UCK26
9000,135,6.7693,1111,UCM26,S,15-Jun-2026,16:11:23,0,SGX,XOB8000,XOB8000,UCM26
9000,5,-0.0131,1111,UCK26-UCM26,B,18-May-2026,16:11:23,-0.0131,SGX,XOB8000,XOB8000,UCK26-UCM26
9000,5,6.7824,1111,UCK26,S,18-May-2026,16:11:23,0,SGX,XOB8000,XOB8000,UCK26
9000,5,6.7693,1111,UCM26,B,15-Jun-2026,16:11:23,0,SGX,XOB8000,XOB8000,UCM26
9000,25,-0.0131,1111,UCK26-UCM26,B,18-May-2026,16:11:24,-0.0131,SGX,XOB8000,XOB8000,UCK26-UCM26
9000,25,6.7824,1111,UCK26,S,18-May-2026,16:11:24,0,SGX,XOB8000,XOB8000,UCK26
9000,25,6.7693,1111,UCM26,B,15-Jun-2026,16:11:24,0,SGX,XOB8000,XOB8000,UCM26
9000,35,-0.0131,1111,UCK26-UCM26,B,18-May-2026,16:11:24,-0.0131,SGX,XOB8000,XOB8000,UCK26-UCM26
9000,35,6.7824,1111,UCK26,S,18-May-2026,16:11:24,0,SGX,XOB8000,XOB8000,UCK26
9000,35,6.7693,1111,UCM26,B,15-Jun-2026,16:11:24,0,SGX,XOB8000,XOB8000,UCM26
9000,65,-0.0131,1111,UCK26-UCM26,S,18-May-2026,16:11:23,-0.0131,SGX,XOB8000,XOB8000,UCK26-UCM26
9000,65,6.7824,1111,UCK26,B,18-May-2026,16:11:23,0,SGX,XOB8000,XOB8000,UCK26
9000,65,6.7693,1111,UCM26,S,15-Jun-2026,16:11:23,0,SGX,XOB8000,XOB8000,UCM26
9000,30,-0.0131,1111,UCK26-UCM26,S,18-May-2026,16:11:23,-0.0131,SGX,XOB8000,XOB8000,UCK26-UCM26
9000,30,6.7824,1111,UCK26,B,18-May-2026,16:11:23,0,SGX,XOB8000,XOB8000,UCK26
9000,30,6.7693,1111,UCM26,S,15-Jun-2026,16:11:23,0,SGX,XOB8000,XOB8000,UCM26
9000,35,-0.0131,1111,UCK26-UCM26,S,18-May-2026,16:11:23,-0.0131,SGX,XOB8000,XOB8000,UCK26-UCM26
9000,35,6.7824,1111,UCK26,B,18-May-2026,16:11:23,0,SGX,XOB8000,XOB8000,UCK26
9000,35,6.7693,1111,UCM26,S,15-Jun-2026,16:11:23,0,SGX,XOB8000,XOB8000,UCM26
9000,30,-0.0131,1111,UCK26-UCM26,B,18-May-2026,16:11:24,-0.0131,SGX,XOB8000,XOB8000,UCK26-UCM26
9000,30,6.7824,1111,UCK26,S,18-May-2026,16:11:24,0,SGX,XOB8000,XOB8000,UCK26
9000,30,6.7693,1111,UCM26,B,15-Jun-2026,16:11:24,0,SGX,XOB8000,XOB8000,UCM26
9000,35,-0.0131,1111,UCK26-UCM26,B,18-May-2026,16:11:24,-0.0131,SGX,XOB8000,XOB8000,UCK26-UCM26
9000,35,6.7824,1111,UCK26,S,18-May-2026,16:11:24,0,SGX,XOB8000,XOB8000,UCK26
9000,35,6.7693,1111,UCM26,B,15-Jun-2026,16:11:24,0,SGX,XOB8000,XOB8000,UCM26
9000,35,-0.0131,1111,UCK26-UCM26,S,18-May-2026,16:11:24,-0.0131,SGX,XOB8000,XOB8000,UCK26-UCM26
9000,35,6.7693,1111,UCM26,S,15-Jun-2026,16:11:24,0,SGX,XOB8000,XOB8000,UCM26
9000,35,6.7824,1111,UCK26,B,18-May-2026,16:11:24,0,SGX,XOB8000,XOB8000,UCK26
9000,30,-0.0131,1111,UCK26-UCM26,S,18-May-2026,16:11:24,-0.0131,SGX,XOB8000,XOB8000,UCK26-UCM26
9000,30,6.7693,1111,UCM26,S,15-Jun-2026,16:11:24,0,SGX,XOB8000,XOB8000,UCM26
9000,30,6.7824,1111,UCK26,B,18-May-2026,16:11:24,0,SGX,XOB8000,XOB8000,UCK26
9000,35,-0.0131,1111,UCK26-UCM26,B,18-May-2026,16:11:24,-0.0131,SGX,XOB8000,XOB8000,UCK26-UCM26
9000,35,6.7693,1111,UCM26,B,15-Jun-2026,16:11:24,0,SGX,XOB8000,XOB8000,UCM26
9000,35,6.7824,1111,UCK26,S,18-May-2026,16:11:24,0,SGX,XOB8000,XOB8000,UCK26
9000,30,-0.0131,1111,UCK26-UCM26,B,18-May-2026,16:11:24,-0.0131,SGX,XOB8000,XOB8000,UCK26-UCM26
9000,30,6.7693,1111,UCM26,B,15-Jun-2026,16:11:24,0,SGX,XOB8000,XOB8000,UCM26
9000,30,6.7824,1111,UCK26,S,18-May-2026,16:11:24,0,SGX,XOB8000,XOB8000,UCK26
9000,35,-0.0131,1111,UCK26-UCM26,S,18-May-2026,16:11:25,-0.0131,SGX,XOB8000,XOB8000,UCK26-UCM26
9000,35,6.7693,1111,UCM26,S,15-Jun-2026,16:11:25,0,SGX,XOB8000,XOB8000,UCM26
9000,35,6.7824,1111,UCK26,B,18-May-2026,16:11:25,0,SGX,XOB8000,XOB8000,UCK26
9000,30,-0.0131,1111,UCK26-UCM26,S,18-May-2026,16:11:25,-0.0131,SGX,XOB8000,XOB8000,UCK26-UCM26
9000,30,6.7693,1111,UCM26,S,15-Jun-2026,16:11:25,0,SGX,XOB8000,XOB8000,UCM26
9000,30,6.7824,1111,UCK26,B,18-May-2026,16:11:25,0,SGX,XOB8000,XOB8000,UCK26
9000,10,-0.0131,1111,UCK26-UCM26,B,18-May-2026,16:11:25,-0.0131,SGX,XOB8000,XOB8000,UCK26-UCM26
9000,10,6.7693,1111,UCM26,B,15-Jun-2026,16:11:25,0,SGX,XOB8000,XOB8000,UCM26
9000,10,6.7824,1111,UCK26,S,18-May-2026,16:11:25,0,SGX,XOB8000,XOB8000,UCK26
9000,25,-0.0131,1111,UCK26-UCM26,B,18-May-2026,16:11:26,-0.0131,SGX,XOB8000,XOB8000,UCK26-UCM26
9000,25,6.7693,1111,UCM26,B,15-Jun-2026,16:11:26,0,SGX,XOB8000,XOB8000,UCM26
9000,25,6.7824,1111,UCK26,S,18-May-2026,16:11:26,0,SGX,XOB8000,XOB8000,UCK26
9000,30,-0.0131,1111,UCK26-UCM26,B,18-May-2026,16:11:26,-0.0131,SGX,XOB8000,XOB8000,UCK26-UCM26
9000,30,6.7693,1111,UCM26,B,15-Jun-2026,16:11:26,0,SGX,XOB8000,XOB8000,UCM26
9000,30,6.7824,1111,UCK26,S,18-May-2026,16:11:26,0,SGX,XOB8000,XOB8000,UCK26
9000,30,-0.0131,1111,UCK26-UCM26,S,18-May-2026,16:11:25,-0.0131,SGX,XOB8000,XOB8000,UCK26-UCM26
9000,30,6.7693,1111,UCM26,S,15-Jun-2026,16:11:25,0,SGX,XOB8000,XOB8000,UCM26
9000,30,6.7824,1111,UCK26,B,18-May-2026,16:11:25,0,SGX,XOB8000,XOB8000,UCK26
9000,35,-0.0131,1111,UCK26-UCM26,S,18-May-2026,16:11:25,-0.0131,SGX,XOB8000,XOB8000,UCK26-UCM26
9000,35,6.7693,1111,UCM26,S,15-Jun-2026,16:11:25,0,SGX,XOB8000,XOB8000,UCM26
9000,35,6.7824,1111,UCK26,B,18-May-2026,16:11:25,0,SGX,XOB8000,XOB8000,UCK26
9000,30,-0.0131,1111,UCK26-UCM26,B,18-May-2026,16:11:26,-0.0131,SGX,XOB8000,XOB8000,UCK26-UCM26
9000,30,6.7693,1111,UCM26,B,15-Jun-2026,16:11:26,0,SGX,XOB8000,XOB8000,UCM26
9000,30,6.7824,1111,UCK26,S,18-May-2026,16:11:26,0,SGX,XOB8000,XOB8000,UCK26
9000,35,-0.0131,1111,UCK26-UCM26,B,18-May-2026,16:11:26,-0.0131,SGX,XOB8000,XOB8000,UCK26-UCM26
9000,35,6.7693,1111,UCM26,B,15-Jun-2026,16:11:26,0,SGX,XOB8000,XOB8000,UCM26
9000,35,6.7824,1111,UCK26,S,18-May-2026,16:11:26,0,SGX,XOB8000,XOB8000,UCK26
9000,30,-0.0131,1111,UCK26-UCM26,S,18-May-2026,16:11:26,-0.0131,SGX,XOB8000,XOB8000,UCK26-UCM26
9000,30,6.7693,1111,UCM26,S,15-Jun-2026,16:11:26,0,SGX,XOB8000,XOB8000,UCM26
9000,30,6.7824,1111,UCK26,B,18-May-2026,16:11:26,0,SGX,XOB8000,XOB8000,UCK26
9000,35,-0.0131,1111,UCK26-UCM26,S,18-May-2026,16:11:26,-0.0131,SGX,XOB8000,XOB8000,UCK26-UCM26
9000,35,6.7693,1111,UCM26,S,15-Jun-2026,16:11:26,0,SGX,XOB8000,XOB8000,UCM26
9000,35,6.7824,1111,UCK26,B,18-May-2026,16:11:26,0,SGX,XOB8000,XOB8000,UCK26
9000,30,-0.0131,1111,UCK26-UCM26,B,18-May-2026,16:11:26,-0.0131,SGX,XOB8000,XOB8000,UCK26-UCM26
9000,30,6.7693,1111,UCM26,B,15-Jun-2026,16:11:26,0,SGX,XOB8000,XOB8000,UCM26
9000,30,6.7824,1111,UCK26,S,18-May-2026,16:11:26,0,SGX,XOB8000,XOB8000,UCK26
9000,35,-0.0131,1111,UCK26-UCM26,B,18-May-2026,16:11:26,-0.0131,SGX,XOB8000,XOB8000,UCK26-UCM26
9000,35,6.7693,1111,UCM26,B,15-Jun-2026,16:11:26,0,SGX,XOB8000,XOB8000,UCM26
9000,35,6.7824,1111,UCK26,S,18-May-2026,16:11:26,0,SGX,XOB8000,XOB8000,UCK26
9000,30,-0.0131,1111,UCK26-UCM26,S,18-May-2026,16:11:27,-0.0131,SGX,XOB8000,XOB8000,UCK26-UCM26
9000,30,6.7693,1111,UCM26,S,15-Jun-2026,16:11:27,0,SGX,XOB8000,XOB8000,UCM26
9000,30,6.7824,1111,UCK26,B,18-May-2026,16:11:27,0,SGX,XOB8000,XOB8000,UCK26
9000,35,-0.0131,1111,UCK26-UCM26,S,18-May-2026,16:11:27,-0.0131,SGX,XOB8000,XOB8000,UCK26-UCM26
9000,35,6.7693,1111,UCM26,S,15-Jun-2026,16:11:27,0,SGX,XOB8000,XOB8000,UCM26
9000,35,6.7824,1111,UCK26,B,18-May-2026,16:11:27,0,SGX,XOB8000,XOB8000,UCK26
9000,15,-0.0131,1111,UCK26-UCM26,B,18-May-2026,16:11:27,-0.0131,SGX,XOB8000,XOB8000,UCK26-UCM26
9000,15,6.7693,1111,UCM26,B,15-Jun-2026,16:11:27,0,SGX,XOB8000,XOB8000,UCM26
9000,15,6.7824,1111,UCK26,S,18-May-2026,16:11:27,0,SGX,XOB8000,XOB8000,UCK26
9000,15,-0.0131,1111,UCK26-UCM26,B,18-May-2026,16:11:28,-0.0131,SGX,XOB8000,XOB8000,UCK26-UCM26
9000,15,6.7693,1111,UCM26,B,15-Jun-2026,16:11:28,0,SGX,XOB8000,XOB8000,UCM26
9000,15,6.7824,1111,UCK26,S,18-May-2026,16:11:28,0,SGX,XOB8000,XOB8000,UCK26
9000,35,-0.0131,1111,UCK26-UCM26,B,18-May-2026,16:11:28,-0.0131,SGX,XOB8000,XOB8000,UCK26-UCM26
9000,35,6.7693,1111,UCM26,B,15-Jun-2026,16:11:28,0,SGX,XOB8000,XOB8000,UCM26
9000,35,6.7824,1111,UCK26,S,18-May-2026,16:11:28,0,SGX,XOB8000,XOB8000,UCK26
9000,35,-0.0131,1111,UCK26-UCM26,S,18-May-2026,16:11:28,-0.0131,SGX,XOB8000,XOB8000,UCK26-UCM26
9000,35,6.7825,1111,UCK26,B,18-May-2026,16:11:28,0,SGX,XOB8000,XOB8000,UCK26
9000,35,6.7694,1111,UCM26,S,15-Jun-2026,16:11:28,0,SGX,XOB8000,XOB8000,UCM26
9000,30,-0.0131,1111,UCK26-UCM26,S,18-May-2026,16:11:28,-0.0131,SGX,XOB8000,XOB8000,UCK26-UCM26
9000,30,6.7825,1111,UCK26,B,18-May-2026,16:11:28,0,SGX,XOB8000,XOB8000,UCK26
9000,30,6.7694,1111,UCM26,S,15-Jun-2026,16:11:28,0,SGX,XOB8000,XOB8000,UCM26
9000,35,-0.0131,1111,UCK26-UCM26,B,18-May-2026,16:11:28,-0.0131,SGX,XOB8000,XOB8000,UCK26-UCM26
9000,35,6.7825,1111,UCK26,S,18-May-2026,16:11:28,0,SGX,XOB8000,XOB8000,UCK26
9000,35,6.7694,1111,UCM26,B,15-Jun-2026,16:11:28,0,SGX,XOB8000,XOB8000,UCM26
9000,30,-0.0131,1111,UCK26-UCM26,B,18-May-2026,16:11:28,-0.0131,SGX,XOB8000,XOB8000,UCK26-UCM26
9000,30,6.7825,1111,UCK26,S,18-May-2026,16:11:28,0,SGX,XOB8000,XOB8000,UCK26
9000,30,6.7694,1111,UCM26,B,15-Jun-2026,16:11:28,0,SGX,XOB8000,XOB8000,UCM26
9000,30,-0.0131,1111,UCK26-UCM26,S,18-May-2026,16:11:28,-0.0131,SGX,XOB8000,XOB8000,UCK26-UCM26
9000,30,6.7825,1111,UCK26,B,18-May-2026,16:11:28,0,SGX,XOB8000,XOB8000,UCK26
9000,30,6.7694,1111,UCM26,S,15-Jun-2026,16:11:28,0,SGX,XOB8000,XOB8000,UCM26
9000,35,-0.0131,1111,UCK26-UCM26,S,18-May-2026,16:11:28,-0.0131,SGX,XOB8000,XOB8000,UCK26-UCM26
9000,35,6.7825,1111,UCK26,B,18-May-2026,16:11:28,0,SGX,XOB8000,XOB8000,UCK26
9000,35,6.7694,1111,UCM26,S,15-Jun-2026,16:11:28,0,SGX,XOB8000,XOB8000,UCM26
9000,30,-0.0131,1111,UCK26-UCM26,B,18-May-2026,16:11:28,-0.0131,SGX,XOB8000,XOB8000,UCK26-UCM26
9000,30,6.7825,1111,UCK26,S,18-May-2026,16:11:28,0,SGX,XOB8000,XOB8000,UCK26
9000,30,6.7694,1111,UCM26,B,15-Jun-2026,16:11:28,0,SGX,XOB8000,XOB8000,UCM26
9000,35,-0.0131,1111,UCK26-UCM26,B,18-May-2026,16:11:28,-0.0131,SGX,XOB8000,XOB8000,UCK26-UCM26
9000,35,6.7825,1111,UCK26,S,18-May-2026,16:11:28,0,SGX,XOB8000,XOB8000,UCK26
9000,35,6.7694,1111,UCM26,B,15-Jun-2026,16:11:28,0,SGX,XOB8000,XOB8000,UCM26
9000,30,-0.0131,1111,UCK26-UCM26,S,18-May-2026,16:11:29,-0.0131,SGX,XOB8000,XOB8000,UCK26-UCM26
9000,30,6.7825,1111,UCK26,B,18-May-2026,16:11:29,0,SGX,XOB8000,XOB8000,UCK26
9000,30,6.7694,1111,UCM26,S,15-Jun-2026,16:11:29,0,SGX,XOB8000,XOB8000,UCM26
9000,35,-0.0131,1111,UCK26-UCM26,S,18-May-2026,16:11:29,-0.0131,SGX,XOB8000,XOB8000,UCK26-UCM26
9000,35,6.7825,1111,UCK26,B,18-May-2026,16:11:29,0,SGX,XOB8000,XOB8000,UCK26
9000,35,6.7694,1111,UCM26,S,15-Jun-2026,16:11:29,0,SGX,XOB8000,XOB8000,UCM26
9000,20,-0.0131,1111,UCK26-UCM26,B,18-May-2026,16:11:29,-0.0131,SGX,XOB8000,XOB8000,UCK26-UCM26
9000,20,6.7693,1111,UCM26,B,15-Jun-2026,16:11:29,0,SGX,XOB8000,XOB8000,UCM26
9000,20,6.7824,1111,UCK26,S,18-May-2026,16:11:29,0,SGX,XOB8000,XOB8000,UCK26
9000,10,-0.0131,1111,UCK26-UCM26,B,18-May-2026,16:11:30,-0.0131,SGX,XOB8000,XOB8000,UCK26-UCM26
9000,10,6.7693,1111,UCM26,B,15-Jun-2026,16:11:30,0,SGX,XOB8000,XOB8000,UCM26
9000,10,6.7824,1111,UCK26,S,18-May-2026,16:11:30,0,SGX,XOB8000,XOB8000,UCK26
9000,35,-0.0131,1111,UCK26-UCM26,B,18-May-2026,16:11:30,-0.0131,SGX,XOB8000,XOB8000,UCK26-UCM26
9000,35,6.7693,1111,UCM26,B,15-Jun-2026,16:11:30,0,SGX,XOB8000,XOB8000,UCM26
9000,35,6.7824,1111,UCK26,S,18-May-2026,16:11:30,0,SGX,XOB8000,XOB8000,UCK26
9000,30,-0.0131,1111,UCK26-UCM26,S,18-May-2026,16:11:30,-0.0131,SGX,XOB8000,XOB8000,UCK26-UCM26
9000,30,6.7825,1111,UCK26,B,18-May-2026,16:11:30,0,SGX,XOB8000,XOB8000,UCK26
9000,30,6.7694,1111,UCM26,S,15-Jun-2026,16:11:30,0,SGX,XOB8000,XOB8000,UCM26
9000,35,-0.0131,1111,UCK26-UCM26,S,18-May-2026,16:11:30,-0.0131,SGX,XOB8000,XOB8000,UCK26-UCM26
9000,35,6.7825,1111,UCK26,B,18-May-2026,16:11:30,0,SGX,XOB8000,XOB8000,UCK26
9000,35,6.7694,1111,UCM26,S,15-Jun-2026,16:11:30,0,SGX,XOB8000,XOB8000,UCM26
9000,30,-0.0131,1111,UCK26-UCM26,B,18-May-2026,16:11:30,-0.0131,SGX,XOB8000,XOB8000,UCK26-UCM26
9000,30,6.7825,1111,UCK26,S,18-May-2026,16:11:30,0,SGX,XOB8000,XOB8000,UCK26
9000,30,6.7694,1111,UCM26,B,15-Jun-2026,16:11:30,0,SGX,XOB8000,XOB8000,UCM26
9000,35,-0.0131,1111,UCK26-UCM26,B,18-May-2026,16:11:30,-0.0131,SGX,XOB8000,XOB8000,UCK26-UCM26
9000,35,6.7825,1111,UCK26,S,18-May-2026,16:11:30,0,SGX,XOB8000,XOB8000,UCK26
9000,35,6.7694,1111,UCM26,B,15-Jun-2026,16:11:30,0,SGX,XOB8000,XOB8000,UCM26
9000,30,-0.0131,1111,UCK26-UCM26,S,18-May-2026,16:11:30,-0.0131,SGX,XOB8000,XOB8000,UCK26-UCM26
9000,30,6.7825,1111,UCK26,B,18-May-2026,16:11:30,0,SGX,XOB8000,XOB8000,UCK26
9000,30,6.7694,1111,UCM26,S,15-Jun-2026,16:11:30,0,SGX,XOB8000,XOB8000,UCM26
9000,35,-0.0131,1111,UCK26-UCM26,S,18-May-2026,16:11:30,-0.0131,SGX,XOB8000,XOB8000,UCK26-UCM26
9000,35,6.7825,1111,UCK26,B,18-May-2026,16:11:30,0,SGX,XOB8000,XOB8000,UCK26
9000,35,6.7694,1111,UCM26,S,15-Jun-2026,16:11:30,0,SGX,XOB8000,XOB8000,UCM26
9000,35,-0.0131,1111,UCK26-UCM26,B,18-May-2026,16:11:30,-0.0131,SGX,XOB8000,XOB8000,UCK26-UCM26
9000,35,6.7825,1111,UCK26,S,18-May-2026,16:11:30,0,SGX,XOB8000,XOB8000,UCK26
9000,35,6.7694,1111,UCM26,B,15-Jun-2026,16:11:30,0,SGX,XOB8000,XOB8000,UCM26
9000,30,-0.0131,1111,UCK26-UCM26,B,18-May-2026,16:11:30,-0.0131,SGX,XOB8000,XOB8000,UCK26-UCM26
9000,30,6.7825,1111,UCK26,S,18-May-2026,16:11:30,0,SGX,XOB8000,XOB8000,UCK26
9000,30,6.7694,1111,UCM26,B,15-Jun-2026,16:11:30,0,SGX,XOB8000,XOB8000,UCM26
9000,30,-0.0131,1111,UCK26-UCM26,S,18-May-2026,16:11:31,-0.0131,SGX,XOB8000,XOB8000,UCK26-UCM26
9000,30,6.7825,1111,UCK26,B,18-May-2026,16:11:31,0,SGX,XOB8000,XOB8000,UCK26
9000,30,6.7694,1111,UCM26,S,15-Jun-2026,16:11:31,0,SGX,XOB8000,XOB8000,UCM26
9000,35,-0.0131,1111,UCK26-UCM26,S,18-May-2026,16:11:31,-0.0131,SGX,XOB8000,XOB8000,UCK26-UCM26
9000,35,6.7825,1111,UCK26,B,18-May-2026,16:11:31,0,SGX,XOB8000,XOB8000,UCK26
9000,35,6.7694,1111,UCM26,S,15-Jun-2026,16:11:31,0,SGX,XOB8000,XOB8000,UCM26
9000,25,-0.0131,1111,UCK26-UCM26,B,18-May-2026,16:11:31,-0.0131,SGX,XOB8000,XOB8000,UCK26-UCM26
9000,25,6.7693,1111,UCM26,B,15-Jun-2026,16:11:31,0,SGX,XOB8000,XOB8000,UCM26
9000,25,6.7824,1111,UCK26,S,18-May-2026,16:11:31,0,SGX,XOB8000,XOB8000,UCK26
9000,5,-0.0131,1111,UCK26-UCM26,B,18-May-2026,16:11:32,-0.0131,SGX,XOB8000,XOB8000,UCK26-UCM26
9000,5,6.7693,1111,UCM26,B,15-Jun-2026,16:11:32,0,SGX,XOB8000,XOB8000,UCM26
9000,5,6.7824,1111,UCK26,S,18-May-2026,16:11:32,0,SGX,XOB8000,XOB8000,UCK26
9000,35,-0.0131,1111,UCK26-UCM26,B,18-May-2026,16:11:32,-0.0131,SGX,XOB8000,XOB8000,UCK26-UCM26
9000,35,6.7693,1111,UCM26,B,15-Jun-2026,16:11:32,0,SGX,XOB8000,XOB8000,UCM26
9000,35,6.7824,1111,UCK26,S,18-May-2026,16:11:32,0,SGX,XOB8000,XOB8000,UCK26
9000,30,-0.0131,1111,UCK26-UCM26,S,18-May-2026,16:11:32,-0.0131,SGX,XOB8000,XOB8000,UCK26-UCM26
9000,30,6.7825,1111,UCK26,B,18-May-2026,16:11:32,0,SGX,XOB8000,XOB8000,UCK26
9000,30,6.7694,1111,UCM26,S,15-Jun-2026,16:11:32,0,SGX,XOB8000,XOB8000,UCM26
9000,35,-0.0131,1111,UCK26-UCM26,S,18-May-2026,16:11:32,-0.0131,SGX,XOB8000,XOB8000,UCK26-UCM26
9000,35,6.7825,1111,UCK26,B,18-May-2026,16:11:32,0,SGX,XOB8000,XOB8000,UCK26
9000,35,6.7694,1111,UCM26,S,15-Jun-2026,16:11:32,0,SGX,XOB8000,XOB8000,UCM26
9000,30,-0.0131,1111,UCK26-UCM26,B,18-May-2026,16:11:32,-0.0131,SGX,XOB8000,XOB8000,UCK26-UCM26
9000,30,6.7825,1111,UCK26,S,18-May-2026,16:11:32,0,SGX,XOB8000,XOB8000,UCK26
9000,30,6.7694,1111,UCM26,B,15-Jun-2026,16:11:32,0,SGX,XOB8000,XOB8000,UCM26
9000,35,-0.0131,1111,UCK26-UCM26,B,18-May-2026,16:11:32,-0.0131,SGX,XOB8000,XOB8000,UCK26-UCM26
9000,35,6.7825,1111,UCK26,S,18-May-2026,16:11:32,0,SGX,XOB8000,XOB8000,UCK26
9000,35,6.7694,1111,UCM26,B,15-Jun-2026,16:11:32,0,SGX,XOB8000,XOB8000,UCM26
9000,30,-0.0131,1111,UCK26-UCM26,S,18-May-2026,16:11:33,-0.0131,SGX,XOB8000,XOB8000,UCK26-UCM26
9000,30,6.7825,1111,UCK26,B,18-May-2026,16:11:33,0,SGX,XOB8000,XOB8000,UCK26
9000,30,6.7694,1111,UCM26,S,15-Jun-2026,16:11:33,0,SGX,XOB8000,XOB8000,UCM26
9000,35,-0.0131,1111,UCK26-UCM26,S,18-May-2026,16:11:33,-0.0131,SGX,XOB8000,XOB8000,UCK26-UCM26
9000,35,6.7825,1111,UCK26,B,18-May-2026,16:11:33,0,SGX,XOB8000,XOB8000,UCK26
9000,35,6.7694,1111,UCM26,S,15-Jun-2026,16:11:33,0,SGX,XOB8000,XOB8000,UCM26
9000,30,-0.0131,1111,UCK26-UCM26,B,18-May-2026,16:11:34,-0.0131,SGX,XOB8000,XOB8000,UCK26-UCM26
9000,30,6.7825,1111,UCK26,S,18-May-2026,16:11:34,0,SGX,XOB8000,XOB8000,UCK26
9000,30,6.7694,1111,UCM26,B,15-Jun-2026,16:11:34,0,SGX,XOB8000,XOB8000,UCM26
9000,35,-0.0131,1111,UCK26-UCM26,B,18-May-2026,16:11:34,-0.0131,SGX,XOB8000,XOB8000,UCK26-UCM26
9000,35,6.7825,1111,UCK26,S,18-May-2026,16:11:34,0,SGX,XOB8000,XOB8000,UCK26
9000,35,6.7694,1111,UCM26,B,15-Jun-2026,16:11:34,0,SGX,XOB8000,XOB8000,UCM26
9000,30,-0.0131,1111,UCK26-UCM26,S,18-May-2026,16:11:34,-0.0131,SGX,XOB8000,XOB8000,UCK26-UCM26
9000,30,6.7825,1111,UCK26,B,18-May-2026,16:11:34,0,SGX,XOB8000,XOB8000,UCK26
9000,30,6.7694,1111,UCM26,S,15-Jun-2026,16:11:34,0,SGX,XOB8000,XOB8000,UCM26
9000,35,-0.0131,1111,UCK26-UCM26,S,18-May-2026,16:11:34,-0.0131,SGX,XOB8000,XOB8000,UCK26-UCM26
9000,35,6.7825,1111,UCK26,B,18-May-2026,16:11:34,0,SGX,XOB8000,XOB8000,UCK26
9000,35,6.7694,1111,UCM26,S,15-Jun-2026,16:11:34,0,SGX,XOB8000,XOB8000,UCM26
9000,30,-0.0131,1111,UCK26-UCM26,B,18-May-2026,16:11:34,-0.0131,SGX,XOB8000,XOB8000,UCK26-UCM26
9000,30,6.7693,1111,UCM26,B,15-Jun-2026,16:11:34,0,SGX,XOB8000,XOB8000,UCM26
9000,30,6.7824,1111,UCK26,S,18-May-2026,16:11:34,0,SGX,XOB8000,XOB8000,UCK26
9000,35,-0.0131,1111,UCK26-UCM26,B,18-May-2026,16:11:34,-0.0131,SGX,XOB8000,XOB8000,UCK26-UCM26
9000,35,6.7693,1111,UCM26,B,15-Jun-2026,16:11:34,0,SGX,XOB8000,XOB8000,UCM26
9000,35,6.7824,1111,UCK26,S,18-May-2026,16:11:34,0,SGX,XOB8000,XOB8000,UCK26
9000,35,-0.0131,1111,UCK26-UCM26,S,18-May-2026,16:11:37,-0.0131,SGX,XOB8000,XOB8000,UCK26-UCM26
9000,35,6.7825,1111,UCK26,B,18-May-2026,16:11:37,0,SGX,XOB8000,XOB8000,UCK26
9000,35,6.7694,1111,UCM26,S,15-Jun-2026,16:11:37,0,SGX,XOB8000,XOB8000,UCM26
9000,30,-0.0131,1111,UCK26-UCM26,S,18-May-2026,16:11:37,-0.0131,SGX,XOB8000,XOB8000,UCK26-UCM26
9000,30,6.7825,1111,UCK26,B,18-May-2026,16:11:37,0,SGX,XOB8000,XOB8000,UCK26
9000,30,6.7694,1111,UCM26,S,15-Jun-2026,16:11:37,0,SGX,XOB8000,XOB8000,UCM26
9000,35,-0.0131,1111,UCK26-UCM26,B,18-May-2026,16:11:37,-0.0131,SGX,XOB8000,XOB8000,UCK26-UCM26
9000,35,6.7825,1111,UCK26,S,18-May-2026,16:11:37,0,SGX,XOB8000,XOB8000,UCK26
9000,35,6.7694,1111,UCM26,B,15-Jun-2026,16:11:37,0,SGX,XOB8000,XOB8000,UCM26
9000,30,-0.0131,1111,UCK26-UCM26,B,18-May-2026,16:11:37,-0.0131,SGX,XOB8000,XOB8000,UCK26-UCM26
9000,30,6.7825,1111,UCK26,S,18-May-2026,16:11:37,0,SGX,XOB8000,XOB8000,UCK26
9000,30,6.7694,1111,UCM26,B,15-Jun-2026,16:11:37,0,SGX,XOB8000,XOB8000,UCM26
9812,1,104.400,1111,IUK26,S,26-May-2026,16:12:00,104.4,SGX,XOF8012,XOF8012,IUK26
9812,4,104.400,1111,IUK26,S,26-May-2026,16:12:00,104.4,SGX,XOF8012,XOF8012,IUK26
9812,1,104.40,1111,DINR,B,26-May-2026,16:12:00,104.4,DGCX,S-XOF8012,S-XOF8012,DINR-20260527
9812,4,104.40,1111,DINR,B,26-May-2026,16:12:00,104.4,DGCX,S-XOF8012,S-XOF8012,DINR-20260527
9819,5,104.38,1111,DINR,B,26-May-2026,16:16:20,104.37,DGCX,S-XOF8019,S-XOF8019,DINR-20260527
9819,5,104.38,1111,DINR,B,26-May-2026,16:16:20,104.37,DGCX,S-XOF8019,S-XOF8019,DINR-20260527
9819,5,104.380,1111,IUK26,S,26-May-2026,16:16:20,104.38,SGX,XOF8019,XOF8019,IUK26
9819,5,104.380,1111,IUK26,S,26-May-2026,16:16:20,104.38,SGX,XOF8019,XOF8019,IUK26
9819,2,104.38,1111,DINR,B,26-May-2026,16:16:22,104.38,DGCX,S-XOF8019,S-XOF8019,DINR-20260527
9819,2,104.380,1111,IUK26,S,26-May-2026,16:16:22,104.38,SGX,XOF8019,XOF8019,IUK26
9819,3,104.38,1111,DINR,B,26-May-2026,16:16:27,104.38,DGCX,S-XOF8019,S-XOF8019,DINR-20260527
9818,5,104.38,1111,DINR,B,26-May-2026,16:16:27,104.38,DGCX,S-XOF8018,S-XOF8018,DINR-20260527
9817,2,104.38,1111,DINR,B,26-May-2026,16:16:27,104.38,DGCX,S-XOF8017,S-XOF8017,DINR-20260527
9819,2,104.380,1111,IUK26,S,26-May-2026,16:16:27,104.38,SGX,XOF8019,XOF8019,IUK26
9819,1,104.380,1111,IUK26,S,26-May-2026,16:16:27,104.38,SGX,XOF8019,XOF8019,IUK26
9818,5,104.380,1111,IUK26,S,26-May-2026,16:16:27,104.38,SGX,XOF8018,XOF8018,IUK26
9817,2,104.380,1111,IUK26,S,26-May-2026,16:16:27,104.38,SGX,XOF8017,XOF8017,IUK26
9000,1,-0.0131,1111,UCK26-UCM26,B,18-May-2026,16:16:32,-0.0131,SGX,XOB8000,XOB8000,UCK26-UCM26
9000,1,6.7827,1111,UCK26,S,18-May-2026,16:16:32,0,SGX,XOB8000,XOB8000,UCK26
9000,1,6.7696,1111,UCM26,B,15-Jun-2026,16:16:32,0,SGX,XOB8000,XOB8000,UCM26
9000,1,-0.0131,1111,UCK26-UCM26,B,18-May-2026,16:16:32,-0.0131,SGX,XOB8000,XOB8000,UCK26-UCM26
9000,1,6.7827,1111,UCK26,S,18-May-2026,16:16:32,0,SGX,XOB8000,XOB8000,UCK26
9000,1,6.7696,1111,UCM26,B,15-Jun-2026,16:16:32,0,SGX,XOB8000,XOB8000,UCM26
9000,28,-0.0131,1111,UCK26-UCM26,B,18-May-2026,16:16:32,-0.0131,SGX,XOB8000,XOB8000,UCK26-UCM26
9000,28,6.7827,1111,UCK26,S,18-May-2026,16:16:32,0,SGX,XOB8000,XOB8000,UCK26
9000,28,6.7696,1111,UCM26,B,15-Jun-2026,16:16:32,0,SGX,XOB8000,XOB8000,UCM26
9817,2,104.38,1111,DINR,B,26-May-2026,16:16:43,104.38,DGCX,S-XOF8017,S-XOF8017,DINR-20260527
9817,2,104.380,1111,IUK26,S,26-May-2026,16:16:43,104.38,SGX,XOF8017,XOF8017,IUK26
9817,3,104.38,1111,DINR,B,26-May-2026,16:16:43,104.38,DGCX,S-XOF8017,S-XOF8017,DINR-20260527
9817,2,104.38,1111,DINR,B,26-May-2026,16:16:43,104.38,DGCX,S-XOF8017,S-XOF8017,DINR-20260527
9817,3,104.380,1111,IUK26,S,26-May-2026,16:16:43,104.38,SGX,XOF8017,XOF8017,IUK26
9817,2,104.380,1111,IUK26,S,26-May-2026,16:16:43,104.38,SGX,XOF8017,XOF8017,IUK26
9818,3,104.38,1111,DINR,B,26-May-2026,16:16:51,104.38,DGCX,S-XOF8018,S-XOF8018,DINR-20260527
9818,3,104.380,1111,IUK26,S,26-May-2026,16:16:51,104.38,SGX,XOF8018,XOF8018,IUK26
9000,79,-0.0131,1111,UCK26-UCM26,S,18-May-2026,16:18:03,-0.0131,SGX,XOB8000,XOB8000,UCK26-UCM26
9000,79,6.7829,1111,UCK26,B,18-May-2026,16:18:03,0,SGX,XOB8000,XOB8000,UCK26
9000,79,6.7698,1111,UCM26,S,15-Jun-2026,16:18:03,0,SGX,XOB8000,XOB8000,UCM26
9000,35,-0.0131,1111,UCK26-UCM26,S,18-May-2026,16:18:03,-0.0131,SGX,XOB8000,XOB8000,UCK26-UCM26
9000,35,6.7829,1111,UCK26,B,18-May-2026,16:18:03,0,SGX,XOB8000,XOB8000,UCK26
9000,35,6.7698,1111,UCM26,S,15-Jun-2026,16:18:03,0,SGX,XOB8000,XOB8000,UCM26
9000,30,-0.0131,1111,UCK26-UCM26,S,18-May-2026,16:18:03,-0.0131,SGX,XOB8000,XOB8000,UCK26-UCM26
9000,30,6.7829,1111,UCK26,B,18-May-2026,16:18:03,0,SGX,XOB8000,XOB8000,UCK26
9000,30,6.7698,1111,UCM26,S,15-Jun-2026,16:18:03,0,SGX,XOB8000,XOB8000,UCM26
9000,35,-0.0131,1111,UCK26-UCM26,B,18-May-2026,16:18:04,-0.0131,SGX,XOB8000,XOB8000,UCK26-UCM26
9000,35,6.7829,1111,UCK26,S,18-May-2026,16:18:04,0,SGX,XOB8000,XOB8000,UCK26
9000,35,6.7698,1111,UCM26,B,15-Jun-2026,16:18:04,0,SGX,XOB8000,XOB8000,UCM26
9000,30,-0.0131,1111,UCK26-UCM26,B,18-May-2026,16:18:04,-0.0131,SGX,XOB8000,XOB8000,UCK26-UCM26
9000,30,6.7829,1111,UCK26,S,18-May-2026,16:18:04,0,SGX,XOB8000,XOB8000,UCK26
9000,30,6.7698,1111,UCM26,B,15-Jun-2026,16:18:04,0,SGX,XOB8000,XOB8000,UCM26
9000,35,-0.0131,1111,UCK26-UCM26,S,18-May-2026,16:18:03,-0.0131,SGX,XOB8000,XOB8000,UCK26-UCM26
9000,35,6.7829,1111,UCK26,B,18-May-2026,16:18:03,0,SGX,XOB8000,XOB8000,UCK26
9000,35,6.7698,1111,UCM26,S,15-Jun-2026,16:18:03,0,SGX,XOB8000,XOB8000,UCM26
9000,30,-0.0131,1111,UCK26-UCM26,S,18-May-2026,16:18:03,-0.0131,SGX,XOB8000,XOB8000,UCK26-UCM26
9000,30,6.7829,1111,UCK26,B,18-May-2026,16:18:03,0,SGX,XOB8000,XOB8000,UCK26
9000,30,6.7698,1111,UCM26,S,15-Jun-2026,16:18:03,0,SGX,XOB8000,XOB8000,UCM26
9000,35,-0.0131,1111,UCK26-UCM26,B,18-May-2026,16:18:04,-0.0131,SGX,XOB8000,XOB8000,UCK26-UCM26
9000,35,6.7829,1111,UCK26,S,18-May-2026,16:18:04,0,SGX,XOB8000,XOB8000,UCK26
9000,35,6.7698,1111,UCM26,B,15-Jun-2026,16:18:04,0,SGX,XOB8000,XOB8000,UCM26
9000,30,-0.0131,1111,UCK26-UCM26,B,18-May-2026,16:18:04,-0.0131,SGX,XOB8000,XOB8000,UCK26-UCM26
9000,30,6.7829,1111,UCK26,S,18-May-2026,16:18:04,0,SGX,XOB8000,XOB8000,UCK26
9000,30,6.7698,1111,UCM26,B,15-Jun-2026,16:18:04,0,SGX,XOB8000,XOB8000,UCM26
9000,30,-0.0131,1111,UCK26-UCM26,S,18-May-2026,16:18:04,-0.0131,SGX,XOB8000,XOB8000,UCK26-UCM26
9000,30,6.7829,1111,UCK26,B,18-May-2026,16:18:04,0,SGX,XOB8000,XOB8000,UCK26
9000,30,6.7698,1111,UCM26,S,15-Jun-2026,16:18:04,0,SGX,XOB8000,XOB8000,UCM26
9000,35,-0.0131,1111,UCK26-UCM26,S,18-May-2026,16:18:04,-0.0131,SGX,XOB8000,XOB8000,UCK26-UCM26
9000,35,6.7829,1111,UCK26,B,18-May-2026,16:18:04,0,SGX,XOB8000,XOB8000,UCK26
9000,35,6.7698,1111,UCM26,S,15-Jun-2026,16:18:04,0,SGX,XOB8000,XOB8000,UCM26
9000,30,-0.0131,1111,UCK26-UCM26,B,18-May-2026,16:18:04,-0.0131,SGX,XOB8000,XOB8000,UCK26-UCM26
9000,30,6.7829,1111,UCK26,S,18-May-2026,16:18:04,0,SGX,XOB8000,XOB8000,UCK26
9000,30,6.7698,1111,UCM26,B,15-Jun-2026,16:18:04,0,SGX,XOB8000,XOB8000,UCM26
9000,35,-0.0131,1111,UCK26-UCM26,B,18-May-2026,16:18:04,-0.0131,SGX,XOB8000,XOB8000,UCK26-UCM26
9000,35,6.7829,1111,UCK26,S,18-May-2026,16:18:04,0,SGX,XOB8000,XOB8000,UCK26
9000,35,6.7698,1111,UCM26,B,15-Jun-2026,16:18:04,0,SGX,XOB8000,XOB8000,UCM26
9000,30,-0.0131,1111,UCK26-UCM26,S,18-May-2026,16:18:04,-0.0131,SGX,XOB8000,XOB8000,UCK26-UCM26
9000,30,6.7829,1111,UCK26,B,18-May-2026,16:18:04,0,SGX,XOB8000,XOB8000,UCK26
9000,30,6.7698,1111,UCM26,S,15-Jun-2026,16:18:04,0,SGX,XOB8000,XOB8000,UCM26
9000,35,-0.0131,1111,UCK26-UCM26,S,18-May-2026,16:18:04,-0.0131,SGX,XOB8000,XOB8000,UCK26-UCM26
9000,35,6.7829,1111,UCK26,B,18-May-2026,16:18:04,0,SGX,XOB8000,XOB8000,UCK26
9000,35,6.7698,1111,UCM26,S,15-Jun-2026,16:18:04,0,SGX,XOB8000,XOB8000,UCM26
9000,5,-0.0131,1111,UCK26-UCM26,B,18-May-2026,16:18:04,-0.0131,SGX,XOB8000,XOB8000,UCK26-UCM26
9000,5,6.7829,1111,UCK26,S,18-May-2026,16:18:04,0,SGX,XOB8000,XOB8000,UCK26
9000,5,6.7698,1111,UCM26,B,15-Jun-2026,16:18:04,0,SGX,XOB8000,XOB8000,UCM26
9000,30,-0.0131,1111,UCK26-UCM26,B,18-May-2026,16:18:04,-0.0131,SGX,XOB8000,XOB8000,UCK26-UCM26
9000,30,6.7829,1111,UCK26,S,18-May-2026,16:18:04,0,SGX,XOB8000,XOB8000,UCK26
9000,30,6.7698,1111,UCM26,B,15-Jun-2026,16:18:04,0,SGX,XOB8000,XOB8000,UCM26
9000,30,-0.0131,1111,UCK26-UCM26,B,18-May-2026,16:18:04,-0.0131,SGX,XOB8000,XOB8000,UCK26-UCM26
9000,30,6.7829,1111,UCK26,S,18-May-2026,16:18:04,0,SGX,XOB8000,XOB8000,UCK26
9000,30,6.7698,1111,UCM26,B,15-Jun-2026,16:18:04,0,SGX,XOB8000,XOB8000,UCM26
9000,30,-0.0131,1111,UCK26-UCM26,S,18-May-2026,16:18:04,-0.0131,SGX,XOB8000,XOB8000,UCK26-UCM26
9000,30,6.7829,1111,UCK26,B,18-May-2026,16:18:04,0,SGX,XOB8000,XOB8000,UCK26
9000,30,6.7698,1111,UCM26,S,15-Jun-2026,16:18:04,0,SGX,XOB8000,XOB8000,UCM26
9000,30,-0.0131,1111,UCK26-UCM26,B,18-May-2026,16:18:04,-0.0131,SGX,XOB8000,XOB8000,UCK26-UCM26
9000,30,6.7829,1111,UCK26,S,18-May-2026,16:18:04,0,SGX,XOB8000,XOB8000,UCK26
9000,30,6.7698,1111,UCM26,B,15-Jun-2026,16:18:04,0,SGX,XOB8000,XOB8000,UCM26
9000,35,-0.0131,1111,UCK26-UCM26,S,18-May-2026,16:18:04,-0.0131,SGX,XOB8000,XOB8000,UCK26-UCM26
9000,35,6.7829,1111,UCK26,B,18-May-2026,16:18:04,0,SGX,XOB8000,XOB8000,UCK26
9000,35,6.7698,1111,UCM26,S,15-Jun-2026,16:18:04,0,SGX,XOB8000,XOB8000,UCM26
9000,35,-0.0131,1111,UCK26-UCM26,B,18-May-2026,16:18:04,-0.0131,SGX,XOB8000,XOB8000,UCK26-UCM26
9000,35,6.7829,1111,UCK26,S,18-May-2026,16:18:04,0,SGX,XOB8000,XOB8000,UCK26
9000,35,6.7698,1111,UCM26,B,15-Jun-2026,16:18:04,0,SGX,XOB8000,XOB8000,UCM26
9000,30,-0.0131,1111,UCK26-UCM26,S,18-May-2026,16:18:05,-0.0131,SGX,XOB8000,XOB8000,UCK26-UCM26
9000,30,6.7829,1111,UCK26,B,18-May-2026,16:18:05,0,SGX,XOB8000,XOB8000,UCK26
9000,30,6.7698,1111,UCM26,S,15-Jun-2026,16:18:05,0,SGX,XOB8000,XOB8000,UCM26
9000,35,-0.0131,1111,UCK26-UCM26,S,18-May-2026,16:18:05,-0.0131,SGX,XOB8000,XOB8000,UCK26-UCM26
9000,35,6.7829,1111,UCK26,B,18-May-2026,16:18:05,0,SGX,XOB8000,XOB8000,UCK26
9000,35,6.7698,1111,UCM26,S,15-Jun-2026,16:18:05,0,SGX,XOB8000,XOB8000,UCM26
9000,30,-0.0131,1111,UCK26-UCM26,B,18-May-2026,16:18:05,-0.0131,SGX,XOB8000,XOB8000,UCK26-UCM26
9000,30,6.7829,1111,UCK26,S,18-May-2026,16:18:05,0,SGX,XOB8000,XOB8000,UCK26
9000,30,6.7698,1111,UCM26,B,15-Jun-2026,16:18:05,0,SGX,XOB8000,XOB8000,UCM26
9000,35,-0.0131,1111,UCK26-UCM26,B,18-May-2026,16:18:05,-0.0131,SGX,XOB8000,XOB8000,UCK26-UCM26
9000,35,6.7829,1111,UCK26,S,18-May-2026,16:18:05,0,SGX,XOB8000,XOB8000,UCK26
9000,35,6.7698,1111,UCM26,B,15-Jun-2026,16:18:05,0,SGX,XOB8000,XOB8000,UCM26
9000,30,-0.0131,1111,UCK26-UCM26,S,18-May-2026,16:18:05,-0.0131,SGX,XOB8000,XOB8000,UCK26-UCM26
9000,30,6.7829,1111,UCK26,B,18-May-2026,16:18:05,0,SGX,XOB8000,XOB8000,UCK26
9000,30,6.7698,1111,UCM26,S,15-Jun-2026,16:18:05,0,SGX,XOB8000,XOB8000,UCM26
9000,35,-0.0131,1111,UCK26-UCM26,S,18-May-2026,16:18:05,-0.0131,SGX,XOB8000,XOB8000,UCK26-UCM26
9000,35,6.7829,1111,UCK26,B,18-May-2026,16:18:05,0,SGX,XOB8000,XOB8000,UCK26
9000,35,6.7698,1111,UCM26,S,15-Jun-2026,16:18:05,0,SGX,XOB8000,XOB8000,UCM26
9000,10,-0.0131,1111,UCK26-UCM26,B,18-May-2026,16:18:05,-0.0131,SGX,XOB8000,XOB8000,UCK26-UCM26
9000,10,6.7829,1111,UCK26,S,18-May-2026,16:18:05,0,SGX,XOB8000,XOB8000,UCK26
9000,10,6.7698,1111,UCM26,B,15-Jun-2026,16:18:05,0,SGX,XOB8000,XOB8000,UCM26
9000,20,-0.0131,1111,UCK26-UCM26,B,18-May-2026,16:18:06,-0.0131,SGX,XOB8000,XOB8000,UCK26-UCM26
9000,20,6.7829,1111,UCK26,S,18-May-2026,16:18:06,0,SGX,XOB8000,XOB8000,UCK26
9000,20,6.7698,1111,UCM26,B,15-Jun-2026,16:18:06,0,SGX,XOB8000,XOB8000,UCM26
9000,35,-0.0131,1111,UCK26-UCM26,B,18-May-2026,16:18:06,-0.0131,SGX,XOB8000,XOB8000,UCK26-UCM26
9000,35,6.7829,1111,UCK26,S,18-May-2026,16:18:06,0,SGX,XOB8000,XOB8000,UCK26
9000,35,6.7698,1111,UCM26,B,15-Jun-2026,16:18:06,0,SGX,XOB8000,XOB8000,UCM26
9000,35,-0.0131,1111,UCK26-UCM26,S,18-May-2026,16:18:05,-0.0131,SGX,XOB8000,XOB8000,UCK26-UCM26
9000,35,6.7829,1111,UCK26,B,18-May-2026,16:18:05,0,SGX,XOB8000,XOB8000,UCK26
9000,35,6.7698,1111,UCM26,S,15-Jun-2026,16:18:05,0,SGX,XOB8000,XOB8000,UCM26
9000,30,-0.0131,1111,UCK26-UCM26,S,18-May-2026,16:18:05,-0.0131,SGX,XOB8000,XOB8000,UCK26-UCM26
9000,30,6.7829,1111,UCK26,B,18-May-2026,16:18:05,0,SGX,XOB8000,XOB8000,UCK26
9000,30,6.7698,1111,UCM26,S,15-Jun-2026,16:18:05,0,SGX,XOB8000,XOB8000,UCM26
9000,35,-0.0131,1111,UCK26-UCM26,B,18-May-2026,16:18:06,-0.0131,SGX,XOB8000,XOB8000,UCK26-UCM26
9000,35,6.7829,1111,UCK26,S,18-May-2026,16:18:06,0,SGX,XOB8000,XOB8000,UCK26
9000,35,6.7698,1111,UCM26,B,15-Jun-2026,16:18:06,0,SGX,XOB8000,XOB8000,UCM26
9000,30,-0.0131,1111,UCK26-UCM26,B,18-May-2026,16:18:06,-0.0131,SGX,XOB8000,XOB8000,UCK26-UCM26
9000,30,6.7829,1111,UCK26,S,18-May-2026,16:18:06,0,SGX,XOB8000,XOB8000,UCK26
9000,30,6.7698,1111,UCM26,B,15-Jun-2026,16:18:06,0,SGX,XOB8000,XOB8000,UCM26
9000,30,-0.0131,1111,UCK26-UCM26,S,18-May-2026,16:18:06,-0.0131,SGX,XOB8000,XOB8000,UCK26-UCM26
9000,30,6.7829,1111,UCK26,B,18-May-2026,16:18:06,0,SGX,XOB8000,XOB8000,UCK26
9000,30,6.7698,1111,UCM26,S,15-Jun-2026,16:18:06,0,SGX,XOB8000,XOB8000,UCM26
9000,35,-0.0131,1111,UCK26-UCM26,S,18-May-2026,16:18:06,-0.0131,SGX,XOB8000,XOB8000,UCK26-UCM26
9000,35,6.7829,1111,UCK26,B,18-May-2026,16:18:06,0,SGX,XOB8000,XOB8000,UCK26
9000,35,6.7698,1111,UCM26,S,15-Jun-2026,16:18:06,0,SGX,XOB8000,XOB8000,UCM26
9000,30,-0.0131,1111,UCK26-UCM26,B,18-May-2026,16:18:06,-0.0131,SGX,XOB8000,XOB8000,UCK26-UCM26
9000,30,6.7829,1111,UCK26,S,18-May-2026,16:18:06,0,SGX,XOB8000,XOB8000,UCK26
9000,30,6.7698,1111,UCM26,B,15-Jun-2026,16:18:06,0,SGX,XOB8000,XOB8000,UCM26
9000,35,-0.0131,1111,UCK26-UCM26,B,18-May-2026,16:18:06,-0.0131,SGX,XOB8000,XOB8000,UCK26-UCM26
9000,35,6.7829,1111,UCK26,S,18-May-2026,16:18:06,0,SGX,XOB8000,XOB8000,UCK26
9000,35,6.7698,1111,UCM26,B,15-Jun-2026,16:18:06,0,SGX,XOB8000,XOB8000,UCM26
9000,30,-0.0131,1111,UCK26-UCM26,S,18-May-2026,16:18:06,-0.0131,SGX,XOB8000,XOB8000,UCK26-UCM26
9000,30,6.7829,1111,UCK26,B,18-May-2026,16:18:06,0,SGX,XOB8000,XOB8000,UCK26
9000,30,6.7698,1111,UCM26,S,15-Jun-2026,16:18:06,0,SGX,XOB8000,XOB8000,UCM26
9000,35,-0.0131,1111,UCK26-UCM26,S,18-May-2026,16:18:06,-0.0131,SGX,XOB8000,XOB8000,UCK26-UCM26
9000,35,6.7829,1111,UCK26,B,18-May-2026,16:18:06,0,SGX,XOB8000,XOB8000,UCK26
9000,35,6.7698,1111,UCM26,S,15-Jun-2026,16:18:06,0,SGX,XOB8000,XOB8000,UCM26
9000,15,-0.0131,1111,UCK26-UCM26,B,18-May-2026,16:18:06,-0.0131,SGX,XOB8000,XOB8000,UCK26-UCM26
9000,15,6.7829,1111,UCK26,S,18-May-2026,16:18:06,0,SGX,XOB8000,XOB8000,UCK26
9000,15,6.7698,1111,UCM26,B,15-Jun-2026,16:18:06,0,SGX,XOB8000,XOB8000,UCM26
9000,15,-0.0131,1111,UCK26-UCM26,B,18-May-2026,16:18:06,-0.0131,SGX,XOB8000,XOB8000,UCK26-UCM26
9000,15,6.7829,1111,UCK26,S,18-May-2026,16:18:06,0,SGX,XOB8000,XOB8000,UCK26
9000,15,6.7698,1111,UCM26,B,15-Jun-2026,16:18:06,0,SGX,XOB8000,XOB8000,UCM26
9000,35,-0.0131,1111,UCK26-UCM26,B,18-May-2026,16:18:06,-0.0131,SGX,XOB8000,XOB8000,UCK26-UCM26
9000,35,6.7829,1111,UCK26,S,18-May-2026,16:18:06,0,SGX,XOB8000,XOB8000,UCK26
9000,35,6.7698,1111,UCM26,B,15-Jun-2026,16:18:06,0,SGX,XOB8000,XOB8000,UCM26
9000,30,-0.0131,1111,UCK26-UCM26,S,18-May-2026,16:18:06,-0.0131,SGX,XOB8000,XOB8000,UCK26-UCM26
9000,30,6.7829,1111,UCK26,B,18-May-2026,16:18:06,0,SGX,XOB8000,XOB8000,UCK26
9000,30,6.7698,1111,UCM26,S,15-Jun-2026,16:18:06,0,SGX,XOB8000,XOB8000,UCM26
9000,30,-0.0131,1111,UCK26-UCM26,B,18-May-2026,16:18:06,-0.0131,SGX,XOB8000,XOB8000,UCK26-UCM26
9000,30,6.7829,1111,UCK26,S,18-May-2026,16:18:06,0,SGX,XOB8000,XOB8000,UCK26
9000,30,6.7698,1111,UCM26,B,15-Jun-2026,16:18:06,0,SGX,XOB8000,XOB8000,UCM26
9000,35,-0.0131,1111,UCK26-UCM26,S,18-May-2026,16:18:06,-0.0131,SGX,XOB8000,XOB8000,UCK26-UCM26
9000,35,6.7829,1111,UCK26,B,18-May-2026,16:18:06,0,SGX,XOB8000,XOB8000,UCK26
9000,35,6.7698,1111,UCM26,S,15-Jun-2026,16:18:06,0,SGX,XOB8000,XOB8000,UCM26
9000,35,-0.0131,1111,UCK26-UCM26,B,18-May-2026,16:18:06,-0.0131,SGX,XOB8000,XOB8000,UCK26-UCM26
9000,35,6.7829,1111,UCK26,S,18-May-2026,16:18:06,0,SGX,XOB8000,XOB8000,UCK26
9000,35,6.7698,1111,UCM26,B,15-Jun-2026,16:18:06,0,SGX,XOB8000,XOB8000,UCM26
9000,35,-0.0131,1111,UCK26-UCM26,S,18-May-2026,16:18:07,-0.0131,SGX,XOB8000,XOB8000,UCK26-UCM26
9000,35,6.7829,1111,UCK26,B,18-May-2026,16:18:07,0,SGX,XOB8000,XOB8000,UCK26
9000,35,6.7698,1111,UCM26,S,15-Jun-2026,16:18:07,0,SGX,XOB8000,XOB8000,UCM26
9000,30,-0.0131,1111,UCK26-UCM26,S,18-May-2026,16:18:07,-0.0131,SGX,XOB8000,XOB8000,UCK26-UCM26
9000,30,6.7829,1111,UCK26,B,18-May-2026,16:18:07,0,SGX,XOB8000,XOB8000,UCK26
9000,30,6.7698,1111,UCM26,S,15-Jun-2026,16:18:07,0,SGX,XOB8000,XOB8000,UCM26
9000,35,-0.0131,1111,UCK26-UCM26,B,18-May-2026,16:18:07,-0.0131,SGX,XOB8000,XOB8000,UCK26-UCM26
9000,35,6.7829,1111,UCK26,S,18-May-2026,16:18:07,0,SGX,XOB8000,XOB8000,UCK26
9000,35,6.7698,1111,UCM26,B,15-Jun-2026,16:18:07,0,SGX,XOB8000,XOB8000,UCM26
9000,30,-0.0131,1111,UCK26-UCM26,B,18-May-2026,16:18:07,-0.0131,SGX,XOB8000,XOB8000,UCK26-UCM26
9000,30,6.7829,1111,UCK26,S,18-May-2026,16:18:07,0,SGX,XOB8000,XOB8000,UCK26
9000,30,6.7698,1111,UCM26,B,15-Jun-2026,16:18:07,0,SGX,XOB8000,XOB8000,UCM26
9000,35,-0.0131,1111,UCK26-UCM26,S,18-May-2026,16:18:07,-0.0131,SGX,XOB8000,XOB8000,UCK26-UCM26
9000,35,6.7829,1111,UCK26,B,18-May-2026,16:18:07,0,SGX,XOB8000,XOB8000,UCK26
9000,35,6.7698,1111,UCM26,S,15-Jun-2026,16:18:07,0,SGX,XOB8000,XOB8000,UCM26
9000,30,-0.0131,1111,UCK26-UCM26,S,18-May-2026,16:18:07,-0.0131,SGX,XOB8000,XOB8000,UCK26-UCM26
9000,30,6.7829,1111,UCK26,B,18-May-2026,16:18:07,0,SGX,XOB8000,XOB8000,UCK26
9000,30,6.7698,1111,UCM26,S,15-Jun-2026,16:18:07,0,SGX,XOB8000,XOB8000,UCM26
9000,20,-0.0131,1111,UCK26-UCM26,B,18-May-2026,16:18:07,-0.0131,SGX,XOB8000,XOB8000,UCK26-UCM26
9000,20,6.7829,1111,UCK26,S,18-May-2026,16:18:07,0,SGX,XOB8000,XOB8000,UCK26
9000,20,6.7698,1111,UCM26,B,15-Jun-2026,16:18:07,0,SGX,XOB8000,XOB8000,UCM26
9000,15,-0.0131,1111,UCK26-UCM26,B,18-May-2026,16:18:12,-0.0131,SGX,XOB8000,XOB8000,UCK26-UCM26
9000,15,6.7829,1111,UCK26,S,18-May-2026,16:18:12,0,SGX,XOB8000,XOB8000,UCK26
9000,15,6.7698,1111,UCM26,B,15-Jun-2026,16:18:12,0,SGX,XOB8000,XOB8000,UCM26
9000,30,-0.0131,1111,UCK26-UCM26,B,18-May-2026,16:18:12,-0.0131,SGX,XOB8000,XOB8000,UCK26-UCM26
9000,30,6.7829,1111,UCK26,S,18-May-2026,16:18:12,0,SGX,XOB8000,XOB8000,UCK26
9000,30,6.7698,1111,UCM26,B,15-Jun-2026,16:18:12,0,SGX,XOB8000,XOB8000,UCM26
9000,155,-0.0131,1111,UCK26-UCM26,B,18-May-2026,16:18:12,-0.0131,SGX,XOB8000,XOB8000,UCK26-UCM26
9000,155,6.7829,1111,UCK26,S,18-May-2026,16:18:12,0,SGX,XOB8000,XOB8000,UCK26
9000,155,6.7698,1111,UCM26,B,15-Jun-2026,16:18:12,0,SGX,XOB8000,XOB8000,UCM26
9000,45,-0.0131,1111,UCK26-UCM26,B,18-May-2026,16:18:14,-0.0131,SGX,XOB8000,XOB8000,UCK26-UCM26
9000,45,6.7829,1111,UCK26,S,18-May-2026,16:18:14,0,SGX,XOB8000,XOB8000,UCK26
9000,45,6.7698,1111,UCM26,B,15-Jun-2026,16:18:14,0,SGX,XOB8000,XOB8000,UCM26
9000,30,-0.0131,1111,UCK26-UCM26,B,18-May-2026,16:18:14,-0.0131,SGX,XOB8000,XOB8000,UCK26-UCM26
9000,30,6.7829,1111,UCK26,S,18-May-2026,16:18:14,0,SGX,XOB8000,XOB8000,UCK26
9000,30,6.7698,1111,UCM26,B,15-Jun-2026,16:18:14,0,SGX,XOB8000,XOB8000,UCM26
9000,35,-0.0131,1111,UCK26-UCM26,B,18-May-2026,16:18:14,-0.0131,SGX,XOB8000,XOB8000,UCK26-UCM26
9000,35,6.7829,1111,UCK26,S,18-May-2026,16:18:14,0,SGX,XOB8000,XOB8000,UCK26
9000,35,6.7698,1111,UCM26,B,15-Jun-2026,16:18:14,0,SGX,XOB8000,XOB8000,UCM26
9000,30,-0.0131,1111,UCK26-UCM26,S,18-May-2026,16:18:14,-0.0131,SGX,XOB8000,XOB8000,UCK26-UCM26
9000,30,6.7829,1111,UCK26,B,18-May-2026,16:18:14,0,SGX,XOB8000,XOB8000,UCK26
9000,30,6.7698,1111,UCM26,S,15-Jun-2026,16:18:14,0,SGX,XOB8000,XOB8000,UCM26
9000,35,-0.0131,1111,UCK26-UCM26,S,18-May-2026,16:18:14,-0.0131,SGX,XOB8000,XOB8000,UCK26-UCM26
9000,35,6.7829,1111,UCK26,B,18-May-2026,16:18:14,0,SGX,XOB8000,XOB8000,UCK26
9000,35,6.7698,1111,UCM26,S,15-Jun-2026,16:18:14,0,SGX,XOB8000,XOB8000,UCM26
9000,30,-0.0131,1111,UCK26-UCM26,B,18-May-2026,16:18:14,-0.0131,SGX,XOB8000,XOB8000,UCK26-UCM26
9000,30,6.7829,1111,UCK26,S,18-May-2026,16:18:14,0,SGX,XOB8000,XOB8000,UCK26
9000,30,6.7698,1111,UCM26,B,15-Jun-2026,16:18:14,0,SGX,XOB8000,XOB8000,UCM26
9000,35,-0.0131,1111,UCK26-UCM26,B,18-May-2026,16:18:14,-0.0131,SGX,XOB8000,XOB8000,UCK26-UCM26
9000,35,6.7829,1111,UCK26,S,18-May-2026,16:18:14,0,SGX,XOB8000,XOB8000,UCK26
9000,35,6.7698,1111,UCM26,B,15-Jun-2026,16:18:14,0,SGX,XOB8000,XOB8000,UCM26
9000,30,-0.0131,1111,UCK26-UCM26,S,18-May-2026,16:18:14,-0.0131,SGX,XOB8000,XOB8000,UCK26-UCM26
9000,30,6.7829,1111,UCK26,B,18-May-2026,16:18:14,0,SGX,XOB8000,XOB8000,UCK26
9000,30,6.7698,1111,UCM26,S,15-Jun-2026,16:18:14,0,SGX,XOB8000,XOB8000,UCM26
9000,35,-0.0131,1111,UCK26-UCM26,S,18-May-2026,16:18:14,-0.0131,SGX,XOB8000,XOB8000,UCK26-UCM26
9000,35,6.7829,1111,UCK26,B,18-May-2026,16:18:14,0,SGX,XOB8000,XOB8000,UCK26
9000,35,6.7698,1111,UCM26,S,15-Jun-2026,16:18:14,0,SGX,XOB8000,XOB8000,UCM26
9000,30,-0.0131,1111,UCK26-UCM26,B,18-May-2026,16:18:16,-0.0131,SGX,XOB8000,XOB8000,UCK26-UCM26
9000,30,6.7829,1111,UCK26,S,18-May-2026,16:18:16,0,SGX,XOB8000,XOB8000,UCK26
9000,30,6.7698,1111,UCM26,B,15-Jun-2026,16:18:16,0,SGX,XOB8000,XOB8000,UCM26
9000,35,-0.0131,1111,UCK26-UCM26,B,18-May-2026,16:18:16,-0.0131,SGX,XOB8000,XOB8000,UCK26-UCM26
9000,35,6.7829,1111,UCK26,S,18-May-2026,16:18:16,0,SGX,XOB8000,XOB8000,UCK26
9000,35,6.7698,1111,UCM26,B,15-Jun-2026,16:18:16,0,SGX,XOB8000,XOB8000,UCM26
9000,30,-0.0131,1111,UCK26-UCM26,S,18-May-2026,16:18:16,-0.0131,SGX,XOB8000,XOB8000,UCK26-UCM26
9000,30,6.7829,1111,UCK26,B,18-May-2026,16:18:16,0,SGX,XOB8000,XOB8000,UCK26
9000,30,6.7698,1111,UCM26,S,15-Jun-2026,16:18:16,0,SGX,XOB8000,XOB8000,UCM26
9000,35,-0.0131,1111,UCK26-UCM26,S,18-May-2026,16:18:16,-0.0131,SGX,XOB8000,XOB8000,UCK26-UCM26
9000,35,6.7829,1111,UCK26,B,18-May-2026,16:18:16,0,SGX,XOB8000,XOB8000,UCK26
9000,35,6.7698,1111,UCM26,S,15-Jun-2026,16:18:16,0,SGX,XOB8000,XOB8000,UCM26
9000,30,-0.0131,1111,UCK26-UCM26,B,18-May-2026,16:18:16,-0.0131,SGX,XOB8000,XOB8000,UCK26-UCM26
9000,30,6.7829,1111,UCK26,S,18-May-2026,16:18:16,0,SGX,XOB8000,XOB8000,UCK26
9000,30,6.7698,1111,UCM26,B,15-Jun-2026,16:18:16,0,SGX,XOB8000,XOB8000,UCM26
9000,35,-0.0131,1111,UCK26-UCM26,B,18-May-2026,16:18:16,-0.0131,SGX,XOB8000,XOB8000,UCK26-UCM26
9000,35,6.7829,1111,UCK26,S,18-May-2026,16:18:16,0,SGX,XOB8000,XOB8000,UCK26
9000,35,6.7698,1111,UCM26,B,15-Jun-2026,16:18:16,0,SGX,XOB8000,XOB8000,UCM26
9000,5,-0.0131,1111,UCK26-UCM26,S,18-May-2026,16:18:16,-0.0131,SGX,XOB8000,XOB8000,UCK26-UCM26
9000,5,6.7829,1111,UCK26,B,18-May-2026,16:18:16,0,SGX,XOB8000,XOB8000,UCK26
9000,5,6.7698,1111,UCM26,S,15-Jun-2026,16:18:16,0,SGX,XOB8000,XOB8000,UCM26
9000,25,-0.0131,1111,UCK26-UCM26,S,18-May-2026,16:18:17,-0.0131,SGX,XOB8000,XOB8000,UCK26-UCM26
9000,25,6.7829,1111,UCK26,B,18-May-2026,16:18:17,0,SGX,XOB8000,XOB8000,UCK26
9000,25,6.7698,1111,UCM26,S,15-Jun-2026,16:18:17,0,SGX,XOB8000,XOB8000,UCM26
9000,35,-0.0131,1111,UCK26-UCM26,S,18-May-2026,16:18:17,-0.0131,SGX,XOB8000,XOB8000,UCK26-UCM26
9000,35,6.7829,1111,UCK26,B,18-May-2026,16:18:17,0,SGX,XOB8000,XOB8000,UCK26
9000,35,6.7698,1111,UCM26,S,15-Jun-2026,16:18:17,0,SGX,XOB8000,XOB8000,UCM26
9000,35,-0.0131,1111,UCK26-UCM26,B,18-May-2026,16:18:16,-0.0131,SGX,XOB8000,XOB8000,UCK26-UCM26
9000,35,6.7829,1111,UCK26,S,18-May-2026,16:18:16,0,SGX,XOB8000,XOB8000,UCK26
9000,35,6.7698,1111,UCM26,B,15-Jun-2026,16:18:16,0,SGX,XOB8000,XOB8000,UCM26
9000,30,-0.0131,1111,UCK26-UCM26,B,18-May-2026,16:18:16,-0.0131,SGX,XOB8000,XOB8000,UCK26-UCM26
9000,30,6.7829,1111,UCK26,S,18-May-2026,16:18:16,0,SGX,XOB8000,XOB8000,UCK26
9000,30,6.7698,1111,UCM26,B,15-Jun-2026,16:18:16,0,SGX,XOB8000,XOB8000,UCM26
9000,35,-0.0131,1111,UCK26-UCM26,S,18-May-2026,16:18:17,-0.0131,SGX,XOB8000,XOB8000,UCK26-UCM26
9000,35,6.7829,1111,UCK26,B,18-May-2026,16:18:17,0,SGX,XOB8000,XOB8000,UCK26
9000,35,6.7698,1111,UCM26,S,15-Jun-2026,16:18:17,0,SGX,XOB8000,XOB8000,UCM26
9000,30,-0.0131,1111,UCK26-UCM26,S,18-May-2026,16:18:17,-0.0131,SGX,XOB8000,XOB8000,UCK26-UCM26
9000,30,6.7829,1111,UCK26,B,18-May-2026,16:18:17,0,SGX,XOB8000,XOB8000,UCK26
9000,30,6.7698,1111,UCM26,S,15-Jun-2026,16:18:17,0,SGX,XOB8000,XOB8000,UCM26
9000,35,-0.0131,1111,UCK26-UCM26,B,18-May-2026,16:18:17,-0.0131,SGX,XOB8000,XOB8000,UCK26-UCM26
9000,35,6.7829,1111,UCK26,S,18-May-2026,16:18:17,0,SGX,XOB8000,XOB8000,UCK26
9000,35,6.7698,1111,UCM26,B,15-Jun-2026,16:18:17,0,SGX,XOB8000,XOB8000,UCM26
9000,35,-0.0131,1111,UCK26-UCM26,S,18-May-2026,16:18:17,-0.0131,SGX,XOB8000,XOB8000,UCK26-UCM26
9000,35,6.7829,1111,UCK26,B,18-May-2026,16:18:17,0,SGX,XOB8000,XOB8000,UCK26
9000,35,6.7698,1111,UCM26,S,15-Jun-2026,16:18:17,0,SGX,XOB8000,XOB8000,UCM26
9000,30,-0.0131,1111,UCK26-UCM26,B,18-May-2026,16:18:17,-0.0131,SGX,XOB8000,XOB8000,UCK26-UCM26
9000,30,6.7830,1111,UCK26,S,18-May-2026,16:18:17,0,SGX,XOB8000,XOB8000,UCK26
9000,30,6.7699,1111,UCM26,B,15-Jun-2026,16:18:17,0,SGX,XOB8000,XOB8000,UCM26
9000,30,-0.0131,1111,UCK26-UCM26,S,18-May-2026,16:18:17,-0.0131,SGX,XOB8000,XOB8000,UCK26-UCM26
9000,30,6.7830,1111,UCK26,B,18-May-2026,16:18:17,0,SGX,XOB8000,XOB8000,UCK26
9000,30,6.7699,1111,UCM26,S,15-Jun-2026,16:18:17,0,SGX,XOB8000,XOB8000,UCM26
9000,30,-0.0131,1111,UCK26-UCM26,B,18-May-2026,16:18:17,-0.0131,SGX,XOB8000,XOB8000,UCK26-UCM26
9000,30,6.7699,1111,UCM26,B,15-Jun-2026,16:18:17,0,SGX,XOB8000,XOB8000,UCM26
9000,30,6.7830,1111,UCK26,S,18-May-2026,16:18:17,0,SGX,XOB8000,XOB8000,UCK26
9000,35,-0.0131,1111,UCK26-UCM26,B,18-May-2026,16:18:17,-0.0131,SGX,XOB8000,XOB8000,UCK26-UCM26
9000,35,6.7699,1111,UCM26,B,15-Jun-2026,16:18:17,0,SGX,XOB8000,XOB8000,UCM26
9000,35,6.7830,1111,UCK26,S,18-May-2026,16:18:17,0,SGX,XOB8000,XOB8000,UCK26
9000,10,-0.0131,1111,UCK26-UCM26,S,18-May-2026,16:18:17,-0.0131,SGX,XOB8000,XOB8000,UCK26-UCM26
9000,10,6.7699,1111,UCM26,S,15-Jun-2026,16:18:17,0,SGX,XOB8000,XOB8000,UCM26
9000,10,6.7830,1111,UCK26,B,18-May-2026,16:18:17,0,SGX,XOB8000,XOB8000,UCK26
9000,20,-0.0131,1111,UCK26-UCM26,S,18-May-2026,16:18:18,-0.0131,SGX,XOB8000,XOB8000,UCK26-UCM26
9000,20,6.7699,1111,UCM26,S,15-Jun-2026,16:18:18,0,SGX,XOB8000,XOB8000,UCM26
9000,20,6.7830,1111,UCK26,B,18-May-2026,16:18:18,0,SGX,XOB8000,XOB8000,UCK26
9000,35,-0.0131,1111,UCK26-UCM26,S,18-May-2026,16:18:18,-0.0131,SGX,XOB8000,XOB8000,UCK26-UCM26
9000,35,6.7699,1111,UCM26,S,15-Jun-2026,16:18:18,0,SGX,XOB8000,XOB8000,UCM26
9000,35,6.7830,1111,UCK26,B,18-May-2026,16:18:18,0,SGX,XOB8000,XOB8000,UCK26
9000,30,-0.0131,1111,UCK26-UCM26,B,18-May-2026,16:18:17,-0.0131,SGX,XOB8000,XOB8000,UCK26-UCM26
9000,30,6.7699,1111,UCM26,B,15-Jun-2026,16:18:17,0,SGX,XOB8000,XOB8000,UCM26
9000,30,6.7830,1111,UCK26,S,18-May-2026,16:18:17,0,SGX,XOB8000,XOB8000,UCK26
9000,35,-0.0131,1111,UCK26-UCM26,B,18-May-2026,16:18:17,-0.0131,SGX,XOB8000,XOB8000,UCK26-UCM26
9000,35,6.7699,1111,UCM26,B,15-Jun-2026,16:18:17,0,SGX,XOB8000,XOB8000,UCM26
9000,35,6.7830,1111,UCK26,S,18-May-2026,16:18:17,0,SGX,XOB8000,XOB8000,UCK26
9000,30,-0.0131,1111,UCK26-UCM26,S,18-May-2026,16:18:18,-0.0131,SGX,XOB8000,XOB8000,UCK26-UCM26
9000,30,6.7699,1111,UCM26,S,15-Jun-2026,16:18:18,0,SGX,XOB8000,XOB8000,UCM26
9000,30,6.7830,1111,UCK26,B,18-May-2026,16:18:18,0,SGX,XOB8000,XOB8000,UCK26
9000,35,-0.0131,1111,UCK26-UCM26,S,18-May-2026,16:18:18,-0.0131,SGX,XOB8000,XOB8000,UCK26-UCM26
9000,35,6.7699,1111,UCM26,S,15-Jun-2026,16:18:18,0,SGX,XOB8000,XOB8000,UCM26
9000,35,6.7830,1111,UCK26,B,18-May-2026,16:18:18,0,SGX,XOB8000,XOB8000,UCK26
9000,30,-0.0131,1111,UCK26-UCM26,B,18-May-2026,16:18:18,-0.0131,SGX,XOB8000,XOB8000,UCK26-UCM26
9000,30,6.7699,1111,UCM26,B,15-Jun-2026,16:18:18,0,SGX,XOB8000,XOB8000,UCM26
9000,30,6.7830,1111,UCK26,S,18-May-2026,16:18:18,0,SGX,XOB8000,XOB8000,UCK26
9000,35,-0.0131,1111,UCK26-UCM26,B,18-May-2026,16:18:18,-0.0131,SGX,XOB8000,XOB8000,UCK26-UCM26
9000,35,6.7699,1111,UCM26,B,15-Jun-2026,16:18:18,0,SGX,XOB8000,XOB8000,UCM26
9000,35,6.7830,1111,UCK26,S,18-May-2026,16:18:18,0,SGX,XOB8000,XOB8000,UCK26
9000,30,-0.0131,1111,UCK26-UCM26,S,18-May-2026,16:18:18,-0.0131,SGX,XOB8000,XOB8000,UCK26-UCM26
9000,30,6.7699,1111,UCM26,S,15-Jun-2026,16:18:18,0,SGX,XOB8000,XOB8000,UCM26
9000,30,6.7830,1111,UCK26,B,18-May-2026,16:18:18,0,SGX,XOB8000,XOB8000,UCK26
9000,35,-0.0131,1111,UCK26-UCM26,S,18-May-2026,16:18:18,-0.0131,SGX,XOB8000,XOB8000,UCK26-UCM26
9000,35,6.7699,1111,UCM26,S,15-Jun-2026,16:18:18,0,SGX,XOB8000,XOB8000,UCM26
9000,35,6.7830,1111,UCK26,B,18-May-2026,16:18:18,0,SGX,XOB8000,XOB8000,UCK26
9000,35,-0.0131,1111,UCK26-UCM26,B,18-May-2026,16:18:18,-0.0131,SGX,XOB8000,XOB8000,UCK26-UCM26
9000,35,6.7699,1111,UCM26,B,15-Jun-2026,16:18:18,0,SGX,XOB8000,XOB8000,UCM26
9000,35,6.7830,1111,UCK26,S,18-May-2026,16:18:18,0,SGX,XOB8000,XOB8000,UCK26
9000,30,-0.0131,1111,UCK26-UCM26,B,18-May-2026,16:18:18,-0.0131,SGX,XOB8000,XOB8000,UCK26-UCM26
9000,30,6.7699,1111,UCM26,B,15-Jun-2026,16:18:18,0,SGX,XOB8000,XOB8000,UCM26
9000,30,6.7830,1111,UCK26,S,18-May-2026,16:18:18,0,SGX,XOB8000,XOB8000,UCK26
9000,15,-0.0131,1111,UCK26-UCM26,S,18-May-2026,16:18:18,-0.0131,SGX,XOB8000,XOB8000,UCK26-UCM26
9000,15,6.7699,1111,UCM26,S,15-Jun-2026,16:18:18,0,SGX,XOB8000,XOB8000,UCM26
9000,15,6.7830,1111,UCK26,B,18-May-2026,16:18:18,0,SGX,XOB8000,XOB8000,UCK26
9000,20,-0.0131,1111,UCK26-UCM26,S,18-May-2026,16:18:18,-0.0131,SGX,XOB8000,XOB8000,UCK26-UCM26
9000,20,6.7699,1111,UCM26,S,15-Jun-2026,16:18:18,0,SGX,XOB8000,XOB8000,UCM26
9000,20,6.7830,1111,UCK26,B,18-May-2026,16:18:18,0,SGX,XOB8000,XOB8000,UCK26
9000,30,-0.0131,1111,UCK26-UCM26,S,18-May-2026,16:18:18,-0.0131,SGX,XOB8000,XOB8000,UCK26-UCM26
9000,30,6.7699,1111,UCM26,S,15-Jun-2026,16:18:18,0,SGX,XOB8000,XOB8000,UCM26
9000,30,6.7830,1111,UCK26,B,18-May-2026,16:18:18,0,SGX,XOB8000,XOB8000,UCK26
9000,200,-0.0131,1111,UCK26-UCM26,B,18-May-2026,16:18:19,-0.0131,SGX,XOB8000,XOB8000,UCK26-UCM26
9000,200,6.7699,1111,UCM26,B,15-Jun-2026,16:18:19,0,SGX,XOB8000,XOB8000,UCM26
9000,200,6.7830,1111,UCK26,S,18-May-2026,16:18:19,0,SGX,XOB8000,XOB8000,UCK26
9000,200,-0.0131,1111,UCK26-UCM26,B,18-May-2026,16:18:19,-0.0131,SGX,XOB8000,XOB8000,UCK26-UCM26
9000,200,6.7699,1111,UCM26,B,15-Jun-2026,16:18:19,0,SGX,XOB8000,XOB8000,UCM26
9000,200,6.7830,1111,UCK26,S,18-May-2026,16:18:19,0,SGX,XOB8000,XOB8000,UCK26
9000,100,-0.0131,1111,UCK26-UCM26,B,18-May-2026,16:18:19,-0.0131,SGX,XOB8000,XOB8000,UCK26-UCM26
9000,100,6.7830,1111,UCK26,S,18-May-2026,16:18:19,0,SGX,XOB8000,XOB8000,UCK26
9000,100,6.7699,1111,UCM26,B,15-Jun-2026,16:18:19,0,SGX,XOB8000,XOB8000,UCM26
9000,30,-0.0131,1111,UCK26-UCM26,B,18-May-2026,16:18:19,-0.0131,SGX,XOB8000,XOB8000,UCK26-UCM26
9000,30,6.7830,1111,UCK26,S,18-May-2026,16:18:19,0,SGX,XOB8000,XOB8000,UCK26
9000,30,6.7699,1111,UCM26,B,15-Jun-2026,16:18:19,0,SGX,XOB8000,XOB8000,UCM26
9000,35,-0.0131,1111,UCK26-UCM26,B,18-May-2026,16:18:19,-0.0131,SGX,XOB8000,XOB8000,UCK26-UCM26
9000,35,6.7830,1111,UCK26,S,18-May-2026,16:18:19,0,SGX,XOB8000,XOB8000,UCK26
9000,35,6.7699,1111,UCM26,B,15-Jun-2026,16:18:19,0,SGX,XOB8000,XOB8000,UCM26
9000,30,-0.0131,1111,UCK26-UCM26,S,18-May-2026,16:18:20,-0.0131,SGX,XOB8000,XOB8000,UCK26-UCM26
9000,30,6.7830,1111,UCK26,B,18-May-2026,16:18:20,0,SGX,XOB8000,XOB8000,UCK26
9000,30,6.7699,1111,UCM26,S,15-Jun-2026,16:18:20,0,SGX,XOB8000,XOB8000,UCM26
9000,35,-0.0131,1111,UCK26-UCM26,S,18-May-2026,16:18:20,-0.0131,SGX,XOB8000,XOB8000,UCK26-UCM26
9000,35,6.7830,1111,UCK26,B,18-May-2026,16:18:20,0,SGX,XOB8000,XOB8000,UCK26
9000,35,6.7699,1111,UCM26,S,15-Jun-2026,16:18:20,0,SGX,XOB8000,XOB8000,UCM26
9000,35,-0.0131,1111,UCK26-UCM26,B,18-May-2026,16:18:20,-0.0131,SGX,XOB8000,XOB8000,UCK26-UCM26
9000,35,6.7830,1111,UCK26,S,18-May-2026,16:18:20,0,SGX,XOB8000,XOB8000,UCK26
9000,35,6.7699,1111,UCM26,B,15-Jun-2026,16:18:20,0,SGX,XOB8000,XOB8000,UCM26
9000,30,-0.0131,1111,UCK26-UCM26,B,18-May-2026,16:18:20,-0.0131,SGX,XOB8000,XOB8000,UCK26-UCM26
9000,30,6.7830,1111,UCK26,S,18-May-2026,16:18:20,0,SGX,XOB8000,XOB8000,UCK26
9000,30,6.7699,1111,UCM26,B,15-Jun-2026,16:18:20,0,SGX,XOB8000,XOB8000,UCM26
9000,35,-0.0131,1111,UCK26-UCM26,S,18-May-2026,16:18:20,-0.0131,SGX,XOB8000,XOB8000,UCK26-UCM26
9000,35,6.7830,1111,UCK26,B,18-May-2026,16:18:20,0,SGX,XOB8000,XOB8000,UCK26
9000,35,6.7699,1111,UCM26,S,15-Jun-2026,16:18:20,0,SGX,XOB8000,XOB8000,UCM26
9000,30,-0.0131,1111,UCK26-UCM26,S,18-May-2026,16:18:20,-0.0131,SGX,XOB8000,XOB8000,UCK26-UCM26
9000,30,6.7830,1111,UCK26,B,18-May-2026,16:18:20,0,SGX,XOB8000,XOB8000,UCK26
9000,30,6.7699,1111,UCM26,S,15-Jun-2026,16:18:20,0,SGX,XOB8000,XOB8000,UCM26
9000,35,-0.0131,1111,UCK26-UCM26,B,18-May-2026,16:18:20,-0.0131,SGX,XOB8000,XOB8000,UCK26-UCM26
9000,35,6.7830,1111,UCK26,S,18-May-2026,16:18:20,0,SGX,XOB8000,XOB8000,UCK26
9000,35,6.7699,1111,UCM26,B,15-Jun-2026,16:18:20,0,SGX,XOB8000,XOB8000,UCM26
9000,30,-0.0131,1111,UCK26-UCM26,B,18-May-2026,16:18:20,-0.0131,SGX,XOB8000,XOB8000,UCK26-UCM26
9000,30,6.7830,1111,UCK26,S,18-May-2026,16:18:20,0,SGX,XOB8000,XOB8000,UCK26
9000,30,6.7699,1111,UCM26,B,15-Jun-2026,16:18:20,0,SGX,XOB8000,XOB8000,UCM26
9000,20,-0.0131,1111,UCK26-UCM26,S,18-May-2026,16:18:20,-0.0131,SGX,XOB8000,XOB8000,UCK26-UCM26
9000,20,6.7830,1111,UCK26,B,18-May-2026,16:18:20,0,SGX,XOB8000,XOB8000,UCK26
9000,20,6.7699,1111,UCM26,S,15-Jun-2026,16:18:20,0,SGX,XOB8000,XOB8000,UCM26
9000,15,-0.0131,1111,UCK26-UCM26,S,18-May-2026,16:18:20,-0.0131,SGX,XOB8000,XOB8000,UCK26-UCM26
9000,15,6.7830,1111,UCK26,B,18-May-2026,16:18:20,0,SGX,XOB8000,XOB8000,UCK26
9000,15,6.7699,1111,UCM26,S,15-Jun-2026,16:18:20,0,SGX,XOB8000,XOB8000,UCM26
9000,30,-0.0131,1111,UCK26-UCM26,S,18-May-2026,16:18:20,-0.0131,SGX,XOB8000,XOB8000,UCK26-UCM26
9000,30,6.7830,1111,UCK26,B,18-May-2026,16:18:20,0,SGX,XOB8000,XOB8000,UCK26
9000,30,6.7699,1111,UCM26,S,15-Jun-2026,16:18:20,0,SGX,XOB8000,XOB8000,UCM26
9000,100,-0.0131,1111,UCK26-UCM26,S,18-May-2026,16:18:25,-0.0131,SGX,XOB8000,XOB8000,UCK26-UCM26
9000,100,6.7829,1111,UCK26,B,18-May-2026,16:18:25,0,SGX,XOB8000,XOB8000,UCK26
9000,100,6.7698,1111,UCM26,S,15-Jun-2026,16:18:25,0,SGX,XOB8000,XOB8000,UCM26
9000,55,-0.0131,1111,UCK26-UCM26,S,18-May-2026,16:18:27,-0.0131,SGX,XOB8000,XOB8000,UCK26-UCM26
9000,55,6.7699,1111,UCM26,S,15-Jun-2026,16:18:27,0,SGX,XOB8000,XOB8000,UCM26
9000,55,6.7830,1111,UCK26,B,18-May-2026,16:18:27,0,SGX,XOB8000,XOB8000,UCK26
9000,15,-0.0131,1111,UCK26-UCM26,S,18-May-2026,16:18:28,-0.0131,SGX,XOB8000,XOB8000,UCK26-UCM26
9000,15,6.7699,1111,UCM26,S,15-Jun-2026,16:18:28,0,SGX,XOB8000,XOB8000,UCM26
9000,15,6.7830,1111,UCK26,B,18-May-2026,16:18:28,0,SGX,XOB8000,XOB8000,UCK26
9000,30,-0.0131,1111,UCK26-UCM26,S,18-May-2026,16:18:28,-0.0131,SGX,XOB8000,XOB8000,UCK26-UCM26
9000,30,6.7699,1111,UCM26,S,15-Jun-2026,16:18:28,0,SGX,XOB8000,XOB8000,UCM26
9000,30,6.7830,1111,UCK26,B,18-May-2026,16:18:28,0,SGX,XOB8000,XOB8000,UCK26
9000,100,-0.0131,1111,UCK26-UCM26,S,18-May-2026,16:18:28,-0.0131,SGX,XOB8000,XOB8000,UCK26-UCM26
9000,100,6.7699,1111,UCM26,S,15-Jun-2026,16:18:28,0,SGX,XOB8000,XOB8000,UCM26
9000,100,6.7830,1111,UCK26,B,18-May-2026,16:18:28,0,SGX,XOB8000,XOB8000,UCK26
9000,34,-0.0131,1111,UCK26-UCM26,B,18-May-2026,16:20:07,-0.0131,SGX,XOB8000,XOB8000,UCK26-UCM26
9000,34,6.7698,1111,UCM26,B,15-Jun-2026,16:20:07,0,SGX,XOB8000,XOB8000,UCM26
9000,34,6.7829,1111,UCK26,S,18-May-2026,16:20:07,0,SGX,XOB8000,XOB8000,UCK26
9812,5,104.010,1111,IUM26,S,25-Jun-2026,16:23:46,104.01,SGX,XOF8012,XOF8012,IUM26
9812,5,104.02,1111,DINR,B,25-Jun-2026,16:23:46,104.02,DGCX,S-XOF8012,S-XOF8012,DINR-20260626
9000,55,-0.0131,1111,UCK26-UCM26,S,18-May-2026,16:27:03,-0.0131,SGX,XOB8000,XOB8000,UCK26-UCM26
9000,55,6.7698,1111,UCM26,S,15-Jun-2026,16:27:03,0,SGX,XOB8000,XOB8000,UCM26
9000,55,6.7829,1111,UCK26,B,18-May-2026,16:27:03,0,SGX,XOB8000,XOB8000,UCK26
9000,79,-0.0131,1111,UCK26-UCM26,S,18-May-2026,16:27:03,-0.0131,SGX,XOB8000,XOB8000,UCK26-UCM26
9000,79,6.7698,1111,UCM26,S,15-Jun-2026,16:27:03,0,SGX,XOB8000,XOB8000,UCM26
9000,79,6.7829,1111,UCK26,B,18-May-2026,16:27:03,0,SGX,XOB8000,XOB8000,UCK26
9000,2,-0.0131,1111,UCK26-UCM26,S,18-May-2026,16:28:01,-0.0131,SGX,XOB8000,XOB8000,UCK26-UCM26
9000,2,6.7827,1111,UCK26,B,18-May-2026,16:28:01,0,SGX,XOB8000,XOB8000,UCK26
9000,2,6.7696,1111,UCM26,S,15-Jun-2026,16:28:01,0,SGX,XOB8000,XOB8000,UCM26
9000,3,-0.0131,1111,UCK26-UCM26,S,18-May-2026,16:28:04,-0.0131,SGX,XOB8000,XOB8000,UCK26-UCM26
9000,3,6.7825,1111,UCK26,B,18-May-2026,16:28:04,0,SGX,XOB8000,XOB8000,UCK26
9000,3,6.7694,1111,UCM26,S,15-Jun-2026,16:28:04,0,SGX,XOB8000,XOB8000,UCM26
9000,2,-0.0131,1111,UCK26-UCM26,S,18-May-2026,16:28:04,-0.0131,SGX,XOB8000,XOB8000,UCK26-UCM26
9000,2,6.7825,1111,UCK26,B,18-May-2026,16:28:04,0,SGX,XOB8000,XOB8000,UCK26
9000,2,6.7694,1111,UCM26,S,15-Jun-2026,16:28:04,0,SGX,XOB8000,XOB8000,UCM26
9000,6,-0.0131,1111,UCK26-UCM26,S,18-May-2026,16:28:17,-0.0131,SGX,XOB8000,XOB8000,UCK26-UCM26
9000,6,6.7824,1111,UCK26,B,18-May-2026,16:28:17,0,SGX,XOB8000,XOB8000,UCK26
9000,6,6.7693,1111,UCM26,S,15-Jun-2026,16:28:17,0,SGX,XOB8000,XOB8000,UCM26
9000,1,-0.0131,1111,UCK26-UCM26,S,18-May-2026,16:28:17,-0.0131,SGX,XOB8000,XOB8000,UCK26-UCM26
9000,1,6.7824,1111,UCK26,B,18-May-2026,16:28:17,0,SGX,XOB8000,XOB8000,UCK26
9000,1,6.7693,1111,UCM26,S,15-Jun-2026,16:28:17,0,SGX,XOB8000,XOB8000,UCM26
9818,5,104.37,1111,DINR,B,26-May-2026,16:33:04,104.37,DGCX,S-XOF8018,S-XOF8018,DINR-20260527
9818,2,104.37,1111,DINR,B,26-May-2026,16:33:04,104.37,DGCX,S-XOF8018,S-XOF8018,DINR-20260527
9818,5,104.370,1111,IUK26,S,26-May-2026,16:33:04,104.38,SGX,XOF8018,XOF8018,IUK26
9818,2,104.370,1111,IUK26,S,26-May-2026,16:33:04,104.38,SGX,XOF8018,XOF8018,IUK26
9812,5,104.380,1111,IUK26,S,26-May-2026,16:33:05,104.38,SGX,XOF8012,XOF8012,IUK26
9812,5,104.38,1111,DINR,B,26-May-2026,16:33:05,104.38,DGCX,S-XOF8012,S-XOF8012,DINR-20260527
9818,3,104.37,1111,DINR,B,26-May-2026,16:33:18,104.37,DGCX,S-XOF8018,S-XOF8018,DINR-20260527
9818,5,104.37,1111,DINR,B,26-May-2026,16:33:18,104.37,DGCX,S-XOF8018,S-XOF8018,DINR-20260527
9819,5,104.37,1111,DINR,B,26-May-2026,16:33:18,104.37,DGCX,S-XOF8019,S-XOF8019,DINR-20260527
9818,3,104.370,1111,IUK26,S,26-May-2026,16:33:18,104.38,SGX,XOF8018,XOF8018,IUK26
9819,5,104.37,1111,DINR,B,26-May-2026,16:33:18,104.37,DGCX,S-XOF8019,S-XOF8019,DINR-20260527
9818,5,104.370,1111,IUK26,S,26-May-2026,16:33:18,104.38,SGX,XOF8018,XOF8018,IUK26
9819,5,104.370,1111,IUK26,S,26-May-2026,16:33:18,104.38,SGX,XOF8019,XOF8019,IUK26
9819,5,104.37,1111,DINR,B,26-May-2026,16:33:18,104.37,DGCX,S-XOF8019,S-XOF8019,DINR-20260527
9817,2,104.37,1111,DINR,B,26-May-2026,16:33:18,104.37,DGCX,S-XOF8017,S-XOF8017,DINR-20260527
9817,1,104.370,1111,IUK26,S,26-May-2026,16:33:18,104.38,SGX,XOF8017,XOF8017,IUK26
9817,1,104.370,1111,IUK26,S,26-May-2026,16:33:18,104.38,SGX,XOF8017,XOF8017,IUK26
9817,2,104.37,1111,DINR,B,26-May-2026,16:33:18,104.37,DGCX,S-XOF8017,S-XOF8017,DINR-20260527
9819,1,104.370,1111,IUK26,S,26-May-2026,16:33:18,104.38,SGX,XOF8019,XOF8019,IUK26
9819,1,104.370,1111,IUK26,S,26-May-2026,16:33:18,104.38,SGX,XOF8019,XOF8019,IUK26
9819,1,104.370,1111,IUK26,S,26-May-2026,16:33:18,104.38,SGX,XOF8019,XOF8019,IUK26
9819,1,104.370,1111,IUK26,S,26-May-2026,16:33:18,104.38,SGX,XOF8019,XOF8019,IUK26
9819,5,104.37,1111,DINR,B,26-May-2026,16:33:18,104.37,DGCX,S-XOF8019,S-XOF8019,DINR-20260527
9819,1,104.370,1111,IUK26,S,26-May-2026,16:33:18,104.38,SGX,XOF8019,XOF8019,IUK26
9819,1,104.370,1111,IUK26,S,26-May-2026,16:33:18,104.38,SGX,XOF8019,XOF8019,IUK26
9819,1,104.370,1111,IUK26,S,26-May-2026,16:33:18,104.38,SGX,XOF8019,XOF8019,IUK26
9819,1,104.370,1111,IUK26,S,26-May-2026,16:33:18,104.38,SGX,XOF8019,XOF8019,IUK26
9819,2,104.370,1111,IUK26,S,26-May-2026,16:33:18,104.38,SGX,XOF8019,XOF8019,IUK26
9817,2,104.370,1111,IUK26,S,26-May-2026,16:33:18,104.38,SGX,XOF8017,XOF8017,IUK26
9819,5,104.370,1111,IUK26,S,26-May-2026,16:33:18,104.38,SGX,XOF8019,XOF8019,IUK26
9818,5,104.37,1111,DINR,B,26-May-2026,16:33:29,104.37,DGCX,S-XOF8018,S-XOF8018,DINR-20260527
9818,5,104.370,1111,IUK26,S,26-May-2026,16:33:29,104.37,SGX,XOF8018,XOF8018,IUK26
9817,2,104.37,1111,DINR,B,26-May-2026,16:33:29,104.37,DGCX,S-XOF8017,S-XOF8017,DINR-20260527
9817,2,104.37,1111,DINR,B,26-May-2026,16:33:29,104.37,DGCX,S-XOF8017,S-XOF8017,DINR-20260527
9819,5,104.37,1111,DINR,B,26-May-2026,16:33:29,104.37,DGCX,S-XOF8019,S-XOF8019,DINR-20260527
9817,2,104.370,1111,IUK26,S,26-May-2026,16:33:29,104.37,SGX,XOF8017,XOF8017,IUK26
9817,3,104.37,1111,DINR,B,26-May-2026,16:33:29,104.37,DGCX,S-XOF8017,S-XOF8017,DINR-20260527
9819,5,104.37,1111,DINR,B,26-May-2026,16:33:29,104.37,DGCX,S-XOF8019,S-XOF8019,DINR-20260527
9817,2,104.370,1111,IUK26,S,26-May-2026,16:33:29,104.37,SGX,XOF8017,XOF8017,IUK26
9819,5,104.370,1111,IUK26,S,26-May-2026,16:33:29,104.37,SGX,XOF8019,XOF8019,IUK26
9817,3,104.370,1111,IUK26,S,26-May-2026,16:33:29,104.37,SGX,XOF8017,XOF8017,IUK26
9819,5,104.370,1111,IUK26,S,26-May-2026,16:33:29,104.37,SGX,XOF8019,XOF8019,IUK26
9819,5,104.37,1111,DINR,B,26-May-2026,16:33:29,104.37,DGCX,S-XOF8019,S-XOF8019,DINR-20260527
9817,2,104.37,1111,DINR,B,26-May-2026,16:33:29,104.37,DGCX,S-XOF8017,S-XOF8017,DINR-20260527
9819,5,104.370,1111,IUK26,S,26-May-2026,16:33:29,104.37,SGX,XOF8019,XOF8019,IUK26
9819,5,104.37,1111,DINR,B,26-May-2026,16:33:29,104.37,DGCX,S-XOF8019,S-XOF8019,DINR-20260527
9817,2,104.370,1111,IUK26,S,26-May-2026,16:33:29,104.37,SGX,XOF8017,XOF8017,IUK26
9819,5,104.370,1111,IUK26,S,26-May-2026,16:33:29,104.37,SGX,XOF8019,XOF8019,IUK26
9818,5,104.37,1111,DINR,B,26-May-2026,16:33:29,104.37,DGCX,S-XOF8018,S-XOF8018,DINR-20260527
9818,5,104.37,1111,DINR,B,26-May-2026,16:33:29,104.37,DGCX,S-XOF8018,S-XOF8018,DINR-20260527
9818,5,104.370,1111,IUK26,S,26-May-2026,16:33:29,104.37,SGX,XOF8018,XOF8018,IUK26
9818,5,104.370,1111,IUK26,S,26-May-2026,16:33:29,104.37,SGX,XOF8018,XOF8018,IUK26
9818,1,104.39,1111,DINR,B,26-May-2026,16:41:51,104.39,DGCX,S-XOF8018,S-XOF8018,DINR-20260527
9818,1,104.390,1111,IUK26,S,26-May-2026,16:41:51,104.39,SGX,XOF8018,XOF8018,IUK26
9818,4,104.39,1111,DINR,B,26-May-2026,16:42:15,104.39,DGCX,S-XOF8018,S-XOF8018,DINR-20260527
9818,4,104.390,1111,IUK26,S,26-May-2026,16:42:16,104.39,SGX,XOF8018,XOF8018,IUK26
9818,5,104.39,1111,DINR,B,26-May-2026,16:42:15,104.39,DGCX,S-XOF8018,S-XOF8018,DINR-20260527
9818,5,104.390,1111,IUK26,S,26-May-2026,16:42:16,104.39,SGX,XOF8018,XOF8018,IUK26
9818,1,104.39,1111,DINR,B,26-May-2026,16:42:15,104.39,DGCX,S-XOF8018,S-XOF8018,DINR-20260527
9818,1,104.390,1111,IUK26,S,26-May-2026,16:42:16,104.39,SGX,XOF8018,XOF8018,IUK26
9818,5,104.41,1111,DINR,B,26-May-2026,16:51:06,104.41,DGCX,S-XOF8018,S-XOF8018,DINR-20260527
9818,5,104.41,1111,DINR,B,26-May-2026,16:51:06,104.41,DGCX,S-XOF8018,S-XOF8018,DINR-20260527
9818,5,104.41,1111,DINR,B,26-May-2026,16:51:06,104.41,DGCX,S-XOF8018,S-XOF8018,DINR-20260527
9817,3,104.41,1111,DINR,B,26-May-2026,16:51:06,104.41,DGCX,S-XOF8017,S-XOF8017,DINR-20260527
9818,5,104.410,1111,IUK26,S,26-May-2026,16:51:06,104.42,SGX,XOF8018,XOF8018,IUK26
9818,5,104.410,1111,IUK26,S,26-May-2026,16:51:06,104.42,SGX,XOF8018,XOF8018,IUK26
9817,2,104.41,1111,DINR,B,26-May-2026,16:51:06,104.41,DGCX,S-XOF8017,S-XOF8017,DINR-20260527
9818,5,104.410,1111,IUK26,S,26-May-2026,16:51:06,104.42,SGX,XOF8018,XOF8018,IUK26
9817,3,104.410,1111,IUK26,S,26-May-2026,16:51:06,104.42,SGX,XOF8017,XOF8017,IUK26
9817,2,104.410,1111,IUK26,S,26-May-2026,16:51:06,104.42,SGX,XOF8017,XOF8017,IUK26
9000,90,-0.0131,1111,UCK26-UCM26,S,18-May-2026,17:00:06,-0.0131,SGX,XOB8000,XOB8000,UCK26-UCM26
9000,90,6.7699,1111,UCM26,S,15-Jun-2026,17:00:06,0,SGX,XOB8000,XOB8000,UCM26
9000,90,6.7830,1111,UCK26,B,18-May-2026,17:00:06,0,SGX,XOB8000,XOB8000,UCK26
9816,16,104.400,1111,IUK26,B,26-May-2026,17:20:00,104.4,SGX,XOF8016,XOF8016,IUK26
9816,2,104.400,1111,IUK26,B,26-May-2026,17:20:00,104.4,SGX,XOF8016,XOF8016,IUK26
9816,1,104.400,1111,IUK26,B,26-May-2026,17:20:00,104.4,SGX,XOF8016,XOF8016,IUK26
9816,2,104.400,1111,IUK26,B,26-May-2026,17:20:00,104.4,SGX,XOF8016,XOF8016,IUK26
9816,5,104.400,1111,IUK26,B,26-May-2026,17:20:00,104.4,SGX,XOF8016,XOF8016,IUK26
9816,3,104.400,1111,IUK26,B,26-May-2026,17:20:00,104.4,SGX,XOF8016,XOF8016,IUK26
9816,1,104.400,1111,IUK26,B,26-May-2026,17:20:00,104.4,SGX,XOF8016,XOF8016,IUK26
9816,14,104.410,1111,IUK26,S,26-May-2026,17:20:06,104.4,SGX,XOF8016,XOF8016,IUK26
9816,16,104.410,1111,IUK26,S,26-May-2026,17:20:06,104.4,SGX,XOF8016,XOF8016,IUK26
9819,8,-0.370,1111,IUK26-IUM26,B,26-May-2026,17:23:39,-0.37,SGX,XOF8019,XOF8019,IUK26-IUM26
9819,8,104.410,1111,IUK26,S,26-May-2026,17:23:39,104.4,SGX,XOF8019,XOF8019,IUK26
9819,8,104.040,1111,IUM26,B,25-Jun-2026,17:23:39,104.04,SGX,XOF8019,XOF8019,IUM26
9819,10,-0.370,1111,IUK26-IUM26,B,26-May-2026,17:23:50,-0.37,SGX,XOF8019,XOF8019,IUK26-IUM26
9819,10,104.410,1111,IUK26,S,26-May-2026,17:23:50,104.41,SGX,XOF8019,XOF8019,IUK26
9819,10,104.040,1111,IUM26,B,25-Jun-2026,17:23:50,104.04,SGX,XOF8019,XOF8019,IUM26
9819,4,-0.370,1111,IUK26-IUM26,B,26-May-2026,17:25:35,-0.37,SGX,XOF8019,XOF8019,IUK26-IUM26
9819,4,104.410,1111,IUK26,S,26-May-2026,17:25:35,104.41,SGX,XOF8019,XOF8019,IUK26
9819,4,104.040,1111,IUM26,B,25-Jun-2026,17:25:35,104.04,SGX,XOF8019,XOF8019,IUM26
9819,11,-0.370,1111,IUK26-IUM26,B,26-May-2026,17:26:18,-0.37,SGX,XOF8019,XOF8019,IUK26-IUM26
9819,11,104.410,1111,IUK26,S,26-May-2026,17:26:18,104.41,SGX,XOF8019,XOF8019,IUK26
9819,11,104.040,1111,IUM26,B,25-Jun-2026,17:26:18,104.04,SGX,XOF8019,XOF8019,IUM26
9000,2,-0.0131,1111,UCK26-UCM26,S,18-May-2026,17:26:54,-0.0131,SGX,XOB8000,XOB8000,UCK26-UCM26
9000,2,6.7827,1111,UCK26,B,18-May-2026,17:26:54,0,SGX,XOB8000,XOB8000,UCK26
9000,2,6.7696,1111,UCM26,S,15-Jun-2026,17:26:54,0,SGX,XOB8000,XOB8000,UCM26
9000,1,-0.0131,1111,UCK26-UCM26,S,18-May-2026,17:27:00,-0.0131,SGX,XOB8000,XOB8000,UCK26-UCM26
9000,1,6.7828,1111,UCK26,B,18-May-2026,17:27:00,0,SGX,XOB8000,XOB8000,UCK26
9000,1,6.7697,1111,UCM26,S,15-Jun-2026,17:27:00,0,SGX,XOB8000,XOB8000,UCM26
9000,1,-0.0131,1111,UCK26-UCM26,S,18-May-2026,17:27:45,-0.0131,SGX,XOB8000,XOB8000,UCK26-UCM26
9000,1,6.7829,1111,UCK26,B,18-May-2026,17:27:45,0,SGX,XOB8000,XOB8000,UCK26
9000,1,6.7698,1111,UCM26,S,15-Jun-2026,17:27:45,0,SGX,XOB8000,XOB8000,UCM26
9000,1,-0.0131,1111,UCK26-UCM26,S,18-May-2026,17:27:48,-0.0131,SGX,XOB8000,XOB8000,UCK26-UCM26
9000,1,6.7829,1111,UCK26,B,18-May-2026,17:27:48,0,SGX,XOB8000,XOB8000,UCK26
9000,1,6.7698,1111,UCM26,S,15-Jun-2026,17:27:48,0,SGX,XOB8000,XOB8000,UCM26
9000,2,-0.0131,1111,UCK26-UCM26,S,18-May-2026,17:28:00,-0.0131,SGX,XOB8000,XOB8000,UCK26-UCM26
9000,2,6.7827,1111,UCK26,B,18-May-2026,17:28:00,0,SGX,XOB8000,XOB8000,UCK26
9000,2,6.7696,1111,UCM26,S,15-Jun-2026,17:28:00,0,SGX,XOB8000,XOB8000,UCM26
9000,6,-0.0131,1111,UCK26-UCM26,S,18-May-2026,17:28:00,-0.0131,SGX,XOB8000,XOB8000,UCK26-UCM26
9000,6,6.7827,1111,UCK26,B,18-May-2026,17:28:00,0,SGX,XOB8000,XOB8000,UCK26
9000,6,6.7696,1111,UCM26,S,15-Jun-2026,17:28:00,0,SGX,XOB8000,XOB8000,UCM26
9000,2,-0.0131,1111,UCK26-UCM26,S,18-May-2026,17:28:00,-0.0131,SGX,XOB8000,XOB8000,UCK26-UCM26
9000,2,6.7827,1111,UCK26,B,18-May-2026,17:28:00,0,SGX,XOB8000,XOB8000,UCK26
9000,2,6.7696,1111,UCM26,S,15-Jun-2026,17:28:00,0,SGX,XOB8000,XOB8000,UCM26
9000,1,-0.0131,1111,UCK26-UCM26,S,18-May-2026,17:28:10,-0.0131,SGX,XOB8000,XOB8000,UCK26-UCM26
9000,1,6.7827,1111,UCK26,B,18-May-2026,17:28:10,0,SGX,XOB8000,XOB8000,UCK26
9000,1,6.7696,1111,UCM26,S,15-Jun-2026,17:28:10,0,SGX,XOB8000,XOB8000,UCM26
9000,1,-0.0131,1111,UCK26-UCM26,S,18-May-2026,17:28:10,-0.0131,SGX,XOB8000,XOB8000,UCK26-UCM26
9000,1,6.7827,1111,UCK26,B,18-May-2026,17:28:10,0,SGX,XOB8000,XOB8000,UCK26
9000,1,6.7696,1111,UCM26,S,15-Jun-2026,17:28:10,0,SGX,XOB8000,XOB8000,UCM26
9000,3,-0.0131,1111,UCK26-UCM26,S,18-May-2026,17:28:10,-0.0131,SGX,XOB8000,XOB8000,UCK26-UCM26
9000,3,6.7827,1111,UCK26,B,18-May-2026,17:28:10,0,SGX,XOB8000,XOB8000,UCK26
9000,3,6.7696,1111,UCM26,S,15-Jun-2026,17:28:10,0,SGX,XOB8000,XOB8000,UCM26
9000,1,-0.0131,1111,UCK26-UCM26,S,18-May-2026,17:28:10,-0.0131,SGX,XOB8000,XOB8000,UCK26-UCM26
9000,1,6.7827,1111,UCK26,B,18-May-2026,17:28:10,0,SGX,XOB8000,XOB8000,UCK26
9000,1,6.7696,1111,UCM26,S,15-Jun-2026,17:28:10,0,SGX,XOB8000,XOB8000,UCM26
9000,3,-0.0131,1111,UCK26-UCM26,S,18-May-2026,17:28:37,-0.0131,SGX,XOB8000,XOB8000,UCK26-UCM26
9000,3,6.7827,1111,UCK26,B,18-May-2026,17:28:37,0,SGX,XOB8000,XOB8000,UCK26
9000,3,6.7696,1111,UCM26,S,15-Jun-2026,17:28:37,0,SGX,XOB8000,XOB8000,UCM26
9000,5,-0.0131,1111,UCK26-UCM26,S,18-May-2026,17:28:41,-0.0131,SGX,XOB8000,XOB8000,UCK26-UCM26
9000,5,6.7827,1111,UCK26,B,18-May-2026,17:28:41,0,SGX,XOB8000,XOB8000,UCK26
9000,5,6.7696,1111,UCM26,S,15-Jun-2026,17:28:41,0,SGX,XOB8000,XOB8000,UCM26
9000,1,-0.0131,1111,UCK26-UCM26,S,18-May-2026,17:28:44,-0.0131,SGX,XOB8000,XOB8000,UCK26-UCM26
9000,1,6.7827,1111,UCK26,B,18-May-2026,17:28:44,0,SGX,XOB8000,XOB8000,UCK26
9000,1,6.7696,1111,UCM26,S,15-Jun-2026,17:28:44,0,SGX,XOB8000,XOB8000,UCM26
9000,2,-0.0131,1111,UCK26-UCM26,S,18-May-2026,17:28:44,-0.0131,SGX,XOB8000,XOB8000,UCK26-UCM26
9000,2,6.7827,1111,UCK26,B,18-May-2026,17:28:44,0,SGX,XOB8000,XOB8000,UCK26
9000,2,6.7696,1111,UCM26,S,15-Jun-2026,17:28:44,0,SGX,XOB8000,XOB8000,UCM26
9000,7,-0.0131,1111,UCK26-UCM26,S,18-May-2026,17:28:44,-0.0131,SGX,XOB8000,XOB8000,UCK26-UCM26
9000,7,6.7827,1111,UCK26,B,18-May-2026,17:28:44,0,SGX,XOB8000,XOB8000,UCK26
9000,7,6.7696,1111,UCM26,S,15-Jun-2026,17:28:44,0,SGX,XOB8000,XOB8000,UCM26
9000,2,-0.0131,1111,UCK26-UCM26,S,18-May-2026,17:28:44,-0.0131,SGX,XOB8000,XOB8000,UCK26-UCM26
9000,2,6.7827,1111,UCK26,B,18-May-2026,17:28:44,0,SGX,XOB8000,XOB8000,UCK26
9000,2,6.7696,1111,UCM26,S,15-Jun-2026,17:28:44,0,SGX,XOB8000,XOB8000,UCM26
9000,1,-0.0131,1111,UCK26-UCM26,S,18-May-2026,17:28:54,-0.0131,SGX,XOB8000,XOB8000,UCK26-UCM26
9000,1,6.7827,1111,UCK26,B,18-May-2026,17:28:54,0,SGX,XOB8000,XOB8000,UCK26
9000,1,6.7696,1111,UCM26,S,15-Jun-2026,17:28:54,0,SGX,XOB8000,XOB8000,UCM26
9000,1,-0.0131,1111,UCK26-UCM26,S,18-May-2026,17:28:54,-0.0131,SGX,XOB8000,XOB8000,UCK26-UCM26
9000,1,6.7827,1111,UCK26,B,18-May-2026,17:28:54,0,SGX,XOB8000,XOB8000,UCK26
9000,1,6.7696,1111,UCM26,S,15-Jun-2026,17:28:54,0,SGX,XOB8000,XOB8000,UCM26
9000,2,-0.0131,1111,UCK26-UCM26,S,18-May-2026,17:29:06,-0.0131,SGX,XOB8000,XOB8000,UCK26-UCM26
9000,2,6.7827,1111,UCK26,B,18-May-2026,17:29:06,0,SGX,XOB8000,XOB8000,UCK26
9000,2,6.7696,1111,UCM26,S,15-Jun-2026,17:29:06,0,SGX,XOB8000,XOB8000,UCM26
9000,1,-0.0131,1111,UCK26-UCM26,S,18-May-2026,17:29:08,-0.0131,SGX,XOB8000,XOB8000,UCK26-UCM26
9000,1,6.7827,1111,UCK26,B,18-May-2026,17:29:08,0,SGX,XOB8000,XOB8000,UCK26
9000,1,6.7696,1111,UCM26,S,15-Jun-2026,17:29:08,0,SGX,XOB8000,XOB8000,UCM26
9000,9,-0.0131,1111,UCK26-UCM26,S,18-May-2026,17:29:15,-0.0131,SGX,XOB8000,XOB8000,UCK26-UCM26
9000,9,6.7828,1111,UCK26,B,18-May-2026,17:29:15,0,SGX,XOB8000,XOB8000,UCK26
9000,9,6.7697,1111,UCM26,S,15-Jun-2026,17:29:15,0,SGX,XOB8000,XOB8000,UCM26
9000,1,-0.0131,1111,UCK26-UCM26,S,18-May-2026,17:29:15,-0.0131,SGX,XOB8000,XOB8000,UCK26-UCM26
9000,1,6.7828,1111,UCK26,B,18-May-2026,17:29:15,0,SGX,XOB8000,XOB8000,UCK26
9000,1,6.7697,1111,UCM26,S,15-Jun-2026,17:29:15,0,SGX,XOB8000,XOB8000,UCM26
9000,6,-0.0131,1111,UCK26-UCM26,S,18-May-2026,17:29:20,-0.0131,SGX,XOB8000,XOB8000,UCK26-UCM26
9000,6,6.7829,1111,UCK26,B,18-May-2026,17:29:20,0,SGX,XOB8000,XOB8000,UCK26
9000,6,6.7698,1111,UCM26,S,15-Jun-2026,17:29:20,0,SGX,XOB8000,XOB8000,UCM26
9000,10,-0.0131,1111,UCK26-UCM26,S,18-May-2026,17:29:54,-0.0131,SGX,XOB8000,XOB8000,UCK26-UCM26
9000,10,6.7832,1111,UCK26,B,18-May-2026,17:29:54,0,SGX,XOB8000,XOB8000,UCK26
9000,10,6.7701,1111,UCM26,S,15-Jun-2026,17:29:54,0,SGX,XOB8000,XOB8000,UCM26
9000,9,-0.0131,1111,UCK26-UCM26,S,18-May-2026,17:30:02,-0.0131,SGX,XOB8000,XOB8000,UCK26-UCM26
9000,9,6.7835,1111,UCK26,B,18-May-2026,17:30:02,0,SGX,XOB8000,XOB8000,UCK26
9000,9,6.7704,1111,UCM26,S,15-Jun-2026,17:30:02,0,SGX,XOB8000,XOB8000,UCM26
9000,3,-0.0131,1111,UCK26-UCM26,S,18-May-2026,17:30:42,-0.0131,SGX,XOB8000,XOB8000,UCK26-UCM26
9000,3,6.7832,1111,UCK26,B,18-May-2026,17:30:42,0,SGX,XOB8000,XOB8000,UCK26
9000,3,6.7701,1111,UCM26,S,15-Jun-2026,17:30:42,0,SGX,XOB8000,XOB8000,UCM26
9000,1,-0.0131,1111,UCK26-UCM26,S,18-May-2026,17:30:58,-0.0131,SGX,XOB8000,XOB8000,UCK26-UCM26
9000,1,6.7831,1111,UCK26,B,18-May-2026,17:30:58,0,SGX,XOB8000,XOB8000,UCK26
9000,1,6.7700,1111,UCM26,S,15-Jun-2026,17:30:58,0,SGX,XOB8000,XOB8000,UCM26
9000,1,-0.0131,1111,UCK26-UCM26,S,18-May-2026,17:30:58,-0.0131,SGX,XOB8000,XOB8000,UCK26-UCM26
9000,1,6.7831,1111,UCK26,B,18-May-2026,17:30:58,0,SGX,XOB8000,XOB8000,UCK26
9000,1,6.7700,1111,UCM26,S,15-Jun-2026,17:30:58,0,SGX,XOB8000,XOB8000,UCM26
9000,4,-0.0131,1111,UCK26-UCM26,S,18-May-2026,17:31:37,-0.0131,SGX,XOB8000,XOB8000,UCK26-UCM26
9000,4,6.7827,1111,UCK26,B,18-May-2026,17:31:37,0,SGX,XOB8000,XOB8000,UCK26
9000,4,6.7696,1111,UCM26,S,15-Jun-2026,17:31:37,0,SGX,XOB8000,XOB8000,UCM26
9000,1,-0.0131,1111,UCK26-UCM26,S,18-May-2026,17:31:39,-0.0131,SGX,XOB8000,XOB8000,UCK26-UCM26
9000,1,6.7825,1111,UCK26,B,18-May-2026,17:31:39,0,SGX,XOB8000,XOB8000,UCK26
9000,1,6.7694,1111,UCM26,S,15-Jun-2026,17:31:39,0,SGX,XOB8000,XOB8000,UCM26
9000,1,-0.0131,1111,UCK26-UCM26,S,18-May-2026,17:34:21,-0.0131,SGX,XOB8000,XOB8000,UCK26-UCM26
9000,1,6.7824,1111,UCK26,B,18-May-2026,17:34:21,0,SGX,XOB8000,XOB8000,UCK26
9000,1,6.7693,1111,UCM26,S,15-Jun-2026,17:34:21,0,SGX,XOB8000,XOB8000,UCM26
9000,2,-0.0131,1111,UCK26-UCM26,S,18-May-2026,17:34:21,-0.0131,SGX,XOB8000,XOB8000,UCK26-UCM26
9000,2,6.7824,1111,UCK26,B,18-May-2026,17:34:21,0,SGX,XOB8000,XOB8000,UCK26
9000,2,6.7693,1111,UCM26,S,15-Jun-2026,17:34:21,0,SGX,XOB8000,XOB8000,UCM26
9819,1,-0.370,1111,IUK26-IUM26,B,26-May-2026,17:34:27,-0.37,SGX,XOF8019,XOF8019,IUK26-IUM26
9819,1,104.420,1111,IUK26,S,26-May-2026,17:34:27,104.42,SGX,XOF8019,XOF8019,IUK26
9819,1,104.050,1111,IUM26,B,25-Jun-2026,17:34:27,104.03,SGX,XOF8019,XOF8019,IUM26
9818,5,104.44,1111,DINR,S,26-May-2026,17:37:03,104.44,DGCX,S-XOF8018,S-XOF8018,DINR-20260527
9818,5,104.44,1111,DINR,S,26-May-2026,17:37:03,104.44,DGCX,S-XOF8018,S-XOF8018,DINR-20260527
9818,5,104.420,1111,IUK26,B,26-May-2026,17:37:03,104.42,SGX,XOF8018,XOF8018,IUK26
9818,5,104.420,1111,IUK26,B,26-May-2026,17:37:03,104.42,SGX,XOF8018,XOF8018,IUK26
9819,5,104.44,1111,DINR,S,26-May-2026,17:37:03,104.44,DGCX,S-XOF8019,S-XOF8019,DINR-20260527
9819,5,104.44,1111,DINR,S,26-May-2026,17:37:03,104.44,DGCX,S-XOF8019,S-XOF8019,DINR-20260527
9817,3,104.44,1111,DINR,S,26-May-2026,17:37:03,104.44,DGCX,S-XOF8017,S-XOF8017,DINR-20260527
9817,5,104.44,1111,DINR,S,26-May-2026,17:37:03,104.44,DGCX,S-XOF8017,S-XOF8017,DINR-20260527
9819,3,104.420,1111,IUK26,B,26-May-2026,17:37:04,104.42,SGX,XOF8019,XOF8019,IUK26
9819,1,104.420,1111,IUK26,B,26-May-2026,17:37:04,104.42,SGX,XOF8019,XOF8019,IUK26
9819,1,104.420,1111,IUK26,B,26-May-2026,17:37:06,104.42,SGX,XOF8019,XOF8019,IUK26
9819,3,104.420,1111,IUK26,B,26-May-2026,17:37:06,104.42,SGX,XOF8019,XOF8019,IUK26
9819,1,104.420,1111,IUK26,B,26-May-2026,17:37:06,104.42,SGX,XOF8019,XOF8019,IUK26
9819,1,104.420,1111,IUK26,B,26-May-2026,17:37:08,104.42,SGX,XOF8019,XOF8019,IUK26
9817,3,104.420,1111,IUK26,B,26-May-2026,17:37:08,104.42,SGX,XOF8017,XOF8017,IUK26
9817,4,104.420,1111,IUK26,B,26-May-2026,17:37:09,104.42,SGX,XOF8017,XOF8017,IUK26
9819,4,-0.370,1111,IUK26-IUM26,B,26-May-2026,17:37:09,-0.37,SGX,XOF8019,XOF8019,IUK26-IUM26
9819,4,104.420,1111,IUK26,S,26-May-2026,17:37:09,104.42,SGX,XOF8019,XOF8019,IUK26
9819,4,104.050,1111,IUM26,B,25-Jun-2026,17:37:09,104.05,SGX,XOF8019,XOF8019,IUM26
9817,1,104.420,1111,IUK26,B,26-May-2026,17:37:09,104.42,SGX,XOF8017,XOF8017,IUK26
9000,4,-0.0131,1111,UCK26-UCM26,S,18-May-2026,17:37:28,-0.0131,SGX,XOB8000,XOB8000,UCK26-UCM26
9000,4,6.7818,1111,UCK26,B,18-May-2026,17:37:28,0,SGX,XOB8000,XOB8000,UCK26
9000,4,6.7687,1111,UCM26,S,15-Jun-2026,17:37:28,0,SGX,XOB8000,XOB8000,UCM26
9000,4,-0.0131,1111,UCK26-UCM26,S,18-May-2026,17:37:28,-0.0131,SGX,XOB8000,XOB8000,UCK26-UCM26
9000,4,6.7818,1111,UCK26,B,18-May-2026,17:37:28,0,SGX,XOB8000,XOB8000,UCK26
9000,4,6.7687,1111,UCM26,S,15-Jun-2026,17:37:28,0,SGX,XOB8000,XOB8000,UCM26
9000,2,-0.0131,1111,UCK26-UCM26,S,18-May-2026,17:37:28,-0.0131,SGX,XOB8000,XOB8000,UCK26-UCM26
9000,2,6.7818,1111,UCK26,B,18-May-2026,17:37:28,0,SGX,XOB8000,XOB8000,UCK26
9000,2,6.7687,1111,UCM26,S,15-Jun-2026,17:37:28,0,SGX,XOB8000,XOB8000,UCM26
9000,3,-0.0131,1111,UCK26-UCM26,S,18-May-2026,17:40:00,-0.0131,SGX,XOB8000,XOB8000,UCK26-UCM26
9000,3,6.7819,1111,UCK26,B,18-May-2026,17:40:00,0,SGX,XOB8000,XOB8000,UCK26
9000,3,6.7688,1111,UCM26,S,15-Jun-2026,17:40:00,0,SGX,XOB8000,XOB8000,UCM26
9000,10,-0.0131,1111,UCK26-UCM26,S,18-May-2026,17:40:00,-0.0131,SGX,XOB8000,XOB8000,UCK26-UCM26
9000,10,6.7819,1111,UCK26,B,18-May-2026,17:40:00,0,SGX,XOB8000,XOB8000,UCK26
9000,10,6.7688,1111,UCM26,S,15-Jun-2026,17:40:00,0,SGX,XOB8000,XOB8000,UCM26
9818,1,104.47,1111,DINR,S,26-May-2026,17:50:10,104.47,DGCX,S-XOF8018,S-XOF8018,DINR-20260527
9818,1,104.450,1111,IUK26,B,26-May-2026,17:50:10,104.45,SGX,XOF8018,XOF8018,IUK26
9818,1,104.47,1111,DINR,S,26-May-2026,17:50:17,104.47,DGCX,S-XOF8018,S-XOF8018,DINR-20260527
9818,1,104.450,1111,IUK26,B,26-May-2026,17:50:17,104.45,SGX,XOF8018,XOF8018,IUK26
9819,1,104.48,1111,DINR,S,26-May-2026,17:51:45,104.48,DGCX,S-XOF8019,S-XOF8019,DINR-20260527
9819,1,104.460,1111,IUK26,B,26-May-2026,17:51:46,104.46,SGX,XOF8019,XOF8019,IUK26
9819,2,104.44,1111,DINR,B,26-May-2026,17:55:20,104.44,DGCX,S-XOF8019,S-XOF8019,DINR-20260527
9819,2,104.440,1111,IUK26,S,26-May-2026,17:55:21,104.44,SGX,XOF8019,XOF8019,IUK26
9817,2,104.43,1111,DINR,B,26-May-2026,17:56:32,104.44,DGCX,S-XOF8017,S-XOF8017,DINR-20260527
9817,3,104.43,1111,DINR,B,26-May-2026,17:56:32,104.44,DGCX,S-XOF8017,S-XOF8017,DINR-20260527
9819,5,104.43,1111,DINR,B,26-May-2026,17:56:32,104.44,DGCX,S-XOF8019,S-XOF8019,DINR-20260527
9817,2,104.430,1111,IUK26,S,26-May-2026,17:56:32,104.43,SGX,XOF8017,XOF8017,IUK26
9817,3,104.430,1111,IUK26,S,26-May-2026,17:56:32,104.43,SGX,XOF8017,XOF8017,IUK26
9819,5,104.430,1111,IUK26,S,26-May-2026,17:56:32,104.43,SGX,XOF8019,XOF8019,IUK26
9818,5,104.43,1111,DINR,B,26-May-2026,17:56:33,104.43,DGCX,S-XOF8018,S-XOF8018,DINR-20260527
9818,5,104.430,1111,IUK26,S,26-May-2026,17:56:33,104.43,SGX,XOF8018,XOF8018,IUK26
9819,5,104.43,1111,DINR,B,26-May-2026,17:57:21,104.43,DGCX,S-XOF8019,S-XOF8019,DINR-20260527
9819,5,104.43,1111,DINR,B,26-May-2026,17:57:21,104.43,DGCX,S-XOF8019,S-XOF8019,DINR-20260527
9819,5,104.43,1111,DINR,B,26-May-2026,17:57:21,104.43,DGCX,S-XOF8019,S-XOF8019,DINR-20260527
9819,5,104.430,1111,IUK26,S,26-May-2026,17:57:21,104.44,SGX,XOF8019,XOF8019,IUK26
9819,5,104.430,1111,IUK26,S,26-May-2026,17:57:21,104.44,SGX,XOF8019,XOF8019,IUK26
9817,2,104.43,1111,DINR,B,26-May-2026,17:57:21,104.43,DGCX,S-XOF8017,S-XOF8017,DINR-20260527
9817,2,104.43,1111,DINR,B,26-May-2026,17:57:21,104.43,DGCX,S-XOF8017,S-XOF8017,DINR-20260527
9819,5,104.430,1111,IUK26,S,26-May-2026,17:57:21,104.44,SGX,XOF8019,XOF8019,IUK26
9817,2,104.430,1111,IUK26,S,26-May-2026,17:57:21,104.44,SGX,XOF8017,XOF8017,IUK26
9817,2,104.430,1111,IUK26,S,26-May-2026,17:57:21,104.44,SGX,XOF8017,XOF8017,IUK26
9819,1,-0.370,1111,IUK26-IUM26,B,26-May-2026,18:00:01,-0.37,SGX,XOF8019,XOF8019,IUK26-IUM26
9819,1,104.440,1111,IUK26,S,26-May-2026,18:00:01,104.44,SGX,XOF8019,XOF8019,IUK26
9819,1,104.070,1111,IUM26,B,25-Jun-2026,18:00:01,104.07,SGX,XOF8019,XOF8019,IUM26
9819,1,-0.370,1111,IUK26-IUM26,B,26-May-2026,18:00:05,-0.37,SGX,XOF8019,XOF8019,IUK26-IUM26
9819,1,104.440,1111,IUK26,S,26-May-2026,18:00:05,104.44,SGX,XOF8019,XOF8019,IUK26
9819,1,104.070,1111,IUM26,B,25-Jun-2026,18:00:05,104.07,SGX,XOF8019,XOF8019,IUM26
9819,1,104.42,1111,DINR,B,26-May-2026,18:00:48,104.42,DGCX,S-XOF8019,S-XOF8019,DINR-20260527
9819,1,104.420,1111,IUK26,S,26-May-2026,18:00:48,104.42,SGX,XOF8019,XOF8019,IUK26
9000,77,-0.0131,1111,UCK26-UCM26,B,18-May-2026,18:01:11,-0.0131,SGX,XOB8000,XOB8000,UCK26-UCM26
9000,77,6.7695,1111,UCM26,B,15-Jun-2026,18:01:11,0,SGX,XOB8000,XOB8000,UCM26
9000,77,6.7826,1111,UCK26,S,18-May-2026,18:01:11,0,SGX,XOB8000,XOB8000,UCK26
9000,25,-0.0131,1111,UCK26-UCM26,B,18-May-2026,18:01:11,-0.0131,SGX,XOB8000,XOB8000,UCK26-UCM26
9000,25,6.7695,1111,UCM26,B,15-Jun-2026,18:01:11,0,SGX,XOB8000,XOB8000,UCM26
9000,25,6.7826,1111,UCK26,S,18-May-2026,18:01:11,0,SGX,XOB8000,XOB8000,UCK26
9000,70,-0.0131,1111,UCK26-UCM26,B,18-May-2026,18:01:11,-0.0131,SGX,XOB8000,XOB8000,UCK26-UCM26
9000,70,6.7695,1111,UCM26,B,15-Jun-2026,18:01:11,0,SGX,XOB8000,XOB8000,UCM26
9000,70,6.7826,1111,UCK26,S,18-May-2026,18:01:11,0,SGX,XOB8000,XOB8000,UCK26
9000,28,-0.0131,1111,UCK26-UCM26,B,18-May-2026,18:01:11,-0.0131,SGX,XOB8000,XOB8000,UCK26-UCM26
9000,28,6.7695,1111,UCM26,B,15-Jun-2026,18:01:11,0,SGX,XOB8000,XOB8000,UCM26
9000,28,6.7826,1111,UCK26,S,18-May-2026,18:01:11,0,SGX,XOB8000,XOB8000,UCK26
9000,8,-0.0131,1111,UCK26-UCM26,B,18-May-2026,18:01:11,-0.0131,SGX,XOB8000,XOB8000,UCK26-UCM26
9000,8,6.7695,1111,UCM26,B,15-Jun-2026,18:01:11,0,SGX,XOB8000,XOB8000,UCM26
9000,8,6.7826,1111,UCK26,S,18-May-2026,18:01:11,0,SGX,XOB8000,XOB8000,UCK26
9000,36,-0.0131,1111,UCK26-UCM26,B,18-May-2026,18:01:12,-0.0131,SGX,XOB8000,XOB8000,UCK26-UCM26
9000,36,6.7825,1111,UCK26,S,18-May-2026,18:01:12,0,SGX,XOB8000,XOB8000,UCK26
9000,36,6.7694,1111,UCM26,B,15-Jun-2026,18:01:12,0,SGX,XOB8000,XOB8000,UCM26
9000,10,-0.0131,1111,UCK26-UCM26,B,18-May-2026,18:01:13,-0.0131,SGX,XOB8000,XOB8000,UCK26-UCM26
9000,10,6.7825,1111,UCK26,S,18-May-2026,18:01:13,0,SGX,XOB8000,XOB8000,UCK26
9000,10,6.7694,1111,UCM26,B,15-Jun-2026,18:01:13,0,SGX,XOB8000,XOB8000,UCM26
9000,100,-0.0131,1111,UCK26-UCM26,S,18-May-2026,18:01:26,-0.0131,SGX,XOB8000,XOB8000,UCK26-UCM26
9000,100,6.7826,1111,UCK26,B,18-May-2026,18:01:26,0,SGX,XOB8000,XOB8000,UCK26
9000,100,6.7695,1111,UCM26,S,15-Jun-2026,18:01:26,0,SGX,XOB8000,XOB8000,UCM26
9818,5,104.42,1111,DINR,B,26-May-2026,18:01:28,104.42,DGCX,S-XOF8018,S-XOF8018,DINR-20260527
9818,5,104.42,1111,DINR,B,26-May-2026,18:01:28,104.42,DGCX,S-XOF8018,S-XOF8018,DINR-20260527
9818,5,104.420,1111,IUK26,S,26-May-2026,18:01:28,104.42,SGX,XOF8018,XOF8018,IUK26
9818,5,104.420,1111,IUK26,S,26-May-2026,18:01:28,104.42,SGX,XOF8018,XOF8018,IUK26
9000,50,-0.0131,1111,UCK26-UCM26,S,18-May-2026,18:01:29,-0.0131,SGX,XOB8000,XOB8000,UCK26-UCM26
9000,50,6.7827,1111,UCK26,B,18-May-2026,18:01:29,0,SGX,XOB8000,XOB8000,UCK26
9000,50,6.7696,1111,UCM26,S,15-Jun-2026,18:01:29,0,SGX,XOB8000,XOB8000,UCM26
9000,50,-0.0131,1111,UCK26-UCM26,S,18-May-2026,18:01:33,-0.0131,SGX,XOB8000,XOB8000,UCK26-UCM26
9000,50,6.7696,1111,UCM26,S,15-Jun-2026,18:01:33,0,SGX,XOB8000,XOB8000,UCM26
9000,50,6.7827,1111,UCK26,B,18-May-2026,18:01:33,0,SGX,XOB8000,XOB8000,UCK26
9819,5,104.42,1111,DINR,B,26-May-2026,18:01:34,104.42,DGCX,S-XOF8019,S-XOF8019,DINR-20260527
9818,1,104.42,1111,DINR,B,26-May-2026,18:01:34,104.42,DGCX,S-XOF8018,S-XOF8018,DINR-20260527
9819,5,104.420,1111,IUK26,S,26-May-2026,18:01:34,104.42,SGX,XOF8019,XOF8019,IUK26
9818,1,104.420,1111,IUK26,S,26-May-2026,18:01:34,104.42,SGX,XOF8018,XOF8018,IUK26
9819,14,-0.370,1111,IUK26-IUM26,B,26-May-2026,18:01:34,-0.37,SGX,XOF8019,XOF8019,IUK26-IUM26
9819,14,104.420,1111,IUK26,S,26-May-2026,18:01:34,104.42,SGX,XOF8019,XOF8019,IUK26
9819,14,104.050,1111,IUM26,B,25-Jun-2026,18:01:34,104.06,SGX,XOF8019,XOF8019,IUM26
9000,100,-0.0131,1111,UCK26-UCM26,B,18-May-2026,18:01:51,-0.0131,SGX,XOB8000,XOB8000,UCK26-UCM26
9000,100,6.7829,1111,UCK26,S,18-May-2026,18:01:51,0,SGX,XOB8000,XOB8000,UCK26
9000,100,6.7698,1111,UCM26,B,15-Jun-2026,18:01:51,0,SGX,XOB8000,XOB8000,UCM26
9000,100,-0.0131,1111,UCK26-UCM26,B,18-May-2026,18:01:51,-0.0131,SGX,XOB8000,XOB8000,UCK26-UCM26
9000,100,6.7829,1111,UCK26,S,18-May-2026,18:01:51,0,SGX,XOB8000,XOB8000,UCK26
9000,100,6.7698,1111,UCM26,B,15-Jun-2026,18:01:51,0,SGX,XOB8000,XOB8000,UCM26
9000,100,-0.0131,1111,UCK26-UCM26,B,18-May-2026,18:01:54,-0.0131,SGX,XOB8000,XOB8000,UCK26-UCM26
9000,100,6.7697,1111,UCM26,B,15-Jun-2026,18:01:54,0,SGX,XOB8000,XOB8000,UCM26
9000,100,6.7828,1111,UCK26,S,18-May-2026,18:01:54,0,SGX,XOB8000,XOB8000,UCK26
9000,50,-0.0131,1111,UCK26-UCM26,S,18-May-2026,18:01:59,-0.0131,SGX,XOB8000,XOB8000,UCK26-UCM26
9000,50,6.7828,1111,UCK26,B,18-May-2026,18:01:59,0,SGX,XOB8000,XOB8000,UCK26
9000,50,6.7697,1111,UCM26,S,15-Jun-2026,18:01:59,0,SGX,XOB8000,XOB8000,UCM26
9000,4,-0.0131,1111,UCK26-UCM26,S,18-May-2026,18:02:01,-0.0131,SGX,XOB8000,XOB8000,UCK26-UCM26
9000,4,6.7697,1111,UCM26,S,15-Jun-2026,18:02:01,0,SGX,XOB8000,XOB8000,UCM26
9000,4,6.7828,1111,UCK26,B,18-May-2026,18:02:01,0,SGX,XOB8000,XOB8000,UCK26
9000,46,-0.0131,1111,UCK26-UCM26,S,18-May-2026,18:02:02,-0.0131,SGX,XOB8000,XOB8000,UCK26-UCM26
9000,46,6.7697,1111,UCM26,S,15-Jun-2026,18:02:02,0,SGX,XOB8000,XOB8000,UCM26
9000,46,6.7828,1111,UCK26,B,18-May-2026,18:02:02,0,SGX,XOB8000,XOB8000,UCK26
9000,100,-0.0131,1111,UCK26-UCM26,S,18-May-2026,18:02:02,-0.0131,SGX,XOB8000,XOB8000,UCK26-UCM26
9000,100,6.7698,1111,UCM26,S,15-Jun-2026,18:02:02,0,SGX,XOB8000,XOB8000,UCM26
9000,100,6.7829,1111,UCK26,B,18-May-2026,18:02:02,0,SGX,XOB8000,XOB8000,UCK26
9000,100,-0.0131,1111,UCK26-UCM26,B,18-May-2026,18:02:06,-0.0131,SGX,XOB8000,XOB8000,UCK26-UCM26
9000,100,6.7828,1111,UCK26,S,18-May-2026,18:02:06,0,SGX,XOB8000,XOB8000,UCK26
9000,100,6.7697,1111,UCM26,B,15-Jun-2026,18:02:06,0,SGX,XOB8000,XOB8000,UCM26
9000,50,-0.0131,1111,UCK26-UCM26,S,18-May-2026,18:02:08,-0.0131,SGX,XOB8000,XOB8000,UCK26-UCM26
9000,50,6.7828,1111,UCK26,B,18-May-2026,18:02:08,0,SGX,XOB8000,XOB8000,UCK26
9000,50,6.7697,1111,UCM26,S,15-Jun-2026,18:02:08,0,SGX,XOB8000,XOB8000,UCM26
9000,4,-0.0131,1111,UCK26-UCM26,S,18-May-2026,18:02:09,-0.0131,SGX,XOB8000,XOB8000,UCK26-UCM26
9000,4,6.7828,1111,UCK26,B,18-May-2026,18:02:09,0,SGX,XOB8000,XOB8000,UCK26
9000,4,6.7697,1111,UCM26,S,15-Jun-2026,18:02:09,0,SGX,XOB8000,XOB8000,UCM26
9000,46,-0.0131,1111,UCK26-UCM26,S,18-May-2026,18:02:09,-0.0131,SGX,XOB8000,XOB8000,UCK26-UCM26
9000,46,6.7828,1111,UCK26,B,18-May-2026,18:02:09,0,SGX,XOB8000,XOB8000,UCK26
9000,46,6.7697,1111,UCM26,S,15-Jun-2026,18:02:09,0,SGX,XOB8000,XOB8000,UCM26
9000,100,-0.0131,1111,UCK26-UCM26,B,18-May-2026,18:02:17,-0.0131,SGX,XOB8000,XOB8000,UCK26-UCM26
9000,100,6.7828,1111,UCK26,S,18-May-2026,18:02:17,0,SGX,XOB8000,XOB8000,UCK26
9000,100,6.7697,1111,UCM26,B,15-Jun-2026,18:02:17,0,SGX,XOB8000,XOB8000,UCM26
9000,100,-0.0131,1111,UCK26-UCM26,S,18-May-2026,18:02:26,-0.0131,SGX,XOB8000,XOB8000,UCK26-UCM26
9000,100,6.7697,1111,UCM26,S,15-Jun-2026,18:02:26,0,SGX,XOB8000,XOB8000,UCM26
9000,100,6.7828,1111,UCK26,B,18-May-2026,18:02:26,0,SGX,XOB8000,XOB8000,UCK26
9000,100,-0.0131,1111,UCK26-UCM26,B,18-May-2026,18:02:26,-0.0131,SGX,XOB8000,XOB8000,UCK26-UCM26
9000,100,6.7697,1111,UCM26,B,15-Jun-2026,18:02:26,0,SGX,XOB8000,XOB8000,UCM26
9000,100,6.7828,1111,UCK26,S,18-May-2026,18:02:26,0,SGX,XOB8000,XOB8000,UCK26
9000,50,-0.0131,1111,UCK26-UCM26,S,18-May-2026,18:02:28,-0.0131,SGX,XOB8000,XOB8000,UCK26-UCM26
9000,50,6.7697,1111,UCM26,S,15-Jun-2026,18:02:28,0,SGX,XOB8000,XOB8000,UCM26
9000,50,6.7828,1111,UCK26,B,18-May-2026,18:02:28,0,SGX,XOB8000,XOB8000,UCK26
9000,4,-0.0131,1111,UCK26-UCM26,S,18-May-2026,18:02:28,-0.0131,SGX,XOB8000,XOB8000,UCK26-UCM26
9000,4,6.7697,1111,UCM26,S,15-Jun-2026,18:02:28,0,SGX,XOB8000,XOB8000,UCM26
9000,4,6.7828,1111,UCK26,B,18-May-2026,18:02:28,0,SGX,XOB8000,XOB8000,UCK26
9000,46,-0.0131,1111,UCK26-UCM26,S,18-May-2026,18:02:28,-0.0131,SGX,XOB8000,XOB8000,UCK26-UCM26
9000,46,6.7697,1111,UCM26,S,15-Jun-2026,18:02:28,0,SGX,XOB8000,XOB8000,UCM26
9000,46,6.7828,1111,UCK26,B,18-May-2026,18:02:28,0,SGX,XOB8000,XOB8000,UCK26
9000,100,-0.0131,1111,UCK26-UCM26,S,18-May-2026,18:02:31,-0.0131,SGX,XOB8000,XOB8000,UCK26-UCM26
9000,100,6.7698,1111,UCM26,S,15-Jun-2026,18:02:31,0,SGX,XOB8000,XOB8000,UCM26
9000,100,6.7829,1111,UCK26,B,18-May-2026,18:02:31,0,SGX,XOB8000,XOB8000,UCK26
9000,54,-0.0131,1111,UCK26-UCM26,S,18-May-2026,18:02:31,-0.0131,SGX,XOB8000,XOB8000,UCK26-UCM26
9000,54,6.7698,1111,UCM26,S,15-Jun-2026,18:02:31,0,SGX,XOB8000,XOB8000,UCM26
9000,54,6.7829,1111,UCK26,B,18-May-2026,18:02:31,0,SGX,XOB8000,XOB8000,UCK26
9000,54,-0.0131,1111,UCK26-UCM26,B,18-May-2026,18:02:35,-0.0131,SGX,XOB8000,XOB8000,UCK26-UCM26
9000,54,6.7829,1111,UCK26,S,18-May-2026,18:02:35,0,SGX,XOB8000,XOB8000,UCK26
9000,54,6.7698,1111,UCM26,B,15-Jun-2026,18:02:35,0,SGX,XOB8000,XOB8000,UCM26
9000,100,-0.0131,1111,UCK26-UCM26,B,18-May-2026,18:02:35,-0.0131,SGX,XOB8000,XOB8000,UCK26-UCM26
9000,100,6.7829,1111,UCK26,S,18-May-2026,18:02:35,0,SGX,XOB8000,XOB8000,UCK26
9000,100,6.7698,1111,UCM26,B,15-Jun-2026,18:02:35,0,SGX,XOB8000,XOB8000,UCM26
9000,50,-0.0131,1111,UCK26-UCM26,S,18-May-2026,18:02:39,-0.0131,SGX,XOB8000,XOB8000,UCK26-UCM26
9000,50,6.7830,1111,UCK26,B,18-May-2026,18:02:39,0,SGX,XOB8000,XOB8000,UCK26
9000,50,6.7699,1111,UCM26,S,15-Jun-2026,18:02:39,0,SGX,XOB8000,XOB8000,UCM26
9000,100,-0.0131,1111,UCK26-UCM26,S,18-May-2026,18:02:39,-0.0131,SGX,XOB8000,XOB8000,UCK26-UCM26
9000,100,6.7830,1111,UCK26,B,18-May-2026,18:02:39,0,SGX,XOB8000,XOB8000,UCK26
9000,100,6.7699,1111,UCM26,S,15-Jun-2026,18:02:39,0,SGX,XOB8000,XOB8000,UCM26
9000,50,-0.0131,1111,UCK26-UCM26,S,18-May-2026,18:02:43,-0.0131,SGX,XOB8000,XOB8000,UCK26-UCM26
9000,50,6.7830,1111,UCK26,B,18-May-2026,18:02:43,0,SGX,XOB8000,XOB8000,UCK26
9000,50,6.7699,1111,UCM26,S,15-Jun-2026,18:02:43,0,SGX,XOB8000,XOB8000,UCM26
9000,100,-0.0131,1111,UCK26-UCM26,B,18-May-2026,18:02:43,-0.0131,SGX,XOB8000,XOB8000,UCK26-UCM26
9000,100,6.7831,1111,UCK26,S,18-May-2026,18:02:43,0,SGX,XOB8000,XOB8000,UCK26
9000,100,6.7700,1111,UCM26,B,15-Jun-2026,18:02:43,0,SGX,XOB8000,XOB8000,UCM26
9000,100,-0.0131,1111,UCK26-UCM26,B,18-May-2026,18:02:46,-0.0131,SGX,XOB8000,XOB8000,UCK26-UCM26
9000,100,6.7831,1111,UCK26,S,18-May-2026,18:02:46,0,SGX,XOB8000,XOB8000,UCK26
9000,100,6.7700,1111,UCM26,B,15-Jun-2026,18:02:46,0,SGX,XOB8000,XOB8000,UCM26
9000,100,-0.0131,1111,UCK26-UCM26,S,18-May-2026,18:02:47,-0.0131,SGX,XOB8000,XOB8000,UCK26-UCM26
9000,100,6.7700,1111,UCM26,S,15-Jun-2026,18:02:47,0,SGX,XOB8000,XOB8000,UCM26
9000,100,6.7831,1111,UCK26,B,18-May-2026,18:02:47,0,SGX,XOB8000,XOB8000,UCK26
9000,50,-0.0131,1111,UCK26-UCM26,S,18-May-2026,18:02:54,-0.0131,SGX,XOB8000,XOB8000,UCK26-UCM26
9000,50,6.7700,1111,UCM26,S,15-Jun-2026,18:02:54,0,SGX,XOB8000,XOB8000,UCM26
9000,50,6.7831,1111,UCK26,B,18-May-2026,18:02:54,0,SGX,XOB8000,XOB8000,UCK26
9000,100,-0.0131,1111,UCK26-UCM26,B,18-May-2026,18:02:55,-0.0131,SGX,XOB8000,XOB8000,UCK26-UCM26
9000,100,6.7700,1111,UCM26,B,15-Jun-2026,18:02:55,0,SGX,XOB8000,XOB8000,UCM26
9000,100,6.7831,1111,UCK26,S,18-May-2026,18:02:55,0,SGX,XOB8000,XOB8000,UCK26
9000,50,-0.0131,1111,UCK26-UCM26,S,18-May-2026,18:02:59,-0.0131,SGX,XOB8000,XOB8000,UCK26-UCM26
9000,50,6.7700,1111,UCM26,S,15-Jun-2026,18:02:59,0,SGX,XOB8000,XOB8000,UCM26
9000,50,6.7831,1111,UCK26,B,18-May-2026,18:02:59,0,SGX,XOB8000,XOB8000,UCK26
9000,50,-0.0131,1111,UCK26-UCM26,S,18-May-2026,18:02:59,-0.0131,SGX,XOB8000,XOB8000,UCK26-UCM26
9000,50,6.7700,1111,UCM26,S,15-Jun-2026,18:02:59,0,SGX,XOB8000,XOB8000,UCM26
9000,50,6.7831,1111,UCK26,B,18-May-2026,18:02:59,0,SGX,XOB8000,XOB8000,UCK26
9000,50,-0.0131,1111,UCK26-UCM26,B,18-May-2026,18:03:07,-0.0131,SGX,XOB8000,XOB8000,UCK26-UCM26
9000,50,6.7829,1111,UCK26,S,18-May-2026,18:03:07,0,SGX,XOB8000,XOB8000,UCK26
9000,50,6.7698,1111,UCM26,B,15-Jun-2026,18:03:07,0,SGX,XOB8000,XOB8000,UCM26
9000,50,-0.0131,1111,UCK26-UCM26,B,18-May-2026,18:03:09,-0.0131,SGX,XOB8000,XOB8000,UCK26-UCM26
9000,50,6.7829,1111,UCK26,S,18-May-2026,18:03:09,0,SGX,XOB8000,XOB8000,UCK26
9000,50,6.7698,1111,UCM26,B,15-Jun-2026,18:03:09,0,SGX,XOB8000,XOB8000,UCM26
9000,100,-0.0131,1111,UCK26-UCM26,S,18-May-2026,18:03:12,-0.0131,SGX,XOB8000,XOB8000,UCK26-UCM26
9000,100,6.7830,1111,UCK26,B,18-May-2026,18:03:12,0,SGX,XOB8000,XOB8000,UCK26
9000,100,6.7699,1111,UCM26,S,15-Jun-2026,18:03:12,0,SGX,XOB8000,XOB8000,UCM26
9000,50,-0.0131,1111,UCK26-UCM26,S,18-May-2026,18:03:21,-0.0131,SGX,XOB8000,XOB8000,UCK26-UCM26
9000,50,6.7831,1111,UCK26,B,18-May-2026,18:03:21,0,SGX,XOB8000,XOB8000,UCK26
9000,50,6.7700,1111,UCM26,S,15-Jun-2026,18:03:21,0,SGX,XOB8000,XOB8000,UCM26
9000,4,-0.0131,1111,UCK26-UCM26,B,18-May-2026,18:03:23,-0.0131,SGX,XOB8000,XOB8000,UCK26-UCM26
9000,4,6.7831,1111,UCK26,S,18-May-2026,18:03:23,0,SGX,XOB8000,XOB8000,UCK26
9000,4,6.7700,1111,UCM26,B,15-Jun-2026,18:03:23,0,SGX,XOB8000,XOB8000,UCM26
9000,1,-0.0131,1111,UCK26-UCM26,B,18-May-2026,18:03:23,-0.0131,SGX,XOB8000,XOB8000,UCK26-UCM26
9000,1,6.7831,1111,UCK26,S,18-May-2026,18:03:23,0,SGX,XOB8000,XOB8000,UCK26
9000,1,6.7700,1111,UCM26,B,15-Jun-2026,18:03:23,0,SGX,XOB8000,XOB8000,UCM26
9817,2,104.42,1111,DINR,B,26-May-2026,18:03:30,104.42,DGCX,S-XOF8017,S-XOF8017,DINR-20260527
9817,2,104.420,1111,IUK26,S,26-May-2026,18:03:30,104.42,SGX,XOF8017,XOF8017,IUK26
9000,3,-0.0131,1111,UCK26-UCM26,B,18-May-2026,18:05:00,-0.0131,SGX,XOB8000,XOB8000,UCK26-UCM26
9000,3,6.7828,1111,UCK26,S,18-May-2026,18:05:00,0,SGX,XOB8000,XOB8000,UCK26
9000,3,6.7697,1111,UCM26,B,15-Jun-2026,18:05:00,0,SGX,XOB8000,XOB8000,UCM26
9000,5,-0.0131,1111,UCK26-UCM26,B,18-May-2026,18:05:00,-0.0131,SGX,XOB8000,XOB8000,UCK26-UCM26
9000,5,6.7828,1111,UCK26,S,18-May-2026,18:05:00,0,SGX,XOB8000,XOB8000,UCK26
9000,5,6.7697,1111,UCM26,B,15-Jun-2026,18:05:00,0,SGX,XOB8000,XOB8000,UCM26
9812,5,104.440,1111,IUK26,S,26-May-2026,18:05:57,104.44,SGX,XOF8012,XOF8012,IUK26
9812,5,104.44,1111,DINR,B,26-May-2026,18:05:57,104.44,DGCX,S-XOF8012,S-XOF8012,DINR-20260527
9819,1,-0.370,1111,IUK26-IUM26,B,26-May-2026,18:06:08,-0.37,SGX,XOF8019,XOF8019,IUK26-IUM26
9819,1,104.440,1111,IUK26,S,26-May-2026,18:06:08,104.44,SGX,XOF8019,XOF8019,IUK26
9819,1,104.070,1111,IUM26,B,25-Jun-2026,18:06:08,104.07,SGX,XOF8019,XOF8019,IUM26
9000,36,-0.0131,1111,UCK26-UCM26,B,18-May-2026,18:10:20,-0.0131,SGX,XOB8000,XOB8000,UCK26-UCM26
9000,36,6.7829,1111,UCK26,S,18-May-2026,18:10:20,0,SGX,XOB8000,XOB8000,UCK26
9000,36,6.7698,1111,UCM26,B,15-Jun-2026,18:10:20,0,SGX,XOB8000,XOB8000,UCM26
9812,23,-0.370,1111,IUK26-IUM26,S,26-May-2026,18:14:26,-0.37,SGX,XOF8012,XOF8012,IUK26-IUM26
9812,23,104.420,1111,IUK26,B,26-May-2026,18:14:26,104.41,SGX,XOF8012,XOF8012,IUK26
9812,23,104.050,1111,IUM26,S,25-Jun-2026,18:14:26,104.05,SGX,XOF8012,XOF8012,IUM26
9812,13,-0.370,1111,IUK26-IUM26,S,26-May-2026,18:14:26,-0.37,SGX,XOF8012,XOF8012,IUK26-IUM26
9812,13,104.420,1111,IUK26,B,26-May-2026,18:14:26,104.41,SGX,XOF8012,XOF8012,IUK26
9812,13,104.050,1111,IUM26,S,25-Jun-2026,18:14:26,104.05,SGX,XOF8012,XOF8012,IUM26
9812,5,-0.370,1111,IUK26-IUM26,S,26-May-2026,18:14:26,-0.37,SGX,XOF8012,XOF8012,IUK26-IUM26
9812,5,104.420,1111,IUK26,B,26-May-2026,18:14:26,104.41,SGX,XOF8012,XOF8012,IUK26
9812,5,104.050,1111,IUM26,S,25-Jun-2026,18:14:26,104.05,SGX,XOF8012,XOF8012,IUM26
9812,20,-0.370,1111,IUK26-IUM26,S,26-May-2026,18:14:26,-0.37,SGX,XOF8012,XOF8012,IUK26-IUM26
9812,20,104.420,1111,IUK26,B,26-May-2026,18:14:26,104.41,SGX,XOF8012,XOF8012,IUK26
9812,20,104.050,1111,IUM26,S,25-Jun-2026,18:14:26,104.05,SGX,XOF8012,XOF8012,IUM26
9812,20,-0.370,1111,IUK26-IUM26,S,26-May-2026,18:14:26,-0.37,SGX,XOF8012,XOF8012,IUK26-IUM26
9812,20,104.420,1111,IUK26,B,26-May-2026,18:14:26,104.41,SGX,XOF8012,XOF8012,IUK26
9812,20,104.050,1111,IUM26,S,25-Jun-2026,18:14:26,104.05,SGX,XOF8012,XOF8012,IUM26
9812,5,104.430,1111,IUK26,S,26-May-2026,18:14:46,104.43,SGX,XOF8012,XOF8012,IUK26
9812,5,104.43,1111,DINR,B,26-May-2026,18:14:46,104.43,DGCX,S-XOF8012,S-XOF8012,DINR-20260527
9000,100,-0.0131,1111,UCK26-UCM26,B,18-May-2026,18:15:18,-0.0131,SGX,XOB8000,XOB8000,UCK26-UCM26
9000,100,6.7835,1111,UCK26,S,18-May-2026,18:15:18,0,SGX,XOB8000,XOB8000,UCK26
9000,100,6.7704,1111,UCM26,B,15-Jun-2026,18:15:18,0,SGX,XOB8000,XOB8000,UCM26
9000,100,-0.0131,1111,UCK26-UCM26,B,18-May-2026,18:15:29,-0.0131,SGX,XOB8000,XOB8000,UCK26-UCM26
9000,100,6.7703,1111,UCM26,B,15-Jun-2026,18:15:29,0,SGX,XOB8000,XOB8000,UCM26
9000,100,6.7834,1111,UCK26,S,18-May-2026,18:15:29,0,SGX,XOB8000,XOB8000,UCK26
9817,3,104.42,1111,DINR,B,26-May-2026,18:19:06,104.42,DGCX,S-XOF8017,S-XOF8017,DINR-20260527
9817,2,104.420,1111,IUK26,S,26-May-2026,18:19:06,104.42,SGX,XOF8017,XOF8017,IUK26
9817,1,104.420,1111,IUK26,S,26-May-2026,18:19:06,104.42,SGX,XOF8017,XOF8017,IUK26
9817,2,104.42,1111,DINR,B,26-May-2026,18:19:06,104.42,DGCX,S-XOF8017,S-XOF8017,DINR-20260527
9817,1,104.420,1111,IUK26,S,26-May-2026,18:19:06,104.42,SGX,XOF8017,XOF8017,IUK26
9817,1,104.420,1111,IUK26,S,26-May-2026,18:19:13,104.42,SGX,XOF8017,XOF8017,IUK26
9812,5,104.420,1111,IUK26,S,26-May-2026,18:21:56,104.43,SGX,XOF8012,XOF8012,IUK26
9812,5,104.42,1111,DINR,B,26-May-2026,18:21:56,104.41,DGCX,S-XOF8012,S-XOF8012,DINR-20260527
9812,5,104.420,1111,IUK26,S,26-May-2026,18:22:05,104.41,SGX,XOF8012,XOF8012,IUK26
9812,3,104.42,1111,DINR,B,26-May-2026,18:22:05,104.43,DGCX,S-XOF8012,S-XOF8012,DINR-20260527
9812,2,104.43,1111,DINR,B,26-May-2026,18:22:05,104.43,DGCX,S-XOF8012,S-XOF8012,DINR-20260527
9812,5,104.420,1111,IUK26,S,26-May-2026,18:22:05,104.41,SGX,XOF8012,XOF8012,IUK26
9000,3,-0.0131,1111,UCK26-UCM26,S,18-May-2026,18:25:47,-0.0131,SGX,XOB8000,XOB8000,UCK26-UCM26
9000,3,6.7830,1111,UCK26,B,18-May-2026,18:25:47,0,SGX,XOB8000,XOB8000,UCK26
9000,3,6.7699,1111,UCM26,S,15-Jun-2026,18:25:47,0,SGX,XOB8000,XOB8000,UCM26
9000,1,-0.0131,1111,UCK26-UCM26,S,18-May-2026,18:25:47,-0.0131,SGX,XOB8000,XOB8000,UCK26-UCM26
9000,1,6.7830,1111,UCK26,B,18-May-2026,18:25:47,0,SGX,XOB8000,XOB8000,UCK26
9000,1,6.7699,1111,UCM26,S,15-Jun-2026,18:25:47,0,SGX,XOB8000,XOB8000,UCM26
9000,4,-0.0131,1111,UCK26-UCM26,S,18-May-2026,18:26:08,-0.0131,SGX,XOB8000,XOB8000,UCK26-UCM26
9000,4,6.7829,1111,UCK26,B,18-May-2026,18:26:08,0,SGX,XOB8000,XOB8000,UCK26
9000,4,6.7698,1111,UCM26,S,15-Jun-2026,18:26:08,0,SGX,XOB8000,XOB8000,UCM26
9812,1,104.45,1111,DINR,B,26-May-2026,18:27:09,104.45,DGCX,S-XOF8012,S-XOF8012,DINR-20260527
9812,4,104.45,1111,DINR,B,26-May-2026,18:27:09,104.45,DGCX,S-XOF8012,S-XOF8012,DINR-20260527
9819,5,104.43,1111,DINR,B,26-May-2026,18:27:52,104.45,DGCX,S-XOF8019,S-XOF8019,DINR-20260527
9819,4,104.43,1111,DINR,B,26-May-2026,18:27:52,104.45,DGCX,S-XOF8019,S-XOF8019,DINR-20260527
9819,5,104.430,1111,IUK26,S,26-May-2026,18:27:53,104.43,SGX,XOF8019,XOF8019,IUK26
9819,4,104.430,1111,IUK26,S,26-May-2026,18:27:53,104.43,SGX,XOF8019,XOF8019,IUK26
9819,2,-0.370,1111,IUK26-IUM26,B,26-May-2026,18:31:30,-0.37,SGX,XOF8019,XOF8019,IUK26-IUM26
9819,2,104.420,1111,IUK26,S,26-May-2026,18:31:30,104.43,SGX,XOF8019,XOF8019,IUK26
9819,2,104.050,1111,IUM26,B,25-Jun-2026,18:31:30,104.05,SGX,XOF8019,XOF8019,IUM26
9819,9,-0.370,1111,IUK26-IUM26,B,26-May-2026,18:32:40,-0.37,SGX,XOF8019,XOF8019,IUK26-IUM26
9819,9,104.420,1111,IUK26,S,26-May-2026,18:32:40,104.42,SGX,XOF8019,XOF8019,IUK26
9819,9,104.050,1111,IUM26,B,25-Jun-2026,18:32:40,104.05,SGX,XOF8019,XOF8019,IUM26
9817,3,104.42,1111,DINR,B,26-May-2026,18:33:51,104.42,DGCX,S-XOF8017,S-XOF8017,DINR-20260527
9818,5,104.42,1111,DINR,B,26-May-2026,18:33:51,104.42,DGCX,S-XOF8018,S-XOF8018,DINR-20260527
9818,1,104.42,1111,DINR,B,26-May-2026,18:33:51,104.42,DGCX,S-XOF8018,S-XOF8018,DINR-20260527
9817,3,104.420,1111,IUK26,S,26-May-2026,18:33:51,104.42,SGX,XOF8017,XOF8017,IUK26
9818,5,104.420,1111,IUK26,S,26-May-2026,18:33:51,104.42,SGX,XOF8018,XOF8018,IUK26
9818,1,104.420,1111,IUK26,S,26-May-2026,18:33:51,104.42,SGX,XOF8018,XOF8018,IUK26
9813,4,-0.370,1111,IUM26-IUN26,S,26-Jun-2026,18:34:51,-0.37,SGX,XOF8013,XOF8013,IUM26-IUN26
9813,4,104.060,1111,IUM26,B,25-Jun-2026,18:34:51,104.06,SGX,XOF8013,XOF8013,IUM26
9813,4,103.690,1111,IUN26,S,29-Jul-2026,18:34:51,103.69,SGX,XOF8013,XOF8013,IUN26
9812,5,104.070,1111,IUM26,S,25-Jun-2026,18:37:30,104.07,SGX,XOF8012,XOF8012,IUM26
9812,5,104.07,1111,DINR,B,25-Jun-2026,18:37:30,104.07,DGCX,S-XOF8012,S-XOF8012,DINR-20260626
9812,4,104.070,1111,IUM26,S,25-Jun-2026,18:37:33,104.07,SGX,XOF8012,XOF8012,IUM26
9812,4,104.07,1111,DINR,B,25-Jun-2026,18:37:33,104.07,DGCX,S-XOF8012,S-XOF8012,DINR-20260626
9812,1,104.070,1111,IUM26,S,25-Jun-2026,18:38:01,104.07,SGX,XOF8012,XOF8012,IUM26
9812,1,104.07,1111,DINR,B,25-Jun-2026,18:38:01,104.07,DGCX,S-XOF8012,S-XOF8012,DINR-20260626
9812,5,104.070,1111,IUM26,S,25-Jun-2026,18:38:09,104.07,SGX,XOF8012,XOF8012,IUM26
9812,3,104.07,1111,DINR,B,25-Jun-2026,18:38:09,104.07,DGCX,S-XOF8012,S-XOF8012,DINR-20260626
9000,12,-0.0131,1111,UCK26-UCM26,S,18-May-2026,18:43:42,-0.0131,SGX,XOB8000,XOB8000,UCK26-UCM26
9000,12,6.7828,1111,UCK26,B,18-May-2026,18:43:42,0,SGX,XOB8000,XOB8000,UCK26
9000,12,6.7697,1111,UCM26,S,15-Jun-2026,18:43:42,0,SGX,XOB8000,XOB8000,UCM26
9812,1,104.12,1111,DINR,B,25-Jun-2026,18:49:00,104.12,DGCX,S-XOF8012,S-XOF8012,DINR-20260626
9812,1,104.12,1111,DINR,B,25-Jun-2026,18:49:06,104.12,DGCX,S-XOF8012,S-XOF8012,DINR-20260626
9819,1,-0.370,1111,IUK26-IUM26,B,26-May-2026,18:55:08,-0.37,SGX,XOF8019,XOF8019,IUK26-IUM26
9819,1,104.100,1111,IUM26,B,25-Jun-2026,18:55:08,104.1,SGX,XOF8019,XOF8019,IUM26
9819,1,104.470,1111,IUK26,S,26-May-2026,18:55:08,104.46,SGX,XOF8019,XOF8019,IUK26
9000,1,-0.0131,1111,UCK26-UCM26,S,18-May-2026,18:57:13,-0.0131,SGX,XOB8000,XOB8000,UCK26-UCM26
9000,1,6.7828,1111,UCK26,B,18-May-2026,18:57:13,0,SGX,XOB8000,XOB8000,UCK26
9000,1,6.7697,1111,UCM26,S,15-Jun-2026,18:57:13,0,SGX,XOB8000,XOB8000,UCM26
9817,3,104.49,1111,DINR,S,26-May-2026,18:57:25,104.49,DGCX,S-XOF8017,S-XOF8017,DINR-20260527
9818,5,104.49,1111,DINR,S,26-May-2026,18:57:25,104.49,DGCX,S-XOF8018,S-XOF8018,DINR-20260527
9817,2,104.49,1111,DINR,S,26-May-2026,18:57:25,104.49,DGCX,S-XOF8017,S-XOF8017,DINR-20260527
9817,1,104.470,1111,IUK26,B,26-May-2026,18:57:25,104.47,SGX,XOF8017,XOF8017,IUK26
9817,2,104.470,1111,IUK26,B,26-May-2026,18:57:25,104.47,SGX,XOF8017,XOF8017,IUK26
9818,2,104.470,1111,IUK26,B,26-May-2026,18:57:25,104.47,SGX,XOF8018,XOF8018,IUK26
9818,3,104.470,1111,IUK26,B,26-May-2026,18:57:25,104.47,SGX,XOF8018,XOF8018,IUK26
9817,2,104.470,1111,IUK26,B,26-May-2026,18:57:25,104.47,SGX,XOF8017,XOF8017,IUK26
9000,3,-0.0131,1111,UCK26-UCM26,S,18-May-2026,18:58:46,-0.0131,SGX,XOB8000,XOB8000,UCK26-UCM26
9000,3,6.7828,1111,UCK26,B,18-May-2026,18:58:46,0,SGX,XOB8000,XOB8000,UCK26
9000,3,6.7697,1111,UCM26,S,15-Jun-2026,18:58:46,0,SGX,XOB8000,XOB8000,UCM26
9000,5,-0.0131,1111,UCK26-UCM26,S,18-May-2026,18:58:53,-0.0131,SGX,XOB8000,XOB8000,UCK26-UCM26
9000,5,6.7826,1111,UCK26,B,18-May-2026,18:58:53,0,SGX,XOB8000,XOB8000,UCK26
9000,5,6.7695,1111,UCM26,S,15-Jun-2026,18:58:53,0,SGX,XOB8000,XOB8000,UCM26
9000,5,-0.0131,1111,UCK26-UCM26,S,18-May-2026,18:58:53,-0.0131,SGX,XOB8000,XOB8000,UCK26-UCM26
9000,5,6.7826,1111,UCK26,B,18-May-2026,18:58:53,0,SGX,XOB8000,XOB8000,UCK26
9000,5,6.7695,1111,UCM26,S,15-Jun-2026,18:58:53,0,SGX,XOB8000,XOB8000,UCM26
9000,1,-0.0131,1111,UCK26-UCM26,S,18-May-2026,18:58:53,-0.0131,SGX,XOB8000,XOB8000,UCK26-UCM26
9000,1,6.7826,1111,UCK26,B,18-May-2026,18:58:53,0,SGX,XOB8000,XOB8000,UCK26
9000,1,6.7695,1111,UCM26,S,15-Jun-2026,18:58:53,0,SGX,XOB8000,XOB8000,UCM26
9817,3,104.49,1111,DINR,S,26-May-2026,18:59:26,104.49,DGCX,S-XOF8017,S-XOF8017,DINR-20260527
9817,2,104.49,1111,DINR,S,26-May-2026,18:59:26,104.49,DGCX,S-XOF8017,S-XOF8017,DINR-20260527
9817,3,104.470,1111,IUK26,B,26-May-2026,18:59:26,104.47,SGX,XOF8017,XOF8017,IUK26
9817,2,104.470,1111,IUK26,B,26-May-2026,18:59:27,104.47,SGX,XOF8017,XOF8017,IUK26
9817,2,104.46,1111,DINR,B,26-May-2026,19:00:42,104.49,DGCX,S-XOF8017,S-XOF8017,DINR-20260527
9818,2,104.46,1111,DINR,B,26-May-2026,19:00:42,104.49,DGCX,S-XOF8018,S-XOF8018,DINR-20260527
9817,2,104.460,1111,IUK26,S,26-May-2026,19:00:56,104.47,SGX,XOF8017,XOF8017,IUK26
9818,2,104.460,1111,IUK26,S,26-May-2026,19:00:56,104.47,SGX,XOF8018,XOF8018,IUK26
9819,1,-0.370,1111,IUK26-IUM26,B,26-May-2026,19:04:29,-0.37,SGX,XOF8019,XOF8019,IUK26-IUM26
9819,1,104.450,1111,IUK26,S,26-May-2026,19:04:29,104.45,SGX,XOF8019,XOF8019,IUK26
9819,1,104.080,1111,IUM26,B,25-Jun-2026,19:04:29,104.08,SGX,XOF8019,XOF8019,IUM26
9817,1,104.44,1111,DINR,B,26-May-2026,19:06:45,104.44,DGCX,S-XOF8017,S-XOF8017,DINR-20260527
9818,5,104.44,1111,DINR,B,26-May-2026,19:06:45,104.44,DGCX,S-XOF8018,S-XOF8018,DINR-20260527
9818,5,104.44,1111,DINR,B,26-May-2026,19:06:45,104.44,DGCX,S-XOF8018,S-XOF8018,DINR-20260527
9817,1,104.440,1111,IUK26,S,26-May-2026,19:06:45,104.44,SGX,XOF8017,XOF8017,IUK26
9817,2,104.44,1111,DINR,B,26-May-2026,19:06:45,104.44,DGCX,S-XOF8017,S-XOF8017,DINR-20260527
9818,5,104.440,1111,IUK26,S,26-May-2026,19:06:45,104.44,SGX,XOF8018,XOF8018,IUK26
9819,5,104.44,1111,DINR,B,26-May-2026,19:06:45,104.44,DGCX,S-XOF8019,S-XOF8019,DINR-20260527
9819,1,104.44,1111,DINR,B,26-May-2026,19:06:45,104.44,DGCX,S-XOF8019,S-XOF8019,DINR-20260527
9818,5,104.440,1111,IUK26,S,26-May-2026,19:06:49,104.44,SGX,XOF8018,XOF8018,IUK26
9817,2,104.440,1111,IUK26,S,26-May-2026,19:06:50,104.44,SGX,XOF8017,XOF8017,IUK26
9819,1,104.440,1111,IUK26,S,26-May-2026,19:06:50,104.44,SGX,XOF8019,XOF8019,IUK26
9819,2,104.440,1111,IUK26,S,26-May-2026,19:06:50,104.44,SGX,XOF8019,XOF8019,IUK26
9819,3,104.440,1111,IUK26,S,26-May-2026,19:06:50,104.44,SGX,XOF8019,XOF8019,IUK26
9812,1,-0.370,1111,IUK26-IUM26,S,26-May-2026,19:07:53,-0.37,SGX,XOF8012,XOF8012,IUK26-IUM26
9812,1,104.440,1111,IUK26,B,26-May-2026,19:07:53,104.43,SGX,XOF8012,XOF8012,IUK26
9812,1,104.070,1111,IUM26,S,25-Jun-2026,19:07:53,104.07,SGX,XOF8012,XOF8012,IUM26
9812,5,-0.370,1111,IUK26-IUM26,S,26-May-2026,19:07:53,-0.37,SGX,XOF8012,XOF8012,IUK26-IUM26
9812,5,104.440,1111,IUK26,B,26-May-2026,19:07:53,104.43,SGX,XOF8012,XOF8012,IUK26
9812,5,104.070,1111,IUM26,S,25-Jun-2026,19:07:53,104.07,SGX,XOF8012,XOF8012,IUM26
9812,20,-0.370,1111,IUK26-IUM26,S,26-May-2026,19:07:53,-0.37,SGX,XOF8012,XOF8012,IUK26-IUM26
9812,20,104.440,1111,IUK26,B,26-May-2026,19:07:53,104.43,SGX,XOF8012,XOF8012,IUK26
9812,20,104.070,1111,IUM26,S,25-Jun-2026,19:07:53,104.07,SGX,XOF8012,XOF8012,IUM26
9812,1,-0.370,1111,IUK26-IUM26,S,26-May-2026,19:07:53,-0.37,SGX,XOF8012,XOF8012,IUK26-IUM26
9812,1,104.440,1111,IUK26,B,26-May-2026,19:07:53,104.43,SGX,XOF8012,XOF8012,IUK26
9812,1,104.070,1111,IUM26,S,25-Jun-2026,19:07:53,104.07,SGX,XOF8012,XOF8012,IUM26
9812,31,-0.370,1111,IUK26-IUM26,S,26-May-2026,19:07:54,-0.37,SGX,XOF8012,XOF8012,IUK26-IUM26
9812,31,104.440,1111,IUK26,B,26-May-2026,19:07:54,104.44,SGX,XOF8012,XOF8012,IUK26
9812,31,104.070,1111,IUM26,S,25-Jun-2026,19:07:54,104.07,SGX,XOF8012,XOF8012,IUM26
9819,5,-0.370,1111,IUK26-IUM26,B,26-May-2026,19:08:11,-0.37,SGX,XOF8019,XOF8019,IUK26-IUM26
9819,5,104.440,1111,IUK26,S,26-May-2026,19:08:11,104.44,SGX,XOF8019,XOF8019,IUK26
9819,5,104.070,1111,IUM26,B,25-Jun-2026,19:08:11,104.06,SGX,XOF8019,XOF8019,IUM26
9819,5,-0.370,1111,IUK26-IUM26,B,26-May-2026,19:08:11,-0.37,SGX,XOF8019,XOF8019,IUK26-IUM26
9819,5,104.440,1111,IUK26,S,26-May-2026,19:08:11,104.44,SGX,XOF8019,XOF8019,IUK26
9819,5,104.070,1111,IUM26,B,25-Jun-2026,19:08:11,104.06,SGX,XOF8019,XOF8019,IUM26
9819,5,-0.370,1111,IUK26-IUM26,B,26-May-2026,19:08:12,-0.37,SGX,XOF8019,XOF8019,IUK26-IUM26
9819,5,104.440,1111,IUK26,S,26-May-2026,19:08:12,104.44,SGX,XOF8019,XOF8019,IUK26
9819,5,104.070,1111,IUM26,B,25-Jun-2026,19:08:12,104.06,SGX,XOF8019,XOF8019,IUM26
9819,5,-0.370,1111,IUK26-IUM26,B,26-May-2026,19:08:12,-0.37,SGX,XOF8019,XOF8019,IUK26-IUM26
9819,5,104.440,1111,IUK26,S,26-May-2026,19:08:12,104.44,SGX,XOF8019,XOF8019,IUK26
9819,5,104.070,1111,IUM26,B,25-Jun-2026,19:08:12,104.06,SGX,XOF8019,XOF8019,IUM26
9819,5,-0.370,1111,IUK26-IUM26,B,26-May-2026,19:08:12,-0.37,SGX,XOF8019,XOF8019,IUK26-IUM26
9819,5,104.440,1111,IUK26,S,26-May-2026,19:08:12,104.44,SGX,XOF8019,XOF8019,IUK26
9819,5,104.070,1111,IUM26,B,25-Jun-2026,19:08:12,104.06,SGX,XOF8019,XOF8019,IUM26
9819,5,-0.370,1111,IUK26-IUM26,B,26-May-2026,19:08:13,-0.37,SGX,XOF8019,XOF8019,IUK26-IUM26
9819,5,104.440,1111,IUK26,S,26-May-2026,19:08:13,104.44,SGX,XOF8019,XOF8019,IUK26
9819,5,104.070,1111,IUM26,B,25-Jun-2026,19:08:13,104.06,SGX,XOF8019,XOF8019,IUM26
9819,5,-0.370,1111,IUK26-IUM26,B,26-May-2026,19:08:13,-0.37,SGX,XOF8019,XOF8019,IUK26-IUM26
9819,5,104.440,1111,IUK26,S,26-May-2026,19:08:13,104.44,SGX,XOF8019,XOF8019,IUK26
9819,5,104.070,1111,IUM26,B,25-Jun-2026,19:08:13,104.06,SGX,XOF8019,XOF8019,IUM26
9819,5,-0.370,1111,IUK26-IUM26,B,26-May-2026,19:08:13,-0.37,SGX,XOF8019,XOF8019,IUK26-IUM26
9819,5,104.440,1111,IUK26,S,26-May-2026,19:08:13,104.44,SGX,XOF8019,XOF8019,IUK26
9819,5,104.070,1111,IUM26,B,25-Jun-2026,19:08:13,104.06,SGX,XOF8019,XOF8019,IUM26
9819,5,-0.370,1111,IUK26-IUM26,B,26-May-2026,19:08:14,-0.37,SGX,XOF8019,XOF8019,IUK26-IUM26
9819,5,104.440,1111,IUK26,S,26-May-2026,19:08:14,104.44,SGX,XOF8019,XOF8019,IUK26
9819,5,104.070,1111,IUM26,B,25-Jun-2026,19:08:14,104.06,SGX,XOF8019,XOF8019,IUM26
9819,5,-0.370,1111,IUK26-IUM26,B,26-May-2026,19:08:14,-0.37,SGX,XOF8019,XOF8019,IUK26-IUM26
9819,5,104.440,1111,IUK26,S,26-May-2026,19:08:14,104.44,SGX,XOF8019,XOF8019,IUK26
9819,5,104.070,1111,IUM26,B,25-Jun-2026,19:08:14,104.06,SGX,XOF8019,XOF8019,IUM26
9819,5,-0.370,1111,IUK26-IUM26,B,26-May-2026,19:08:14,-0.37,SGX,XOF8019,XOF8019,IUK26-IUM26
9819,5,104.440,1111,IUK26,S,26-May-2026,19:08:14,104.44,SGX,XOF8019,XOF8019,IUK26
9819,5,104.070,1111,IUM26,B,25-Jun-2026,19:08:14,104.06,SGX,XOF8019,XOF8019,IUM26
9819,5,-0.370,1111,IUK26-IUM26,B,26-May-2026,19:08:14,-0.37,SGX,XOF8019,XOF8019,IUK26-IUM26
9819,5,104.440,1111,IUK26,S,26-May-2026,19:08:14,104.44,SGX,XOF8019,XOF8019,IUK26
9819,5,104.070,1111,IUM26,B,25-Jun-2026,19:08:14,104.06,SGX,XOF8019,XOF8019,IUM26
9819,5,-0.370,1111,IUK26-IUM26,B,26-May-2026,19:08:18,-0.37,SGX,XOF8019,XOF8019,IUK26-IUM26
9819,5,104.430,1111,IUK26,S,26-May-2026,19:08:18,104.43,SGX,XOF8019,XOF8019,IUK26
9819,5,104.060,1111,IUM26,B,25-Jun-2026,19:08:18,104.06,SGX,XOF8019,XOF8019,IUM26
9819,5,-0.370,1111,IUK26-IUM26,B,26-May-2026,19:08:18,-0.37,SGX,XOF8019,XOF8019,IUK26-IUM26
9819,5,104.430,1111,IUK26,S,26-May-2026,19:08:18,104.43,SGX,XOF8019,XOF8019,IUK26
9819,5,104.060,1111,IUM26,B,25-Jun-2026,19:08:18,104.06,SGX,XOF8019,XOF8019,IUM26
9819,5,-0.370,1111,IUK26-IUM26,B,26-May-2026,19:08:19,-0.37,SGX,XOF8019,XOF8019,IUK26-IUM26
9819,5,104.430,1111,IUK26,S,26-May-2026,19:08:19,104.43,SGX,XOF8019,XOF8019,IUK26
9819,5,104.060,1111,IUM26,B,25-Jun-2026,19:08:19,104.06,SGX,XOF8019,XOF8019,IUM26
9819,5,-0.370,1111,IUK26-IUM26,B,26-May-2026,19:08:19,-0.37,SGX,XOF8019,XOF8019,IUK26-IUM26
9819,5,104.430,1111,IUK26,S,26-May-2026,19:08:19,104.43,SGX,XOF8019,XOF8019,IUK26
9819,5,104.060,1111,IUM26,B,25-Jun-2026,19:08:19,104.06,SGX,XOF8019,XOF8019,IUM26
9812,1,-0.370,1111,IUK26-IUM26,S,26-May-2026,19:08:30,-0.37,SGX,XOF8012,XOF8012,IUK26-IUM26
9812,1,104.420,1111,IUK26,B,26-May-2026,19:08:30,104.42,SGX,XOF8012,XOF8012,IUK26
9812,1,104.050,1111,IUM26,S,25-Jun-2026,19:08:30,104.05,SGX,XOF8012,XOF8012,IUM26
9812,5,-0.370,1111,IUK26-IUM26,B,26-May-2026,19:09:09,-0.37,SGX,XOF8012,XOF8012,IUK26-IUM26
9812,5,104.420,1111,IUK26,S,26-May-2026,19:09:09,104.41,SGX,XOF8012,XOF8012,IUK26
9812,5,104.050,1111,IUM26,B,25-Jun-2026,19:09:09,104.05,SGX,XOF8012,XOF8012,IUM26
9812,5,-0.370,1111,IUK26-IUM26,B,26-May-2026,19:09:10,-0.37,SGX,XOF8012,XOF8012,IUK26-IUM26
9812,5,104.420,1111,IUK26,S,26-May-2026,19:09:10,104.41,SGX,XOF8012,XOF8012,IUK26
9812,5,104.050,1111,IUM26,B,25-Jun-2026,19:09:10,104.05,SGX,XOF8012,XOF8012,IUM26
9812,5,-0.370,1111,IUK26-IUM26,B,26-May-2026,19:09:10,-0.37,SGX,XOF8012,XOF8012,IUK26-IUM26
9812,5,104.420,1111,IUK26,S,26-May-2026,19:09:10,104.41,SGX,XOF8012,XOF8012,IUK26
9812,5,104.050,1111,IUM26,B,25-Jun-2026,19:09:10,104.05,SGX,XOF8012,XOF8012,IUM26
9817,2,104.41,1111,DINR,B,26-May-2026,19:09:16,104.41,DGCX,S-XOF8017,S-XOF8017,DINR-20260527
9818,5,104.41,1111,DINR,B,26-May-2026,19:09:16,104.41,DGCX,S-XOF8018,S-XOF8018,DINR-20260527
9818,5,104.41,1111,DINR,B,26-May-2026,19:09:16,104.41,DGCX,S-XOF8018,S-XOF8018,DINR-20260527
9817,1,104.410,1111,IUK26,S,26-May-2026,19:09:16,104.41,SGX,XOF8017,XOF8017,IUK26
9817,1,104.410,1111,IUK26,S,26-May-2026,19:09:16,104.41,SGX,XOF8017,XOF8017,IUK26
9818,2,104.410,1111,IUK26,S,26-May-2026,19:09:16,104.41,SGX,XOF8018,XOF8018,IUK26
9818,3,104.410,1111,IUK26,S,26-May-2026,19:09:16,104.41,SGX,XOF8018,XOF8018,IUK26
9817,2,104.41,1111,DINR,B,26-May-2026,19:09:16,104.41,DGCX,S-XOF8017,S-XOF8017,DINR-20260527
9818,5,104.410,1111,IUK26,S,26-May-2026,19:09:16,104.41,SGX,XOF8018,XOF8018,IUK26
9817,2,104.410,1111,IUK26,S,26-May-2026,19:09:16,104.41,SGX,XOF8017,XOF8017,IUK26
9818,1,104.42,1111,DINR,B,26-May-2026,19:10:11,104.42,DGCX,S-XOF8018,S-XOF8018,DINR-20260527
9818,1,104.420,1111,IUK26,S,26-May-2026,19:10:12,104.43,SGX,XOF8018,XOF8018,IUK26
9812,5,-0.370,1111,IUK26-IUM26,S,26-May-2026,19:10:24,-0.37,SGX,XOF8012,XOF8012,IUK26-IUM26
9812,5,104.430,1111,IUK26,B,26-May-2026,19:10:24,104.42,SGX,XOF8012,XOF8012,IUK26
9812,5,104.060,1111,IUM26,S,25-Jun-2026,19:10:24,104.05,SGX,XOF8012,XOF8012,IUM26
9812,5,-0.370,1111,IUK26-IUM26,S,26-May-2026,19:10:25,-0.37,SGX,XOF8012,XOF8012,IUK26-IUM26
9812,5,104.430,1111,IUK26,B,26-May-2026,19:10:25,104.42,SGX,XOF8012,XOF8012,IUK26
9812,5,104.060,1111,IUM26,S,25-Jun-2026,19:10:25,104.05,SGX,XOF8012,XOF8012,IUM26
9812,5,-0.370,1111,IUK26-IUM26,S,26-May-2026,19:10:25,-0.37,SGX,XOF8012,XOF8012,IUK26-IUM26
9812,5,104.430,1111,IUK26,B,26-May-2026,19:10:25,104.42,SGX,XOF8012,XOF8012,IUK26
9812,5,104.060,1111,IUM26,S,25-Jun-2026,19:10:25,104.05,SGX,XOF8012,XOF8012,IUM26
9812,5,-0.370,1111,IUK26-IUM26,S,26-May-2026,19:10:26,-0.37,SGX,XOF8012,XOF8012,IUK26-IUM26
9812,5,104.430,1111,IUK26,B,26-May-2026,19:10:26,104.42,SGX,XOF8012,XOF8012,IUK26
9812,5,104.060,1111,IUM26,S,25-Jun-2026,19:10:26,104.05,SGX,XOF8012,XOF8012,IUM26
9812,5,-0.370,1111,IUK26-IUM26,S,26-May-2026,19:10:26,-0.37,SGX,XOF8012,XOF8012,IUK26-IUM26
9812,5,104.430,1111,IUK26,B,26-May-2026,19:10:26,104.42,SGX,XOF8012,XOF8012,IUK26
9812,5,104.060,1111,IUM26,S,25-Jun-2026,19:10:26,104.05,SGX,XOF8012,XOF8012,IUM26
9812,5,-0.370,1111,IUK26-IUM26,S,26-May-2026,19:10:26,-0.37,SGX,XOF8012,XOF8012,IUK26-IUM26
9812,5,104.430,1111,IUK26,B,26-May-2026,19:10:26,104.42,SGX,XOF8012,XOF8012,IUK26
9812,5,104.060,1111,IUM26,S,25-Jun-2026,19:10:26,104.05,SGX,XOF8012,XOF8012,IUM26
9812,5,-0.370,1111,IUK26-IUM26,S,26-May-2026,19:10:26,-0.37,SGX,XOF8012,XOF8012,IUK26-IUM26
9812,5,104.430,1111,IUK26,B,26-May-2026,19:10:26,104.42,SGX,XOF8012,XOF8012,IUK26
9812,5,104.060,1111,IUM26,S,25-Jun-2026,19:10:26,104.05,SGX,XOF8012,XOF8012,IUM26
9812,5,-0.370,1111,IUK26-IUM26,S,26-May-2026,19:10:26,-0.37,SGX,XOF8012,XOF8012,IUK26-IUM26
9812,5,104.430,1111,IUK26,B,26-May-2026,19:10:26,104.42,SGX,XOF8012,XOF8012,IUK26
9812,5,104.060,1111,IUM26,S,25-Jun-2026,19:10:26,104.05,SGX,XOF8012,XOF8012,IUM26
9812,5,-0.370,1111,IUK26-IUM26,S,26-May-2026,19:10:27,-0.37,SGX,XOF8012,XOF8012,IUK26-IUM26
9812,5,104.430,1111,IUK26,B,26-May-2026,19:10:27,104.42,SGX,XOF8012,XOF8012,IUK26
9812,5,104.060,1111,IUM26,S,25-Jun-2026,19:10:27,104.05,SGX,XOF8012,XOF8012,IUM26
9812,5,-0.370,1111,IUK26-IUM26,S,26-May-2026,19:10:27,-0.37,SGX,XOF8012,XOF8012,IUK26-IUM26
9812,5,104.430,1111,IUK26,B,26-May-2026,19:10:27,104.42,SGX,XOF8012,XOF8012,IUK26
9812,5,104.060,1111,IUM26,S,25-Jun-2026,19:10:27,104.05,SGX,XOF8012,XOF8012,IUM26
9812,1,-0.370,1111,IUK26-IUM26,S,26-May-2026,19:10:44,-0.37,SGX,XOF8012,XOF8012,IUK26-IUM26
9812,1,104.420,1111,IUK26,B,26-May-2026,19:10:44,104.42,SGX,XOF8012,XOF8012,IUK26
9812,1,104.050,1111,IUM26,S,25-Jun-2026,19:10:44,104.05,SGX,XOF8012,XOF8012,IUM26
9819,5,-0.370,1111,IUK26-IUM26,B,26-May-2026,19:10:51,-0.37,SGX,XOF8019,XOF8019,IUK26-IUM26
9819,5,104.420,1111,IUK26,S,26-May-2026,19:10:51,104.42,SGX,XOF8019,XOF8019,IUK26
9819,5,104.050,1111,IUM26,B,25-Jun-2026,19:10:51,104.05,SGX,XOF8019,XOF8019,IUM26
9819,5,-0.370,1111,IUK26-IUM26,B,26-May-2026,19:10:53,-0.37,SGX,XOF8019,XOF8019,IUK26-IUM26
9819,5,104.420,1111,IUK26,S,26-May-2026,19:10:53,104.42,SGX,XOF8019,XOF8019,IUK26
9819,5,104.050,1111,IUM26,B,25-Jun-2026,19:10:53,104.05,SGX,XOF8019,XOF8019,IUM26
9819,5,-0.370,1111,IUK26-IUM26,B,26-May-2026,19:10:53,-0.37,SGX,XOF8019,XOF8019,IUK26-IUM26
9819,5,104.420,1111,IUK26,S,26-May-2026,19:10:53,104.42,SGX,XOF8019,XOF8019,IUK26
9819,5,104.050,1111,IUM26,B,25-Jun-2026,19:10:53,104.05,SGX,XOF8019,XOF8019,IUM26
9819,5,-0.370,1111,IUK26-IUM26,B,26-May-2026,19:10:54,-0.37,SGX,XOF8019,XOF8019,IUK26-IUM26
9819,5,104.420,1111,IUK26,S,26-May-2026,19:10:54,104.42,SGX,XOF8019,XOF8019,IUK26
9819,5,104.050,1111,IUM26,B,25-Jun-2026,19:10:54,104.05,SGX,XOF8019,XOF8019,IUM26
9819,5,-0.370,1111,IUK26-IUM26,B,26-May-2026,19:10:54,-0.37,SGX,XOF8019,XOF8019,IUK26-IUM26
9819,5,104.420,1111,IUK26,S,26-May-2026,19:10:54,104.42,SGX,XOF8019,XOF8019,IUK26
9819,5,104.050,1111,IUM26,B,25-Jun-2026,19:10:54,104.05,SGX,XOF8019,XOF8019,IUM26
9819,5,-0.370,1111,IUK26-IUM26,B,26-May-2026,19:10:54,-0.37,SGX,XOF8019,XOF8019,IUK26-IUM26
9819,5,104.420,1111,IUK26,S,26-May-2026,19:10:54,104.42,SGX,XOF8019,XOF8019,IUK26
9819,5,104.050,1111,IUM26,B,25-Jun-2026,19:10:54,104.05,SGX,XOF8019,XOF8019,IUM26
9819,1,-0.370,1111,IUK26-IUM26,B,26-May-2026,19:10:54,-0.37,SGX,XOF8019,XOF8019,IUK26-IUM26
9819,1,104.420,1111,IUK26,S,26-May-2026,19:10:54,104.42,SGX,XOF8019,XOF8019,IUK26
9819,1,104.050,1111,IUM26,B,25-Jun-2026,19:10:54,104.05,SGX,XOF8019,XOF8019,IUM26
9819,5,-0.370,1111,IUK26-IUM26,B,26-May-2026,19:10:55,-0.37,SGX,XOF8019,XOF8019,IUK26-IUM26
9819,5,104.420,1111,IUK26,S,26-May-2026,19:10:55,104.42,SGX,XOF8019,XOF8019,IUK26
9819,5,104.050,1111,IUM26,B,25-Jun-2026,19:10:55,104.05,SGX,XOF8019,XOF8019,IUM26
9819,5,-0.370,1111,IUK26-IUM26,B,26-May-2026,19:11:18,-0.37,SGX,XOF8019,XOF8019,IUK26-IUM26
9819,5,104.420,1111,IUK26,S,26-May-2026,19:11:18,104.42,SGX,XOF8019,XOF8019,IUK26
9819,5,104.050,1111,IUM26,B,25-Jun-2026,19:11:18,104.05,SGX,XOF8019,XOF8019,IUM26
9819,5,-0.370,1111,IUK26-IUM26,B,26-May-2026,19:11:19,-0.37,SGX,XOF8019,XOF8019,IUK26-IUM26
9819,5,104.420,1111,IUK26,S,26-May-2026,19:11:19,104.42,SGX,XOF8019,XOF8019,IUK26
9819,5,104.050,1111,IUM26,B,25-Jun-2026,19:11:19,104.05,SGX,XOF8019,XOF8019,IUM26
9819,5,-0.370,1111,IUK26-IUM26,B,26-May-2026,19:11:36,-0.37,SGX,XOF8019,XOF8019,IUK26-IUM26
9819,5,104.420,1111,IUK26,S,26-May-2026,19:11:36,104.42,SGX,XOF8019,XOF8019,IUK26
9819,5,104.050,1111,IUM26,B,25-Jun-2026,19:11:36,104.04,SGX,XOF8019,XOF8019,IUM26
9819,5,-0.370,1111,IUK26-IUM26,B,26-May-2026,19:11:36,-0.37,SGX,XOF8019,XOF8019,IUK26-IUM26
9819,5,104.420,1111,IUK26,S,26-May-2026,19:11:36,104.42,SGX,XOF8019,XOF8019,IUK26
9819,5,104.050,1111,IUM26,B,25-Jun-2026,19:11:36,104.04,SGX,XOF8019,XOF8019,IUM26
9819,5,-0.370,1111,IUK26-IUM26,B,26-May-2026,19:11:37,-0.37,SGX,XOF8019,XOF8019,IUK26-IUM26
9819,5,104.420,1111,IUK26,S,26-May-2026,19:11:37,104.41,SGX,XOF8019,XOF8019,IUK26
9819,5,104.050,1111,IUM26,B,25-Jun-2026,19:11:37,104.05,SGX,XOF8019,XOF8019,IUM26
9819,5,-0.370,1111,IUK26-IUM26,B,26-May-2026,19:11:38,-0.37,SGX,XOF8019,XOF8019,IUK26-IUM26
9819,5,104.420,1111,IUK26,S,26-May-2026,19:11:38,104.41,SGX,XOF8019,XOF8019,IUK26
9819,5,104.050,1111,IUM26,B,25-Jun-2026,19:11:38,104.05,SGX,XOF8019,XOF8019,IUM26
9819,2,-0.370,1111,IUK26-IUM26,B,26-May-2026,19:11:48,-0.37,SGX,XOF8019,XOF8019,IUK26-IUM26
9819,2,104.410,1111,IUK26,S,26-May-2026,19:11:48,104.41,SGX,XOF8019,XOF8019,IUK26
9819,2,104.040,1111,IUM26,B,25-Jun-2026,19:11:48,104.04,SGX,XOF8019,XOF8019,IUM26
9817,1,104.41,1111,DINR,B,26-May-2026,19:12:47,104.41,DGCX,S-XOF8017,S-XOF8017,DINR-20260527
9817,1,104.410,1111,IUK26,S,26-May-2026,19:12:47,104.41,SGX,XOF8017,XOF8017,IUK26
9000,1,-0.0131,1111,UCK26-UCM26,S,18-May-2026,19:15:39,-0.0131,SGX,XOB8000,XOB8000,UCK26-UCM26
9000,1,6.7831,1111,UCK26,B,18-May-2026,19:15:39,0,SGX,XOB8000,XOB8000,UCK26
9000,1,6.7700,1111,UCM26,S,15-Jun-2026,19:15:39,0,SGX,XOB8000,XOB8000,UCM26
9000,2,-0.0131,1111,UCK26-UCM26,S,18-May-2026,19:17:00,-0.0131,SGX,XOB8000,XOB8000,UCK26-UCM26
9000,2,6.7825,1111,UCK26,B,18-May-2026,19:17:00,0,SGX,XOB8000,XOB8000,UCK26
9000,2,6.7694,1111,UCM26,S,15-Jun-2026,19:17:00,0,SGX,XOB8000,XOB8000,UCM26
9000,5,-0.0131,1111,UCK26-UCM26,S,18-May-2026,19:18:23,-0.0131,SGX,XOB8000,XOB8000,UCK26-UCM26
9000,5,6.7826,1111,UCK26,B,18-May-2026,19:18:23,0,SGX,XOB8000,XOB8000,UCK26
9000,5,6.7695,1111,UCM26,S,15-Jun-2026,19:18:23,0,SGX,XOB8000,XOB8000,UCM26
9000,3,-0.0131,1111,UCK26-UCM26,S,18-May-2026,19:20:56,-0.0131,SGX,XOB8000,XOB8000,UCK26-UCM26
9000,3,6.7832,1111,UCK26,B,18-May-2026,19:20:56,0,SGX,XOB8000,XOB8000,UCK26
9000,3,6.7701,1111,UCM26,S,15-Jun-2026,19:20:56,0,SGX,XOB8000,XOB8000,UCM26
9000,4,-0.0131,1111,UCK26-UCM26,S,18-May-2026,19:20:56,-0.0131,SGX,XOB8000,XOB8000,UCK26-UCM26
9000,4,6.7832,1111,UCK26,B,18-May-2026,19:20:56,0,SGX,XOB8000,XOB8000,UCK26
9000,4,6.7701,1111,UCM26,S,15-Jun-2026,19:20:56,0,SGX,XOB8000,XOB8000,UCM26
9000,2,-0.0131,1111,UCK26-UCM26,S,18-May-2026,19:20:56,-0.0131,SGX,XOB8000,XOB8000,UCK26-UCM26
9000,2,6.7832,1111,UCK26,B,18-May-2026,19:20:56,0,SGX,XOB8000,XOB8000,UCK26
9000,2,6.7701,1111,UCM26,S,15-Jun-2026,19:20:56,0,SGX,XOB8000,XOB8000,UCM26
9812,5,104.450,1111,IUK26,S,26-May-2026,19:21:00,104.45,SGX,XOF8012,XOF8012,IUK26
9812,5,104.45,1111,DINR,B,26-May-2026,19:21:00,104.45,DGCX,S-XOF8012,S-XOF8012,DINR-20260527
9000,3,-0.0131,1111,UCK26-UCM26,S,18-May-2026,19:22:00,-0.0131,SGX,XOB8000,XOB8000,UCK26-UCM26
9000,3,6.7832,1111,UCK26,B,18-May-2026,19:22:00,0,SGX,XOB8000,XOB8000,UCK26
9000,3,6.7701,1111,UCM26,S,15-Jun-2026,19:22:00,0,SGX,XOB8000,XOB8000,UCM26
9000,3,-0.0131,1111,UCK26-UCM26,S,18-May-2026,19:22:00,-0.0131,SGX,XOB8000,XOB8000,UCK26-UCM26
9000,3,6.7832,1111,UCK26,B,18-May-2026,19:22:00,0,SGX,XOB8000,XOB8000,UCK26
9000,3,6.7701,1111,UCM26,S,15-Jun-2026,19:22:00,0,SGX,XOB8000,XOB8000,UCM26
9000,3,-0.0131,1111,UCK26-UCM26,S,18-May-2026,19:22:00,-0.0131,SGX,XOB8000,XOB8000,UCK26-UCM26
9000,3,6.7832,1111,UCK26,B,18-May-2026,19:22:00,0,SGX,XOB8000,XOB8000,UCK26
9000,3,6.7701,1111,UCM26,S,15-Jun-2026,19:22:00,0,SGX,XOB8000,XOB8000,UCM26
9817,2,104.44,1111,DINR,B,26-May-2026,19:22:40,104.44,DGCX,S-XOF8017,S-XOF8017,DINR-20260527
9818,5,104.44,1111,DINR,B,26-May-2026,19:22:40,104.44,DGCX,S-XOF8018,S-XOF8018,DINR-20260527
9818,2,104.44,1111,DINR,B,26-May-2026,19:22:40,104.44,DGCX,S-XOF8018,S-XOF8018,DINR-20260527
9817,2,104.440,1111,IUK26,S,26-May-2026,19:22:40,104.44,SGX,XOF8017,XOF8017,IUK26
9818,5,104.440,1111,IUK26,S,26-May-2026,19:22:40,104.44,SGX,XOF8018,XOF8018,IUK26
9818,2,104.440,1111,IUK26,S,26-May-2026,19:22:40,104.44,SGX,XOF8018,XOF8018,IUK26
9818,5,104.44,1111,DINR,B,26-May-2026,19:24:24,104.44,DGCX,S-XOF8018,S-XOF8018,DINR-20260527
9818,2,104.44,1111,DINR,B,26-May-2026,19:24:24,104.44,DGCX,S-XOF8018,S-XOF8018,DINR-20260527
9818,5,104.440,1111,IUK26,S,26-May-2026,19:24:24,104.44,SGX,XOF8018,XOF8018,IUK26
9818,1,104.440,1111,IUK26,S,26-May-2026,19:24:24,104.44,SGX,XOF8018,XOF8018,IUK26
9818,1,104.440,1111,IUK26,S,26-May-2026,19:24:24,104.44,SGX,XOF8018,XOF8018,IUK26
9818,2,104.44,1111,DINR,B,26-May-2026,19:25:13,104.46,DGCX,S-XOF8018,S-XOF8018,DINR-20260527
9817,2,104.44,1111,DINR,B,26-May-2026,19:25:13,104.46,DGCX,S-XOF8017,S-XOF8017,DINR-20260527
9818,2,104.440,1111,IUK26,S,26-May-2026,19:25:13,104.45,SGX,XOF8018,XOF8018,IUK26
9817,2,104.440,1111,IUK26,S,26-May-2026,19:25:13,104.45,SGX,XOF8017,XOF8017,IUK26
9000,1,-0.0131,1111,UCK26-UCM26,S,18-May-2026,19:30:57,-0.0131,SGX,XOB8000,XOB8000,UCK26-UCM26
9000,1,6.7842,1111,UCK26,B,18-May-2026,19:30:57,0,SGX,XOB8000,XOB8000,UCK26
9000,1,6.7711,1111,UCM26,S,15-Jun-2026,19:30:57,0,SGX,XOB8000,XOB8000,UCM26
9000,1,-0.0131,1111,UCK26-UCM26,S,18-May-2026,19:32:02,-0.0131,SGX,XOB8000,XOB8000,UCK26-UCM26
9000,1,6.7840,1111,UCK26,B,18-May-2026,19:32:02,0,SGX,XOB8000,XOB8000,UCK26
9000,1,6.7709,1111,UCM26,S,15-Jun-2026,19:32:02,0,SGX,XOB8000,XOB8000,UCM26
9000,4,-0.0131,1111,UCK26-UCM26,S,18-May-2026,19:33:00,-0.0131,SGX,XOB8000,XOB8000,UCK26-UCM26
9000,4,6.7838,1111,UCK26,B,18-May-2026,19:33:00,0,SGX,XOB8000,XOB8000,UCK26
9000,4,6.7707,1111,UCM26,S,15-Jun-2026,19:33:00,0,SGX,XOB8000,XOB8000,UCM26
9000,1,-0.0131,1111,UCK26-UCM26,S,18-May-2026,19:34:34,-0.0131,SGX,XOB8000,XOB8000,UCK26-UCM26
9000,1,6.7838,1111,UCK26,B,18-May-2026,19:34:34,0,SGX,XOB8000,XOB8000,UCK26
9000,1,6.7707,1111,UCM26,S,15-Jun-2026,19:34:34,0,SGX,XOB8000,XOB8000,UCM26
9812,5,104.130,1111,IUM26,S,25-Jun-2026,19:35:07,104.13,SGX,XOF8012,XOF8012,IUM26
9812,2,104.14,1111,DINR,B,25-Jun-2026,19:35:35,104.14,DGCX,S-XOF8012,S-XOF8012,DINR-20260626
9812,1,104.14,1111,DINR,B,25-Jun-2026,19:35:35,104.14,DGCX,S-XOF8012,S-XOF8012,DINR-20260626
9812,2,104.14,1111,DINR,B,25-Jun-2026,19:35:35,104.14,DGCX,S-XOF8012,S-XOF8012,DINR-20260626
9000,56,-0.0132,1111,UCK26-UCM26,S,18-May-2026,19:35:58,-0.0132,SGX,XOB8000,XOB8000,UCK26-UCM26
9000,56,6.7838,1111,UCK26,B,18-May-2026,19:35:58,0,SGX,XOB8000,XOB8000,UCK26
9000,56,6.7706,1111,UCM26,S,15-Jun-2026,19:35:58,0,SGX,XOB8000,XOB8000,UCM26
9000,5,-0.0132,1111,UCK26-UCM26,S,18-May-2026,19:35:58,-0.0132,SGX,XOB8000,XOB8000,UCK26-UCM26
9000,5,6.7838,1111,UCK26,B,18-May-2026,19:35:58,0,SGX,XOB8000,XOB8000,UCK26
9000,5,6.7706,1111,UCM26,S,15-Jun-2026,19:35:58,0,SGX,XOB8000,XOB8000,UCM26
9000,1,-0.0132,1111,UCK26-UCM26,S,18-May-2026,19:35:58,-0.0132,SGX,XOB8000,XOB8000,UCK26-UCM26
9000,1,6.7838,1111,UCK26,B,18-May-2026,19:35:58,0,SGX,XOB8000,XOB8000,UCK26
9000,1,6.7706,1111,UCM26,S,15-Jun-2026,19:35:58,0,SGX,XOB8000,XOB8000,UCM26
9000,1,-0.0132,1111,UCK26-UCM26,S,18-May-2026,19:35:58,-0.0132,SGX,XOB8000,XOB8000,UCK26-UCM26
9000,1,6.7838,1111,UCK26,B,18-May-2026,19:35:58,0,SGX,XOB8000,XOB8000,UCK26
9000,1,6.7706,1111,UCM26,S,15-Jun-2026,19:35:58,0,SGX,XOB8000,XOB8000,UCM26
9000,6,-0.0132,1111,UCK26-UCM26,S,18-May-2026,19:35:58,-0.0132,SGX,XOB8000,XOB8000,UCK26-UCM26
9000,6,6.7838,1111,UCK26,B,18-May-2026,19:35:58,0,SGX,XOB8000,XOB8000,UCK26
9000,6,6.7706,1111,UCM26,S,15-Jun-2026,19:35:58,0,SGX,XOB8000,XOB8000,UCM26
9000,1,-0.0132,1111,UCK26-UCM26,S,18-May-2026,19:35:58,-0.0132,SGX,XOB8000,XOB8000,UCK26-UCM26
9000,1,6.7838,1111,UCK26,B,18-May-2026,19:35:58,0,SGX,XOB8000,XOB8000,UCK26
9000,1,6.7706,1111,UCM26,S,15-Jun-2026,19:35:58,0,SGX,XOB8000,XOB8000,UCM26
9000,1,-0.0132,1111,UCK26-UCM26,S,18-May-2026,19:35:58,-0.0132,SGX,XOB8000,XOB8000,UCK26-UCM26
9000,1,6.7838,1111,UCK26,B,18-May-2026,19:35:58,0,SGX,XOB8000,XOB8000,UCK26
9000,1,6.7706,1111,UCM26,S,15-Jun-2026,19:35:58,0,SGX,XOB8000,XOB8000,UCM26
9000,1,-0.0132,1111,UCK26-UCM26,S,18-May-2026,19:35:58,-0.0132,SGX,XOB8000,XOB8000,UCK26-UCM26
9000,1,6.7838,1111,UCK26,B,18-May-2026,19:35:58,0,SGX,XOB8000,XOB8000,UCK26
9000,1,6.7706,1111,UCM26,S,15-Jun-2026,19:35:58,0,SGX,XOB8000,XOB8000,UCM26
9000,2,-0.0132,1111,UCK26-UCM26,S,18-May-2026,19:35:58,-0.0132,SGX,XOB8000,XOB8000,UCK26-UCM26
9000,2,6.7838,1111,UCK26,B,18-May-2026,19:35:58,0,SGX,XOB8000,XOB8000,UCK26
9000,2,6.7706,1111,UCM26,S,15-Jun-2026,19:35:58,0,SGX,XOB8000,XOB8000,UCM26
9000,14,-0.0132,1111,UCK26-UCM26,S,18-May-2026,19:35:58,-0.0132,SGX,XOB8000,XOB8000,UCK26-UCM26
9000,14,6.7839,1111,UCK26,B,18-May-2026,19:35:58,0,SGX,XOB8000,XOB8000,UCK26
9000,14,6.7707,1111,UCM26,S,15-Jun-2026,19:35:58,0,SGX,XOB8000,XOB8000,UCM26
9000,1,-0.0132,1111,UCK26-UCM26,S,18-May-2026,19:35:58,-0.0132,SGX,XOB8000,XOB8000,UCK26-UCM26
9000,1,6.7838,1111,UCK26,B,18-May-2026,19:35:58,0,SGX,XOB8000,XOB8000,UCK26
9000,1,6.7706,1111,UCM26,S,15-Jun-2026,19:35:58,0,SGX,XOB8000,XOB8000,UCM26
9000,7,-0.0132,1111,UCK26-UCM26,S,18-May-2026,19:35:58,-0.0132,SGX,XOB8000,XOB8000,UCK26-UCM26
9000,7,6.7838,1111,UCK26,B,18-May-2026,19:35:58,0,SGX,XOB8000,XOB8000,UCK26
9000,7,6.7706,1111,UCM26,S,15-Jun-2026,19:35:58,0,SGX,XOB8000,XOB8000,UCM26
9000,7,-0.0132,1111,UCK26-UCM26,S,18-May-2026,19:35:58,-0.0132,SGX,XOB8000,XOB8000,UCK26-UCM26
9000,7,6.7838,1111,UCK26,B,18-May-2026,19:35:58,0,SGX,XOB8000,XOB8000,UCK26
9000,7,6.7706,1111,UCM26,S,15-Jun-2026,19:35:58,0,SGX,XOB8000,XOB8000,UCM26
9000,1,-0.0132,1111,UCK26-UCM26,S,18-May-2026,19:35:58,-0.0132,SGX,XOB8000,XOB8000,UCK26-UCM26
9000,1,6.7838,1111,UCK26,B,18-May-2026,19:35:58,0,SGX,XOB8000,XOB8000,UCK26
9000,1,6.7706,1111,UCM26,S,15-Jun-2026,19:35:58,0,SGX,XOB8000,XOB8000,UCM26
9000,1,-0.0132,1111,UCK26-UCM26,S,18-May-2026,19:35:58,-0.0132,SGX,XOB8000,XOB8000,UCK26-UCM26
9000,1,6.7838,1111,UCK26,B,18-May-2026,19:35:58,0,SGX,XOB8000,XOB8000,UCK26
9000,1,6.7706,1111,UCM26,S,15-Jun-2026,19:35:58,0,SGX,XOB8000,XOB8000,UCM26
9000,1,-0.0132,1111,UCK26-UCM26,S,18-May-2026,19:35:58,-0.0132,SGX,XOB8000,XOB8000,UCK26-UCM26
9000,1,6.7838,1111,UCK26,B,18-May-2026,19:35:58,0,SGX,XOB8000,XOB8000,UCK26
9000,1,6.7706,1111,UCM26,S,15-Jun-2026,19:35:58,0,SGX,XOB8000,XOB8000,UCM26
9000,1,-0.0132,1111,UCK26-UCM26,S,18-May-2026,19:35:58,-0.0132,SGX,XOB8000,XOB8000,UCK26-UCM26
9000,1,6.7838,1111,UCK26,B,18-May-2026,19:35:58,0,SGX,XOB8000,XOB8000,UCK26
9000,1,6.7706,1111,UCM26,S,15-Jun-2026,19:35:58,0,SGX,XOB8000,XOB8000,UCM26
9000,1,-0.0132,1111,UCK26-UCM26,S,18-May-2026,19:35:58,-0.0132,SGX,XOB8000,XOB8000,UCK26-UCM26
9000,1,6.7838,1111,UCK26,B,18-May-2026,19:35:58,0,SGX,XOB8000,XOB8000,UCK26
9000,1,6.7706,1111,UCM26,S,15-Jun-2026,19:35:58,0,SGX,XOB8000,XOB8000,UCM26
9000,1,-0.0132,1111,UCK26-UCM26,S,18-May-2026,19:35:59,-0.0132,SGX,XOB8000,XOB8000,UCK26-UCM26
9000,1,6.7838,1111,UCK26,B,18-May-2026,19:35:59,0,SGX,XOB8000,XOB8000,UCK26
9000,1,6.7706,1111,UCM26,S,15-Jun-2026,19:35:59,0,SGX,XOB8000,XOB8000,UCM26
9000,1,-0.0132,1111,UCK26-UCM26,S,18-May-2026,19:36:04,-0.0132,SGX,XOB8000,XOB8000,UCK26-UCM26
9000,1,6.7838,1111,UCK26,B,18-May-2026,19:36:04,0,SGX,XOB8000,XOB8000,UCK26
9000,1,6.7706,1111,UCM26,S,15-Jun-2026,19:36:04,0,SGX,XOB8000,XOB8000,UCM26
9000,1,-0.0132,1111,UCK26-UCM26,S,18-May-2026,19:36:04,-0.0132,SGX,XOB8000,XOB8000,UCK26-UCM26
9000,1,6.7838,1111,UCK26,B,18-May-2026,19:36:04,0,SGX,XOB8000,XOB8000,UCK26
9000,1,6.7706,1111,UCM26,S,15-Jun-2026,19:36:04,0,SGX,XOB8000,XOB8000,UCM26
9000,5,-0.0132,1111,UCK26-UCM26,S,18-May-2026,19:36:04,-0.0132,SGX,XOB8000,XOB8000,UCK26-UCM26
9000,5,6.7838,1111,UCK26,B,18-May-2026,19:36:04,0,SGX,XOB8000,XOB8000,UCK26
9000,5,6.7706,1111,UCM26,S,15-Jun-2026,19:36:04,0,SGX,XOB8000,XOB8000,UCM26
9000,1,-0.0132,1111,UCK26-UCM26,S,18-May-2026,19:36:04,-0.0132,SGX,XOB8000,XOB8000,UCK26-UCM26
9000,1,6.7838,1111,UCK26,B,18-May-2026,19:36:04,0,SGX,XOB8000,XOB8000,UCK26
9000,1,6.7706,1111,UCM26,S,15-Jun-2026,19:36:04,0,SGX,XOB8000,XOB8000,UCM26
9000,1,-0.0132,1111,UCK26-UCM26,S,18-May-2026,19:36:10,-0.0132,SGX,XOB8000,XOB8000,UCK26-UCM26
9000,1,6.7839,1111,UCK26,B,18-May-2026,19:36:10,0,SGX,XOB8000,XOB8000,UCK26
9000,1,6.7707,1111,UCM26,S,15-Jun-2026,19:36:10,0,SGX,XOB8000,XOB8000,UCM26
9000,17,-0.0132,1111,UCK26-UCM26,S,18-May-2026,19:36:11,-0.0132,SGX,XOB8000,XOB8000,UCK26-UCM26
9000,17,6.7707,1111,UCM26,S,15-Jun-2026,19:36:11,0,SGX,XOB8000,XOB8000,UCM26
9000,17,6.7839,1111,UCK26,B,18-May-2026,19:36:11,0,SGX,XOB8000,XOB8000,UCK26
9812,5,104.150,1111,IUM26,S,25-Jun-2026,19:36:50,104.15,SGX,XOF8012,XOF8012,IUM26
9812,3,104.16,1111,DINR,B,25-Jun-2026,19:36:50,104.16,DGCX,S-XOF8012,S-XOF8012,DINR-20260626
9818,4,104.54,1111,DINR,S,26-May-2026,19:37:05,104.54,DGCX,S-XOF8018,S-XOF8018,DINR-20260527
9818,1,104.520,1111,IUK26,B,26-May-2026,19:37:13,104.52,SGX,XOF8018,XOF8018,IUK26
9818,1,104.520,1111,IUK26,B,26-May-2026,19:37:13,104.52,SGX,XOF8018,XOF8018,IUK26
9818,1,104.520,1111,IUK26,B,26-May-2026,19:37:20,104.52,SGX,XOF8018,XOF8018,IUK26
9818,1,104.520,1111,IUK26,B,26-May-2026,19:37:20,104.52,SGX,XOF8018,XOF8018,IUK26
9819,5,104.61,1111,DINR,B,26-May-2026,19:40:21,104.61,DGCX,S-XOF8019,S-XOF8019,DINR-20260527
9819,5,104.61,1111,DINR,B,26-May-2026,19:40:21,104.61,DGCX,S-XOF8019,S-XOF8019,DINR-20260527
9819,5,104.61,1111,DINR,B,26-May-2026,19:40:21,104.61,DGCX,S-XOF8019,S-XOF8019,DINR-20260527
9819,2,104.610,1111,IUK26,S,26-May-2026,19:40:21,104.61,SGX,XOF8019,XOF8019,IUK26
9819,2,104.610,1111,IUK26,S,26-May-2026,19:40:21,104.61,SGX,XOF8019,XOF8019,IUK26
9819,1,104.610,1111,IUK26,S,26-May-2026,19:40:21,104.61,SGX,XOF8019,XOF8019,IUK26
9819,5,104.610,1111,IUK26,S,26-May-2026,19:40:21,104.61,SGX,XOF8019,XOF8019,IUK26
9819,5,104.610,1111,IUK26,S,26-May-2026,19:40:21,104.61,SGX,XOF8019,XOF8019,IUK26
9817,1,104.61,1111,DINR,B,26-May-2026,19:40:59,104.61,DGCX,S-XOF8017,S-XOF8017,DINR-20260527
9819,5,104.61,1111,DINR,B,26-May-2026,19:40:59,104.61,DGCX,S-XOF8019,S-XOF8019,DINR-20260527
9819,5,104.61,1111,DINR,B,26-May-2026,19:40:59,104.61,DGCX,S-XOF8019,S-XOF8019,DINR-20260527
9817,2,104.61,1111,DINR,B,26-May-2026,19:40:59,104.61,DGCX,S-XOF8017,S-XOF8017,DINR-20260527
9818,5,104.61,1111,DINR,B,26-May-2026,19:40:59,104.61,DGCX,S-XOF8018,S-XOF8018,DINR-20260527
9818,5,104.61,1111,DINR,B,26-May-2026,19:40:59,104.61,DGCX,S-XOF8018,S-XOF8018,DINR-20260527
9817,1,104.610,1111,IUK26,S,26-May-2026,19:41:05,104.61,SGX,XOF8017,XOF8017,IUK26
9819,5,104.610,1111,IUK26,S,26-May-2026,19:41:05,104.61,SGX,XOF8019,XOF8019,IUK26
9816,9,-0.360,1111,IUK26-IUM26,S,26-May-2026,19:41:13,-0.36,SGX,XOF8016,XOF8016,IUK26-IUM26
9816,9,104.600,1111,IUK26,B,26-May-2026,19:41:13,104.6,SGX,XOF8016,XOF8016,IUK26
9816,9,104.240,1111,IUM26,S,25-Jun-2026,19:41:13,104.24,SGX,XOF8016,XOF8016,IUM26
9816,7,-0.360,1111,IUK26-IUM26,S,26-May-2026,19:41:18,-0.36,SGX,XOF8016,XOF8016,IUK26-IUM26
9816,7,104.590,1111,IUK26,B,26-May-2026,19:41:18,104.58,SGX,XOF8016,XOF8016,IUK26
9816,7,104.230,1111,IUM26,S,25-Jun-2026,19:41:18,104.22,SGX,XOF8016,XOF8016,IUM26
9812,5,104.220,1111,IUM26,B,25-Jun-2026,19:41:18,104.22,SGX,XOF8012,XOF8012,IUM26
9816,1,-0.360,1111,IUK26-IUM26,S,26-May-2026,19:41:18,-0.36,SGX,XOF8016,XOF8016,IUK26-IUM26
9816,1,104.580,1111,IUK26,B,26-May-2026,19:41:18,104.58,SGX,XOF8016,XOF8016,IUK26
9816,1,104.220,1111,IUM26,S,25-Jun-2026,19:41:18,104.22,SGX,XOF8016,XOF8016,IUM26
9812,2,104.24,1111,DINR,B,25-Jun-2026,19:41:18,104.23,DGCX,S-XOF8012,S-XOF8012,DINR-20260626
9812,1,104.23,1111,DINR,S,25-Jun-2026,19:41:18,104.23,DGCX,S-XOF8012,S-XOF8012,DINR-20260626
9816,1,-0.360,1111,IUK26-IUM26,S,26-May-2026,19:41:22,-0.36,SGX,XOF8016,XOF8016,IUK26-IUM26
9816,1,104.570,1111,IUK26,B,26-May-2026,19:41:22,104.57,SGX,XOF8016,XOF8016,IUK26
9816,1,104.210,1111,IUM26,S,25-Jun-2026,19:41:22,104.2,SGX,XOF8016,XOF8016,IUM26
9816,1,-0.360,1111,IUK26-IUM26,S,26-May-2026,19:41:38,-0.36,SGX,XOF8016,XOF8016,IUK26-IUM26
9816,1,104.550,1111,IUK26,B,26-May-2026,19:41:38,104.55,SGX,XOF8016,XOF8016,IUK26
9816,1,104.190,1111,IUM26,S,25-Jun-2026,19:41:38,104.19,SGX,XOF8016,XOF8016,IUM26
9816,1,-0.360,1111,IUK26-IUM26,S,26-May-2026,19:41:38,-0.36,SGX,XOF8016,XOF8016,IUK26-IUM26
9816,1,104.550,1111,IUK26,B,26-May-2026,19:41:38,104.55,SGX,XOF8016,XOF8016,IUK26
9816,1,104.190,1111,IUM26,S,25-Jun-2026,19:41:38,104.19,SGX,XOF8016,XOF8016,IUM26
9816,2,-0.360,1111,IUK26-IUM26,S,26-May-2026,19:42:00,-0.36,SGX,XOF8016,XOF8016,IUK26-IUM26
9816,2,104.560,1111,IUK26,B,26-May-2026,19:42:00,104.56,SGX,XOF8016,XOF8016,IUK26
9816,2,104.200,1111,IUM26,S,25-Jun-2026,19:42:00,104.2,SGX,XOF8016,XOF8016,IUM26
9816,1,-0.360,1111,IUK26-IUM26,S,26-May-2026,19:42:00,-0.36,SGX,XOF8016,XOF8016,IUK26-IUM26
9816,1,104.560,1111,IUK26,B,26-May-2026,19:42:00,104.56,SGX,XOF8016,XOF8016,IUK26
9816,1,104.200,1111,IUM26,S,25-Jun-2026,19:42:00,104.2,SGX,XOF8016,XOF8016,IUM26
9817,1,104.570,1111,IUK26,S,26-May-2026,19:42:01,104.57,SGX,XOF8017,XOF8017,IUK26
9817,1,104.570,1111,IUK26,S,26-May-2026,19:42:03,104.57,SGX,XOF8017,XOF8017,IUK26
9819,1,104.570,1111,IUK26,S,26-May-2026,19:42:04,104.57,SGX,XOF8019,XOF8019,IUK26
9819,1,104.570,1111,IUK26,S,26-May-2026,19:42:06,104.57,SGX,XOF8019,XOF8019,IUK26
9819,1,104.570,1111,IUK26,S,26-May-2026,19:42:06,104.57,SGX,XOF8019,XOF8019,IUK26
9819,1,104.570,1111,IUK26,S,26-May-2026,19:42:07,104.57,SGX,XOF8019,XOF8019,IUK26
9819,1,104.570,1111,IUK26,S,26-May-2026,19:42:09,104.56,SGX,XOF8019,XOF8019,IUK26
9818,5,104.570,1111,IUK26,S,26-May-2026,19:42:09,104.56,SGX,XOF8018,XOF8018,IUK26
9818,4,104.570,1111,IUK26,S,26-May-2026,19:42:09,104.56,SGX,XOF8018,XOF8018,IUK26
9818,1,104.570,1111,IUK26,S,26-May-2026,19:42:09,104.56,SGX,XOF8018,XOF8018,IUK26
9812,2,104.210,1111,IUM26,S,25-Jun-2026,19:42:09,104.21,SGX,XOF8012,XOF8012,IUM26
9812,3,104.210,1111,IUM26,S,25-Jun-2026,19:42:09,104.21,SGX,XOF8012,XOF8012,IUM26
9812,2,104.21,1111,DINR,B,25-Jun-2026,19:42:09,104.21,DGCX,S-XOF8012,S-XOF8012,DINR-20260626
9812,2,104.21,1111,DINR,S,25-Jun-2026,19:42:09,104.21,DGCX,S-XOF8012,S-XOF8012,DINR-20260626
9812,2,104.21,1111,DINR,B,25-Jun-2026,19:42:09,104.21,DGCX,S-XOF8012,S-XOF8012,DINR-20260626
9812,2,104.21,1111,DINR,S,25-Jun-2026,19:42:09,104.21,DGCX,S-XOF8012,S-XOF8012,DINR-20260626
9816,15,-0.360,1111,IUK26-IUM26,S,26-May-2026,19:42:31,-0.36,SGX,XOF8016,XOF8016,IUK26-IUM26
9816,15,104.580,1111,IUK26,B,26-May-2026,19:42:31,104.57,SGX,XOF8016,XOF8016,IUK26
9816,15,104.220,1111,IUM26,S,25-Jun-2026,19:42:31,104.22,SGX,XOF8016,XOF8016,IUM26
9816,7,-0.360,1111,IUK26-IUM26,S,26-May-2026,19:42:31,-0.36,SGX,XOF8016,XOF8016,IUK26-IUM26
9816,7,104.580,1111,IUK26,B,26-May-2026,19:42:31,104.57,SGX,XOF8016,XOF8016,IUK26
9816,7,104.220,1111,IUM26,S,25-Jun-2026,19:42:31,104.22,SGX,XOF8016,XOF8016,IUM26
9816,6,-0.360,1111,IUK26-IUM26,S,26-May-2026,19:42:43,-0.36,SGX,XOF8016,XOF8016,IUK26-IUM26
9816,6,104.580,1111,IUK26,B,26-May-2026,19:42:43,104.58,SGX,XOF8016,XOF8016,IUK26
9816,6,104.220,1111,IUM26,S,25-Jun-2026,19:42:43,104.22,SGX,XOF8016,XOF8016,IUM26
9816,1,-0.360,1111,IUK26-IUM26,S,26-May-2026,19:42:45,-0.36,SGX,XOF8016,XOF8016,IUK26-IUM26
9816,1,104.580,1111,IUK26,B,26-May-2026,19:42:45,104.58,SGX,XOF8016,XOF8016,IUK26
9816,1,104.220,1111,IUM26,S,25-Jun-2026,19:42:45,104.22,SGX,XOF8016,XOF8016,IUM26
9816,1,-0.360,1111,IUK26-IUM26,S,26-May-2026,19:42:53,-0.36,SGX,XOF8016,XOF8016,IUK26-IUM26
9816,1,104.580,1111,IUK26,B,26-May-2026,19:42:53,104.58,SGX,XOF8016,XOF8016,IUK26
9816,1,104.220,1111,IUM26,S,25-Jun-2026,19:42:53,104.22,SGX,XOF8016,XOF8016,IUM26
9816,1,-0.360,1111,IUK26-IUM26,S,26-May-2026,19:42:53,-0.36,SGX,XOF8016,XOF8016,IUK26-IUM26
9816,1,104.580,1111,IUK26,B,26-May-2026,19:42:53,104.58,SGX,XOF8016,XOF8016,IUK26
9816,1,104.220,1111,IUM26,S,25-Jun-2026,19:42:53,104.22,SGX,XOF8016,XOF8016,IUM26
9816,1,-0.360,1111,IUK26-IUM26,S,26-May-2026,19:42:53,-0.36,SGX,XOF8016,XOF8016,IUK26-IUM26
9816,1,104.580,1111,IUK26,B,26-May-2026,19:42:53,104.59,SGX,XOF8016,XOF8016,IUK26
9816,1,104.220,1111,IUM26,S,25-Jun-2026,19:42:53,104.22,SGX,XOF8016,XOF8016,IUM26
9816,1,-0.360,1111,IUK26-IUM26,S,26-May-2026,19:43:00,-0.36,SGX,XOF8016,XOF8016,IUK26-IUM26
9816,1,104.590,1111,IUK26,B,26-May-2026,19:43:00,104.58,SGX,XOF8016,XOF8016,IUK26
9816,1,104.230,1111,IUM26,S,25-Jun-2026,19:43:00,104.23,SGX,XOF8016,XOF8016,IUM26
9816,24,-0.360,1111,IUK26-IUM26,S,26-May-2026,19:43:12,-0.36,SGX,XOF8016,XOF8016,IUK26-IUM26
9816,24,104.590,1111,IUK26,B,26-May-2026,19:43:12,104.59,SGX,XOF8016,XOF8016,IUK26
9816,24,104.230,1111,IUM26,S,25-Jun-2026,19:43:12,104.23,SGX,XOF8016,XOF8016,IUM26
9816,29,-0.360,1111,IUK26-IUM26,S,26-May-2026,19:43:12,-0.36,SGX,XOF8016,XOF8016,IUK26-IUM26
9816,29,104.590,1111,IUK26,B,26-May-2026,19:43:12,104.59,SGX,XOF8016,XOF8016,IUK26
9816,29,104.230,1111,IUM26,S,25-Jun-2026,19:43:12,104.23,SGX,XOF8016,XOF8016,IUM26
9816,1,-0.360,1111,IUK26-IUM26,S,26-May-2026,19:43:49,-0.36,SGX,XOF8016,XOF8016,IUK26-IUM26
9816,1,104.580,1111,IUK26,B,26-May-2026,19:43:49,104.58,SGX,XOF8016,XOF8016,IUK26
9816,1,104.220,1111,IUM26,S,25-Jun-2026,19:43:49,104.22,SGX,XOF8016,XOF8016,IUM26
9812,1,104.580,1111,IUK26,B,26-May-2026,19:44:08,104.58,SGX,XOF8012,XOF8012,IUK26
9816,1,-0.360,1111,IUK26-IUM26,S,26-May-2026,19:44:29,-0.36,SGX,XOF8016,XOF8016,IUK26-IUM26
9816,1,104.580,1111,IUK26,B,26-May-2026,19:44:29,104.58,SGX,XOF8016,XOF8016,IUK26
9816,1,104.220,1111,IUM26,S,25-Jun-2026,19:44:29,104.22,SGX,XOF8016,XOF8016,IUM26
9817,2,104.57,1111,DINR,B,26-May-2026,19:49:46,104.57,DGCX,S-XOF8017,S-XOF8017,DINR-20260527
9817,2,104.570,1111,IUK26,S,26-May-2026,19:49:46,104.57,SGX,XOF8017,XOF8017,IUK26
9819,5,104.57,1111,DINR,B,26-May-2026,19:49:46,104.57,DGCX,S-XOF8019,S-XOF8019,DINR-20260527
9819,5,104.57,1111,DINR,B,26-May-2026,19:49:46,104.57,DGCX,S-XOF8019,S-XOF8019,DINR-20260527
9819,5,104.57,1111,DINR,B,26-May-2026,19:49:46,104.57,DGCX,S-XOF8019,S-XOF8019,DINR-20260527
9819,5,104.57,1111,DINR,B,26-May-2026,19:49:46,104.57,DGCX,S-XOF8019,S-XOF8019,DINR-20260527
9819,1,104.570,1111,IUK26,S,26-May-2026,19:49:46,104.57,SGX,XOF8019,XOF8019,IUK26
9819,2,104.570,1111,IUK26,S,26-May-2026,19:49:46,104.57,SGX,XOF8019,XOF8019,IUK26
9819,4,104.57,1111,DINR,B,26-May-2026,19:49:46,104.57,DGCX,S-XOF8019,S-XOF8019,DINR-20260527
9819,1,104.570,1111,IUK26,S,26-May-2026,19:49:46,104.57,SGX,XOF8019,XOF8019,IUK26
9819,1,104.570,1111,IUK26,S,26-May-2026,19:49:53,104.56,SGX,XOF8019,XOF8019,IUK26
9819,4,104.570,1111,IUK26,S,26-May-2026,19:50:03,104.58,SGX,XOF8019,XOF8019,IUK26
9819,1,104.570,1111,IUK26,S,26-May-2026,19:50:03,104.58,SGX,XOF8019,XOF8019,IUK26
9819,3,104.570,1111,IUK26,S,26-May-2026,19:50:03,104.58,SGX,XOF8019,XOF8019,IUK26
9819,2,104.570,1111,IUK26,S,26-May-2026,19:50:03,104.58,SGX,XOF8019,XOF8019,IUK26
9819,3,104.570,1111,IUK26,S,26-May-2026,19:50:03,104.58,SGX,XOF8019,XOF8019,IUK26
9819,2,104.570,1111,IUK26,S,26-May-2026,19:50:03,104.58,SGX,XOF8019,XOF8019,IUK26
9819,4,104.570,1111,IUK26,S,26-May-2026,19:50:03,104.58,SGX,XOF8019,XOF8019,IUK26
9816,5,-0.360,1111,IUK26-IUM26,S,26-May-2026,19:50:21,-0.36,SGX,XOF8016,XOF8016,IUK26-IUM26
9816,5,104.570,1111,IUK26,B,26-May-2026,19:50:21,104.57,SGX,XOF8016,XOF8016,IUK26
9816,5,104.210,1111,IUM26,S,25-Jun-2026,19:50:21,104.21,SGX,XOF8016,XOF8016,IUM26
9816,2,-0.360,1111,IUK26-IUM26,S,26-May-2026,19:50:23,-0.36,SGX,XOF8016,XOF8016,IUK26-IUM26
9816,2,104.570,1111,IUK26,B,26-May-2026,19:50:23,104.57,SGX,XOF8016,XOF8016,IUK26
9816,2,104.210,1111,IUM26,S,25-Jun-2026,19:50:23,104.21,SGX,XOF8016,XOF8016,IUM26
9816,1,-0.360,1111,IUK26-IUM26,S,26-May-2026,19:50:43,-0.36,SGX,XOF8016,XOF8016,IUK26-IUM26
9816,1,104.570,1111,IUK26,B,26-May-2026,19:50:43,104.57,SGX,XOF8016,XOF8016,IUK26
9816,1,104.210,1111,IUM26,S,25-Jun-2026,19:50:43,104.21,SGX,XOF8016,XOF8016,IUM26
9816,13,-0.360,1111,IUK26-IUM26,S,26-May-2026,19:50:55,-0.36,SGX,XOF8016,XOF8016,IUK26-IUM26
9816,13,104.570,1111,IUK26,B,26-May-2026,19:50:55,104.58,SGX,XOF8016,XOF8016,IUK26
9816,13,104.210,1111,IUM26,S,25-Jun-2026,19:50:55,104.21,SGX,XOF8016,XOF8016,IUM26
9816,10,-0.360,1111,IUK26-IUM26,S,26-May-2026,19:51:43,-0.36,SGX,XOF8016,XOF8016,IUK26-IUM26
9816,10,104.560,1111,IUK26,B,26-May-2026,19:51:43,104.56,SGX,XOF8016,XOF8016,IUK26
9816,10,104.200,1111,IUM26,S,25-Jun-2026,19:51:43,104.2,SGX,XOF8016,XOF8016,IUM26
9816,1,-0.360,1111,IUK26-IUM26,S,26-May-2026,19:53:21,-0.36,SGX,XOF8016,XOF8016,IUK26-IUM26
9816,1,104.590,1111,IUK26,B,26-May-2026,19:53:21,104.6,SGX,XOF8016,XOF8016,IUK26
9816,1,104.230,1111,IUM26,S,25-Jun-2026,19:53:21,104.23,SGX,XOF8016,XOF8016,IUM26
9817,1,104.57,1111,DINR,B,26-May-2026,19:53:58,104.57,DGCX,S-XOF8017,S-XOF8017,DINR-20260527
9817,1,104.570,1111,IUK26,S,26-May-2026,19:53:58,104.57,SGX,XOF8017,XOF8017,IUK26
9817,1,104.57,1111,DINR,B,26-May-2026,19:53:59,104.57,DGCX,S-XOF8017,S-XOF8017,DINR-20260527
9817,1,104.570,1111,IUK26,S,26-May-2026,19:53:59,104.57,SGX,XOF8017,XOF8017,IUK26
9816,1,-0.360,1111,IUK26-IUM26,S,26-May-2026,19:54:32,-0.36,SGX,XOF8016,XOF8016,IUK26-IUM26
9816,1,104.560,1111,IUK26,B,26-May-2026,19:54:32,104.56,SGX,XOF8016,XOF8016,IUK26
9816,1,104.200,1111,IUM26,S,25-Jun-2026,19:54:32,104.2,SGX,XOF8016,XOF8016,IUM26
9816,4,-0.360,1111,IUK26-IUM26,S,26-May-2026,19:55:11,-0.36,SGX,XOF8016,XOF8016,IUK26-IUM26
9816,4,104.570,1111,IUK26,B,26-May-2026,19:55:11,104.57,SGX,XOF8016,XOF8016,IUK26
9816,4,104.210,1111,IUM26,S,25-Jun-2026,19:55:11,104.21,SGX,XOF8016,XOF8016,IUM26
9816,7,-0.360,1111,IUK26-IUM26,S,26-May-2026,19:55:11,-0.36,SGX,XOF8016,XOF8016,IUK26-IUM26
9816,7,104.570,1111,IUK26,B,26-May-2026,19:55:11,104.57,SGX,XOF8016,XOF8016,IUK26
9816,7,104.210,1111,IUM26,S,25-Jun-2026,19:55:11,104.21,SGX,XOF8016,XOF8016,IUM26
9816,5,-0.360,1111,IUK26-IUM26,S,26-May-2026,19:55:27,-0.36,SGX,XOF8016,XOF8016,IUK26-IUM26
9816,5,104.560,1111,IUK26,B,26-May-2026,19:55:27,104.56,SGX,XOF8016,XOF8016,IUK26
9816,5,104.200,1111,IUM26,S,25-Jun-2026,19:55:27,104.2,SGX,XOF8016,XOF8016,IUM26
9816,1,-0.360,1111,IUK26-IUM26,S,26-May-2026,19:55:27,-0.36,SGX,XOF8016,XOF8016,IUK26-IUM26
9816,1,104.560,1111,IUK26,B,26-May-2026,19:55:27,104.56,SGX,XOF8016,XOF8016,IUK26
9816,1,104.200,1111,IUM26,S,25-Jun-2026,19:55:27,104.2,SGX,XOF8016,XOF8016,IUM26
9816,1,-0.360,1111,IUK26-IUM26,S,26-May-2026,19:56:26,-0.36,SGX,XOF8016,XOF8016,IUK26-IUM26
9816,1,104.550,1111,IUK26,B,26-May-2026,19:56:26,104.55,SGX,XOF8016,XOF8016,IUK26
9816,1,104.190,1111,IUM26,S,25-Jun-2026,19:56:26,104.19,SGX,XOF8016,XOF8016,IUM26
9816,4,-0.360,1111,IUK26-IUM26,S,26-May-2026,19:56:55,-0.36,SGX,XOF8016,XOF8016,IUK26-IUM26
9816,4,104.560,1111,IUK26,B,26-May-2026,19:56:55,104.56,SGX,XOF8016,XOF8016,IUK26
9816,4,104.200,1111,IUM26,S,25-Jun-2026,19:56:55,104.2,SGX,XOF8016,XOF8016,IUM26
9816,5,-0.360,1111,IUK26-IUM26,S,26-May-2026,19:56:55,-0.36,SGX,XOF8016,XOF8016,IUK26-IUM26
9816,5,104.560,1111,IUK26,B,26-May-2026,19:56:55,104.56,SGX,XOF8016,XOF8016,IUK26
9816,5,104.200,1111,IUM26,S,25-Jun-2026,19:56:55,104.2,SGX,XOF8016,XOF8016,IUM26
9816,3,-0.360,1111,IUK26-IUM26,S,26-May-2026,19:57:16,-0.36,SGX,XOF8016,XOF8016,IUK26-IUM26
9816,3,104.560,1111,IUK26,B,26-May-2026,19:57:16,104.56,SGX,XOF8016,XOF8016,IUK26
9816,3,104.200,1111,IUM26,S,25-Jun-2026,19:57:16,104.2,SGX,XOF8016,XOF8016,IUM26
9816,1,-0.360,1111,IUK26-IUM26,S,26-May-2026,19:57:22,-0.36,SGX,XOF8016,XOF8016,IUK26-IUM26
9816,1,104.560,1111,IUK26,B,26-May-2026,19:57:22,104.56,SGX,XOF8016,XOF8016,IUK26
9816,1,104.200,1111,IUM26,S,25-Jun-2026,19:57:22,104.2,SGX,XOF8016,XOF8016,IUM26
9818,1,104.57,1111,DINR,B,26-May-2026,19:58:15,104.57,DGCX,S-XOF8018,S-XOF8018,DINR-20260527
9818,1,104.570,1111,IUK26,S,26-May-2026,19:58:15,104.57,SGX,XOF8018,XOF8018,IUK26
9818,2,104.57,1111,DINR,B,26-May-2026,19:58:29,104.57,DGCX,S-XOF8018,S-XOF8018,DINR-20260527
9819,5,104.57,1111,DINR,B,26-May-2026,19:58:29,104.57,DGCX,S-XOF8019,S-XOF8019,DINR-20260527
9818,1,104.57,1111,DINR,B,26-May-2026,19:58:29,104.57,DGCX,S-XOF8018,S-XOF8018,DINR-20260527
9818,2,104.570,1111,IUK26,S,26-May-2026,19:58:29,104.58,SGX,XOF8018,XOF8018,IUK26
9819,2,104.570,1111,IUK26,S,26-May-2026,19:58:29,104.58,SGX,XOF8019,XOF8019,IUK26
9819,3,104.570,1111,IUK26,S,26-May-2026,19:58:29,104.58,SGX,XOF8019,XOF8019,IUK26
9816,3,-0.360,1111,IUK26-IUM26,S,26-May-2026,19:58:29,-0.36,SGX,XOF8016,XOF8016,IUK26-IUM26
9816,3,104.570,1111,IUK26,B,26-May-2026,19:58:29,104.58,SGX,XOF8016,XOF8016,IUK26
9816,3,104.210,1111,IUM26,S,25-Jun-2026,19:58:29,104.21,SGX,XOF8016,XOF8016,IUM26
9818,1,104.570,1111,IUK26,S,26-May-2026,19:58:29,104.58,SGX,XOF8018,XOF8018,IUK26
9816,1,-0.360,1111,IUK26-IUM26,S,26-May-2026,19:58:29,-0.36,SGX,XOF8016,XOF8016,IUK26-IUM26
9816,1,104.570,1111,IUK26,B,26-May-2026,19:58:29,104.58,SGX,XOF8016,XOF8016,IUK26
9816,1,104.210,1111,IUM26,S,25-Jun-2026,19:58:29,104.21,SGX,XOF8016,XOF8016,IUM26
9816,7,-0.360,1111,IUK26-IUM26,S,26-May-2026,19:59:23,-0.36,SGX,XOF8016,XOF8016,IUK26-IUM26
9816,7,104.560,1111,IUK26,B,26-May-2026,19:59:23,104.56,SGX,XOF8016,XOF8016,IUK26
9816,7,104.200,1111,IUM26,S,25-Jun-2026,19:59:23,104.2,SGX,XOF8016,XOF8016,IUM26
9818,5,104.56,1111,DINR,B,26-May-2026,19:59:25,104.56,DGCX,S-XOF8018,S-XOF8018,DINR-20260527
9818,5,104.560,1111,IUK26,S,26-May-2026,19:59:35,104.56,SGX,XOF8018,XOF8018,IUK26
9819,1,104.56,1111,DINR,B,26-May-2026,19:59:36,104.58,DGCX,S-XOF8019,S-XOF8019,DINR-20260527
9819,1,104.560,1111,IUK26,S,26-May-2026,19:59:36,104.56,SGX,XOF8019,XOF8019,IUK26
9816,1,-0.360,1111,IUK26-IUM26,S,26-May-2026,19:59:36,-0.36,SGX,XOF8016,XOF8016,IUK26-IUM26
9816,1,104.560,1111,IUK26,B,26-May-2026,19:59:36,104.56,SGX,XOF8016,XOF8016,IUK26
9816,1,104.200,1111,IUM26,S,25-Jun-2026,19:59:36,104.2,SGX,XOF8016,XOF8016,IUM26
9816,1,-0.360,1111,IUK26-IUM26,S,26-May-2026,19:59:37,-0.36,SGX,XOF8016,XOF8016,IUK26-IUM26
9816,1,104.560,1111,IUK26,B,26-May-2026,19:59:37,104.56,SGX,XOF8016,XOF8016,IUK26
9816,1,104.200,1111,IUM26,S,25-Jun-2026,19:59:37,104.2,SGX,XOF8016,XOF8016,IUM26
9816,2,-0.360,1111,IUK26-IUM26,S,26-May-2026,19:59:37,-0.36,SGX,XOF8016,XOF8016,IUK26-IUM26
9816,2,104.560,1111,IUK26,B,26-May-2026,19:59:37,104.56,SGX,XOF8016,XOF8016,IUK26
9816,2,104.200,1111,IUM26,S,25-Jun-2026,19:59:37,104.2,SGX,XOF8016,XOF8016,IUM26
9816,1,-0.360,1111,IUK26-IUM26,S,26-May-2026,19:59:40,-0.36,SGX,XOF8016,XOF8016,IUK26-IUM26
9816,1,104.560,1111,IUK26,B,26-May-2026,19:59:40,104.56,SGX,XOF8016,XOF8016,IUK26
9816,1,104.200,1111,IUM26,S,25-Jun-2026,19:59:40,104.2,SGX,XOF8016,XOF8016,IUM26
9816,1,-0.360,1111,IUK26-IUM26,S,26-May-2026,19:59:40,-0.36,SGX,XOF8016,XOF8016,IUK26-IUM26
9816,1,104.560,1111,IUK26,B,26-May-2026,19:59:40,104.56,SGX,XOF8016,XOF8016,IUK26
9816,1,104.200,1111,IUM26,S,25-Jun-2026,19:59:40,104.2,SGX,XOF8016,XOF8016,IUM26
9818,5,104.59,1111,DINR,S,26-May-2026,19:59:43,104.59,DGCX,S-XOF8018,S-XOF8018,DINR-20260527
9817,5,104.59,1111,DINR,S,26-May-2026,19:59:43,104.59,DGCX,S-XOF8017,S-XOF8017,DINR-20260527
9817,3,104.59,1111,DINR,S,26-May-2026,19:59:43,104.59,DGCX,S-XOF8017,S-XOF8017,DINR-20260527
9818,5,104.59,1111,DINR,S,26-May-2026,19:59:43,104.59,DGCX,S-XOF8018,S-XOF8018,DINR-20260527
9819,5,104.59,1111,DINR,S,26-May-2026,19:59:43,104.59,DGCX,S-XOF8019,S-XOF8019,DINR-20260527
9819,5,104.59,1111,DINR,S,26-May-2026,19:59:43,104.59,DGCX,S-XOF8019,S-XOF8019,DINR-20260527
9819,5,104.59,1111,DINR,S,26-May-2026,19:59:43,104.59,DGCX,S-XOF8019,S-XOF8019,DINR-20260527
9818,5,104.570,1111,IUK26,B,26-May-2026,19:59:53,104.57,SGX,XOF8018,XOF8018,IUK26
9817,5,104.570,1111,IUK26,B,26-May-2026,19:59:53,104.57,SGX,XOF8017,XOF8017,IUK26
9817,3,104.570,1111,IUK26,B,26-May-2026,19:59:53,104.57,SGX,XOF8017,XOF8017,IUK26
9818,2,104.570,1111,IUK26,B,26-May-2026,19:59:53,104.57,SGX,XOF8018,XOF8018,IUK26
9818,3,104.570,1111,IUK26,B,26-May-2026,19:59:53,104.57,SGX,XOF8018,XOF8018,IUK26
9819,5,104.570,1111,IUK26,B,26-May-2026,19:59:53,104.57,SGX,XOF8019,XOF8019,IUK26
9819,5,104.570,1111,IUK26,B,26-May-2026,19:59:53,104.57,SGX,XOF8019,XOF8019,IUK26
9819,5,104.570,1111,IUK26,B,26-May-2026,19:59:53,104.57,SGX,XOF8019,XOF8019,IUK26
9816,8,-0.360,1111,IUK26-IUM26,S,26-May-2026,19:59:53,-0.36,SGX,XOF8016,XOF8016,IUK26-IUM26
9816,8,104.570,1111,IUK26,B,26-May-2026,19:59:53,104.57,SGX,XOF8016,XOF8016,IUK26
9816,8,104.210,1111,IUM26,S,25-Jun-2026,19:59:53,104.21,SGX,XOF8016,XOF8016,IUM26
9813,7,-0.360,1111,IUK26-IUM26,S,26-May-2026,20:00:00,-0.36,SGX,XOF8013,XOF8013,IUK26-IUM26
9813,7,104.560,1111,IUK26,B,26-May-2026,20:00:00,104.56,SGX,XOF8013,XOF8013,IUK26
9813,7,104.200,1111,IUM26,S,25-Jun-2026,20:00:00,104.2,SGX,XOF8013,XOF8013,IUM26
9819,1,104.55,1111,DINR,B,26-May-2026,20:00:57,104.55,DGCX,S-XOF8019,S-XOF8019,DINR-20260527
9819,1,104.550,1111,IUK26,S,26-May-2026,20:00:58,104.55,SGX,XOF8019,XOF8019,IUK26
9813,28,-0.360,1111,IUK26-IUM26,S,26-May-2026,20:01:07,-0.36,SGX,XOF8013,XOF8013,IUK26-IUM26
9813,28,104.560,1111,IUK26,B,26-May-2026,20:01:07,104.56,SGX,XOF8013,XOF8013,IUK26
9813,28,104.200,1111,IUM26,S,25-Jun-2026,20:01:07,104.2,SGX,XOF8013,XOF8013,IUM26
9819,1,104.59,1111,DINR,B,26-May-2026,20:06:18,104.59,DGCX,S-XOF8019,S-XOF8019,DINR-20260527
9819,1,104.590,1111,IUK26,S,26-May-2026,20:06:18,104.59,SGX,XOF8019,XOF8019,IUK26
9819,1,104.59,1111,DINR,S,26-May-2026,20:08:16,104.59,DGCX,S-XOF8019,S-XOF8019,DINR-20260527
9819,1,104.570,1111,IUK26,B,26-May-2026,20:08:16,104.56,SGX,XOF8019,XOF8019,IUK26
9819,4,104.59,1111,DINR,S,26-May-2026,20:08:21,104.59,DGCX,S-XOF8019,S-XOF8019,DINR-20260527
9817,3,104.59,1111,DINR,S,26-May-2026,20:08:21,104.59,DGCX,S-XOF8017,S-XOF8017,DINR-20260527
9817,5,104.59,1111,DINR,S,26-May-2026,20:08:21,104.59,DGCX,S-XOF8017,S-XOF8017,DINR-20260527
9819,5,104.59,1111,DINR,S,26-May-2026,20:08:21,104.59,DGCX,S-XOF8019,S-XOF8019,DINR-20260527
9819,5,104.59,1111,DINR,S,26-May-2026,20:08:21,104.59,DGCX,S-XOF8019,S-XOF8019,DINR-20260527
9819,4,104.570,1111,IUK26,B,26-May-2026,20:08:21,104.57,SGX,XOF8019,XOF8019,IUK26
9817,3,104.570,1111,IUK26,B,26-May-2026,20:08:21,104.57,SGX,XOF8017,XOF8017,IUK26
9817,2,104.570,1111,IUK26,B,26-May-2026,20:08:21,104.57,SGX,XOF8017,XOF8017,IUK26
9817,2,104.570,1111,IUK26,B,26-May-2026,20:08:21,104.57,SGX,XOF8017,XOF8017,IUK26
9817,1,104.570,1111,IUK26,B,26-May-2026,20:08:21,104.57,SGX,XOF8017,XOF8017,IUK26
9819,4,104.570,1111,IUK26,B,26-May-2026,20:08:21,104.57,SGX,XOF8019,XOF8019,IUK26
9819,1,104.570,1111,IUK26,B,26-May-2026,20:08:21,104.57,SGX,XOF8019,XOF8019,IUK26
9819,5,104.570,1111,IUK26,B,26-May-2026,20:08:21,104.57,SGX,XOF8019,XOF8019,IUK26
9819,2,104.57,1111,DINR,B,26-May-2026,20:08:29,104.57,DGCX,S-XOF8019,S-XOF8019,DINR-20260527
9819,2,104.570,1111,IUK26,S,26-May-2026,20:08:29,104.57,SGX,XOF8019,XOF8019,IUK26
9813,1,-0.360,1111,IUK26-IUM26,S,26-May-2026,20:12:42,-0.36,SGX,XOF8013,XOF8013,IUK26-IUM26
9813,1,104.570,1111,IUK26,B,26-May-2026,20:12:42,104.57,SGX,XOF8013,XOF8013,IUK26
9813,1,104.210,1111,IUM26,S,25-Jun-2026,20:12:42,104.21,SGX,XOF8013,XOF8013,IUM26
9813,4,-0.360,1111,IUK26-IUM26,S,26-May-2026,20:12:42,-0.36,SGX,XOF8013,XOF8013,IUK26-IUM26
9813,4,104.570,1111,IUK26,B,26-May-2026,20:12:42,104.57,SGX,XOF8013,XOF8013,IUK26
9813,4,104.210,1111,IUM26,S,25-Jun-2026,20:12:42,104.21,SGX,XOF8013,XOF8013,IUM26
9813,1,-0.360,1111,IUK26-IUM26,S,26-May-2026,20:12:54,-0.36,SGX,XOF8013,XOF8013,IUK26-IUM26
9813,1,104.580,1111,IUK26,B,26-May-2026,20:12:54,104.57,SGX,XOF8013,XOF8013,IUK26
9813,1,104.220,1111,IUM26,S,25-Jun-2026,20:12:54,104.22,SGX,XOF8013,XOF8013,IUM26
9813,1,-0.360,1111,IUK26-IUM26,S,26-May-2026,20:15:00,-0.36,SGX,XOF8013,XOF8013,IUK26-IUM26
9813,1,104.560,1111,IUK26,B,26-May-2026,20:15:00,104.56,SGX,XOF8013,XOF8013,IUK26
9813,1,104.200,1111,IUM26,S,25-Jun-2026,20:15:00,104.2,SGX,XOF8013,XOF8013,IUM26
9813,4,-0.360,1111,IUK26-IUM26,S,26-May-2026,20:17:14,-0.36,SGX,XOF8013,XOF8013,IUK26-IUM26
9813,4,104.560,1111,IUK26,B,26-May-2026,20:17:14,104.56,SGX,XOF8013,XOF8013,IUK26
9813,4,104.200,1111,IUM26,S,25-Jun-2026,20:17:14,104.2,SGX,XOF8013,XOF8013,IUM26
9817,3,104.60,1111,DINR,S,26-May-2026,20:22:13,104.6,DGCX,S-XOF8017,S-XOF8017,DINR-20260527
9817,3,104.60,1111,DINR,S,26-May-2026,20:22:13,104.6,DGCX,S-XOF8017,S-XOF8017,DINR-20260527
9817,2,104.580,1111,IUK26,B,26-May-2026,20:22:13,104.58,SGX,XOF8017,XOF8017,IUK26
9817,1,104.580,1111,IUK26,B,26-May-2026,20:22:13,104.58,SGX,XOF8017,XOF8017,IUK26
9817,3,104.580,1111,IUK26,B,26-May-2026,20:22:13,104.58,SGX,XOF8017,XOF8017,IUK26
9819,4,104.60,1111,DINR,S,26-May-2026,20:22:13,104.6,DGCX,S-XOF8019,S-XOF8019,DINR-20260527
9819,4,104.580,1111,IUK26,B,26-May-2026,20:22:13,104.58,SGX,XOF8019,XOF8019,IUK26
9813,3,-0.360,1111,IUK26-IUM26,S,26-May-2026,20:26:49,-0.36,SGX,XOF8013,XOF8013,IUK26-IUM26
9813,3,104.570,1111,IUK26,B,26-May-2026,20:26:49,104.57,SGX,XOF8013,XOF8013,IUK26
9813,3,104.210,1111,IUM26,S,25-Jun-2026,20:26:49,104.21,SGX,XOF8013,XOF8013,IUM26
9813,5,-0.360,1111,IUK26-IUM26,S,26-May-2026,20:27:29,-0.36,SGX,XOF8013,XOF8013,IUK26-IUM26
9813,5,104.570,1111,IUK26,B,26-May-2026,20:27:29,104.57,SGX,XOF8013,XOF8013,IUK26
9813,5,104.210,1111,IUM26,S,25-Jun-2026,20:27:29,104.21,SGX,XOF8013,XOF8013,IUM26
9813,1,-0.360,1111,IUK26-IUM26,S,26-May-2026,20:27:29,-0.36,SGX,XOF8013,XOF8013,IUK26-IUM26
9813,1,104.570,1111,IUK26,B,26-May-2026,20:27:29,104.57,SGX,XOF8013,XOF8013,IUK26
9813,1,104.210,1111,IUM26,S,25-Jun-2026,20:27:29,104.21,SGX,XOF8013,XOF8013,IUM26
9813,6,-0.360,1111,IUK26-IUM26,S,26-May-2026,20:27:29,-0.36,SGX,XOF8013,XOF8013,IUK26-IUM26
9813,6,104.570,1111,IUK26,B,26-May-2026,20:27:29,104.57,SGX,XOF8013,XOF8013,IUK26
9813,6,104.210,1111,IUM26,S,25-Jun-2026,20:27:29,104.21,SGX,XOF8013,XOF8013,IUM26
9813,5,-0.360,1111,IUK26-IUM26,S,26-May-2026,20:27:29,-0.36,SGX,XOF8013,XOF8013,IUK26-IUM26
9813,5,104.570,1111,IUK26,B,26-May-2026,20:27:29,104.57,SGX,XOF8013,XOF8013,IUK26
9813,5,104.210,1111,IUM26,S,25-Jun-2026,20:27:29,104.21,SGX,XOF8013,XOF8013,IUM26
9813,2,-0.360,1111,IUK26-IUM26,S,26-May-2026,20:27:30,-0.36,SGX,XOF8013,XOF8013,IUK26-IUM26
9813,2,104.570,1111,IUK26,B,26-May-2026,20:27:30,104.56,SGX,XOF8013,XOF8013,IUK26
9813,2,104.210,1111,IUM26,S,25-Jun-2026,20:27:30,104.21,SGX,XOF8013,XOF8013,IUM26
9819,5,104.60,1111,DINR,S,26-May-2026,20:28:06,104.6,DGCX,S-XOF8019,S-XOF8019,DINR-20260527
9819,3,104.60,1111,DINR,S,26-May-2026,20:28:06,104.6,DGCX,S-XOF8019,S-XOF8019,DINR-20260527
9819,5,104.580,1111,IUK26,B,26-May-2026,20:28:06,104.58,SGX,XOF8019,XOF8019,IUK26
9819,3,104.580,1111,IUK26,B,26-May-2026,20:28:06,104.58,SGX,XOF8019,XOF8019,IUK26
9819,2,104.60,1111,DINR,S,26-May-2026,20:28:22,104.6,DGCX,S-XOF8019,S-XOF8019,DINR-20260527
9819,5,104.60,1111,DINR,S,26-May-2026,20:28:22,104.6,DGCX,S-XOF8019,S-XOF8019,DINR-20260527
9819,1,104.60,1111,DINR,S,26-May-2026,20:28:22,104.6,DGCX,S-XOF8019,S-XOF8019,DINR-20260527
9819,2,104.580,1111,IUK26,B,26-May-2026,20:28:22,104.58,SGX,XOF8019,XOF8019,IUK26
9819,1,104.580,1111,IUK26,B,26-May-2026,20:28:22,104.58,SGX,XOF8019,XOF8019,IUK26
9819,5,104.580,1111,IUK26,B,26-May-2026,20:28:22,104.58,SGX,XOF8019,XOF8019,IUK26
9819,4,104.60,1111,DINR,S,26-May-2026,20:28:34,104.6,DGCX,S-XOF8019,S-XOF8019,DINR-20260527
9819,1,104.60,1111,DINR,S,26-May-2026,20:28:34,104.6,DGCX,S-XOF8019,S-XOF8019,DINR-20260527
9819,4,104.580,1111,IUK26,B,26-May-2026,20:28:34,104.58,SGX,XOF8019,XOF8019,IUK26
9819,1,104.580,1111,IUK26,B,26-May-2026,20:28:34,104.58,SGX,XOF8019,XOF8019,IUK26
9819,3,104.60,1111,DINR,S,26-May-2026,20:28:36,104.6,DGCX,S-XOF8019,S-XOF8019,DINR-20260527
9819,1,104.580,1111,IUK26,B,26-May-2026,20:28:36,104.58,SGX,XOF8019,XOF8019,IUK26
9819,2,104.580,1111,IUK26,B,26-May-2026,20:28:36,104.58,SGX,XOF8019,XOF8019,IUK26
9817,1,104.59,1111,DINR,S,26-May-2026,20:29:08,104.59,DGCX,S-XOF8017,S-XOF8017,DINR-20260527
9817,1,104.570,1111,IUK26,B,26-May-2026,20:29:08,104.57,SGX,XOF8017,XOF8017,IUK26
9817,1,104.59,1111,DINR,S,26-May-2026,20:29:36,104.59,DGCX,S-XOF8017,S-XOF8017,DINR-20260527
9817,1,104.570,1111,IUK26,B,26-May-2026,20:29:36,104.56,SGX,XOF8017,XOF8017,IUK26
9813,1,-0.360,1111,IUK26-IUM26,S,26-May-2026,20:30:00,-0.36,SGX,XOF8013,XOF8013,IUK26-IUM26
9813,1,104.560,1111,IUK26,B,26-May-2026,20:30:00,104.56,SGX,XOF8013,XOF8013,IUK26
9813,1,104.200,1111,IUM26,S,25-Jun-2026,20:30:00,104.2,SGX,XOF8013,XOF8013,IUM26
9813,1,-0.360,1111,IUK26-IUM26,S,26-May-2026,20:30:01,-0.36,SGX,XOF8013,XOF8013,IUK26-IUM26
9813,1,104.560,1111,IUK26,B,26-May-2026,20:30:01,104.57,SGX,XOF8013,XOF8013,IUK26
9813,1,104.200,1111,IUM26,S,25-Jun-2026,20:30:01,104.2,SGX,XOF8013,XOF8013,IUM26
9819,5,104.56,1111,DINR,B,26-May-2026,20:39:07,104.56,DGCX,S-XOF8019,S-XOF8019,DINR-20260527
9819,5,104.560,1111,IUK26,S,26-May-2026,20:39:07,104.56,SGX,XOF8019,XOF8019,IUK26
9819,20,-0.370,1111,IUK26-IUM26,B,26-May-2026,20:47:37,-0.37,SGX,XOF8019,XOF8019,IUK26-IUM26
9819,20,104.550,1111,IUK26,S,26-May-2026,20:47:37,104.55,SGX,XOF8019,XOF8019,IUK26
9819,20,104.180,1111,IUM26,B,25-Jun-2026,20:47:37,104.18,SGX,XOF8019,XOF8019,IUM26
9819,2,-0.370,1111,IUK26-IUM26,B,26-May-2026,20:47:37,-0.37,SGX,XOF8019,XOF8019,IUK26-IUM26
9819,2,104.550,1111,IUK26,S,26-May-2026,20:47:37,104.55,SGX,XOF8019,XOF8019,IUK26
9819,2,104.180,1111,IUM26,B,25-Jun-2026,20:47:37,104.18,SGX,XOF8019,XOF8019,IUM26
9812,18,-0.370,1111,IUK26-IUM26,B,26-May-2026,20:47:37,-0.37,SGX,XOF8012,XOF8012,IUK26-IUM26
9812,18,104.550,1111,IUK26,S,26-May-2026,20:47:37,104.55,SGX,XOF8012,XOF8012,IUK26
9812,18,104.180,1111,IUM26,B,25-Jun-2026,20:47:37,104.18,SGX,XOF8012,XOF8012,IUM26
9812,20,-0.370,1111,IUK26-IUM26,B,26-May-2026,20:47:39,-0.37,SGX,XOF8012,XOF8012,IUK26-IUM26
9812,20,104.550,1111,IUK26,S,26-May-2026,20:47:39,104.55,SGX,XOF8012,XOF8012,IUK26
9812,20,104.180,1111,IUM26,B,25-Jun-2026,20:47:39,104.18,SGX,XOF8012,XOF8012,IUM26
9812,20,-0.370,1111,IUK26-IUM26,B,26-May-2026,20:47:39,-0.37,SGX,XOF8012,XOF8012,IUK26-IUM26
9812,20,104.550,1111,IUK26,S,26-May-2026,20:47:39,104.55,SGX,XOF8012,XOF8012,IUK26
9812,20,104.180,1111,IUM26,B,25-Jun-2026,20:47:39,104.18,SGX,XOF8012,XOF8012,IUM26
9812,20,-0.370,1111,IUK26-IUM26,B,26-May-2026,20:47:41,-0.37,SGX,XOF8012,XOF8012,IUK26-IUM26
9812,20,104.550,1111,IUK26,S,26-May-2026,20:47:41,104.55,SGX,XOF8012,XOF8012,IUK26
9812,20,104.180,1111,IUM26,B,25-Jun-2026,20:47:41,104.18,SGX,XOF8012,XOF8012,IUM26
9812,20,-0.370,1111,IUK26-IUM26,B,26-May-2026,20:48:27,-0.37,SGX,XOF8012,XOF8012,IUK26-IUM26
9812,20,104.550,1111,IUK26,S,26-May-2026,20:48:27,104.55,SGX,XOF8012,XOF8012,IUK26
9812,20,104.180,1111,IUM26,B,25-Jun-2026,20:48:27,104.18,SGX,XOF8012,XOF8012,IUM26
9812,20,-0.370,1111,IUK26-IUM26,B,26-May-2026,20:48:50,-0.37,SGX,XOF8012,XOF8012,IUK26-IUM26
9812,20,104.570,1111,IUK26,S,26-May-2026,20:48:50,104.56,SGX,XOF8012,XOF8012,IUK26
9812,20,104.200,1111,IUM26,B,25-Jun-2026,20:48:50,104.2,SGX,XOF8012,XOF8012,IUM26
9812,11,-0.370,1111,IUK26-IUM26,B,26-May-2026,20:48:51,-0.37,SGX,XOF8012,XOF8012,IUK26-IUM26
9812,11,104.560,1111,IUK26,S,26-May-2026,20:48:51,104.55,SGX,XOF8012,XOF8012,IUK26
9812,11,104.190,1111,IUM26,B,25-Jun-2026,20:48:51,104.19,SGX,XOF8012,XOF8012,IUM26
9812,11,-0.370,1111,IUK26-IUM26,B,26-May-2026,20:48:55,-0.37,SGX,XOF8012,XOF8012,IUK26-IUM26
9812,11,104.560,1111,IUK26,S,26-May-2026,20:48:55,104.55,SGX,XOF8012,XOF8012,IUK26
9812,11,104.190,1111,IUM26,B,25-Jun-2026,20:48:55,104.19,SGX,XOF8012,XOF8012,IUM26
9817,2,104.56,1111,DINR,S,26-May-2026,20:50:07,104.56,DGCX,S-XOF8017,S-XOF8017,DINR-20260527
9817,2,104.540,1111,IUK26,B,26-May-2026,20:50:07,104.53,SGX,XOF8017,XOF8017,IUK26
9818,5,104.56,1111,DINR,S,26-May-2026,20:50:22,104.56,DGCX,S-XOF8018,S-XOF8018,DINR-20260527
9818,5,104.540,1111,IUK26,B,26-May-2026,20:50:22,104.54,SGX,XOF8018,XOF8018,IUK26
9817,2,104.56,1111,DINR,S,26-May-2026,20:50:22,104.56,DGCX,S-XOF8017,S-XOF8017,DINR-20260527
9817,2,104.540,1111,IUK26,B,26-May-2026,20:50:22,104.54,SGX,XOF8017,XOF8017,IUK26
9818,1,104.53,1111,DINR,B,26-May-2026,20:52:06,104.53,DGCX,S-XOF8018,S-XOF8018,DINR-20260527
9818,1,104.530,1111,IUK26,S,26-May-2026,20:52:06,104.53,SGX,XOF8018,XOF8018,IUK26
9813,1,-0.360,1111,IUK26-IUM26,S,26-May-2026,20:52:08,-0.36,SGX,XOF8013,XOF8013,IUK26-IUM26
9813,1,104.530,1111,IUK26,B,26-May-2026,20:52:08,104.53,SGX,XOF8013,XOF8013,IUK26
9813,1,104.170,1111,IUM26,S,25-Jun-2026,20:52:08,104.17,SGX,XOF8013,XOF8013,IUM26
9813,2,-0.360,1111,IUK26-IUM26,S,26-May-2026,20:52:29,-0.36,SGX,XOF8013,XOF8013,IUK26-IUM26
9813,2,104.530,1111,IUK26,B,26-May-2026,20:52:29,104.53,SGX,XOF8013,XOF8013,IUK26
9813,2,104.170,1111,IUM26,S,25-Jun-2026,20:52:29,104.17,SGX,XOF8013,XOF8013,IUM26
9818,5,104.53,1111,DINR,B,26-May-2026,20:52:30,104.53,DGCX,S-XOF8018,S-XOF8018,DINR-20260527
9819,5,104.53,1111,DINR,B,26-May-2026,20:52:30,104.53,DGCX,S-XOF8019,S-XOF8019,DINR-20260527
9818,1,104.530,1111,IUK26,S,26-May-2026,20:52:30,104.53,SGX,XOF8018,XOF8018,IUK26
9818,4,104.530,1111,IUK26,S,26-May-2026,20:52:30,104.53,SGX,XOF8018,XOF8018,IUK26
9819,1,104.530,1111,IUK26,S,26-May-2026,20:52:30,104.53,SGX,XOF8019,XOF8019,IUK26
9819,4,104.530,1111,IUK26,S,26-May-2026,20:52:30,104.53,SGX,XOF8019,XOF8019,IUK26
9819,4,104.53,1111,DINR,B,26-May-2026,20:52:40,104.53,DGCX,S-XOF8019,S-XOF8019,DINR-20260527
9819,4,104.530,1111,IUK26,S,26-May-2026,20:52:40,104.54,SGX,XOF8019,XOF8019,IUK26
9813,1,-0.360,1111,IUK26-IUM26,S,26-May-2026,21:00:00,-0.36,SGX,XOF8013,XOF8013,IUK26-IUM26
9813,1,104.540,1111,IUK26,B,26-May-2026,21:00:00,104.53,SGX,XOF8013,XOF8013,IUK26
9813,1,104.180,1111,IUM26,S,25-Jun-2026,21:00:00,104.18,SGX,XOF8013,XOF8013,IUM26
9813,3,-0.360,1111,IUK26-IUM26,S,26-May-2026,21:00:00,-0.36,SGX,XOF8013,XOF8013,IUK26-IUM26
9813,3,104.540,1111,IUK26,B,26-May-2026,21:00:00,104.53,SGX,XOF8013,XOF8013,IUK26
9813,3,104.180,1111,IUM26,S,25-Jun-2026,21:00:00,104.18,SGX,XOF8013,XOF8013,IUM26
9813,3,-0.360,1111,IUK26-IUM26,S,26-May-2026,21:02:29,-0.36,SGX,XOF8013,XOF8013,IUK26-IUM26
9813,3,104.550,1111,IUK26,B,26-May-2026,21:02:29,104.55,SGX,XOF8013,XOF8013,IUK26
9813,3,104.190,1111,IUM26,S,25-Jun-2026,21:02:29,104.19,SGX,XOF8013,XOF8013,IUM26
9813,5,-0.360,1111,IUK26-IUM26,S,26-May-2026,21:07:50,-0.36,SGX,XOF8013,XOF8013,IUK26-IUM26
9813,5,104.550,1111,IUK26,B,26-May-2026,21:07:50,104.55,SGX,XOF8013,XOF8013,IUK26
9813,5,104.190,1111,IUM26,S,25-Jun-2026,21:07:50,104.19,SGX,XOF8013,XOF8013,IUM26
9813,5,-0.360,1111,IUK26-IUM26,S,26-May-2026,21:07:50,-0.36,SGX,XOF8013,XOF8013,IUK26-IUM26
9813,5,104.550,1111,IUK26,B,26-May-2026,21:07:50,104.55,SGX,XOF8013,XOF8013,IUK26
9813,5,104.190,1111,IUM26,S,25-Jun-2026,21:07:50,104.19,SGX,XOF8013,XOF8013,IUM26
9813,1,-0.360,1111,IUK26-IUM26,S,26-May-2026,21:09:08,-0.36,SGX,XOF8013,XOF8013,IUK26-IUM26
9813,1,104.540,1111,IUK26,B,26-May-2026,21:09:08,104.54,SGX,XOF8013,XOF8013,IUK26
9813,1,104.180,1111,IUM26,S,25-Jun-2026,21:09:08,104.18,SGX,XOF8013,XOF8013,IUM26
9819,1,104.54,1111,DINR,B,26-May-2026,21:09:58,104.54,DGCX,S-XOF8019,S-XOF8019,DINR-20260527
9819,1,104.540,1111,IUK26,S,26-May-2026,21:09:58,104.54,SGX,XOF8019,XOF8019,IUK26
9819,1,104.54,1111,DINR,B,26-May-2026,21:10:00,104.54,DGCX,S-XOF8019,S-XOF8019,DINR-20260527
9819,1,104.540,1111,IUK26,S,26-May-2026,21:09:59,104.54,SGX,XOF8019,XOF8019,IUK26
9819,1,104.54,1111,DINR,B,26-May-2026,21:10:00,104.54,DGCX,S-XOF8019,S-XOF8019,DINR-20260527
9819,1,104.540,1111,IUK26,S,26-May-2026,21:10:00,104.54,SGX,XOF8019,XOF8019,IUK26
9819,1,104.54,1111,DINR,B,26-May-2026,21:10:02,104.54,DGCX,S-XOF8019,S-XOF8019,DINR-20260527
9819,1,104.540,1111,IUK26,S,26-May-2026,21:10:02,104.54,SGX,XOF8019,XOF8019,IUK26
9819,1,104.54,1111,DINR,B,26-May-2026,21:10:13,104.54,DGCX,S-XOF8019,S-XOF8019,DINR-20260527
9819,5,104.54,1111,DINR,B,26-May-2026,21:10:13,104.54,DGCX,S-XOF8019,S-XOF8019,DINR-20260527
9819,1,104.540,1111,IUK26,S,26-May-2026,21:10:13,104.54,SGX,XOF8019,XOF8019,IUK26
9819,5,104.540,1111,IUK26,S,26-May-2026,21:10:13,104.54,SGX,XOF8019,XOF8019,IUK26
9819,5,104.54,1111,DINR,B,26-May-2026,21:10:13,104.54,DGCX,S-XOF8019,S-XOF8019,DINR-20260527
9819,5,104.540,1111,IUK26,S,26-May-2026,21:10:13,104.54,SGX,XOF8019,XOF8019,IUK26
9813,1,-0.360,1111,IUK26-IUM26,S,26-May-2026,21:15:11,-0.36,SGX,XOF8013,XOF8013,IUK26-IUM26
9813,1,104.540,1111,IUK26,B,26-May-2026,21:15:11,104.53,SGX,XOF8013,XOF8013,IUK26
9813,1,104.180,1111,IUM26,S,25-Jun-2026,21:15:11,104.18,SGX,XOF8013,XOF8013,IUM26
9819,1,104.55,1111,DINR,B,26-May-2026,21:22:06,104.55,DGCX,S-XOF8019,S-XOF8019,DINR-20260527
9819,1,104.550,1111,IUK26,S,26-May-2026,21:22:06,104.55,SGX,XOF8019,XOF8019,IUK26
9819,3,104.55,1111,DINR,B,26-May-2026,21:25:27,104.55,DGCX,S-XOF8019,S-XOF8019,DINR-20260527
9819,3,104.550,1111,IUK26,S,26-May-2026,21:25:27,104.55,SGX,XOF8019,XOF8019,IUK26
9819,1,104.55,1111,DINR,B,26-May-2026,21:26:42,104.55,DGCX,S-XOF8019,S-XOF8019,DINR-20260527
9819,1,104.55,1111,DINR,B,26-May-2026,21:26:42,104.55,DGCX,S-XOF8019,S-XOF8019,DINR-20260527
9819,1,104.550,1111,IUK26,S,26-May-2026,21:26:42,104.55,SGX,XOF8019,XOF8019,IUK26
9819,1,104.550,1111,IUK26,S,26-May-2026,21:26:42,104.55,SGX,XOF8019,XOF8019,IUK26
9818,5,104.55,1111,DINR,B,26-May-2026,21:29:09,104.55,DGCX,S-XOF8018,S-XOF8018,DINR-20260527
9818,5,104.550,1111,IUK26,S,26-May-2026,21:29:09,104.55,SGX,XOF8018,XOF8018,IUK26
9818,5,104.55,1111,DINR,B,26-May-2026,21:30:34,104.55,DGCX,S-XOF8018,S-XOF8018,DINR-20260527
9818,5,104.550,1111,IUK26,S,26-May-2026,21:30:34,104.55,SGX,XOF8018,XOF8018,IUK26
9819,1,104.55,1111,DINR,B,26-May-2026,21:30:34,104.55,DGCX,S-XOF8019,S-XOF8019,DINR-20260527
9819,1,104.550,1111,IUK26,S,26-May-2026,21:30:34,104.55,SGX,XOF8019,XOF8019,IUK26
9819,4,104.55,1111,DINR,B,26-May-2026,21:31:07,104.55,DGCX,S-XOF8019,S-XOF8019,DINR-20260527
9819,5,104.55,1111,DINR,B,26-May-2026,21:31:07,104.55,DGCX,S-XOF8019,S-XOF8019,DINR-20260527
9819,1,104.55,1111,DINR,B,26-May-2026,21:31:07,104.55,DGCX,S-XOF8019,S-XOF8019,DINR-20260527
9819,4,104.550,1111,IUK26,S,26-May-2026,21:31:07,104.55,SGX,XOF8019,XOF8019,IUK26
9819,2,104.550,1111,IUK26,S,26-May-2026,21:31:07,104.55,SGX,XOF8019,XOF8019,IUK26
9819,3,104.550,1111,IUK26,S,26-May-2026,21:31:07,104.55,SGX,XOF8019,XOF8019,IUK26
9819,1,104.550,1111,IUK26,S,26-May-2026,21:31:07,104.55,SGX,XOF8019,XOF8019,IUK26
9813,2,-0.360,1111,IUK26-IUM26,S,26-May-2026,21:43:40,-0.36,SGX,XOF8013,XOF8013,IUK26-IUM26
9813,2,104.530,1111,IUK26,B,26-May-2026,21:43:40,104.53,SGX,XOF8013,XOF8013,IUK26
9813,2,104.170,1111,IUM26,S,25-Jun-2026,21:43:40,104.17,SGX,XOF8013,XOF8013,IUM26
9817,3,104.56,1111,DINR,S,26-May-2026,21:45:46,104.56,DGCX,S-XOF8017,S-XOF8017,DINR-20260527
9817,3,104.540,1111,IUK26,B,26-May-2026,21:45:46,104.54,SGX,XOF8017,XOF8017,IUK26
9819,1,104.56,1111,DINR,S,26-May-2026,21:45:46,104.56,DGCX,S-XOF8019,S-XOF8019,DINR-20260527
9819,1,104.540,1111,IUK26,B,26-May-2026,21:45:46,104.54,SGX,XOF8019,XOF8019,IUK26
9819,4,104.56,1111,DINR,S,26-May-2026,21:45:56,104.56,DGCX,S-XOF8019,S-XOF8019,DINR-20260527
9817,5,104.56,1111,DINR,S,26-May-2026,21:45:56,104.56,DGCX,S-XOF8017,S-XOF8017,DINR-20260527
9819,3,104.540,1111,IUK26,B,26-May-2026,21:45:56,104.54,SGX,XOF8019,XOF8019,IUK26
9819,1,104.540,1111,IUK26,B,26-May-2026,21:45:56,104.54,SGX,XOF8019,XOF8019,IUK26
9817,1,104.540,1111,IUK26,B,26-May-2026,21:45:56,104.54,SGX,XOF8017,XOF8017,IUK26
9817,4,104.540,1111,IUK26,B,26-May-2026,21:45:56,104.54,SGX,XOF8017,XOF8017,IUK26
9819,5,104.56,1111,DINR,S,26-May-2026,21:45:56,104.56,DGCX,S-XOF8019,S-XOF8019,DINR-20260527
9817,3,104.56,1111,DINR,S,26-May-2026,21:45:56,104.56,DGCX,S-XOF8017,S-XOF8017,DINR-20260527
9817,3,104.56,1111,DINR,S,26-May-2026,21:45:56,104.56,DGCX,S-XOF8017,S-XOF8017,DINR-20260527
9819,2,104.54,1111,DINR,B,26-May-2026,21:46:01,104.54,DGCX,S-XOF8019,S-XOF8019,DINR-20260527
9819,2,104.54,1111,DINR,B,26-May-2026,21:46:01,104.54,DGCX,S-XOF8019,S-XOF8019,DINR-20260527
9819,1,104.540,1111,IUK26,B,26-May-2026,21:46:07,104.54,SGX,XOF8019,XOF8019,IUK26
9819,4,104.540,1111,IUK26,B,26-May-2026,21:46:07,104.54,SGX,XOF8019,XOF8019,IUK26
9817,1,104.540,1111,IUK26,B,26-May-2026,21:46:07,104.54,SGX,XOF8017,XOF8017,IUK26
9817,2,104.540,1111,IUK26,B,26-May-2026,21:46:07,104.54,SGX,XOF8017,XOF8017,IUK26
9817,3,104.540,1111,IUK26,B,26-May-2026,21:46:07,104.54,SGX,XOF8017,XOF8017,IUK26
9817,4,104.57,1111,DINR,S,26-May-2026,21:48:25,104.57,DGCX,S-XOF8017,S-XOF8017,DINR-20260527
9817,4,104.550,1111,IUK26,B,26-May-2026,21:48:25,104.55,SGX,XOF8017,XOF8017,IUK26
9817,1,104.57,1111,DINR,S,26-May-2026,21:48:39,104.57,DGCX,S-XOF8017,S-XOF8017,DINR-20260527
9819,5,104.57,1111,DINR,S,26-May-2026,21:48:39,104.57,DGCX,S-XOF8019,S-XOF8019,DINR-20260527
9819,4,104.57,1111,DINR,S,26-May-2026,21:48:39,104.57,DGCX,S-XOF8019,S-XOF8019,DINR-20260527
9817,1,104.550,1111,IUK26,B,26-May-2026,21:48:39,104.54,SGX,XOF8017,XOF8017,IUK26
9819,5,104.550,1111,IUK26,B,26-May-2026,21:48:39,104.54,SGX,XOF8019,XOF8019,IUK26
9819,4,104.550,1111,IUK26,B,26-May-2026,21:48:39,104.54,SGX,XOF8019,XOF8019,IUK26
9819,1,104.57,1111,DINR,S,26-May-2026,21:49:08,104.57,DGCX,S-XOF8019,S-XOF8019,DINR-20260527
9819,5,104.57,1111,DINR,S,26-May-2026,21:49:08,104.57,DGCX,S-XOF8019,S-XOF8019,DINR-20260527
9819,4,104.57,1111,DINR,S,26-May-2026,21:49:08,104.57,DGCX,S-XOF8019,S-XOF8019,DINR-20260527
9819,1,104.550,1111,IUK26,B,26-May-2026,21:49:08,104.55,SGX,XOF8019,XOF8019,IUK26
9819,2,104.550,1111,IUK26,B,26-May-2026,21:49:08,104.55,SGX,XOF8019,XOF8019,IUK26
9819,3,104.550,1111,IUK26,B,26-May-2026,21:49:08,104.55,SGX,XOF8019,XOF8019,IUK26
9819,4,104.550,1111,IUK26,B,26-May-2026,21:49:08,104.55,SGX,XOF8019,XOF8019,IUK26
9819,2,104.550,1111,IUK26,S,26-May-2026,21:49:54,104.55,SGX,XOF8019,XOF8019,IUK26
9819,2,104.550,1111,IUK26,S,26-May-2026,21:49:54,104.55,SGX,XOF8019,XOF8019,IUK26
9812,60,-0.370,1111,IUK26-IUM26,B,26-May-2026,21:49:55,-0.37,SGX,XOF8012,XOF8012,IUK26-IUM26
9812,60,104.170,1111,IUM26,B,25-Jun-2026,21:49:55,104.19,SGX,XOF8012,XOF8012,IUM26
9812,60,104.540,1111,IUK26,S,26-May-2026,21:49:55,104.55,SGX,XOF8012,XOF8012,IUK26
9812,19,-0.370,1111,IUK26-IUM26,B,26-May-2026,21:49:55,-0.37,SGX,XOF8012,XOF8012,IUK26-IUM26
9812,19,104.170,1111,IUM26,B,25-Jun-2026,21:49:55,104.19,SGX,XOF8012,XOF8012,IUM26
9812,19,104.540,1111,IUK26,S,26-May-2026,21:49:55,104.55,SGX,XOF8012,XOF8012,IUK26
9816,200,-0.370,1111,IUK26-IUM26,B,26-May-2026,21:49:55,-0.37,SGX,XOF8016,XOF8016,IUK26-IUM26
9816,200,104.170,1111,IUM26,B,25-Jun-2026,21:49:55,104.19,SGX,XOF8016,XOF8016,IUM26
9816,200,104.540,1111,IUK26,S,26-May-2026,21:49:55,104.55,SGX,XOF8016,XOF8016,IUK26
9813,163,-0.370,1111,IUK26-IUM26,B,26-May-2026,21:49:55,-0.37,SGX,XOF8013,XOF8013,IUK26-IUM26
9813,163,104.170,1111,IUM26,B,25-Jun-2026,21:49:55,104.19,SGX,XOF8013,XOF8013,IUM26
9813,163,104.540,1111,IUK26,S,26-May-2026,21:49:55,104.55,SGX,XOF8013,XOF8013,IUK26
9813,20,-0.370,1111,IUK26-IUM26,B,26-May-2026,21:54:32,-0.37,SGX,XOF8013,XOF8013,IUK26-IUM26
9813,20,104.550,1111,IUK26,S,26-May-2026,21:54:32,104.55,SGX,XOF8013,XOF8013,IUK26
9813,20,104.180,1111,IUM26,B,25-Jun-2026,21:54:32,104.18,SGX,XOF8013,XOF8013,IUM26
9813,17,-0.370,1111,IUK26-IUM26,B,26-May-2026,21:54:32,-0.37,SGX,XOF8013,XOF8013,IUK26-IUM26
9813,17,104.550,1111,IUK26,S,26-May-2026,21:54:32,104.55,SGX,XOF8013,XOF8013,IUK26
9813,17,104.180,1111,IUM26,B,25-Jun-2026,21:54:32,104.18,SGX,XOF8013,XOF8013,IUM26
9812,5,-0.370,1111,IUK26-IUM26,S,26-May-2026,21:56:45,-0.37,SGX,XOF8012,XOF8012,IUK26-IUM26
9812,5,104.530,1111,IUK26,B,26-May-2026,21:56:45,104.53,SGX,XOF8012,XOF8012,IUK26
9812,5,104.160,1111,IUM26,S,25-Jun-2026,21:56:45,104.16,SGX,XOF8012,XOF8012,IUM26
9812,5,-0.370,1111,IUK26-IUM26,S,26-May-2026,21:56:45,-0.37,SGX,XOF8012,XOF8012,IUK26-IUM26
9812,5,104.530,1111,IUK26,B,26-May-2026,21:56:45,104.53,SGX,XOF8012,XOF8012,IUK26
9812,5,104.160,1111,IUM26,S,25-Jun-2026,21:56:45,104.16,SGX,XOF8012,XOF8012,IUM26
9812,5,-0.370,1111,IUK26-IUM26,S,26-May-2026,21:56:45,-0.37,SGX,XOF8012,XOF8012,IUK26-IUM26
9812,5,104.530,1111,IUK26,B,26-May-2026,21:56:45,104.53,SGX,XOF8012,XOF8012,IUK26
9812,5,104.160,1111,IUM26,S,25-Jun-2026,21:56:45,104.16,SGX,XOF8012,XOF8012,IUM26
9812,5,-0.370,1111,IUK26-IUM26,S,26-May-2026,21:56:45,-0.37,SGX,XOF8012,XOF8012,IUK26-IUM26
9812,5,104.530,1111,IUK26,B,26-May-2026,21:56:45,104.53,SGX,XOF8012,XOF8012,IUK26
9812,5,104.160,1111,IUM26,S,25-Jun-2026,21:56:45,104.16,SGX,XOF8012,XOF8012,IUM26
9812,5,-0.370,1111,IUK26-IUM26,S,26-May-2026,21:56:45,-0.37,SGX,XOF8012,XOF8012,IUK26-IUM26
9812,5,104.530,1111,IUK26,B,26-May-2026,21:56:45,104.53,SGX,XOF8012,XOF8012,IUK26
9812,5,104.160,1111,IUM26,S,25-Jun-2026,21:56:45,104.16,SGX,XOF8012,XOF8012,IUM26
9812,5,-0.370,1111,IUK26-IUM26,S,26-May-2026,21:56:46,-0.37,SGX,XOF8012,XOF8012,IUK26-IUM26
9812,5,104.530,1111,IUK26,B,26-May-2026,21:56:46,104.53,SGX,XOF8012,XOF8012,IUK26
9812,5,104.160,1111,IUM26,S,25-Jun-2026,21:56:46,104.16,SGX,XOF8012,XOF8012,IUM26
9812,5,-0.370,1111,IUK26-IUM26,S,26-May-2026,21:56:46,-0.37,SGX,XOF8012,XOF8012,IUK26-IUM26
9812,5,104.530,1111,IUK26,B,26-May-2026,21:56:46,104.53,SGX,XOF8012,XOF8012,IUK26
9812,5,104.160,1111,IUM26,S,25-Jun-2026,21:56:46,104.16,SGX,XOF8012,XOF8012,IUM26
9812,10,-0.370,1111,IUK26-IUM26,B,26-May-2026,22:01:51,-0.37,SGX,XOF8012,XOF8012,IUK26-IUM26
9812,10,104.530,1111,IUK26,S,26-May-2026,22:01:51,104.52,SGX,XOF8012,XOF8012,IUK26
9812,10,104.160,1111,IUM26,B,25-Jun-2026,22:01:51,104.17,SGX,XOF8012,XOF8012,IUM26
9819,5,104.52,1111,DINR,B,26-May-2026,22:05:39,104.53,DGCX,S-XOF8019,S-XOF8019,DINR-20260527
9819,5,104.52,1111,DINR,B,26-May-2026,22:05:39,104.53,DGCX,S-XOF8019,S-XOF8019,DINR-20260527
9819,5,104.520,1111,IUK26,S,26-May-2026,22:05:39,104.52,SGX,XOF8019,XOF8019,IUK26
9819,5,104.520,1111,IUK26,S,26-May-2026,22:05:39,104.52,SGX,XOF8019,XOF8019,IUK26
9819,5,104.52,1111,DINR,B,26-May-2026,22:05:39,104.53,DGCX,S-XOF8019,S-XOF8019,DINR-20260527
9817,2,104.52,1111,DINR,B,26-May-2026,22:05:39,104.53,DGCX,S-XOF8017,S-XOF8017,DINR-20260527
9819,5,104.52,1111,DINR,B,26-May-2026,22:05:39,104.53,DGCX,S-XOF8019,S-XOF8019,DINR-20260527
9819,2,104.52,1111,DINR,B,26-May-2026,22:05:39,104.53,DGCX,S-XOF8019,S-XOF8019,DINR-20260527
9819,5,104.520,1111,IUK26,S,26-May-2026,22:05:39,104.52,SGX,XOF8019,XOF8019,IUK26
9817,2,104.520,1111,IUK26,S,26-May-2026,22:05:39,104.52,SGX,XOF8017,XOF8017,IUK26
9819,1,104.520,1111,IUK26,S,26-May-2026,22:05:39,104.52,SGX,XOF8019,XOF8019,IUK26
9819,3,104.520,1111,IUK26,S,26-May-2026,22:05:39,104.52,SGX,XOF8019,XOF8019,IUK26
9819,1,104.520,1111,IUK26,S,26-May-2026,22:05:39,104.52,SGX,XOF8019,XOF8019,IUK26
9819,2,104.520,1111,IUK26,S,26-May-2026,22:05:39,104.52,SGX,XOF8019,XOF8019,IUK26
9819,1,104.51,1111,DINR,B,26-May-2026,22:08:32,104.51,DGCX,S-XOF8019,S-XOF8019,DINR-20260527
9819,1,104.510,1111,IUK26,S,26-May-2026,22:08:32,104.51,SGX,XOF8019,XOF8019,IUK26
9819,5,104.52,1111,DINR,B,26-May-2026,22:09:55,104.52,DGCX,S-XOF8019,S-XOF8019,DINR-20260527
9819,5,104.52,1111,DINR,B,26-May-2026,22:09:55,104.52,DGCX,S-XOF8019,S-XOF8019,DINR-20260527
9819,5,104.52,1111,DINR,B,26-May-2026,22:09:55,104.52,DGCX,S-XOF8019,S-XOF8019,DINR-20260527
9819,1,104.520,1111,IUK26,S,26-May-2026,22:09:56,104.53,SGX,XOF8019,XOF8019,IUK26
9819,2,104.520,1111,IUK26,S,26-May-2026,22:09:56,104.53,SGX,XOF8019,XOF8019,IUK26
9819,2,104.520,1111,IUK26,S,26-May-2026,22:09:56,104.53,SGX,XOF8019,XOF8019,IUK26
9819,1,104.520,1111,IUK26,S,26-May-2026,22:09:56,104.53,SGX,XOF8019,XOF8019,IUK26
9819,4,104.520,1111,IUK26,S,26-May-2026,22:09:56,104.53,SGX,XOF8019,XOF8019,IUK26
9819,5,104.520,1111,IUK26,S,26-May-2026,22:09:56,104.53,SGX,XOF8019,XOF8019,IUK26
9812,38,-0.370,1111,IUK26-IUM26,B,26-May-2026,22:13:29,-0.37,SGX,XOF8012,XOF8012,IUK26-IUM26
9812,38,104.550,1111,IUK26,S,26-May-2026,22:13:29,104.54,SGX,XOF8012,XOF8012,IUK26
9812,38,104.180,1111,IUM26,B,25-Jun-2026,22:13:29,104.18,SGX,XOF8012,XOF8012,IUM26
9812,3,-0.370,1111,IUK26-IUM26,B,26-May-2026,22:16:50,-0.37,SGX,XOF8012,XOF8012,IUK26-IUM26
9812,3,104.560,1111,IUK26,S,26-May-2026,22:16:50,104.56,SGX,XOF8012,XOF8012,IUK26
9812,3,104.190,1111,IUM26,B,25-Jun-2026,22:16:50,104.19,SGX,XOF8012,XOF8012,IUM26
9812,1,-0.370,1111,IUK26-IUM26,S,26-May-2026,22:17:12,-0.37,SGX,XOF8012,XOF8012,IUK26-IUM26
9812,1,104.560,1111,IUK26,B,26-May-2026,22:17:12,104.57,SGX,XOF8012,XOF8012,IUK26
9812,1,104.190,1111,IUM26,S,25-Jun-2026,22:17:12,104.19,SGX,XOF8012,XOF8012,IUM26
9812,1,-0.370,1111,IUK26-IUM26,S,26-May-2026,22:17:14,-0.37,SGX,XOF8012,XOF8012,IUK26-IUM26
9812,1,104.560,1111,IUK26,B,26-May-2026,22:17:14,104.57,SGX,XOF8012,XOF8012,IUK26
9812,1,104.190,1111,IUM26,S,25-Jun-2026,22:17:14,104.19,SGX,XOF8012,XOF8012,IUM26
9812,1,-0.370,1111,IUK26-IUM26,S,26-May-2026,22:17:14,-0.37,SGX,XOF8012,XOF8012,IUK26-IUM26
9812,1,104.560,1111,IUK26,B,26-May-2026,22:17:14,104.57,SGX,XOF8012,XOF8012,IUK26
9812,1,104.190,1111,IUM26,S,25-Jun-2026,22:17:14,104.19,SGX,XOF8012,XOF8012,IUM26
9812,1,-0.370,1111,IUK26-IUM26,S,26-May-2026,22:17:14,-0.37,SGX,XOF8012,XOF8012,IUK26-IUM26
9812,1,104.560,1111,IUK26,B,26-May-2026,22:17:14,104.57,SGX,XOF8012,XOF8012,IUK26
9812,1,104.190,1111,IUM26,S,25-Jun-2026,22:17:14,104.19,SGX,XOF8012,XOF8012,IUM26
9812,1,-0.370,1111,IUK26-IUM26,S,26-May-2026,22:17:15,-0.37,SGX,XOF8012,XOF8012,IUK26-IUM26
9812,1,104.560,1111,IUK26,B,26-May-2026,22:17:15,104.57,SGX,XOF8012,XOF8012,IUK26
9812,1,104.190,1111,IUM26,S,25-Jun-2026,22:17:15,104.19,SGX,XOF8012,XOF8012,IUM26
9812,1,-0.370,1111,IUK26-IUM26,S,26-May-2026,22:17:15,-0.37,SGX,XOF8012,XOF8012,IUK26-IUM26
9812,1,104.560,1111,IUK26,B,26-May-2026,22:17:15,104.57,SGX,XOF8012,XOF8012,IUK26
9812,1,104.190,1111,IUM26,S,25-Jun-2026,22:17:15,104.19,SGX,XOF8012,XOF8012,IUM26
9812,1,-0.370,1111,IUK26-IUM26,S,26-May-2026,22:17:15,-0.37,SGX,XOF8012,XOF8012,IUK26-IUM26
9812,1,104.560,1111,IUK26,B,26-May-2026,22:17:15,104.57,SGX,XOF8012,XOF8012,IUK26
9812,1,104.190,1111,IUM26,S,25-Jun-2026,22:17:15,104.19,SGX,XOF8012,XOF8012,IUM26
9812,1,-0.370,1111,IUK26-IUM26,S,26-May-2026,22:17:16,-0.37,SGX,XOF8012,XOF8012,IUK26-IUM26
9812,1,104.560,1111,IUK26,B,26-May-2026,22:17:16,104.57,SGX,XOF8012,XOF8012,IUK26
9812,1,104.190,1111,IUM26,S,25-Jun-2026,22:17:16,104.19,SGX,XOF8012,XOF8012,IUM26
9812,1,-0.370,1111,IUK26-IUM26,S,26-May-2026,22:17:16,-0.37,SGX,XOF8012,XOF8012,IUK26-IUM26
9812,1,104.560,1111,IUK26,B,26-May-2026,22:17:16,104.57,SGX,XOF8012,XOF8012,IUK26
9812,1,104.190,1111,IUM26,S,25-Jun-2026,22:17:16,104.19,SGX,XOF8012,XOF8012,IUM26
9812,1,-0.370,1111,IUK26-IUM26,S,26-May-2026,22:17:17,-0.37,SGX,XOF8012,XOF8012,IUK26-IUM26
9812,1,104.560,1111,IUK26,B,26-May-2026,22:17:17,104.57,SGX,XOF8012,XOF8012,IUK26
9812,1,104.190,1111,IUM26,S,25-Jun-2026,22:17:17,104.19,SGX,XOF8012,XOF8012,IUM26
9812,1,-0.370,1111,IUK26-IUM26,S,26-May-2026,22:17:17,-0.37,SGX,XOF8012,XOF8012,IUK26-IUM26
9812,1,104.560,1111,IUK26,B,26-May-2026,22:17:17,104.57,SGX,XOF8012,XOF8012,IUK26
9812,1,104.190,1111,IUM26,S,25-Jun-2026,22:17:17,104.19,SGX,XOF8012,XOF8012,IUM26
9812,1,-0.370,1111,IUK26-IUM26,S,26-May-2026,22:17:18,-0.37,SGX,XOF8012,XOF8012,IUK26-IUM26
9812,1,104.560,1111,IUK26,B,26-May-2026,22:17:18,104.57,SGX,XOF8012,XOF8012,IUK26
9812,1,104.190,1111,IUM26,S,25-Jun-2026,22:17:18,104.19,SGX,XOF8012,XOF8012,IUM26
9812,1,-0.370,1111,IUK26-IUM26,S,26-May-2026,22:17:19,-0.37,SGX,XOF8012,XOF8012,IUK26-IUM26
9812,1,104.560,1111,IUK26,B,26-May-2026,22:17:19,104.55,SGX,XOF8012,XOF8012,IUK26
9812,1,104.190,1111,IUM26,S,25-Jun-2026,22:17:19,104.19,SGX,XOF8012,XOF8012,IUM26
9812,1,-0.370,1111,IUK26-IUM26,S,26-May-2026,22:17:20,-0.37,SGX,XOF8012,XOF8012,IUK26-IUM26
9812,1,104.560,1111,IUK26,B,26-May-2026,22:17:20,104.55,SGX,XOF8012,XOF8012,IUK26
9812,1,104.190,1111,IUM26,S,25-Jun-2026,22:17:20,104.19,SGX,XOF8012,XOF8012,IUM26
9812,1,-0.370,1111,IUK26-IUM26,S,26-May-2026,22:17:21,-0.37,SGX,XOF8012,XOF8012,IUK26-IUM26
9812,1,104.560,1111,IUK26,B,26-May-2026,22:17:21,104.56,SGX,XOF8012,XOF8012,IUK26
9812,1,104.190,1111,IUM26,S,25-Jun-2026,22:17:21,104.19,SGX,XOF8012,XOF8012,IUM26
9812,1,-0.370,1111,IUK26-IUM26,S,26-May-2026,22:17:23,-0.37,SGX,XOF8012,XOF8012,IUK26-IUM26
9812,1,104.570,1111,IUK26,B,26-May-2026,22:17:23,104.56,SGX,XOF8012,XOF8012,IUK26
9812,1,104.200,1111,IUM26,S,25-Jun-2026,22:17:23,104.19,SGX,XOF8012,XOF8012,IUM26
9812,1,-0.370,1111,IUK26-IUM26,S,26-May-2026,22:21:30,-0.37,SGX,XOF8012,XOF8012,IUK26-IUM26
9812,1,104.570,1111,IUK26,B,26-May-2026,22:21:30,104.58,SGX,XOF8012,XOF8012,IUK26
9812,1,104.200,1111,IUM26,S,25-Jun-2026,22:21:30,104.2,SGX,XOF8012,XOF8012,IUM26
9812,1,-0.370,1111,IUK26-IUM26,S,26-May-2026,22:21:30,-0.37,SGX,XOF8012,XOF8012,IUK26-IUM26
9812,1,104.570,1111,IUK26,B,26-May-2026,22:21:30,104.58,SGX,XOF8012,XOF8012,IUK26
9812,1,104.200,1111,IUM26,S,25-Jun-2026,22:21:30,104.2,SGX,XOF8012,XOF8012,IUM26
9812,4,-0.370,1111,IUK26-IUM26,S,26-May-2026,22:22:07,-0.37,SGX,XOF8012,XOF8012,IUK26-IUM26
9812,4,104.570,1111,IUK26,B,26-May-2026,22:22:07,104.57,SGX,XOF8012,XOF8012,IUK26
9812,4,104.200,1111,IUM26,S,25-Jun-2026,22:22:07,104.2,SGX,XOF8012,XOF8012,IUM26
9812,1,-0.370,1111,IUK26-IUM26,S,26-May-2026,22:31:07,-0.37,SGX,XOF8012,XOF8012,IUK26-IUM26
9812,1,104.550,1111,IUK26,B,26-May-2026,22:31:07,104.54,SGX,XOF8012,XOF8012,IUK26
9812,1,104.180,1111,IUM26,S,25-Jun-2026,22:31:07,104.18,SGX,XOF8012,XOF8012,IUM26
9817,2,104.53,1111,DINR,B,26-May-2026,22:39:14,104.52,DGCX,S-XOF8017,S-XOF8017,DINR-20260527
9817,2,104.53,1111,DINR,B,26-May-2026,22:39:14,104.52,DGCX,S-XOF8017,S-XOF8017,DINR-20260527
9817,2,104.52,1111,DINR,B,26-May-2026,22:39:17,104.52,DGCX,S-XOF8017,S-XOF8017,DINR-20260527
9817,2,104.520,1111,IUK26,S,26-May-2026,22:39:17,104.52,SGX,XOF8017,XOF8017,IUK26
9819,5,104.52,1111,DINR,B,26-May-2026,22:40:14,104.52,DGCX,S-XOF8019,S-XOF8019,DINR-20260527
9819,1,104.520,1111,IUK26,S,26-May-2026,22:40:14,104.52,SGX,XOF8019,XOF8019,IUK26
9819,4,104.520,1111,IUK26,S,26-May-2026,22:40:14,104.52,SGX,XOF8019,XOF8019,IUK26
9819,5,104.52,1111,DINR,B,26-May-2026,22:40:24,104.52,DGCX,S-XOF8019,S-XOF8019,DINR-20260527
9819,5,104.520,1111,IUK26,S,26-May-2026,22:40:25,104.52,SGX,XOF8019,XOF8019,IUK26
9812,2,-0.370,1111,IUK26-IUM26,S,26-May-2026,22:40:26,-0.37,SGX,XOF8012,XOF8012,IUK26-IUM26
9812,2,104.520,1111,IUK26,B,26-May-2026,22:40:26,104.52,SGX,XOF8012,XOF8012,IUK26
9812,2,104.150,1111,IUM26,S,25-Jun-2026,22:40:26,104.15,SGX,XOF8012,XOF8012,IUM26
9819,5,104.52,1111,DINR,B,26-May-2026,22:40:36,104.52,DGCX,S-XOF8019,S-XOF8019,DINR-20260527
9819,5,104.520,1111,IUK26,S,26-May-2026,22:40:36,104.52,SGX,XOF8019,XOF8019,IUK26
9819,5,104.52,1111,DINR,B,26-May-2026,22:40:36,104.52,DGCX,S-XOF8019,S-XOF8019,DINR-20260527
9819,5,104.520,1111,IUK26,S,26-May-2026,22:40:36,104.52,SGX,XOF8019,XOF8019,IUK26
9819,1,104.52,1111,DINR,B,26-May-2026,22:40:36,104.52,DGCX,S-XOF8019,S-XOF8019,DINR-20260527
9819,1,104.520,1111,IUK26,S,26-May-2026,22:40:36,104.52,SGX,XOF8019,XOF8019,IUK26
9819,5,104.52,1111,DINR,B,26-May-2026,22:40:54,104.52,DGCX,S-XOF8019,S-XOF8019,DINR-20260527
9819,5,104.520,1111,IUK26,S,26-May-2026,22:40:54,104.51,SGX,XOF8019,XOF8019,IUK26
9819,5,104.52,1111,DINR,B,26-May-2026,22:40:54,104.52,DGCX,S-XOF8019,S-XOF8019,DINR-20260527
9819,5,104.520,1111,IUK26,S,26-May-2026,22:40:54,104.51,SGX,XOF8019,XOF8019,IUK26
9819,3,104.52,1111,DINR,B,26-May-2026,22:40:54,104.52,DGCX,S-XOF8019,S-XOF8019,DINR-20260527
9819,3,104.520,1111,IUK26,S,26-May-2026,22:40:54,104.51,SGX,XOF8019,XOF8019,IUK26
9817,1,104.530,1111,IUK26,S,26-May-2026,22:42:11,104.53,SGX,XOF8017,XOF8017,IUK26
9817,1,104.530,1111,IUK26,S,26-May-2026,22:42:11,104.53,SGX,XOF8017,XOF8017,IUK26
9817,1,104.530,1111,IUK26,S,26-May-2026,22:42:12,104.53,SGX,XOF8017,XOF8017,IUK26
9817,1,104.530,1111,IUK26,S,26-May-2026,22:42:12,104.53,SGX,XOF8017,XOF8017,IUK26
9817,2,104.52,1111,DINR,B,26-May-2026,22:42:58,104.52,DGCX,S-XOF8017,S-XOF8017,DINR-20260527
9817,1,104.520,1111,IUK26,S,26-May-2026,22:42:58,104.52,SGX,XOF8017,XOF8017,IUK26
9817,1,104.520,1111,IUK26,S,26-May-2026,22:42:58,104.52,SGX,XOF8017,XOF8017,IUK26
9812,1,-0.370,1111,IUK26-IUM26,S,26-May-2026,22:42:58,-0.37,SGX,XOF8012,XOF8012,IUK26-IUM26
9812,1,104.520,1111,IUK26,B,26-May-2026,22:42:58,104.52,SGX,XOF8012,XOF8012,IUK26
9812,1,104.150,1111,IUM26,S,25-Jun-2026,22:42:58,104.15,SGX,XOF8012,XOF8012,IUM26
9817,1,104.52,1111,DINR,B,26-May-2026,22:43:00,104.52,DGCX,S-XOF8017,S-XOF8017,DINR-20260527
9817,1,104.52,1111,DINR,B,26-May-2026,22:43:00,104.52,DGCX,S-XOF8017,S-XOF8017,DINR-20260527
9817,1,104.520,1111,IUK26,S,26-May-2026,22:43:00,104.52,SGX,XOF8017,XOF8017,IUK26
9817,1,104.520,1111,IUK26,S,26-May-2026,22:43:00,104.52,SGX,XOF8017,XOF8017,IUK26
9817,1,104.52,1111,DINR,B,26-May-2026,22:43:01,104.52,DGCX,S-XOF8017,S-XOF8017,DINR-20260527
9817,1,104.52,1111,DINR,B,26-May-2026,22:43:01,104.52,DGCX,S-XOF8017,S-XOF8017,DINR-20260527
9817,1,104.520,1111,IUK26,S,26-May-2026,22:43:01,104.53,SGX,XOF8017,XOF8017,IUK26
9817,1,104.520,1111,IUK26,S,26-May-2026,22:43:01,104.53,SGX,XOF8017,XOF8017,IUK26
9817,2,104.52,1111,DINR,B,26-May-2026,22:48:11,104.52,DGCX,S-XOF8017,S-XOF8017,DINR-20260527
9817,2,104.520,1111,IUK26,S,26-May-2026,22:48:11,104.52,SGX,XOF8017,XOF8017,IUK26
9817,1,104.52,1111,DINR,B,26-May-2026,22:48:24,104.52,DGCX,S-XOF8017,S-XOF8017,DINR-20260527
9817,1,104.520,1111,IUK26,S,26-May-2026,22:48:24,104.52,SGX,XOF8017,XOF8017,IUK26
9812,2,-0.370,1111,IUK26-IUM26,S,26-May-2026,22:48:31,-0.37,SGX,XOF8012,XOF8012,IUK26-IUM26
9812,2,104.520,1111,IUK26,B,26-May-2026,22:48:31,104.52,SGX,XOF8012,XOF8012,IUK26
9812,2,104.150,1111,IUM26,S,25-Jun-2026,22:48:31,104.16,SGX,XOF8012,XOF8012,IUM26
9817,2,104.51,1111,DINR,B,26-May-2026,22:49:09,104.51,DGCX,S-XOF8017,S-XOF8017,DINR-20260527
9817,2,104.510,1111,IUK26,S,26-May-2026,22:49:09,104.5,SGX,XOF8017,XOF8017,IUK26
9817,2,104.51,1111,DINR,B,26-May-2026,22:49:10,104.51,DGCX,S-XOF8017,S-XOF8017,DINR-20260527
9817,1,104.51,1111,DINR,B,26-May-2026,22:49:10,104.51,DGCX,S-XOF8017,S-XOF8017,DINR-20260527
9817,2,104.510,1111,IUK26,S,26-May-2026,22:49:10,104.5,SGX,XOF8017,XOF8017,IUK26
9817,1,104.510,1111,IUK26,S,26-May-2026,22:49:10,104.5,SGX,XOF8017,XOF8017,IUK26
9817,1,104.50,1111,DINR,B,26-May-2026,22:49:17,104.5,DGCX,S-XOF8017,S-XOF8017,DINR-20260527
9817,1,104.500,1111,IUK26,S,26-May-2026,22:49:17,104.5,SGX,XOF8017,XOF8017,IUK26
9817,2,104.50,1111,DINR,B,26-May-2026,22:49:18,104.5,DGCX,S-XOF8017,S-XOF8017,DINR-20260527
9817,1,104.50,1111,DINR,B,26-May-2026,22:49:18,104.5,DGCX,S-XOF8017,S-XOF8017,DINR-20260527
9817,2,104.500,1111,IUK26,S,26-May-2026,22:49:18,104.5,SGX,XOF8017,XOF8017,IUK26
9817,1,104.500,1111,IUK26,S,26-May-2026,22:49:18,104.5,SGX,XOF8017,XOF8017,IUK26
9817,1,104.50,1111,DINR,B,26-May-2026,22:49:19,104.5,DGCX,S-XOF8017,S-XOF8017,DINR-20260527
9817,1,104.500,1111,IUK26,S,26-May-2026,22:49:19,104.5,SGX,XOF8017,XOF8017,IUK26
9817,1,104.50,1111,DINR,B,26-May-2026,22:49:19,104.5,DGCX,S-XOF8017,S-XOF8017,DINR-20260527
9817,1,104.500,1111,IUK26,S,26-May-2026,22:49:19,104.5,SGX,XOF8017,XOF8017,IUK26
9817,1,104.50,1111,DINR,B,26-May-2026,22:49:21,104.5,DGCX,S-XOF8017,S-XOF8017,DINR-20260527
9817,1,104.500,1111,IUK26,S,26-May-2026,22:49:21,104.5,SGX,XOF8017,XOF8017,IUK26
9817,2,104.51,1111,DINR,B,26-May-2026,22:49:47,104.51,DGCX,S-XOF8017,S-XOF8017,DINR-20260527
9817,2,104.510,1111,IUK26,S,26-May-2026,22:49:47,104.51,SGX,XOF8017,XOF8017,IUK26
9817,2,104.51,1111,DINR,B,26-May-2026,22:49:48,104.51,DGCX,S-XOF8017,S-XOF8017,DINR-20260527
9817,2,104.510,1111,IUK26,S,26-May-2026,22:49:48,104.51,SGX,XOF8017,XOF8017,IUK26
9817,1,104.51,1111,DINR,B,26-May-2026,22:49:49,104.5,DGCX,S-XOF8017,S-XOF8017,DINR-20260527
9817,1,104.51,1111,DINR,B,26-May-2026,22:49:49,104.5,DGCX,S-XOF8017,S-XOF8017,DINR-20260527
9817,1,104.510,1111,IUK26,S,26-May-2026,22:49:49,104.5,SGX,XOF8017,XOF8017,IUK26
9817,1,104.510,1111,IUK26,S,26-May-2026,22:49:49,104.5,SGX,XOF8017,XOF8017,IUK26
9817,1,104.51,1111,DINR,B,26-May-2026,22:49:49,104.5,DGCX,S-XOF8017,S-XOF8017,DINR-20260527
9817,1,104.510,1111,IUK26,S,26-May-2026,22:49:49,104.5,SGX,XOF8017,XOF8017,IUK26
9817,3,104.51,1111,DINR,B,26-May-2026,22:49:50,104.5,DGCX,S-XOF8017,S-XOF8017,DINR-20260527
9817,2,104.51,1111,DINR,B,26-May-2026,22:49:50,104.5,DGCX,S-XOF8017,S-XOF8017,DINR-20260527
9817,2,104.51,1111,DINR,B,26-May-2026,22:49:50,104.5,DGCX,S-XOF8017,S-XOF8017,DINR-20260527
9817,2,104.51,1111,DINR,B,26-May-2026,22:49:50,104.5,DGCX,S-XOF8017,S-XOF8017,DINR-20260527
9817,3,104.510,1111,IUK26,S,26-May-2026,22:49:55,104.52,SGX,XOF8017,XOF8017,IUK26
9817,2,104.510,1111,IUK26,S,26-May-2026,22:49:55,104.52,SGX,XOF8017,XOF8017,IUK26
9817,1,104.510,1111,IUK26,S,26-May-2026,22:49:55,104.52,SGX,XOF8017,XOF8017,IUK26
9817,1,104.510,1111,IUK26,S,26-May-2026,22:49:55,104.52,SGX,XOF8017,XOF8017,IUK26
9817,2,104.510,1111,IUK26,S,26-May-2026,22:49:55,104.52,SGX,XOF8017,XOF8017,IUK26
9819,2,104.50,1111,DINR,B,26-May-2026,22:50:12,104.5,DGCX,S-XOF8019,S-XOF8019,DINR-20260527
9819,2,104.500,1111,IUK26,S,26-May-2026,22:50:11,104.5,SGX,XOF8019,XOF8019,IUK26
9819,3,104.50,1111,DINR,B,26-May-2026,22:50:12,104.5,DGCX,S-XOF8019,S-XOF8019,DINR-20260527
9819,1,104.500,1111,IUK26,S,26-May-2026,22:50:12,104.5,SGX,XOF8019,XOF8019,IUK26
9819,2,104.500,1111,IUK26,S,26-May-2026,22:50:12,104.5,SGX,XOF8019,XOF8019,IUK26
9819,3,104.50,1111,DINR,B,26-May-2026,22:50:13,104.5,DGCX,S-XOF8019,S-XOF8019,DINR-20260527
9819,3,104.500,1111,IUK26,S,26-May-2026,22:50:14,104.5,SGX,XOF8019,XOF8019,IUK26
9819,2,104.50,1111,DINR,B,26-May-2026,22:50:15,104.5,DGCX,S-XOF8019,S-XOF8019,DINR-20260527
9819,2,104.500,1111,IUK26,S,26-May-2026,22:50:15,104.5,SGX,XOF8019,XOF8019,IUK26
9819,1,104.50,1111,DINR,B,26-May-2026,22:50:21,104.5,DGCX,S-XOF8019,S-XOF8019,DINR-20260527
9819,1,104.500,1111,IUK26,S,26-May-2026,22:50:21,104.5,SGX,XOF8019,XOF8019,IUK26
9817,1,104.51,1111,DINR,B,26-May-2026,22:51:22,104.51,DGCX,S-XOF8017,S-XOF8017,DINR-20260527
9819,2,104.51,1111,DINR,B,26-May-2026,22:51:22,104.51,DGCX,S-XOF8019,S-XOF8019,DINR-20260527
9817,1,104.510,1111,IUK26,S,26-May-2026,22:51:22,104.51,SGX,XOF8017,XOF8017,IUK26
9819,2,104.510,1111,IUK26,S,26-May-2026,22:51:22,104.51,SGX,XOF8019,XOF8019,IUK26
9812,1,-0.370,1111,IUK26-IUM26,S,26-May-2026,22:51:46,-0.37,SGX,XOF8012,XOF8012,IUK26-IUM26
9812,1,104.520,1111,IUK26,B,26-May-2026,22:51:46,104.52,SGX,XOF8012,XOF8012,IUK26
9812,1,104.150,1111,IUM26,S,25-Jun-2026,22:51:46,104.15,SGX,XOF8012,XOF8012,IUM26
9819,2,104.51,1111,DINR,B,26-May-2026,22:52:00,104.51,DGCX,S-XOF8019,S-XOF8019,DINR-20260527
9819,2,104.510,1111,IUK26,S,26-May-2026,22:51:59,104.51,SGX,XOF8019,XOF8019,IUK26
9819,2,104.51,1111,DINR,B,26-May-2026,22:52:00,104.51,DGCX,S-XOF8019,S-XOF8019,DINR-20260527
9819,2,104.510,1111,IUK26,S,26-May-2026,22:52:00,104.51,SGX,XOF8019,XOF8019,IUK26
9819,1,104.51,1111,DINR,B,26-May-2026,22:52:01,104.51,DGCX,S-XOF8019,S-XOF8019,DINR-20260527
9818,1,104.51,1111,DINR,B,26-May-2026,22:52:02,104.51,DGCX,S-XOF8018,S-XOF8018,DINR-20260527
9819,1,104.510,1111,IUK26,S,26-May-2026,22:52:01,104.51,SGX,XOF8019,XOF8019,IUK26
9818,1,104.510,1111,IUK26,S,26-May-2026,22:52:01,104.51,SGX,XOF8018,XOF8018,IUK26
9818,2,104.51,1111,DINR,B,26-May-2026,22:52:02,104.51,DGCX,S-XOF8018,S-XOF8018,DINR-20260527
9818,2,104.510,1111,IUK26,S,26-May-2026,22:52:02,104.51,SGX,XOF8018,XOF8018,IUK26
9818,2,104.51,1111,DINR,B,26-May-2026,22:52:04,104.51,DGCX,S-XOF8018,S-XOF8018,DINR-20260527
9818,2,104.510,1111,IUK26,S,26-May-2026,22:52:04,104.52,SGX,XOF8018,XOF8018,IUK26
9817,1,104.51,1111,DINR,B,26-May-2026,22:52:05,104.51,DGCX,S-XOF8017,S-XOF8017,DINR-20260527
9817,1,104.51,1111,DINR,B,26-May-2026,22:52:05,104.51,DGCX,S-XOF8017,S-XOF8017,DINR-20260527
9817,1,104.510,1111,IUK26,S,26-May-2026,22:52:05,104.52,SGX,XOF8017,XOF8017,IUK26
9817,1,104.510,1111,IUK26,S,26-May-2026,22:52:05,104.52,SGX,XOF8017,XOF8017,IUK26
9817,1,104.51,1111,DINR,B,26-May-2026,22:52:24,104.51,DGCX,S-XOF8017,S-XOF8017,DINR-20260527
9819,1,104.51,1111,DINR,B,26-May-2026,22:52:24,104.51,DGCX,S-XOF8019,S-XOF8019,DINR-20260527
9817,1,104.510,1111,IUK26,S,26-May-2026,22:52:24,104.51,SGX,XOF8017,XOF8017,IUK26
9819,1,104.510,1111,IUK26,S,26-May-2026,22:52:24,104.51,SGX,XOF8019,XOF8019,IUK26
9819,2,104.51,1111,DINR,B,26-May-2026,22:52:24,104.51,DGCX,S-XOF8019,S-XOF8019,DINR-20260527
9819,2,104.510,1111,IUK26,S,26-May-2026,22:52:24,104.51,SGX,XOF8019,XOF8019,IUK26
9819,2,104.51,1111,DINR,B,26-May-2026,22:52:27,104.51,DGCX,S-XOF8019,S-XOF8019,DINR-20260527
9819,2,104.510,1111,IUK26,S,26-May-2026,22:52:27,104.51,SGX,XOF8019,XOF8019,IUK26
9819,2,104.51,1111,DINR,B,26-May-2026,22:52:27,104.51,DGCX,S-XOF8019,S-XOF8019,DINR-20260527
9819,2,104.510,1111,IUK26,S,26-May-2026,22:52:27,104.51,SGX,XOF8019,XOF8019,IUK26
9817,2,104.52,1111,DINR,B,26-May-2026,22:53:09,104.51,DGCX,S-XOF8017,S-XOF8017,DINR-20260527
9817,1,104.520,1111,IUK26,S,26-May-2026,22:53:09,104.51,SGX,XOF8017,XOF8017,IUK26
9817,1,104.520,1111,IUK26,S,26-May-2026,22:53:09,104.51,SGX,XOF8017,XOF8017,IUK26
9819,1,104.52,1111,DINR,B,26-May-2026,22:53:10,104.51,DGCX,S-XOF8019,S-XOF8019,DINR-20260527
9819,1,104.520,1111,IUK26,S,26-May-2026,22:53:10,104.51,SGX,XOF8019,XOF8019,IUK26
9817,2,104.52,1111,DINR,B,26-May-2026,22:53:10,104.51,DGCX,S-XOF8017,S-XOF8017,DINR-20260527
9817,2,104.520,1111,IUK26,S,26-May-2026,22:53:10,104.51,SGX,XOF8017,XOF8017,IUK26
9817,2,104.52,1111,DINR,B,26-May-2026,22:53:14,104.52,DGCX,S-XOF8017,S-XOF8017,DINR-20260527
9817,1,104.520,1111,IUK26,S,26-May-2026,22:53:14,104.52,SGX,XOF8017,XOF8017,IUK26
9817,1,104.520,1111,IUK26,S,26-May-2026,22:53:14,104.52,SGX,XOF8017,XOF8017,IUK26
9819,2,104.51,1111,DINR,B,26-May-2026,22:53:33,104.51,DGCX,S-XOF8019,S-XOF8019,DINR-20260527
9819,2,104.510,1111,IUK26,S,26-May-2026,22:53:33,104.51,SGX,XOF8019,XOF8019,IUK26
9819,2,104.51,1111,DINR,B,26-May-2026,22:53:33,104.51,DGCX,S-XOF8019,S-XOF8019,DINR-20260527
9819,2,104.510,1111,IUK26,S,26-May-2026,22:53:33,104.51,SGX,XOF8019,XOF8019,IUK26
9819,1,104.51,1111,DINR,B,26-May-2026,22:53:33,104.51,DGCX,S-XOF8019,S-XOF8019,DINR-20260527
9819,2,104.51,1111,DINR,B,26-May-2026,22:53:33,104.51,DGCX,S-XOF8019,S-XOF8019,DINR-20260527
9819,1,104.510,1111,IUK26,S,26-May-2026,22:53:33,104.51,SGX,XOF8019,XOF8019,IUK26
9819,2,104.510,1111,IUK26,S,26-May-2026,22:53:33,104.51,SGX,XOF8019,XOF8019,IUK26
9819,2,104.51,1111,DINR,B,26-May-2026,22:53:37,104.51,DGCX,S-XOF8019,S-XOF8019,DINR-20260527
9819,2,104.510,1111,IUK26,S,26-May-2026,22:53:37,104.51,SGX,XOF8019,XOF8019,IUK26
9819,1,104.51,1111,DINR,B,26-May-2026,22:53:37,104.51,DGCX,S-XOF8019,S-XOF8019,DINR-20260527
9819,1,104.51,1111,DINR,B,26-May-2026,22:53:38,104.51,DGCX,S-XOF8019,S-XOF8019,DINR-20260527
9819,1,104.510,1111,IUK26,S,26-May-2026,22:53:37,104.51,SGX,XOF8019,XOF8019,IUK26
9819,1,104.510,1111,IUK26,S,26-May-2026,22:53:37,104.51,SGX,XOF8019,XOF8019,IUK26
9819,3,104.51,1111,DINR,B,26-May-2026,22:53:38,104.51,DGCX,S-XOF8019,S-XOF8019,DINR-20260527
9819,1,104.510,1111,IUK26,S,26-May-2026,22:53:38,104.51,SGX,XOF8019,XOF8019,IUK26
9819,2,104.510,1111,IUK26,S,26-May-2026,22:53:38,104.51,SGX,XOF8019,XOF8019,IUK26
9818,2,104.51,1111,DINR,B,26-May-2026,22:53:48,104.51,DGCX,S-XOF8018,S-XOF8018,DINR-20260527
9818,2,104.510,1111,IUK26,S,26-May-2026,22:53:48,104.51,SGX,XOF8018,XOF8018,IUK26
9818,2,104.51,1111,DINR,B,26-May-2026,22:53:48,104.51,DGCX,S-XOF8018,S-XOF8018,DINR-20260527
9818,2,104.510,1111,IUK26,S,26-May-2026,22:53:48,104.51,SGX,XOF8018,XOF8018,IUK26
9818,5,104.52,1111,DINR,B,26-May-2026,22:54:26,104.52,DGCX,S-XOF8018,S-XOF8018,DINR-20260527
9818,1,104.520,1111,IUK26,S,26-May-2026,22:54:26,104.52,SGX,XOF8018,XOF8018,IUK26
9818,4,104.520,1111,IUK26,S,26-May-2026,22:54:26,104.52,SGX,XOF8018,XOF8018,IUK26
9818,5,104.52,1111,DINR,B,26-May-2026,22:54:27,104.52,DGCX,S-XOF8018,S-XOF8018,DINR-20260527
9818,5,104.520,1111,IUK26,S,26-May-2026,22:54:32,104.52,SGX,XOF8018,XOF8018,IUK26
9812,1,-0.370,1111,IUK26-IUM26,S,26-May-2026,22:55:32,-0.37,SGX,XOF8012,XOF8012,IUK26-IUM26
9812,1,104.520,1111,IUK26,B,26-May-2026,22:55:32,104.53,SGX,XOF8012,XOF8012,IUK26
9812,1,104.150,1111,IUM26,S,25-Jun-2026,22:55:32,104.15,SGX,XOF8012,XOF8012,IUM26
9812,1,-0.370,1111,IUK26-IUM26,S,26-May-2026,22:55:34,-0.37,SGX,XOF8012,XOF8012,IUK26-IUM26
9812,1,104.520,1111,IUK26,B,26-May-2026,22:55:34,104.53,SGX,XOF8012,XOF8012,IUK26
9812,1,104.150,1111,IUM26,S,25-Jun-2026,22:55:34,104.15,SGX,XOF8012,XOF8012,IUM26
9818,3,104.52,1111,DINR,B,26-May-2026,22:58:07,104.52,DGCX,S-XOF8018,S-XOF8018,DINR-20260527
9818,3,104.520,1111,IUK26,S,26-May-2026,22:58:07,104.52,SGX,XOF8018,XOF8018,IUK26
9818,2,104.52,1111,DINR,B,26-May-2026,22:58:08,104.52,DGCX,S-XOF8018,S-XOF8018,DINR-20260527
9818,1,104.520,1111,IUK26,S,26-May-2026,22:58:08,104.52,SGX,XOF8018,XOF8018,IUK26
9818,1,104.520,1111,IUK26,S,26-May-2026,22:58:08,104.52,SGX,XOF8018,XOF8018,IUK26
9813,4,-0.370,1111,IUM26-IUN26,S,26-Jun-2026,23:17:14,-0.37,SGX,XOF8013,XOF8013,IUM26-IUN26
9813,4,104.170,1111,IUM26,B,25-Jun-2026,23:17:14,104.17,SGX,XOF8013,XOF8013,IUM26
9813,4,103.800,1111,IUN26,S,29-Jul-2026,23:17:14,103.8,SGX,XOF8013,XOF8013,IUN26
9812,1,-0.370,1111,IUK26-IUM26,S,26-May-2026,23:22:39,-0.37,SGX,XOF8012,XOF8012,IUK26-IUM26
9812,1,104.510,1111,IUK26,B,26-May-2026,23:22:39,104.51,SGX,XOF8012,XOF8012,IUK26
9812,1,104.140,1111,IUM26,S,25-Jun-2026,23:22:39,104.15,SGX,XOF8012,XOF8012,IUM26
9813,4,-0.370,1111,IUM26-IUN26,S,26-Jun-2026,23:27:42,-0.37,SGX,XOF8013,XOF8013,IUM26-IUN26
9813,4,104.140,1111,IUM26,B,25-Jun-2026,23:27:42,104.14,SGX,XOF8013,XOF8013,IUM26
9813,4,103.770,1111,IUN26,S,29-Jul-2026,23:27:42,103.77,SGX,XOF8013,XOF8013,IUN26
9812,5,-0.370,1111,IUK26-IUM26,S,26-May-2026,23:28:21,-0.37,SGX,XOF8012,XOF8012,IUK26-IUM26
9812,5,104.500,1111,IUK26,B,26-May-2026,23:28:21,104.5,SGX,XOF8012,XOF8012,IUK26
9812,5,104.130,1111,IUM26,S,25-Jun-2026,23:28:21,104.13,SGX,XOF8012,XOF8012,IUM26
9813,1,-0.370,1111,IUM26-IUN26,S,26-Jun-2026,23:28:23,-0.37,SGX,XOF8013,XOF8013,IUM26-IUN26
9813,1,104.130,1111,IUM26,B,25-Jun-2026,23:28:23,104.13,SGX,XOF8013,XOF8013,IUM26
9813,1,103.760,1111,IUN26,S,29-Jul-2026,23:28:23,103.76,SGX,XOF8013,XOF8013,IUN26
