9816,100,-0.370,1111,IUK26-IUM26,S,26-May-2026,07:39:57,-0.37,SGX,XOF8016,XOF8016,IUK26-IUM26
9816,100,104.250,1111,IUK26,B,26-May-2026,07:39:57,104.28,SGX,XOF8016,XOF8016,IUK26
9816,100,103.880,1111,IUM26,S,25-Jun-2026,07:39:57,103.87,SGX,XOF8016,XOF8016,IUM26
9816,8,-0.370,1111,IUK26-IUM26,B,26-May-2026,08:28:09,-0.37,SGX,XOF8016,XOF8016,IUK26-IUM26
9816,8,104.290,1111,IUK26,S,26-May-2026,08:28:09,104.26,SGX,XOF8016,XOF8016,IUK26
9816,8,103.920,1111,IUM26,B,25-Jun-2026,08:28:09,103.91,SGX,XOF8016,XOF8016,IUM26
9816,4,-0.370,1111,IUK26-IUM26,B,26-May-2026,08:29:11,-0.37,SGX,XOF8016,XOF8016,IUK26-IUM26
9816,4,104.260,1111,IUK26,S,26-May-2026,08:29:11,104.25,SGX,XOF8016,XOF8016,IUK26
9816,4,103.890,1111,IUM26,B,25-Jun-2026,08:29:11,103.89,SGX,XOF8016,XOF8016,IUM26
9816,1,-0.370,1111,IUK26-IUM26,B,26-May-2026,08:50:15,-0.37,SGX,XOF8016,XOF8016,IUK26-IUM26
9816,1,104.290,1111,IUK26,S,26-May-2026,08:50:15,104.3,SGX,XOF8016,XOF8016,IUK26
9816,1,103.920,1111,IUM26,B,25-Jun-2026,08:50:15,103.92,SGX,XOF8016,XOF8016,IUM26
9812,5,-0.370,1111,IUK26-IUM26,S,26-May-2026,08:56:18,-0.37,SGX,XOF8012,XOF8012,IUK26-IUM26
9812,5,104.320,1111,IUK26,B,26-May-2026,08:56:18,104.29,SGX,XOF8012,XOF8012,IUK26
9812,5,103.950,1111,IUM26,S,25-Jun-2026,08:56:18,103.93,SGX,XOF8012,XOF8012,IUM26
9812,21,-0.370,1111,IUK26-IUM26,S,26-May-2026,08:56:18,-0.37,SGX,XOF8012,XOF8012,IUK26-IUM26
9812,21,104.320,1111,IUK26,B,26-May-2026,08:56:18,104.29,SGX,XOF8012,XOF8012,IUK26
9812,21,103.950,1111,IUM26,S,25-Jun-2026,08:56:18,103.93,SGX,XOF8012,XOF8012,IUM26
9813,10,-0.360,1111,IUK26-IUM26,S,26-May-2026,09:01:34,-0.36,SGX,XOF8013,XOF8013,IUK26-IUM26
9813,10,104.260,1111,IUK26,B,26-May-2026,09:01:34,104.27,SGX,XOF8013,XOF8013,IUK26
9813,10,103.900,1111,IUM26,S,25-Jun-2026,09:01:34,103.9,SGX,XOF8013,XOF8013,IUM26
9813,6,-0.360,1111,IUK26-IUM26,S,26-May-2026,09:01:34,-0.36,SGX,XOF8013,XOF8013,IUK26-IUM26
9813,6,104.260,1111,IUK26,B,26-May-2026,09:01:34,104.27,SGX,XOF8013,XOF8013,IUK26
9813,6,103.900,1111,IUM26,S,25-Jun-2026,09:01:34,103.9,SGX,XOF8013,XOF8013,IUM26
9813,3,-0.360,1111,IUK26-IUM26,S,26-May-2026,09:01:34,-0.36,SGX,XOF8013,XOF8013,IUK26-IUM26
9813,3,104.270,1111,IUK26,B,26-May-2026,09:01:34,104.27,SGX,XOF8013,XOF8013,IUK26
9813,3,103.910,1111,IUM26,S,25-Jun-2026,09:01:34,103.9,SGX,XOF8013,XOF8013,IUM26
9813,11,-0.360,1111,IUK26-IUM26,S,26-May-2026,09:01:34,-0.36,SGX,XOF8013,XOF8013,IUK26-IUM26
9813,11,104.260,1111,IUK26,B,26-May-2026,09:01:34,104.27,SGX,XOF8013,XOF8013,IUK26
9813,11,103.900,1111,IUM26,S,25-Jun-2026,09:01:34,103.9,SGX,XOF8013,XOF8013,IUM26
9813,2,-0.360,1111,IUK26-IUM26,S,26-May-2026,09:01:34,-0.36,SGX,XOF8013,XOF8013,IUK26-IUM26
9813,2,104.260,1111,IUK26,B,26-May-2026,09:01:34,104.27,SGX,XOF8013,XOF8013,IUK26
9813,2,103.900,1111,IUM26,S,25-Jun-2026,09:01:34,103.9,SGX,XOF8013,XOF8013,IUM26
9813,3,-0.360,1111,IUK26-IUM26,S,26-May-2026,09:01:34,-0.36,SGX,XOF8013,XOF8013,IUK26-IUM26
9813,3,104.260,1111,IUK26,B,26-May-2026,09:01:34,104.27,SGX,XOF8013,XOF8013,IUK26
9813,3,103.900,1111,IUM26,S,25-Jun-2026,09:01:34,103.9,SGX,XOF8013,XOF8013,IUM26
9813,71,-0.360,1111,IUK26-IUM26,S,26-May-2026,09:02:33,-0.36,SGX,XOF8013,XOF8013,IUK26-IUM26
9813,71,104.270,1111,IUK26,B,26-May-2026,09:02:33,104.26,SGX,XOF8013,XOF8013,IUK26
9813,71,103.910,1111,IUM26,S,25-Jun-2026,09:02:33,103.92,SGX,XOF8013,XOF8013,IUM26
9819,38,-0.360,1111,IUK26-IUM26,S,26-May-2026,09:02:33,-0.36,SGX,XOF8019,XOF8019,IUK26-IUM26
9819,38,104.270,1111,IUK26,B,26-May-2026,09:02:33,104.26,SGX,XOF8019,XOF8019,IUK26
9819,38,103.910,1111,IUM26,S,25-Jun-2026,09:02:33,103.92,SGX,XOF8019,XOF8019,IUM26
9816,53,-0.360,1111,IUK26-IUM26,B,26-May-2026,09:02:44,-0.36,SGX,XOF8016,XOF8016,IUK26-IUM26
9816,53,104.270,1111,IUK26,S,26-May-2026,09:02:44,104.26,SGX,XOF8016,XOF8016,IUK26
9816,53,103.910,1111,IUM26,B,25-Jun-2026,09:02:44,103.91,SGX,XOF8016,XOF8016,IUM26
9816,4,-0.360,1111,IUK26-IUM26,B,26-May-2026,09:03:17,-0.36,SGX,XOF8016,XOF8016,IUK26-IUM26
9816,4,104.260,1111,IUK26,S,26-May-2026,09:03:17,104.25,SGX,XOF8016,XOF8016,IUK26
9816,4,103.900,1111,IUM26,B,25-Jun-2026,09:03:17,103.9,SGX,XOF8016,XOF8016,IUM26
9816,30,-0.360,1111,IUK26-IUM26,B,26-May-2026,09:03:27,-0.36,SGX,XOF8016,XOF8016,IUK26-IUM26
9816,30,104.250,1111,IUK26,S,26-May-2026,09:03:27,104.24,SGX,XOF8016,XOF8016,IUK26
9816,30,103.890,1111,IUM26,B,25-Jun-2026,09:03:27,103.9,SGX,XOF8016,XOF8016,IUM26
9816,87,-0.360,1111,IUK26-IUM26,S,26-May-2026,09:04:53,-0.36,SGX,XOF8016,XOF8016,IUK26-IUM26
9816,87,104.240,1111,IUK26,B,26-May-2026,09:04:53,104.24,SGX,XOF8016,XOF8016,IUK26
9816,87,103.880,1111,IUM26,S,25-Jun-2026,09:04:53,103.88,SGX,XOF8016,XOF8016,IUM26
9813,100,-0.360,1111,IUK26-IUM26,S,26-May-2026,09:04:53,-0.36,SGX,XOF8013,XOF8013,IUK26-IUM26
9813,100,104.240,1111,IUK26,B,26-May-2026,09:04:53,104.24,SGX,XOF8013,XOF8013,IUK26
9813,100,103.880,1111,IUM26,S,25-Jun-2026,09:04:53,103.88,SGX,XOF8013,XOF8013,IUM26
9816,35,-0.360,1111,IUK26-IUM26,B,26-May-2026,09:05:03,-0.36,SGX,XOF8016,XOF8016,IUK26-IUM26
9816,35,104.240,1111,IUK26,S,26-May-2026,09:05:03,104.23,SGX,XOF8016,XOF8016,IUK26
9816,35,103.880,1111,IUM26,B,25-Jun-2026,09:05:03,103.88,SGX,XOF8016,XOF8016,IUM26
9816,52,-0.360,1111,IUK26-IUM26,B,26-May-2026,09:05:14,-0.36,SGX,XOF8016,XOF8016,IUK26-IUM26
9816,52,104.240,1111,IUK26,S,26-May-2026,09:05:14,104.24,SGX,XOF8016,XOF8016,IUK26
9816,52,103.880,1111,IUM26,B,25-Jun-2026,09:05:14,103.88,SGX,XOF8016,XOF8016,IUM26
9817,3,104.23,1111,DINR,B,26-May-2026,09:06:32,104.23,DGCX,S-XOF8017,S-XOF8017,DINR-20260527
9817,2,104.23,1111,DINR,B,26-May-2026,09:06:32,104.23,DGCX,S-XOF8017,S-XOF8017,DINR-20260527
9817,2,104.23,1111,DINR,B,26-May-2026,09:06:32,104.23,DGCX,S-XOF8017,S-XOF8017,DINR-20260527
9817,1,104.230,1111,IUK26,S,26-May-2026,09:06:32,104.23,SGX,XOF8017,XOF8017,IUK26
9817,1,104.230,1111,IUK26,S,26-May-2026,09:06:32,104.23,SGX,XOF8017,XOF8017,IUK26
9817,1,104.230,1111,IUK26,S,26-May-2026,09:06:32,104.23,SGX,XOF8017,XOF8017,IUK26
9817,2,104.230,1111,IUK26,S,26-May-2026,09:06:32,104.23,SGX,XOF8017,XOF8017,IUK26
9817,2,104.230,1111,IUK26,S,26-May-2026,09:06:32,104.23,SGX,XOF8017,XOF8017,IUK26
9817,2,104.23,1111,DINR,B,26-May-2026,09:06:32,104.23,DGCX,S-XOF8017,S-XOF8017,DINR-20260527
9817,2,104.230,1111,IUK26,S,26-May-2026,09:06:32,104.23,SGX,XOF8017,XOF8017,IUK26
9816,11,-0.370,1111,IUK26-IUM26,B,26-May-2026,09:12:39,-0.37,SGX,XOF8016,XOF8016,IUK26-IUM26
9816,11,104.230,1111,IUK26,S,26-May-2026,09:12:39,104.22,SGX,XOF8016,XOF8016,IUK26
9816,11,103.860,1111,IUM26,B,25-Jun-2026,09:12:39,103.87,SGX,XOF8016,XOF8016,IUM26
9812,26,-0.360,1111,IUK26-IUM26,B,26-May-2026,09:16:48,-0.36,SGX,XOF8012,XOF8012,IUK26-IUM26
9812,26,104.200,1111,IUK26,S,26-May-2026,09:16:48,104.2,SGX,XOF8012,XOF8012,IUK26
9812,26,103.840,1111,IUM26,B,25-Jun-2026,09:16:48,103.81,SGX,XOF8012,XOF8012,IUM26
9812,10,-0.360,1111,IUK26-IUM26,B,26-May-2026,09:16:48,-0.36,SGX,XOF8012,XOF8012,IUK26-IUM26
9812,10,104.200,1111,IUK26,S,26-May-2026,09:16:48,104.2,SGX,XOF8012,XOF8012,IUK26
9812,10,103.840,1111,IUM26,B,25-Jun-2026,09:16:48,103.81,SGX,XOF8012,XOF8012,IUM26
9812,20,-0.360,1111,IUK26-IUM26,B,26-May-2026,09:16:48,-0.36,SGX,XOF8012,XOF8012,IUK26-IUM26
9812,20,104.200,1111,IUK26,S,26-May-2026,09:16:48,104.2,SGX,XOF8012,XOF8012,IUK26
9812,20,103.840,1111,IUM26,B,25-Jun-2026,09:16:48,103.81,SGX,XOF8012,XOF8012,IUM26
9812,5,-0.360,1111,IUK26-IUM26,B,26-May-2026,09:16:48,-0.36,SGX,XOF8012,XOF8012,IUK26-IUM26
9812,5,104.200,1111,IUK26,S,26-May-2026,09:16:48,104.2,SGX,XOF8012,XOF8012,IUK26
9812,5,103.840,1111,IUM26,B,25-Jun-2026,09:16:48,103.81,SGX,XOF8012,XOF8012,IUM26
9816,11,-0.360,1111,IUK26-IUM26,S,26-May-2026,09:17:03,-0.36,SGX,XOF8016,XOF8016,IUK26-IUM26
9816,11,104.210,1111,IUK26,B,26-May-2026,09:17:03,104.21,SGX,XOF8016,XOF8016,IUK26
9816,11,103.850,1111,IUM26,S,25-Jun-2026,09:17:03,103.85,SGX,XOF8016,XOF8016,IUM26
9812,100,-0.360,1111,IUK26-IUM26,B,26-May-2026,09:17:10,-0.36,SGX,XOF8012,XOF8012,IUK26-IUM26
9812,100,104.210,1111,IUK26,S,26-May-2026,09:17:10,104.22,SGX,XOF8012,XOF8012,IUK26
9812,100,103.850,1111,IUM26,B,25-Jun-2026,09:17:10,103.86,SGX,XOF8012,XOF8012,IUM26
9812,100,-0.360,1111,IUK26-IUM26,B,26-May-2026,09:17:10,-0.36,SGX,XOF8012,XOF8012,IUK26-IUM26
9812,100,104.220,1111,IUK26,S,26-May-2026,09:17:10,104.22,SGX,XOF8012,XOF8012,IUK26
9812,100,103.860,1111,IUM26,B,25-Jun-2026,09:17:10,103.86,SGX,XOF8012,XOF8012,IUM26
9812,42,-0.360,1111,IUK26-IUM26,B,26-May-2026,09:17:11,-0.36,SGX,XOF8012,XOF8012,IUK26-IUM26
9812,42,104.220,1111,IUK26,S,26-May-2026,09:17:11,104.22,SGX,XOF8012,XOF8012,IUK26
9812,42,103.860,1111,IUM26,B,25-Jun-2026,09:17:11,103.86,SGX,XOF8012,XOF8012,IUM26
9812,20,-0.360,1111,IUK26-IUM26,B,26-May-2026,09:17:11,-0.36,SGX,XOF8012,XOF8012,IUK26-IUM26
9812,20,104.220,1111,IUK26,S,26-May-2026,09:17:11,104.22,SGX,XOF8012,XOF8012,IUK26
9812,20,103.860,1111,IUM26,B,25-Jun-2026,09:17:11,103.86,SGX,XOF8012,XOF8012,IUM26
9816,17,-0.370,1111,IUK26-IUM26,B,26-May-2026,09:17:18,-0.37,SGX,XOF8016,XOF8016,IUK26-IUM26
9816,17,104.250,1111,IUK26,S,26-May-2026,09:17:18,104.27,SGX,XOF8016,XOF8016,IUK26
9816,17,103.880,1111,IUM26,B,25-Jun-2026,09:17:18,103.89,SGX,XOF8016,XOF8016,IUM26
9817,2,104.26,1111,DINR,B,26-May-2026,09:17:19,104.26,DGCX,S-XOF8017,S-XOF8017,DINR-20260527
9817,1,104.26,1111,DINR,B,26-May-2026,09:17:19,104.26,DGCX,S-XOF8017,S-XOF8017,DINR-20260527
9817,2,104.260,1111,IUK26,S,26-May-2026,09:17:19,104.26,SGX,XOF8017,XOF8017,IUK26
9817,1,104.260,1111,IUK26,S,26-May-2026,09:17:19,104.26,SGX,XOF8017,XOF8017,IUK26
9817,1,104.26,1111,DINR,B,26-May-2026,09:17:19,104.26,DGCX,S-XOF8017,S-XOF8017,DINR-20260527
9817,1,104.260,1111,IUK26,S,26-May-2026,09:17:19,104.26,SGX,XOF8017,XOF8017,IUK26
9812,5,-0.360,1111,IUK26-IUM26,S,26-May-2026,09:17:27,-0.36,SGX,XOF8012,XOF8012,IUK26-IUM26
9812,5,104.240,1111,IUK26,B,26-May-2026,09:17:27,104.24,SGX,XOF8012,XOF8012,IUK26
9812,5,103.880,1111,IUM26,S,25-Jun-2026,09:17:27,103.88,SGX,XOF8012,XOF8012,IUM26
9812,4,-0.360,1111,IUK26-IUM26,S,26-May-2026,09:17:27,-0.36,SGX,XOF8012,XOF8012,IUK26-IUM26
9812,4,104.240,1111,IUK26,B,26-May-2026,09:17:27,104.24,SGX,XOF8012,XOF8012,IUK26
9812,4,103.880,1111,IUM26,S,25-Jun-2026,09:17:27,103.88,SGX,XOF8012,XOF8012,IUM26
9812,5,-0.360,1111,IUK26-IUM26,S,26-May-2026,09:17:27,-0.36,SGX,XOF8012,XOF8012,IUK26-IUM26
9812,5,104.240,1111,IUK26,B,26-May-2026,09:17:27,104.24,SGX,XOF8012,XOF8012,IUK26
9812,5,103.880,1111,IUM26,S,25-Jun-2026,09:17:27,103.88,SGX,XOF8012,XOF8012,IUM26
9812,15,-0.360,1111,IUK26-IUM26,S,26-May-2026,09:17:27,-0.36,SGX,XOF8012,XOF8012,IUK26-IUM26
9812,15,104.240,1111,IUK26,B,26-May-2026,09:17:27,104.24,SGX,XOF8012,XOF8012,IUK26
9812,15,103.880,1111,IUM26,S,25-Jun-2026,09:17:27,103.88,SGX,XOF8012,XOF8012,IUM26
9812,2,-0.360,1111,IUK26-IUM26,S,26-May-2026,09:17:29,-0.36,SGX,XOF8012,XOF8012,IUK26-IUM26
9812,2,104.240,1111,IUK26,B,26-May-2026,09:17:29,104.25,SGX,XOF8012,XOF8012,IUK26
9812,2,103.880,1111,IUM26,S,25-Jun-2026,09:17:29,103.88,SGX,XOF8012,XOF8012,IUM26
9812,9,-0.360,1111,IUK26-IUM26,S,26-May-2026,09:17:31,-0.36,SGX,XOF8012,XOF8012,IUK26-IUM26
9812,9,104.260,1111,IUK26,B,26-May-2026,09:17:31,104.27,SGX,XOF8012,XOF8012,IUK26
9812,9,103.900,1111,IUM26,S,25-Jun-2026,09:17:31,103.9,SGX,XOF8012,XOF8012,IUM26
9812,2,-0.360,1111,IUK26-IUM26,S,26-May-2026,09:17:35,-0.36,SGX,XOF8012,XOF8012,IUK26-IUM26
9812,2,104.280,1111,IUK26,B,26-May-2026,09:17:35,104.29,SGX,XOF8012,XOF8012,IUK26
9812,2,103.920,1111,IUM26,S,25-Jun-2026,09:17:35,103.93,SGX,XOF8012,XOF8012,IUM26
9812,6,-0.360,1111,IUK26-IUM26,S,26-May-2026,09:17:35,-0.36,SGX,XOF8012,XOF8012,IUK26-IUM26
9812,6,104.290,1111,IUK26,B,26-May-2026,09:17:35,104.29,SGX,XOF8012,XOF8012,IUK26
9812,6,103.930,1111,IUM26,S,25-Jun-2026,09:17:35,103.93,SGX,XOF8012,XOF8012,IUM26
9812,3,-0.360,1111,IUK26-IUM26,S,26-May-2026,09:17:35,-0.36,SGX,XOF8012,XOF8012,IUK26-IUM26
9812,3,104.290,1111,IUK26,B,26-May-2026,09:17:35,104.29,SGX,XOF8012,XOF8012,IUK26
9812,3,103.930,1111,IUM26,S,25-Jun-2026,09:17:35,103.93,SGX,XOF8012,XOF8012,IUM26
9812,4,-0.360,1111,IUK26-IUM26,S,26-May-2026,09:17:35,-0.36,SGX,XOF8012,XOF8012,IUK26-IUM26
9812,4,104.290,1111,IUK26,B,26-May-2026,09:17:35,104.29,SGX,XOF8012,XOF8012,IUK26
9812,4,103.930,1111,IUM26,S,25-Jun-2026,09:17:35,103.93,SGX,XOF8012,XOF8012,IUM26
9812,6,-0.360,1111,IUK26-IUM26,S,26-May-2026,09:17:50,-0.36,SGX,XOF8012,XOF8012,IUK26-IUM26
9812,6,104.250,1111,IUK26,B,26-May-2026,09:17:50,104.25,SGX,XOF8012,XOF8012,IUK26
9812,6,103.890,1111,IUM26,S,25-Jun-2026,09:17:50,103.89,SGX,XOF8012,XOF8012,IUM26
9812,25,-0.360,1111,IUK26-IUM26,S,26-May-2026,09:17:50,-0.36,SGX,XOF8012,XOF8012,IUK26-IUM26
9812,25,104.250,1111,IUK26,B,26-May-2026,09:17:50,104.25,SGX,XOF8012,XOF8012,IUK26
9812,25,103.890,1111,IUM26,S,25-Jun-2026,09:17:50,103.89,SGX,XOF8012,XOF8012,IUM26
9812,7,-0.360,1111,IUK26-IUM26,S,26-May-2026,09:17:59,-0.37,SGX,XOF8012,XOF8012,IUK26-IUM26
9812,7,104.240,1111,IUK26,B,26-May-2026,09:17:59,104.26,SGX,XOF8012,XOF8012,IUK26
9812,7,103.880,1111,IUM26,S,25-Jun-2026,09:17:59,103.91,SGX,XOF8012,XOF8012,IUM26
9816,11,-0.380,1111,IUK26-IUM26,B,26-May-2026,09:17:58,-0.37,SGX,XOF8016,XOF8016,IUK26-IUM26
9816,11,104.270,1111,IUK26,S,26-May-2026,09:17:58,104.26,SGX,XOF8016,XOF8016,IUK26
9816,11,103.890,1111,IUM26,B,25-Jun-2026,09:17:58,103.91,SGX,XOF8016,XOF8016,IUM26
9816,20,-0.370,1111,IUK26-IUM26,B,26-May-2026,09:17:58,-0.37,SGX,XOF8016,XOF8016,IUK26-IUM26
9816,20,104.270,1111,IUK26,S,26-May-2026,09:17:58,104.26,SGX,XOF8016,XOF8016,IUK26
9816,20,103.900,1111,IUM26,B,25-Jun-2026,09:17:58,103.91,SGX,XOF8016,XOF8016,IUM26
9812,2,-0.360,1111,IUK26-IUM26,S,26-May-2026,09:17:59,-0.37,SGX,XOF8012,XOF8012,IUK26-IUM26
9812,2,104.270,1111,IUK26,B,26-May-2026,09:17:59,104.26,SGX,XOF8012,XOF8012,IUK26
9812,2,103.910,1111,IUM26,S,25-Jun-2026,09:17:59,103.91,SGX,XOF8012,XOF8012,IUM26
9812,9,-0.360,1111,IUK26-IUM26,S,26-May-2026,09:21:00,-0.36,SGX,XOF8012,XOF8012,IUK26-IUM26
9812,9,104.260,1111,IUK26,B,26-May-2026,09:21:00,104.25,SGX,XOF8012,XOF8012,IUK26
9812,9,103.900,1111,IUM26,S,25-Jun-2026,09:21:00,103.91,SGX,XOF8012,XOF8012,IUM26
9812,9,-0.360,1111,IUK26-IUM26,S,26-May-2026,09:21:00,-0.36,SGX,XOF8012,XOF8012,IUK26-IUM26
9812,9,104.260,1111,IUK26,B,26-May-2026,09:21:00,104.25,SGX,XOF8012,XOF8012,IUK26
9812,9,103.900,1111,IUM26,S,25-Jun-2026,09:21:00,103.91,SGX,XOF8012,XOF8012,IUM26
9812,9,-0.360,1111,IUK26-IUM26,S,26-May-2026,09:22:00,-0.36,SGX,XOF8012,XOF8012,IUK26-IUM26
9812,9,104.250,1111,IUK26,B,26-May-2026,09:22:00,104.25,SGX,XOF8012,XOF8012,IUK26
9812,9,103.890,1111,IUM26,S,25-Jun-2026,09:22:00,103.9,SGX,XOF8012,XOF8012,IUM26
9812,1,-0.360,1111,IUK26-IUM26,S,26-May-2026,09:22:37,-0.36,SGX,XOF8012,XOF8012,IUK26-IUM26
9812,1,104.240,1111,IUK26,B,26-May-2026,09:22:37,104.24,SGX,XOF8012,XOF8012,IUK26
9812,1,103.880,1111,IUM26,S,25-Jun-2026,09:22:37,103.88,SGX,XOF8012,XOF8012,IUM26
9812,2,-0.360,1111,IUK26-IUM26,S,26-May-2026,09:23:18,-0.36,SGX,XOF8012,XOF8012,IUK26-IUM26
9812,2,104.240,1111,IUK26,B,26-May-2026,09:23:18,104.24,SGX,XOF8012,XOF8012,IUK26
9812,2,103.880,1111,IUM26,S,25-Jun-2026,09:23:18,103.88,SGX,XOF8012,XOF8012,IUM26
9812,9,-0.360,1111,IUK26-IUM26,S,26-May-2026,09:23:18,-0.36,SGX,XOF8012,XOF8012,IUK26-IUM26
9812,9,104.240,1111,IUK26,B,26-May-2026,09:23:18,104.24,SGX,XOF8012,XOF8012,IUK26
9812,9,103.880,1111,IUM26,S,25-Jun-2026,09:23:18,103.88,SGX,XOF8012,XOF8012,IUM26
9812,2,-0.360,1111,IUK26-IUM26,S,26-May-2026,09:24:14,-0.36,SGX,XOF8012,XOF8012,IUK26-IUM26
9812,2,104.240,1111,IUK26,B,26-May-2026,09:24:14,104.24,SGX,XOF8012,XOF8012,IUK26
9812,2,103.880,1111,IUM26,S,25-Jun-2026,09:24:14,103.88,SGX,XOF8012,XOF8012,IUM26
9812,4,-0.360,1111,IUK26-IUM26,S,26-May-2026,09:24:14,-0.36,SGX,XOF8012,XOF8012,IUK26-IUM26
9812,4,104.240,1111,IUK26,B,26-May-2026,09:24:14,104.24,SGX,XOF8012,XOF8012,IUK26
9812,4,103.880,1111,IUM26,S,25-Jun-2026,09:24:14,103.88,SGX,XOF8012,XOF8012,IUM26
9812,5,-0.360,1111,IUK26-IUM26,S,26-May-2026,09:24:15,-0.36,SGX,XOF8012,XOF8012,IUK26-IUM26
9812,5,104.230,1111,IUK26,B,26-May-2026,09:24:15,104.23,SGX,XOF8012,XOF8012,IUK26
9812,5,103.870,1111,IUM26,S,25-Jun-2026,09:24:15,103.87,SGX,XOF8012,XOF8012,IUM26
9812,4,-0.360,1111,IUK26-IUM26,S,26-May-2026,09:24:15,-0.36,SGX,XOF8012,XOF8012,IUK26-IUM26
9812,4,104.230,1111,IUK26,B,26-May-2026,09:24:15,104.23,SGX,XOF8012,XOF8012,IUK26
9812,4,103.870,1111,IUM26,S,25-Jun-2026,09:24:15,103.87,SGX,XOF8012,XOF8012,IUM26
9812,11,-0.360,1111,IUK26-IUM26,S,26-May-2026,09:24:28,-0.36,SGX,XOF8012,XOF8012,IUK26-IUM26
9812,11,104.230,1111,IUK26,B,26-May-2026,09:24:28,104.23,SGX,XOF8012,XOF8012,IUK26
9812,11,103.870,1111,IUM26,S,25-Jun-2026,09:24:28,103.87,SGX,XOF8012,XOF8012,IUM26
9817,3,104.23,1111,DINR,B,26-May-2026,09:24:42,104.23,DGCX,S-XOF8017,S-XOF8017,DINR-20260527
9817,1,104.230,1111,IUK26,S,26-May-2026,09:24:42,104.24,SGX,XOF8017,XOF8017,IUK26
9817,1,104.230,1111,IUK26,S,26-May-2026,09:24:42,104.24,SGX,XOF8017,XOF8017,IUK26
9817,2,104.23,1111,DINR,B,26-May-2026,09:24:42,104.23,DGCX,S-XOF8017,S-XOF8017,DINR-20260527
9817,1,104.230,1111,IUK26,S,26-May-2026,09:24:42,104.24,SGX,XOF8017,XOF8017,IUK26
9812,1,-0.360,1111,IUK26-IUM26,S,26-May-2026,09:24:42,-0.36,SGX,XOF8012,XOF8012,IUK26-IUM26
9812,1,104.230,1111,IUK26,B,26-May-2026,09:24:42,104.24,SGX,XOF8012,XOF8012,IUK26
9817,2,104.23,1111,DINR,B,26-May-2026,09:24:42,104.23,DGCX,S-XOF8017,S-XOF8017,DINR-20260527
9812,1,103.870,1111,IUM26,S,25-Jun-2026,09:24:42,103.87,SGX,XOF8012,XOF8012,IUM26
9816,1,-0.360,1111,IUK26-IUM26,S,26-May-2026,09:24:42,-0.36,SGX,XOF8016,XOF8016,IUK26-IUM26
9816,1,104.230,1111,IUK26,B,26-May-2026,09:24:42,104.24,SGX,XOF8016,XOF8016,IUK26
9816,1,103.870,1111,IUM26,S,25-Jun-2026,09:24:42,103.87,SGX,XOF8016,XOF8016,IUM26
9817,2,104.23,1111,DINR,B,26-May-2026,09:24:42,104.23,DGCX,S-XOF8017,S-XOF8017,DINR-20260527
9817,2,104.230,1111,IUK26,S,26-May-2026,09:24:42,104.24,SGX,XOF8017,XOF8017,IUK26
9816,2,-0.360,1111,IUK26-IUM26,S,26-May-2026,09:24:42,-0.36,SGX,XOF8016,XOF8016,IUK26-IUM26
9816,2,104.230,1111,IUK26,B,26-May-2026,09:24:42,104.24,SGX,XOF8016,XOF8016,IUK26
9816,2,103.870,1111,IUM26,S,25-Jun-2026,09:24:42,103.87,SGX,XOF8016,XOF8016,IUM26
9817,2,104.230,1111,IUK26,S,26-May-2026,09:24:42,104.24,SGX,XOF8017,XOF8017,IUK26
9817,2,104.230,1111,IUK26,S,26-May-2026,09:24:42,104.24,SGX,XOF8017,XOF8017,IUK26
9812,20,-0.360,1111,IUK26-IUM26,B,26-May-2026,09:24:50,-0.36,SGX,XOF8012,XOF8012,IUK26-IUM26
9812,20,104.240,1111,IUK26,S,26-May-2026,09:24:50,104.24,SGX,XOF8012,XOF8012,IUK26
9812,20,103.880,1111,IUM26,B,25-Jun-2026,09:24:50,103.87,SGX,XOF8012,XOF8012,IUM26
9812,5,-0.360,1111,IUK26-IUM26,B,26-May-2026,09:24:50,-0.36,SGX,XOF8012,XOF8012,IUK26-IUM26
9812,5,104.240,1111,IUK26,S,26-May-2026,09:24:50,104.24,SGX,XOF8012,XOF8012,IUK26
9812,5,103.880,1111,IUM26,B,25-Jun-2026,09:24:50,103.87,SGX,XOF8012,XOF8012,IUM26
9812,5,-0.360,1111,IUK26-IUM26,B,26-May-2026,09:24:53,-0.36,SGX,XOF8012,XOF8012,IUK26-IUM26
9812,5,104.240,1111,IUK26,S,26-May-2026,09:24:53,104.24,SGX,XOF8012,XOF8012,IUK26
9812,5,103.880,1111,IUM26,B,25-Jun-2026,09:24:53,103.87,SGX,XOF8012,XOF8012,IUM26
9812,5,-0.360,1111,IUK26-IUM26,B,26-May-2026,09:24:54,-0.36,SGX,XOF8012,XOF8012,IUK26-IUM26
9812,5,104.240,1111,IUK26,S,26-May-2026,09:24:54,104.24,SGX,XOF8012,XOF8012,IUK26
9812,5,103.880,1111,IUM26,B,25-Jun-2026,09:24:54,103.87,SGX,XOF8012,XOF8012,IUM26
9812,1,-0.360,1111,IUK26-IUM26,B,26-May-2026,09:25:16,-0.36,SGX,XOF8012,XOF8012,IUK26-IUM26
9812,1,104.250,1111,IUK26,S,26-May-2026,09:25:16,104.26,SGX,XOF8012,XOF8012,IUK26
9812,1,103.890,1111,IUM26,B,25-Jun-2026,09:25:16,103.88,SGX,XOF8012,XOF8012,IUM26
9812,1,-0.360,1111,IUK26-IUM26,B,26-May-2026,09:25:17,-0.36,SGX,XOF8012,XOF8012,IUK26-IUM26
9812,1,104.250,1111,IUK26,S,26-May-2026,09:25:17,104.26,SGX,XOF8012,XOF8012,IUK26
9812,1,103.890,1111,IUM26,B,25-Jun-2026,09:25:17,103.88,SGX,XOF8012,XOF8012,IUM26
9812,1,-0.360,1111,IUK26-IUM26,B,26-May-2026,09:25:18,-0.36,SGX,XOF8012,XOF8012,IUK26-IUM26
9812,1,104.250,1111,IUK26,S,26-May-2026,09:25:18,104.26,SGX,XOF8012,XOF8012,IUK26
9812,1,103.890,1111,IUM26,B,25-Jun-2026,09:25:18,103.88,SGX,XOF8012,XOF8012,IUM26
9816,8,-0.360,1111,IUK26-IUM26,S,26-May-2026,09:25:30,-0.36,SGX,XOF8016,XOF8016,IUK26-IUM26
9816,8,104.260,1111,IUK26,B,26-May-2026,09:25:30,104.26,SGX,XOF8016,XOF8016,IUK26
9816,8,103.900,1111,IUM26,S,25-Jun-2026,09:25:30,103.89,SGX,XOF8016,XOF8016,IUM26
9812,17,-0.360,1111,IUK26-IUM26,B,26-May-2026,09:25:34,-0.36,SGX,XOF8012,XOF8012,IUK26-IUM26
9812,17,104.260,1111,IUK26,S,26-May-2026,09:25:34,104.26,SGX,XOF8012,XOF8012,IUK26
9812,17,103.900,1111,IUM26,B,25-Jun-2026,09:25:34,103.89,SGX,XOF8012,XOF8012,IUM26
9813,5,-0.360,1111,IUK26-IUM26,S,26-May-2026,09:27:13,-0.36,SGX,XOF8013,XOF8013,IUK26-IUM26
9813,5,104.230,1111,IUK26,B,26-May-2026,09:27:13,104.23,SGX,XOF8013,XOF8013,IUK26
9813,5,103.870,1111,IUM26,S,25-Jun-2026,09:27:13,103.87,SGX,XOF8013,XOF8013,IUM26
9813,37,-0.360,1111,IUK26-IUM26,S,26-May-2026,09:27:37,-0.36,SGX,XOF8013,XOF8013,IUK26-IUM26
9813,37,104.220,1111,IUK26,B,26-May-2026,09:27:37,104.23,SGX,XOF8013,XOF8013,IUK26
9813,37,103.860,1111,IUM26,S,25-Jun-2026,09:27:37,103.86,SGX,XOF8013,XOF8013,IUM26
9817,1,104.24,1111,DINR,B,26-May-2026,09:29:13,104.24,DGCX,S-XOF8017,S-XOF8017,DINR-20260527
9817,1,104.240,1111,IUK26,S,26-May-2026,09:29:13,104.24,SGX,XOF8017,XOF8017,IUK26
9813,1,-0.360,1111,IUK26-IUM26,S,26-May-2026,09:29:58,-0.36,SGX,XOF8013,XOF8013,IUK26-IUM26
9813,1,104.240,1111,IUK26,B,26-May-2026,09:29:58,104.24,SGX,XOF8013,XOF8013,IUK26
9813,1,103.880,1111,IUM26,S,25-Jun-2026,09:29:58,103.88,SGX,XOF8013,XOF8013,IUM26
9813,1,-0.360,1111,IUK26-IUM26,S,26-May-2026,09:30:00,-0.36,SGX,XOF8013,XOF8013,IUK26-IUM26
9813,1,104.230,1111,IUK26,B,26-May-2026,09:30:00,104.23,SGX,XOF8013,XOF8013,IUK26
9813,1,103.870,1111,IUM26,S,25-Jun-2026,09:30:00,103.87,SGX,XOF8013,XOF8013,IUM26
9813,4,-0.360,1111,IUK26-IUM26,S,26-May-2026,09:30:00,-0.36,SGX,XOF8013,XOF8013,IUK26-IUM26
9813,4,104.230,1111,IUK26,B,26-May-2026,09:30:00,104.23,SGX,XOF8013,XOF8013,IUK26
9813,4,103.870,1111,IUM26,S,25-Jun-2026,09:30:00,103.87,SGX,XOF8013,XOF8013,IUM26
9813,4,-0.360,1111,IUK26-IUM26,S,26-May-2026,09:30:02,-0.36,SGX,XOF8013,XOF8013,IUK26-IUM26
9813,4,104.230,1111,IUK26,B,26-May-2026,09:30:02,104.23,SGX,XOF8013,XOF8013,IUK26
9813,4,103.870,1111,IUM26,S,25-Jun-2026,09:30:02,103.87,SGX,XOF8013,XOF8013,IUM26
9813,1,-0.360,1111,IUK26-IUM26,S,26-May-2026,09:30:05,-0.36,SGX,XOF8013,XOF8013,IUK26-IUM26
9813,1,104.240,1111,IUK26,B,26-May-2026,09:30:05,104.24,SGX,XOF8013,XOF8013,IUK26
9813,1,103.880,1111,IUM26,S,25-Jun-2026,09:30:05,103.88,SGX,XOF8013,XOF8013,IUM26
9813,4,-0.360,1111,IUK26-IUM26,S,26-May-2026,09:30:05,-0.36,SGX,XOF8013,XOF8013,IUK26-IUM26
9813,4,104.240,1111,IUK26,B,26-May-2026,09:30:05,104.24,SGX,XOF8013,XOF8013,IUK26
9813,4,103.880,1111,IUM26,S,25-Jun-2026,09:30:05,103.88,SGX,XOF8013,XOF8013,IUM26
9813,3,-0.360,1111,IUK26-IUM26,S,26-May-2026,09:30:05,-0.36,SGX,XOF8013,XOF8013,IUK26-IUM26
9813,3,104.240,1111,IUK26,B,26-May-2026,09:30:05,104.24,SGX,XOF8013,XOF8013,IUK26
9813,3,103.880,1111,IUM26,S,25-Jun-2026,09:30:05,103.88,SGX,XOF8013,XOF8013,IUM26
9813,18,-0.360,1111,IUK26-IUM26,S,26-May-2026,09:30:05,-0.36,SGX,XOF8013,XOF8013,IUK26-IUM26
9813,18,104.240,1111,IUK26,B,26-May-2026,09:30:05,104.24,SGX,XOF8013,XOF8013,IUK26
9813,18,103.880,1111,IUM26,S,25-Jun-2026,09:30:05,103.88,SGX,XOF8013,XOF8013,IUM26
9813,14,-0.360,1111,IUK26-IUM26,S,26-May-2026,09:30:05,-0.36,SGX,XOF8013,XOF8013,IUK26-IUM26
9813,14,104.240,1111,IUK26,B,26-May-2026,09:30:05,104.24,SGX,XOF8013,XOF8013,IUK26
9813,14,103.880,1111,IUM26,S,25-Jun-2026,09:30:05,103.88,SGX,XOF8013,XOF8013,IUM26
9813,3,-0.360,1111,IUK26-IUM26,S,26-May-2026,09:30:05,-0.36,SGX,XOF8013,XOF8013,IUK26-IUM26
9813,3,104.240,1111,IUK26,B,26-May-2026,09:30:05,104.24,SGX,XOF8013,XOF8013,IUK26
9813,3,103.880,1111,IUM26,S,25-Jun-2026,09:30:05,103.88,SGX,XOF8013,XOF8013,IUM26
9813,1,-0.360,1111,IUK26-IUM26,S,26-May-2026,09:30:23,-0.36,SGX,XOF8013,XOF8013,IUK26-IUM26
9813,1,104.240,1111,IUK26,B,26-May-2026,09:30:23,104.24,SGX,XOF8013,XOF8013,IUK26
9813,1,103.880,1111,IUM26,S,25-Jun-2026,09:30:23,103.88,SGX,XOF8013,XOF8013,IUM26
9813,1,-0.360,1111,IUK26-IUM26,S,26-May-2026,09:31:40,-0.36,SGX,XOF8013,XOF8013,IUK26-IUM26
9813,1,104.230,1111,IUK26,B,26-May-2026,09:31:40,104.23,SGX,XOF8013,XOF8013,IUK26
9813,1,103.870,1111,IUM26,S,25-Jun-2026,09:31:40,103.87,SGX,XOF8013,XOF8013,IUM26
9813,1,-0.360,1111,IUK26-IUM26,S,26-May-2026,09:31:59,-0.36,SGX,XOF8013,XOF8013,IUK26-IUM26
9813,1,104.230,1111,IUK26,B,26-May-2026,09:31:59,104.23,SGX,XOF8013,XOF8013,IUK26
9813,1,103.870,1111,IUM26,S,25-Jun-2026,09:31:59,103.87,SGX,XOF8013,XOF8013,IUM26
9817,3,104.21,1111,DINR,B,26-May-2026,09:35:30,104.21,DGCX,S-XOF8017,S-XOF8017,DINR-20260527
9817,2,104.21,1111,DINR,B,26-May-2026,09:35:30,104.21,DGCX,S-XOF8017,S-XOF8017,DINR-20260527
9817,2,104.21,1111,DINR,B,26-May-2026,09:35:30,104.21,DGCX,S-XOF8017,S-XOF8017,DINR-20260527
9817,3,104.210,1111,IUK26,S,26-May-2026,09:35:30,104.21,SGX,XOF8017,XOF8017,IUK26
9817,2,104.210,1111,IUK26,S,26-May-2026,09:35:30,104.21,SGX,XOF8017,XOF8017,IUK26
9817,2,104.210,1111,IUK26,S,26-May-2026,09:35:30,104.21,SGX,XOF8017,XOF8017,IUK26
9817,2,104.21,1111,DINR,B,26-May-2026,09:35:30,104.21,DGCX,S-XOF8017,S-XOF8017,DINR-20260527
9817,2,104.210,1111,IUK26,S,26-May-2026,09:35:30,104.21,SGX,XOF8017,XOF8017,IUK26
9813,1,-0.360,1111,IUK26-IUM26,S,26-May-2026,09:35:42,-0.36,SGX,XOF8013,XOF8013,IUK26-IUM26
9813,1,104.220,1111,IUK26,B,26-May-2026,09:35:42,104.21,SGX,XOF8013,XOF8013,IUK26
9813,1,103.860,1111,IUM26,S,25-Jun-2026,09:35:42,103.85,SGX,XOF8013,XOF8013,IUM26
9813,1,-0.360,1111,IUK26-IUM26,S,26-May-2026,09:35:42,-0.36,SGX,XOF8013,XOF8013,IUK26-IUM26
9813,1,104.210,1111,IUK26,B,26-May-2026,09:35:42,104.21,SGX,XOF8013,XOF8013,IUK26
9813,1,103.850,1111,IUM26,S,25-Jun-2026,09:35:42,103.85,SGX,XOF8013,XOF8013,IUM26
9816,3,-0.360,1111,IUK26-IUM26,S,26-May-2026,09:36:49,-0.36,SGX,XOF8016,XOF8016,IUK26-IUM26
9816,3,104.210,1111,IUK26,B,26-May-2026,09:36:49,104.21,SGX,XOF8016,XOF8016,IUK26
9816,3,103.850,1111,IUM26,S,25-Jun-2026,09:36:49,103.85,SGX,XOF8016,XOF8016,IUM26
9816,1,-0.360,1111,IUK26-IUM26,S,26-May-2026,09:36:49,-0.36,SGX,XOF8016,XOF8016,IUK26-IUM26
9816,1,104.210,1111,IUK26,B,26-May-2026,09:36:49,104.21,SGX,XOF8016,XOF8016,IUK26
9816,1,103.850,1111,IUM26,S,25-Jun-2026,09:36:49,103.85,SGX,XOF8016,XOF8016,IUM26
9816,33,-0.360,1111,IUK26-IUM26,S,26-May-2026,09:40:03,-0.36,SGX,XOF8016,XOF8016,IUK26-IUM26
9816,33,104.230,1111,IUK26,B,26-May-2026,09:40:03,104.22,SGX,XOF8016,XOF8016,IUK26
9816,33,103.870,1111,IUM26,S,25-Jun-2026,09:40:03,103.86,SGX,XOF8016,XOF8016,IUM26
9812,200,-0.360,1111,IUK26-IUM26,S,26-May-2026,09:40:03,-0.36,SGX,XOF8012,XOF8012,IUK26-IUM26
9812,200,104.230,1111,IUK26,B,26-May-2026,09:40:03,104.22,SGX,XOF8012,XOF8012,IUK26
9812,200,103.870,1111,IUM26,S,25-Jun-2026,09:40:03,103.86,SGX,XOF8012,XOF8012,IUM26
9812,17,-0.360,1111,IUK26-IUM26,S,26-May-2026,09:40:03,-0.36,SGX,XOF8012,XOF8012,IUK26-IUM26
9812,17,104.230,1111,IUK26,B,26-May-2026,09:40:03,104.22,SGX,XOF8012,XOF8012,IUK26
9812,17,103.870,1111,IUM26,S,25-Jun-2026,09:40:03,103.86,SGX,XOF8012,XOF8012,IUM26
9817,1,104.22,1111,DINR,B,26-May-2026,09:42:55,104.22,DGCX,S-XOF8017,S-XOF8017,DINR-20260527
9817,2,104.22,1111,DINR,B,26-May-2026,09:42:55,104.22,DGCX,S-XOF8017,S-XOF8017,DINR-20260527
9817,1,104.220,1111,IUK26,S,26-May-2026,09:42:55,104.22,SGX,XOF8017,XOF8017,IUK26
9817,2,104.220,1111,IUK26,S,26-May-2026,09:42:55,104.22,SGX,XOF8017,XOF8017,IUK26
9817,1,104.22,1111,DINR,B,26-May-2026,09:42:55,104.22,DGCX,S-XOF8017,S-XOF8017,DINR-20260527
9817,1,104.220,1111,IUK26,S,26-May-2026,09:42:55,104.22,SGX,XOF8017,XOF8017,IUK26
9817,2,104.22,1111,DINR,B,26-May-2026,09:42:55,104.22,DGCX,S-XOF8017,S-XOF8017,DINR-20260527
9817,2,104.220,1111,IUK26,S,26-May-2026,09:42:55,104.22,SGX,XOF8017,XOF8017,IUK26
9812,3,104.210,1111,IUK26,B,26-May-2026,09:46:23,104.2,SGX,XOF8012,XOF8012,IUK26
9812,2,104.210,1111,IUK26,B,26-May-2026,09:46:23,104.2,SGX,XOF8012,XOF8012,IUK26
9812,1,104.20,1111,DINR,S,26-May-2026,09:46:24,104.2,DGCX,S-XOF8012,S-XOF8012,DINR-20260527
9812,2,104.20,1111,DINR,S,26-May-2026,09:46:24,104.2,DGCX,S-XOF8012,S-XOF8012,DINR-20260527
9812,2,104.20,1111,DINR,S,26-May-2026,09:46:24,104.2,DGCX,S-XOF8012,S-XOF8012,DINR-20260527
9812,5,104.200,1111,IUK26,B,26-May-2026,09:46:38,104.2,SGX,XOF8012,XOF8012,IUK26
9812,2,104.20,1111,DINR,S,26-May-2026,09:46:38,104.19,DGCX,S-XOF8012,S-XOF8012,DINR-20260527
9817,2,104.20,1111,DINR,B,26-May-2026,09:46:38,104.19,DGCX,S-XOF8017,S-XOF8017,DINR-20260527
9812,2,104.20,1111,DINR,S,26-May-2026,09:46:38,104.19,DGCX,S-XOF8012,S-XOF8012,DINR-20260527
9817,2,104.20,1111,DINR,B,26-May-2026,09:46:38,104.19,DGCX,S-XOF8017,S-XOF8017,DINR-20260527
9812,1,104.19,1111,DINR,S,26-May-2026,09:46:38,104.19,DGCX,S-XOF8012,S-XOF8012,DINR-20260527
9817,1,104.200,1111,IUK26,S,26-May-2026,09:47:02,104.2,SGX,XOF8017,XOF8017,IUK26
9817,1,104.200,1111,IUK26,S,26-May-2026,09:47:03,104.2,SGX,XOF8017,XOF8017,IUK26
9817,2,104.200,1111,IUK26,S,26-May-2026,09:47:03,104.2,SGX,XOF8017,XOF8017,IUK26
9812,4,103.830,1111,IUM26,S,25-Jun-2026,09:53:21,103.83,SGX,XOF8012,XOF8012,IUM26
9812,1,103.830,1111,IUM26,S,25-Jun-2026,09:53:21,103.83,SGX,XOF8012,XOF8012,IUM26
9812,4,103.84,1111,DINR,B,25-Jun-2026,09:53:21,103.85,DGCX,S-XOF8012,S-XOF8012,DINR-20260626
9812,1,103.85,1111,DINR,B,25-Jun-2026,09:53:21,103.85,DGCX,S-XOF8012,S-XOF8012,DINR-20260626
9817,1,103.85,1111,DINR,S,25-Jun-2026,09:53:21,103.85,DGCX,S-XOF8017,S-XOF8017,DINR-20260626
9817,1,103.830,1111,IUM26,B,25-Jun-2026,09:53:30,103.83,SGX,XOF8017,XOF8017,IUM26
9812,5,104.190,1111,IUK26,S,26-May-2026,09:54:34,104.2,SGX,XOF8012,XOF8012,IUK26
9812,5,104.20,1111,DINR,B,26-May-2026,09:54:34,104.2,DGCX,S-XOF8012,S-XOF8012,DINR-20260527
9812,1,104.190,1111,IUK26,S,26-May-2026,09:54:34,104.2,SGX,XOF8012,XOF8012,IUK26
9812,1,104.190,1111,IUK26,S,26-May-2026,09:54:34,104.2,SGX,XOF8012,XOF8012,IUK26
9812,3,104.190,1111,IUK26,S,26-May-2026,09:54:34,104.2,SGX,XOF8012,XOF8012,IUK26
9812,3,104.22,1111,DINR,B,26-May-2026,09:56:28,104.22,DGCX,S-XOF8012,S-XOF8012,DINR-20260527
9813,16,-0.360,1111,IUK26-IUM26,B,26-May-2026,09:58:26,-0.36,SGX,XOF8013,XOF8013,IUK26-IUM26
9813,16,104.210,1111,IUK26,S,26-May-2026,09:58:26,104.2,SGX,XOF8013,XOF8013,IUK26
9813,16,103.850,1111,IUM26,B,25-Jun-2026,09:58:26,103.84,SGX,XOF8013,XOF8013,IUM26
9813,84,-0.360,1111,IUK26-IUM26,B,26-May-2026,09:58:28,-0.36,SGX,XOF8013,XOF8013,IUK26-IUM26
9813,84,104.210,1111,IUK26,S,26-May-2026,09:58:28,104.2,SGX,XOF8013,XOF8013,IUK26
9813,84,103.850,1111,IUM26,B,25-Jun-2026,09:58:28,103.84,SGX,XOF8013,XOF8013,IUM26
9812,1,104.20,1111,DINR,B,26-May-2026,10:00:05,104.2,DGCX,S-XOF8012,S-XOF8012,DINR-20260527
9812,1,104.20,1111,DINR,B,26-May-2026,10:00:05,104.2,DGCX,S-XOF8012,S-XOF8012,DINR-20260527
9816,28,-0.360,1111,IUK26-IUM26,S,26-May-2026,10:01:37,-0.36,SGX,XOF8016,XOF8016,IUK26-IUM26
9816,28,104.180,1111,IUK26,B,26-May-2026,10:01:37,104.18,SGX,XOF8016,XOF8016,IUK26
9816,28,103.820,1111,IUM26,S,25-Jun-2026,10:01:37,103.83,SGX,XOF8016,XOF8016,IUM26
9814,200,-0.360,1111,IUK26-IUM26,S,26-May-2026,10:01:37,-0.36,SGX,XOF8014,XOF8014,IUK26-IUM26
9814,200,104.180,1111,IUK26,B,26-May-2026,10:01:37,104.18,SGX,XOF8014,XOF8014,IUK26
9814,200,103.820,1111,IUM26,S,25-Jun-2026,10:01:37,103.83,SGX,XOF8014,XOF8014,IUM26
9814,1,104.17,1111,DINR,S,26-May-2026,10:02:20,104.17,DGCX,S-XOF8014,S-XOF8014,DINR-20260527
9814,1,104.160,1111,IUK26,B,26-May-2026,10:02:20,104.16,SGX,XOF8014,XOF8014,IUK26
9812,5,104.170,1111,IUK26,S,26-May-2026,10:02:29,104.18,SGX,XOF8012,XOF8012,IUK26
9812,5,104.17,1111,DINR,B,26-May-2026,10:02:29,104.19,DGCX,S-XOF8012,S-XOF8012,DINR-20260527
9814,1,104.17,1111,DINR,S,26-May-2026,10:02:29,104.19,DGCX,S-XOF8014,S-XOF8014,DINR-20260527
9812,1,104.180,1111,IUK26,S,26-May-2026,10:02:30,104.18,SGX,XOF8012,XOF8012,IUK26
9812,1,104.18,1111,DINR,B,26-May-2026,10:02:30,104.19,DGCX,S-XOF8012,S-XOF8012,DINR-20260527
9812,4,104.180,1111,IUK26,S,26-May-2026,10:02:30,104.18,SGX,XOF8012,XOF8012,IUK26
9812,4,104.19,1111,DINR,B,26-May-2026,10:02:30,104.19,DGCX,S-XOF8012,S-XOF8012,DINR-20260527
9819,1,104.20,1111,DINR,S,26-May-2026,10:02:31,104.21,DGCX,S-XOF8019,S-XOF8019,DINR-20260527
9819,1,104.20,1111,DINR,S,26-May-2026,10:02:31,104.21,DGCX,S-XOF8019,S-XOF8019,DINR-20260527
9812,1,104.190,1111,IUK26,S,26-May-2026,10:02:32,104.2,SGX,XOF8012,XOF8012,IUK26
9812,4,104.190,1111,IUK26,S,26-May-2026,10:02:32,104.2,SGX,XOF8012,XOF8012,IUK26
9812,5,104.200,1111,IUK26,S,26-May-2026,10:02:32,104.2,SGX,XOF8012,XOF8012,IUK26
9819,1,104.200,1111,IUK26,B,26-May-2026,10:02:32,104.2,SGX,XOF8019,XOF8019,IUK26
9819,1,104.200,1111,IUK26,B,26-May-2026,10:02:32,104.2,SGX,XOF8019,XOF8019,IUK26
9814,1,104.200,1111,IUK26,B,26-May-2026,10:02:32,104.2,SGX,XOF8014,XOF8014,IUK26
9812,1,104.21,1111,DINR,B,26-May-2026,10:02:32,104.21,DGCX,S-XOF8012,S-XOF8012,DINR-20260527
9819,1,104.21,1111,DINR,S,26-May-2026,10:02:32,104.21,DGCX,S-XOF8019,S-XOF8019,DINR-20260527
9812,4,104.21,1111,DINR,B,26-May-2026,10:02:32,104.21,DGCX,S-XOF8012,S-XOF8012,DINR-20260527
9812,5,104.21,1111,DINR,B,26-May-2026,10:02:32,104.21,DGCX,S-XOF8012,S-XOF8012,DINR-20260527
9819,1,104.210,1111,IUK26,B,26-May-2026,10:02:37,104.21,SGX,XOF8019,XOF8019,IUK26
9812,1,104.190,1111,IUK26,B,26-May-2026,10:04:18,104.19,SGX,XOF8012,XOF8012,IUK26
9812,4,104.190,1111,IUK26,B,26-May-2026,10:04:18,104.19,SGX,XOF8012,XOF8012,IUK26
9817,2,104.19,1111,DINR,B,26-May-2026,10:04:18,104.2,DGCX,S-XOF8017,S-XOF8017,DINR-20260527
9817,2,104.190,1111,IUK26,S,26-May-2026,10:04:18,104.19,SGX,XOF8017,XOF8017,IUK26
9812,5,103.830,1111,IUM26,S,25-Jun-2026,10:04:18,103.83,SGX,XOF8012,XOF8012,IUM26
9812,1,104.18,1111,DINR,S,26-May-2026,10:04:18,104.2,DGCX,S-XOF8012,S-XOF8012,DINR-20260527
9812,4,104.18,1111,DINR,S,26-May-2026,10:04:18,104.2,DGCX,S-XOF8012,S-XOF8012,DINR-20260527
9817,2,104.19,1111,DINR,B,26-May-2026,10:04:18,104.2,DGCX,S-XOF8017,S-XOF8017,DINR-20260527
9812,5,103.84,1111,DINR,B,25-Jun-2026,10:04:18,103.85,DGCX,S-XOF8012,S-XOF8012,DINR-20260626
9812,5,103.830,1111,IUM26,S,25-Jun-2026,10:04:18,103.83,SGX,XOF8012,XOF8012,IUM26
9812,5,104.190,1111,IUK26,S,26-May-2026,10:04:18,104.19,SGX,XOF8012,XOF8012,IUK26
9817,2,104.190,1111,IUK26,S,26-May-2026,10:04:18,104.19,SGX,XOF8017,XOF8017,IUK26
9812,1,103.85,1111,DINR,B,25-Jun-2026,10:04:18,103.85,DGCX,S-XOF8012,S-XOF8012,DINR-20260626
9812,4,103.85,1111,DINR,B,25-Jun-2026,10:04:18,103.85,DGCX,S-XOF8012,S-XOF8012,DINR-20260626
9812,5,103.830,1111,IUM26,S,25-Jun-2026,10:04:18,103.83,SGX,XOF8012,XOF8012,IUM26
9812,5,104.20,1111,DINR,B,26-May-2026,10:04:23,104.2,DGCX,S-XOF8012,S-XOF8012,DINR-20260527
9812,5,103.85,1111,DINR,B,25-Jun-2026,10:04:23,103.85,DGCX,S-XOF8012,S-XOF8012,DINR-20260626
9812,2,104.190,1111,IUK26,B,26-May-2026,10:04:26,104.18,SGX,XOF8012,XOF8012,IUK26
9812,3,104.190,1111,IUK26,B,26-May-2026,10:04:26,104.18,SGX,XOF8012,XOF8012,IUK26
9812,2,104.18,1111,DINR,S,26-May-2026,10:04:26,104.18,DGCX,S-XOF8012,S-XOF8012,DINR-20260527
9819,2,104.18,1111,DINR,B,26-May-2026,10:04:26,104.18,DGCX,S-XOF8019,S-XOF8019,DINR-20260527
9812,2,104.18,1111,DINR,S,26-May-2026,10:04:26,104.18,DGCX,S-XOF8012,S-XOF8012,DINR-20260527
9817,2,104.18,1111,DINR,B,26-May-2026,10:04:26,104.18,DGCX,S-XOF8017,S-XOF8017,DINR-20260527
9812,1,104.18,1111,DINR,S,26-May-2026,10:04:26,104.18,DGCX,S-XOF8012,S-XOF8012,DINR-20260527
9817,2,104.180,1111,IUK26,S,26-May-2026,10:04:26,104.18,SGX,XOF8017,XOF8017,IUK26
9812,1,104.190,1111,IUK26,B,26-May-2026,10:04:26,104.18,SGX,XOF8012,XOF8012,IUK26
9812,1,104.18,1111,DINR,S,26-May-2026,10:04:26,104.18,DGCX,S-XOF8012,S-XOF8012,DINR-20260527
9819,1,104.190,1111,IUK26,S,26-May-2026,10:04:27,104.19,SGX,XOF8019,XOF8019,IUK26
9819,1,104.190,1111,IUK26,S,26-May-2026,10:04:34,104.19,SGX,XOF8019,XOF8019,IUK26
9812,5,104.210,1111,IUK26,S,26-May-2026,10:04:53,104.21,SGX,XOF8012,XOF8012,IUK26
9812,5,103.850,1111,IUM26,S,25-Jun-2026,10:04:53,103.85,SGX,XOF8012,XOF8012,IUM26
9812,2,103.87,1111,DINR,B,25-Jun-2026,10:04:53,103.87,DGCX,S-XOF8012,S-XOF8012,DINR-20260626
9812,3,103.87,1111,DINR,B,25-Jun-2026,10:04:53,103.87,DGCX,S-XOF8012,S-XOF8012,DINR-20260626
9817,3,103.87,1111,DINR,S,25-Jun-2026,10:04:53,103.87,DGCX,S-XOF8017,S-XOF8017,DINR-20260626
9812,5,103.850,1111,IUM26,S,25-Jun-2026,10:04:53,103.85,SGX,XOF8012,XOF8012,IUM26
9812,5,104.22,1111,DINR,B,26-May-2026,10:04:54,104.22,DGCX,S-XOF8012,S-XOF8012,DINR-20260527
9812,1,103.87,1111,DINR,B,25-Jun-2026,10:04:54,103.87,DGCX,S-XOF8012,S-XOF8012,DINR-20260626
9812,4,103.87,1111,DINR,B,25-Jun-2026,10:04:54,103.87,DGCX,S-XOF8012,S-XOF8012,DINR-20260626
9817,3,103.850,1111,IUM26,B,25-Jun-2026,10:04:55,103.85,SGX,XOF8017,XOF8017,IUM26
9812,5,103.860,1111,IUM26,S,25-Jun-2026,10:05:35,103.86,SGX,XOF8012,XOF8012,IUM26
9812,5,104.220,1111,IUK26,S,26-May-2026,10:05:35,104.22,SGX,XOF8012,XOF8012,IUK26
9812,3,103.88,1111,DINR,B,25-Jun-2026,10:05:35,103.88,DGCX,S-XOF8012,S-XOF8012,DINR-20260626
9817,3,103.88,1111,DINR,S,25-Jun-2026,10:05:35,103.88,DGCX,S-XOF8017,S-XOF8017,DINR-20260626
9812,2,103.88,1111,DINR,B,25-Jun-2026,10:05:35,103.88,DGCX,S-XOF8012,S-XOF8012,DINR-20260626
9817,3,103.860,1111,IUM26,B,25-Jun-2026,10:05:35,103.86,SGX,XOF8017,XOF8017,IUM26
9812,5,104.23,1111,DINR,B,26-May-2026,10:05:35,104.23,DGCX,S-XOF8012,S-XOF8012,DINR-20260527
9817,3,104.23,1111,DINR,S,26-May-2026,10:05:59,104.23,DGCX,S-XOF8017,S-XOF8017,DINR-20260527
9817,2,104.23,1111,DINR,S,26-May-2026,10:05:59,104.23,DGCX,S-XOF8017,S-XOF8017,DINR-20260527
9817,3,104.210,1111,IUK26,B,26-May-2026,10:05:59,104.21,SGX,XOF8017,XOF8017,IUK26
9817,2,104.210,1111,IUK26,B,26-May-2026,10:05:59,104.21,SGX,XOF8017,XOF8017,IUK26
9816,9,103.860,1111,IUM26,B,25-Jun-2026,10:11:54,103.86,SGX,XOF8016,XOF8016,IUM26
9816,12,103.860,1111,IUM26,B,25-Jun-2026,10:11:54,103.86,SGX,XOF8016,XOF8016,IUM26
9816,3,103.860,1111,IUM26,B,25-Jun-2026,10:11:54,103.86,SGX,XOF8016,XOF8016,IUM26
9816,4,103.860,1111,IUM26,B,25-Jun-2026,10:11:54,103.86,SGX,XOF8016,XOF8016,IUM26
9816,5,104.220,1111,IUK26,S,26-May-2026,10:12:44,104.22,SGX,XOF8016,XOF8016,IUK26
9816,10,104.220,1111,IUK26,S,26-May-2026,10:12:44,104.22,SGX,XOF8016,XOF8016,IUK26
9816,11,104.220,1111,IUK26,S,26-May-2026,10:12:44,104.22,SGX,XOF8016,XOF8016,IUK26
9816,2,104.220,1111,IUK26,S,26-May-2026,10:12:44,104.22,SGX,XOF8016,XOF8016,IUK26
9812,3,104.200,1111,IUK26,B,26-May-2026,10:15:59,104.2,SGX,XOF8012,XOF8012,IUK26
9812,2,104.200,1111,IUK26,B,26-May-2026,10:15:59,104.2,SGX,XOF8012,XOF8012,IUK26
9812,3,104.20,1111,DINR,S,26-May-2026,10:15:59,104.2,DGCX,S-XOF8012,S-XOF8012,DINR-20260527
9812,2,104.20,1111,DINR,S,26-May-2026,10:15:59,104.19,DGCX,S-XOF8012,S-XOF8012,DINR-20260527
9812,2,104.200,1111,IUK26,B,26-May-2026,10:16:00,104.2,SGX,XOF8012,XOF8012,IUK26
9812,3,104.200,1111,IUK26,B,26-May-2026,10:16:00,104.2,SGX,XOF8012,XOF8012,IUK26
9812,2,104.19,1111,DINR,S,26-May-2026,10:16:00,104.19,DGCX,S-XOF8012,S-XOF8012,DINR-20260527
9812,3,104.19,1111,DINR,S,26-May-2026,10:16:00,104.19,DGCX,S-XOF8012,S-XOF8012,DINR-20260527
9812,5,104.200,1111,IUK26,B,26-May-2026,10:16:00,104.2,SGX,XOF8012,XOF8012,IUK26
9812,2,104.20,1111,DINR,S,26-May-2026,10:16:00,104.19,DGCX,S-XOF8012,S-XOF8012,DINR-20260527
9817,2,104.20,1111,DINR,B,26-May-2026,10:16:00,104.19,DGCX,S-XOF8017,S-XOF8017,DINR-20260527
9812,3,104.19,1111,DINR,S,26-May-2026,10:16:00,104.19,DGCX,S-XOF8012,S-XOF8012,DINR-20260527
9812,1,104.200,1111,IUK26,B,26-May-2026,10:16:00,104.2,SGX,XOF8012,XOF8012,IUK26
9812,1,104.200,1111,IUK26,B,26-May-2026,10:16:00,104.2,SGX,XOF8012,XOF8012,IUK26
9812,1,104.19,1111,DINR,S,26-May-2026,10:16:00,104.19,DGCX,S-XOF8012,S-XOF8012,DINR-20260527
9812,1,104.19,1111,DINR,S,26-May-2026,10:16:00,104.19,DGCX,S-XOF8012,S-XOF8012,DINR-20260527
9817,2,104.200,1111,IUK26,S,26-May-2026,10:16:04,104.2,SGX,XOF8017,XOF8017,IUK26
9812,4,104.190,1111,IUK26,S,26-May-2026,10:32:07,104.19,SGX,XOF8012,XOF8012,IUK26
9812,1,104.190,1111,IUK26,S,26-May-2026,10:32:07,104.19,SGX,XOF8012,XOF8012,IUK26
9812,4,104.20,1111,DINR,B,26-May-2026,10:32:07,104.2,DGCX,S-XOF8012,S-XOF8012,DINR-20260527
9812,1,104.20,1111,DINR,B,26-May-2026,10:32:07,104.2,DGCX,S-XOF8012,S-XOF8012,DINR-20260527
9812,4,104.190,1111,IUK26,S,26-May-2026,10:32:07,104.19,SGX,XOF8012,XOF8012,IUK26
9812,1,104.190,1111,IUK26,S,26-May-2026,10:32:07,104.19,SGX,XOF8012,XOF8012,IUK26
9812,4,104.20,1111,DINR,B,26-May-2026,10:33:31,104.2,DGCX,S-XOF8012,S-XOF8012,DINR-20260527
9812,1,104.20,1111,DINR,B,26-May-2026,10:33:31,104.2,DGCX,S-XOF8012,S-XOF8012,DINR-20260527
9812,5,104.140,1111,IUK26,S,26-May-2026,10:39:53,104.14,SGX,XOF8012,XOF8012,IUK26
9812,5,104.15,1111,DINR,B,26-May-2026,10:39:53,104.15,DGCX,S-XOF8012,S-XOF8012,DINR-20260527
9812,1,104.140,1111,IUK26,S,26-May-2026,10:39:53,104.14,SGX,XOF8012,XOF8012,IUK26
9812,1,104.15,1111,DINR,B,26-May-2026,10:39:53,104.15,DGCX,S-XOF8012,S-XOF8012,DINR-20260527
9819,2,103.78,1111,DINR,B,25-Jun-2026,10:40:04,103.78,DGCX,S-XOF8019,S-XOF8019,DINR-20260626
9819,1,103.780,1111,IUM26,S,25-Jun-2026,10:40:04,103.78,SGX,XOF8019,XOF8019,IUM26
9819,1,103.780,1111,IUM26,S,25-Jun-2026,10:40:04,103.78,SGX,XOF8019,XOF8019,IUM26
9819,1,103.78,1111,DINR,B,25-Jun-2026,10:40:04,103.78,DGCX,S-XOF8019,S-XOF8019,DINR-20260626
9819,1,103.780,1111,IUM26,S,25-Jun-2026,10:40:04,103.78,SGX,XOF8019,XOF8019,IUM26
9812,1,103.790,1111,IUM26,S,25-Jun-2026,10:40:34,103.79,SGX,XOF8012,XOF8012,IUM26
9812,3,103.790,1111,IUM26,S,25-Jun-2026,10:40:35,103.79,SGX,XOF8012,XOF8012,IUM26
9812,1,103.790,1111,IUM26,S,25-Jun-2026,10:40:35,103.79,SGX,XOF8012,XOF8012,IUM26
9812,1,103.79,1111,DINR,B,25-Jun-2026,10:40:35,103.8,DGCX,S-XOF8012,S-XOF8012,DINR-20260626
9812,3,103.80,1111,DINR,B,25-Jun-2026,10:40:35,103.8,DGCX,S-XOF8012,S-XOF8012,DINR-20260626
9812,5,104.150,1111,IUK26,S,26-May-2026,10:40:37,104.15,SGX,XOF8012,XOF8012,IUK26
9812,2,104.17,1111,DINR,B,26-May-2026,10:40:37,104.17,DGCX,S-XOF8012,S-XOF8012,DINR-20260527
9812,2,104.17,1111,DINR,B,26-May-2026,10:40:37,104.17,DGCX,S-XOF8012,S-XOF8012,DINR-20260527
9812,1,104.17,1111,DINR,B,26-May-2026,10:40:37,104.17,DGCX,S-XOF8012,S-XOF8012,DINR-20260527
9812,4,104.160,1111,IUK26,S,26-May-2026,10:40:43,104.17,SGX,XOF8012,XOF8012,IUK26
9812,1,104.160,1111,IUK26,S,26-May-2026,10:40:43,104.17,SGX,XOF8012,XOF8012,IUK26
9812,4,104.18,1111,DINR,B,26-May-2026,10:40:43,104.18,DGCX,S-XOF8012,S-XOF8012,DINR-20260527
9812,1,104.18,1111,DINR,B,26-May-2026,10:40:43,104.18,DGCX,S-XOF8012,S-XOF8012,DINR-20260527
9812,1,104.180,1111,IUK26,B,26-May-2026,10:44:30,104.18,SGX,XOF8012,XOF8012,IUK26
9812,1,104.18,1111,DINR,S,26-May-2026,10:44:30,104.18,DGCX,S-XOF8012,S-XOF8012,DINR-20260527
9817,1,104.18,1111,DINR,B,26-May-2026,10:44:30,104.18,DGCX,S-XOF8017,S-XOF8017,DINR-20260527
9817,1,104.180,1111,IUK26,S,26-May-2026,10:44:31,104.18,SGX,XOF8017,XOF8017,IUK26
9812,4,104.180,1111,IUK26,B,26-May-2026,10:45:03,104.18,SGX,XOF8012,XOF8012,IUK26
9812,1,104.180,1111,IUK26,B,26-May-2026,10:45:04,104.18,SGX,XOF8012,XOF8012,IUK26
9812,2,104.18,1111,DINR,S,26-May-2026,10:45:03,104.18,DGCX,S-XOF8012,S-XOF8012,DINR-20260527
9812,3,104.180,1111,IUK26,B,26-May-2026,10:45:04,104.18,SGX,XOF8012,XOF8012,IUK26
9812,2,104.18,1111,DINR,S,26-May-2026,10:45:03,104.18,DGCX,S-XOF8012,S-XOF8012,DINR-20260527
9812,1,104.18,1111,DINR,S,26-May-2026,10:45:03,104.18,DGCX,S-XOF8012,S-XOF8012,DINR-20260527
9812,3,104.18,1111,DINR,S,26-May-2026,10:45:03,104.18,DGCX,S-XOF8012,S-XOF8012,DINR-20260527
9812,1,104.180,1111,IUK26,B,26-May-2026,10:45:04,104.18,SGX,XOF8012,XOF8012,IUK26
9812,1,104.18,1111,DINR,S,26-May-2026,10:45:04,104.18,DGCX,S-XOF8012,S-XOF8012,DINR-20260527
9812,2,104.180,1111,IUK26,B,26-May-2026,10:45:04,104.18,SGX,XOF8012,XOF8012,IUK26
9812,2,104.180,1111,IUK26,B,26-May-2026,10:45:04,104.18,SGX,XOF8012,XOF8012,IUK26
9812,2,104.18,1111,DINR,S,26-May-2026,10:45:04,104.18,DGCX,S-XOF8012,S-XOF8012,DINR-20260527
9812,1,104.180,1111,IUK26,B,26-May-2026,10:45:04,104.18,SGX,XOF8012,XOF8012,IUK26
9812,5,104.180,1111,IUK26,B,26-May-2026,10:45:04,104.18,SGX,XOF8012,XOF8012,IUK26
9812,2,104.18,1111,DINR,S,26-May-2026,10:45:04,104.18,DGCX,S-XOF8012,S-XOF8012,DINR-20260527
9817,2,104.18,1111,DINR,B,26-May-2026,10:45:04,104.18,DGCX,S-XOF8017,S-XOF8017,DINR-20260527
9812,1,104.18,1111,DINR,S,26-May-2026,10:45:04,104.18,DGCX,S-XOF8012,S-XOF8012,DINR-20260527
9812,5,104.17,1111,DINR,S,26-May-2026,10:45:04,104.18,DGCX,S-XOF8012,S-XOF8012,DINR-20260527
9812,1,104.180,1111,IUK26,B,26-May-2026,10:45:04,104.18,SGX,XOF8012,XOF8012,IUK26
9812,1,104.17,1111,DINR,S,26-May-2026,10:45:04,104.18,DGCX,S-XOF8012,S-XOF8012,DINR-20260527
9812,2,104.180,1111,IUK26,B,26-May-2026,10:45:04,104.18,SGX,XOF8012,XOF8012,IUK26
9812,3,104.180,1111,IUK26,B,26-May-2026,10:45:04,104.18,SGX,XOF8012,XOF8012,IUK26
9812,2,104.18,1111,DINR,S,26-May-2026,10:45:05,104.18,DGCX,S-XOF8012,S-XOF8012,DINR-20260527
9812,3,104.18,1111,DINR,S,26-May-2026,10:45:05,104.18,DGCX,S-XOF8012,S-XOF8012,DINR-20260527
9817,2,104.180,1111,IUK26,S,26-May-2026,10:45:47,104.18,SGX,XOF8017,XOF8017,IUK26
9812,5,104.180,1111,IUK26,B,26-May-2026,10:51:17,104.18,SGX,XOF8012,XOF8012,IUK26
9812,5,104.18,1111,DINR,S,26-May-2026,10:51:17,104.18,DGCX,S-XOF8012,S-XOF8012,DINR-20260527
9814,200,-0.360,1111,IUK26-IUM26,B,26-May-2026,10:51:24,-0.36,SGX,XOF8014,XOF8014,IUK26-IUM26
9814,200,104.190,1111,IUK26,S,26-May-2026,10:51:24,104.18,SGX,XOF8014,XOF8014,IUK26
9814,200,103.830,1111,IUM26,B,25-Jun-2026,10:51:24,103.83,SGX,XOF8014,XOF8014,IUM26
9813,100,-0.360,1111,IUK26-IUM26,B,26-May-2026,10:51:24,-0.36,SGX,XOF8013,XOF8013,IUK26-IUM26
9813,100,104.190,1111,IUK26,S,26-May-2026,10:51:24,104.18,SGX,XOF8013,XOF8013,IUK26
9813,100,103.830,1111,IUM26,B,25-Jun-2026,10:51:24,103.83,SGX,XOF8013,XOF8013,IUM26
9812,195,-0.360,1111,IUK26-IUM26,B,26-May-2026,10:51:53,-0.36,SGX,XOF8012,XOF8012,IUK26-IUM26
9812,195,104.190,1111,IUK26,S,26-May-2026,10:51:53,104.19,SGX,XOF8012,XOF8012,IUK26
9812,195,103.830,1111,IUM26,B,25-Jun-2026,10:51:53,103.83,SGX,XOF8012,XOF8012,IUM26
9812,5,-0.360,1111,IUK26-IUM26,B,26-May-2026,10:51:53,-0.36,SGX,XOF8012,XOF8012,IUK26-IUM26
9812,5,104.190,1111,IUK26,S,26-May-2026,10:51:53,104.19,SGX,XOF8012,XOF8012,IUK26
9812,5,103.830,1111,IUM26,B,25-Jun-2026,10:51:53,103.83,SGX,XOF8012,XOF8012,IUM26
9812,5,104.190,1111,IUK26,B,26-May-2026,10:54:54,104.19,SGX,XOF8012,XOF8012,IUK26
9812,5,104.19,1111,DINR,S,26-May-2026,10:54:54,104.19,DGCX,S-XOF8012,S-XOF8012,DINR-20260527
9812,5,104.190,1111,IUK26,S,26-May-2026,10:55:19,104.19,SGX,XOF8012,XOF8012,IUK26
9812,5,104.19,1111,DINR,B,26-May-2026,10:55:19,104.19,DGCX,S-XOF8012,S-XOF8012,DINR-20260527
9812,4,104.190,1111,IUK26,B,26-May-2026,10:55:26,104.18,SGX,XOF8012,XOF8012,IUK26
9812,4,104.19,1111,DINR,S,26-May-2026,10:55:26,104.18,DGCX,S-XOF8012,S-XOF8012,DINR-20260527
9812,1,104.190,1111,IUK26,B,26-May-2026,10:55:26,104.18,SGX,XOF8012,XOF8012,IUK26
9812,1,104.190,1111,IUK26,B,26-May-2026,10:55:27,104.18,SGX,XOF8012,XOF8012,IUK26
9812,1,104.19,1111,DINR,S,26-May-2026,10:55:26,104.18,DGCX,S-XOF8012,S-XOF8012,DINR-20260527
9812,3,104.190,1111,IUK26,B,26-May-2026,10:55:27,104.18,SGX,XOF8012,XOF8012,IUK26
9812,1,104.190,1111,IUK26,B,26-May-2026,10:55:27,104.18,SGX,XOF8012,XOF8012,IUK26
9812,1,104.19,1111,DINR,S,26-May-2026,10:55:27,104.19,DGCX,S-XOF8012,S-XOF8012,DINR-20260527
9812,3,104.18,1111,DINR,S,26-May-2026,10:55:27,104.19,DGCX,S-XOF8012,S-XOF8012,DINR-20260527
9812,1,104.18,1111,DINR,S,26-May-2026,10:55:27,104.19,DGCX,S-XOF8012,S-XOF8012,DINR-20260527
9812,4,104.190,1111,IUK26,B,26-May-2026,10:55:27,104.19,SGX,XOF8012,XOF8012,IUK26
9812,1,104.190,1111,IUK26,B,26-May-2026,10:55:27,104.19,SGX,XOF8012,XOF8012,IUK26
9812,4,104.19,1111,DINR,S,26-May-2026,10:55:27,104.19,DGCX,S-XOF8012,S-XOF8012,DINR-20260527
9812,1,104.18,1111,DINR,S,26-May-2026,10:55:27,104.19,DGCX,S-XOF8012,S-XOF8012,DINR-20260527
9812,4,104.190,1111,IUK26,B,26-May-2026,10:55:27,104.19,SGX,XOF8012,XOF8012,IUK26
9812,4,104.19,1111,DINR,S,26-May-2026,10:55:27,104.19,DGCX,S-XOF8012,S-XOF8012,DINR-20260527
9812,1,104.190,1111,IUK26,B,26-May-2026,10:55:27,104.19,SGX,XOF8012,XOF8012,IUK26
9812,1,104.19,1111,DINR,S,26-May-2026,10:55:27,104.19,DGCX,S-XOF8012,S-XOF8012,DINR-20260527
9812,5,104.200,1111,IUK26,B,26-May-2026,11:01:33,104.2,SGX,XOF8012,XOF8012,IUK26
9812,5,104.19,1111,DINR,S,26-May-2026,11:01:33,104.19,DGCX,S-XOF8012,S-XOF8012,DINR-20260527
9812,3,104.200,1111,IUK26,B,26-May-2026,11:02:24,104.2,SGX,XOF8012,XOF8012,IUK26
9812,3,104.20,1111,DINR,S,26-May-2026,11:02:24,104.2,DGCX,S-XOF8012,S-XOF8012,DINR-20260527
9812,2,104.200,1111,IUK26,B,26-May-2026,11:02:28,104.2,SGX,XOF8012,XOF8012,IUK26
9812,2,104.20,1111,DINR,S,26-May-2026,11:02:28,104.2,DGCX,S-XOF8012,S-XOF8012,DINR-20260527
9812,5,104.200,1111,IUK26,B,26-May-2026,11:02:50,104.2,SGX,XOF8012,XOF8012,IUK26
9812,5,104.200,1111,IUK26,B,26-May-2026,11:02:50,104.2,SGX,XOF8012,XOF8012,IUK26
9812,5,104.20,1111,DINR,S,26-May-2026,11:02:50,104.2,DGCX,S-XOF8012,S-XOF8012,DINR-20260527
9812,5,104.20,1111,DINR,S,26-May-2026,11:02:50,104.2,DGCX,S-XOF8012,S-XOF8012,DINR-20260527
9812,3,104.200,1111,IUK26,B,26-May-2026,11:03:52,104.2,SGX,XOF8012,XOF8012,IUK26
9812,3,104.20,1111,DINR,S,26-May-2026,11:03:52,104.21,DGCX,S-XOF8012,S-XOF8012,DINR-20260527
9812,2,104.200,1111,IUK26,B,26-May-2026,11:03:52,104.2,SGX,XOF8012,XOF8012,IUK26
9812,2,104.21,1111,DINR,S,26-May-2026,11:03:53,104.21,DGCX,S-XOF8012,S-XOF8012,DINR-20260527
9812,4,104.200,1111,IUK26,B,26-May-2026,11:04:29,104.2,SGX,XOF8012,XOF8012,IUK26
9812,1,104.200,1111,IUK26,B,26-May-2026,11:04:29,104.2,SGX,XOF8012,XOF8012,IUK26
9812,4,104.20,1111,DINR,S,26-May-2026,11:04:29,104.2,DGCX,S-XOF8012,S-XOF8012,DINR-20260527
9812,1,104.20,1111,DINR,S,26-May-2026,11:04:29,104.2,DGCX,S-XOF8012,S-XOF8012,DINR-20260527
9817,5,103.86,1111,DINR,S,25-Jun-2026,11:06:04,103.86,DGCX,S-XOF8017,S-XOF8017,DINR-20260626
9817,1,103.86,1111,DINR,S,25-Jun-2026,11:06:04,103.86,DGCX,S-XOF8017,S-XOF8017,DINR-20260626
9817,4,103.840,1111,IUM26,B,25-Jun-2026,11:06:04,103.84,SGX,XOF8017,XOF8017,IUM26
9817,1,103.840,1111,IUM26,B,25-Jun-2026,11:06:04,103.84,SGX,XOF8017,XOF8017,IUM26
9817,1,103.840,1111,IUM26,B,25-Jun-2026,11:06:04,103.84,SGX,XOF8017,XOF8017,IUM26
9812,5,104.200,1111,IUK26,S,26-May-2026,11:06:57,104.2,SGX,XOF8012,XOF8012,IUK26
9812,1,104.20,1111,DINR,B,26-May-2026,11:06:57,104.2,DGCX,S-XOF8012,S-XOF8012,DINR-20260527
9812,1,104.20,1111,DINR,B,26-May-2026,11:06:57,104.2,DGCX,S-XOF8012,S-XOF8012,DINR-20260527
9812,3,104.21,1111,DINR,B,26-May-2026,11:06:57,104.2,DGCX,S-XOF8012,S-XOF8012,DINR-20260527
9812,1,103.810,1111,IUM26,B,25-Jun-2026,11:08:53,103.82,SGX,XOF8012,XOF8012,IUM26
9812,4,103.810,1111,IUM26,B,25-Jun-2026,11:08:53,103.82,SGX,XOF8012,XOF8012,IUM26
9812,1,103.81,1111,DINR,S,25-Jun-2026,11:08:53,103.81,DGCX,S-XOF8012,S-XOF8012,DINR-20260626
9817,1,103.81,1111,DINR,B,25-Jun-2026,11:08:53,103.81,DGCX,S-XOF8017,S-XOF8017,DINR-20260626
9812,1,103.81,1111,DINR,S,25-Jun-2026,11:08:53,103.81,DGCX,S-XOF8012,S-XOF8012,DINR-20260626
9812,3,103.81,1111,DINR,S,25-Jun-2026,11:08:53,103.81,DGCX,S-XOF8012,S-XOF8012,DINR-20260626
9817,1,103.810,1111,IUM26,S,25-Jun-2026,11:08:53,103.82,SGX,XOF8017,XOF8017,IUM26
9812,5,103.810,1111,IUM26,B,25-Jun-2026,11:09:07,103.81,SGX,XOF8012,XOF8012,IUM26
9812,5,103.82,1111,DINR,S,25-Jun-2026,11:09:07,103.82,DGCX,S-XOF8012,S-XOF8012,DINR-20260626
9812,2,103.810,1111,IUM26,B,25-Jun-2026,11:09:11,103.81,SGX,XOF8012,XOF8012,IUM26
9812,3,103.810,1111,IUM26,B,25-Jun-2026,11:09:11,103.81,SGX,XOF8012,XOF8012,IUM26
9812,2,103.82,1111,DINR,S,25-Jun-2026,11:09:11,103.82,DGCX,S-XOF8012,S-XOF8012,DINR-20260626
9812,3,103.82,1111,DINR,S,25-Jun-2026,11:09:11,103.82,DGCX,S-XOF8012,S-XOF8012,DINR-20260626
9812,5,103.800,1111,IUM26,B,25-Jun-2026,11:14:35,103.8,SGX,XOF8012,XOF8012,IUM26
9812,5,103.81,1111,DINR,S,25-Jun-2026,11:14:35,103.81,DGCX,S-XOF8012,S-XOF8012,DINR-20260626
9812,5,103.780,1111,IUM26,B,25-Jun-2026,11:16:31,103.78,SGX,XOF8012,XOF8012,IUM26
9816,12,-0.370,1111,IUK26-IUM26,B,26-May-2026,11:16:31,-0.37,SGX,XOF8016,XOF8016,IUK26-IUM26
9816,12,104.150,1111,IUK26,S,26-May-2026,11:16:31,104.15,SGX,XOF8016,XOF8016,IUK26
9816,12,103.780,1111,IUM26,B,25-Jun-2026,11:16:31,103.78,SGX,XOF8016,XOF8016,IUM26
9812,5,103.78,1111,DINR,S,25-Jun-2026,11:16:31,103.78,DGCX,S-XOF8012,S-XOF8012,DINR-20260626
9812,5,103.780,1111,IUM26,B,25-Jun-2026,11:16:31,103.78,SGX,XOF8012,XOF8012,IUM26
9812,2,103.78,1111,DINR,S,25-Jun-2026,11:16:31,103.78,DGCX,S-XOF8012,S-XOF8012,DINR-20260626
9812,1,103.78,1111,DINR,S,25-Jun-2026,11:16:31,103.78,DGCX,S-XOF8012,S-XOF8012,DINR-20260626
9812,2,103.78,1111,DINR,S,25-Jun-2026,11:16:31,103.78,DGCX,S-XOF8012,S-XOF8012,DINR-20260626
9812,5,104.140,1111,IUK26,S,26-May-2026,11:17:18,104.15,SGX,XOF8012,XOF8012,IUK26
9812,5,104.14,1111,DINR,B,26-May-2026,11:17:18,104.14,DGCX,S-XOF8012,S-XOF8012,DINR-20260527
9812,5,104.140,1111,IUK26,S,26-May-2026,11:17:18,104.15,SGX,XOF8012,XOF8012,IUK26
9812,5,104.14,1111,DINR,B,26-May-2026,11:17:18,104.14,DGCX,S-XOF8012,S-XOF8012,DINR-20260527
9812,5,104.140,1111,IUK26,S,26-May-2026,11:17:18,104.15,SGX,XOF8012,XOF8012,IUK26
9812,5,104.17,1111,DINR,B,26-May-2026,11:17:22,104.19,DGCX,S-XOF8012,S-XOF8012,DINR-20260527
9812,1,104.180,1111,IUK26,S,26-May-2026,11:17:22,104.18,SGX,XOF8012,XOF8012,IUK26
9812,4,104.180,1111,IUK26,S,26-May-2026,11:17:22,104.18,SGX,XOF8012,XOF8012,IUK26
9812,1,104.18,1111,DINR,B,26-May-2026,11:17:22,104.19,DGCX,S-XOF8012,S-XOF8012,DINR-20260527
9812,4,104.19,1111,DINR,B,26-May-2026,11:17:22,104.19,DGCX,S-XOF8012,S-XOF8012,DINR-20260527
9812,1,104.180,1111,IUK26,S,26-May-2026,11:17:22,104.18,SGX,XOF8012,XOF8012,IUK26
9812,2,104.180,1111,IUK26,S,26-May-2026,11:17:22,104.18,SGX,XOF8012,XOF8012,IUK26
9812,2,104.180,1111,IUK26,S,26-May-2026,11:17:22,104.18,SGX,XOF8012,XOF8012,IUK26
9812,1,104.19,1111,DINR,B,26-May-2026,11:17:23,104.19,DGCX,S-XOF8012,S-XOF8012,DINR-20260527
9812,2,104.19,1111,DINR,B,26-May-2026,11:17:23,104.19,DGCX,S-XOF8012,S-XOF8012,DINR-20260527
9812,2,104.19,1111,DINR,B,26-May-2026,11:17:23,104.19,DGCX,S-XOF8012,S-XOF8012,DINR-20260527
9814,1,104.17,1111,DINR,S,26-May-2026,11:24:52,104.17,DGCX,S-XOF8014,S-XOF8014,DINR-20260527
9814,1,104.160,1111,IUK26,B,26-May-2026,11:24:52,104.16,SGX,XOF8014,XOF8014,IUK26
9812,2,-0.360,1111,IUK26-IUM26,S,26-May-2026,11:26:01,-0.36,SGX,XOF8012,XOF8012,IUK26-IUM26
9812,2,104.190,1111,IUK26,B,26-May-2026,11:26:01,104.18,SGX,XOF8012,XOF8012,IUK26
9812,2,103.830,1111,IUM26,S,25-Jun-2026,11:26:01,103.83,SGX,XOF8012,XOF8012,IUM26
9812,14,-0.360,1111,IUK26-IUM26,S,26-May-2026,11:26:07,-0.36,SGX,XOF8012,XOF8012,IUK26-IUM26
9812,14,104.180,1111,IUK26,B,26-May-2026,11:26:07,104.18,SGX,XOF8012,XOF8012,IUK26
9812,14,103.820,1111,IUM26,S,25-Jun-2026,11:26:07,103.82,SGX,XOF8012,XOF8012,IUM26
9812,9,-0.360,1111,IUK26-IUM26,S,26-May-2026,11:28:11,-0.36,SGX,XOF8012,XOF8012,IUK26-IUM26
9812,9,104.170,1111,IUK26,B,26-May-2026,11:28:11,104.17,SGX,XOF8012,XOF8012,IUK26
9812,9,103.810,1111,IUM26,S,25-Jun-2026,11:28:11,103.81,SGX,XOF8012,XOF8012,IUM26
9812,3,-0.360,1111,IUK26-IUM26,S,26-May-2026,11:33:45,-0.36,SGX,XOF8012,XOF8012,IUK26-IUM26
9812,3,104.180,1111,IUK26,B,26-May-2026,11:33:45,104.18,SGX,XOF8012,XOF8012,IUK26
9812,3,103.820,1111,IUM26,S,25-Jun-2026,11:33:45,103.82,SGX,XOF8012,XOF8012,IUM26
9812,3,-0.360,1111,IUK26-IUM26,S,26-May-2026,11:34:07,-0.36,SGX,XOF8012,XOF8012,IUK26-IUM26
9812,3,104.180,1111,IUK26,B,26-May-2026,11:34:07,104.18,SGX,XOF8012,XOF8012,IUK26
9812,3,103.820,1111,IUM26,S,25-Jun-2026,11:34:07,103.82,SGX,XOF8012,XOF8012,IUM26
9812,3,-0.360,1111,IUK26-IUM26,S,26-May-2026,11:34:09,-0.36,SGX,XOF8012,XOF8012,IUK26-IUM26
9812,3,104.180,1111,IUK26,B,26-May-2026,11:34:09,104.18,SGX,XOF8012,XOF8012,IUK26
9812,3,103.820,1111,IUM26,S,25-Jun-2026,11:34:09,103.82,SGX,XOF8012,XOF8012,IUM26
9812,3,-0.360,1111,IUK26-IUM26,S,26-May-2026,11:34:22,-0.36,SGX,XOF8012,XOF8012,IUK26-IUM26
9812,3,104.180,1111,IUK26,B,26-May-2026,11:34:22,104.18,SGX,XOF8012,XOF8012,IUK26
9812,3,103.820,1111,IUM26,S,25-Jun-2026,11:34:22,103.82,SGX,XOF8012,XOF8012,IUM26
9812,7,-0.360,1111,IUK26-IUM26,S,26-May-2026,11:34:24,-0.36,SGX,XOF8012,XOF8012,IUK26-IUM26
9812,7,104.180,1111,IUK26,B,26-May-2026,11:34:24,104.18,SGX,XOF8012,XOF8012,IUK26
9812,7,103.820,1111,IUM26,S,25-Jun-2026,11:34:24,103.82,SGX,XOF8012,XOF8012,IUM26
9812,3,-0.360,1111,IUK26-IUM26,S,26-May-2026,11:34:24,-0.36,SGX,XOF8012,XOF8012,IUK26-IUM26
9812,3,104.180,1111,IUK26,B,26-May-2026,11:34:24,104.18,SGX,XOF8012,XOF8012,IUK26
9812,3,103.820,1111,IUM26,S,25-Jun-2026,11:34:24,103.82,SGX,XOF8012,XOF8012,IUM26
9812,3,-0.360,1111,IUK26-IUM26,S,26-May-2026,11:34:35,-0.36,SGX,XOF8012,XOF8012,IUK26-IUM26
9812,3,104.180,1111,IUK26,B,26-May-2026,11:34:35,104.18,SGX,XOF8012,XOF8012,IUK26
9812,3,103.820,1111,IUM26,S,25-Jun-2026,11:34:35,103.82,SGX,XOF8012,XOF8012,IUM26
9812,3,-0.360,1111,IUK26-IUM26,S,26-May-2026,11:34:53,-0.36,SGX,XOF8012,XOF8012,IUK26-IUM26
9812,3,104.180,1111,IUK26,B,26-May-2026,11:34:53,104.18,SGX,XOF8012,XOF8012,IUK26
9812,3,103.820,1111,IUM26,S,25-Jun-2026,11:34:53,103.82,SGX,XOF8012,XOF8012,IUM26
9812,1,-0.360,1111,IUK26-IUM26,S,26-May-2026,11:34:56,-0.36,SGX,XOF8012,XOF8012,IUK26-IUM26
9812,1,104.180,1111,IUK26,B,26-May-2026,11:34:56,104.18,SGX,XOF8012,XOF8012,IUK26
9812,1,103.820,1111,IUM26,S,25-Jun-2026,11:34:56,103.82,SGX,XOF8012,XOF8012,IUM26
9812,3,-0.360,1111,IUK26-IUM26,S,26-May-2026,11:34:56,-0.36,SGX,XOF8012,XOF8012,IUK26-IUM26
9812,3,104.180,1111,IUK26,B,26-May-2026,11:34:56,104.18,SGX,XOF8012,XOF8012,IUK26
9812,3,103.820,1111,IUM26,S,25-Jun-2026,11:34:56,103.82,SGX,XOF8012,XOF8012,IUM26
9812,2,-0.360,1111,IUK26-IUM26,S,26-May-2026,11:36:18,-0.36,SGX,XOF8012,XOF8012,IUK26-IUM26
9812,2,104.190,1111,IUK26,B,26-May-2026,11:36:18,104.19,SGX,XOF8012,XOF8012,IUK26
9812,2,103.830,1111,IUM26,S,25-Jun-2026,11:36:18,103.83,SGX,XOF8012,XOF8012,IUM26
9812,3,-0.360,1111,IUK26-IUM26,S,26-May-2026,11:36:18,-0.36,SGX,XOF8012,XOF8012,IUK26-IUM26
9812,3,104.190,1111,IUK26,B,26-May-2026,11:36:18,104.19,SGX,XOF8012,XOF8012,IUK26
9812,3,103.830,1111,IUM26,S,25-Jun-2026,11:36:18,103.83,SGX,XOF8012,XOF8012,IUM26
9812,3,-0.360,1111,IUK26-IUM26,S,26-May-2026,11:36:32,-0.36,SGX,XOF8012,XOF8012,IUK26-IUM26
9812,3,104.190,1111,IUK26,B,26-May-2026,11:36:32,104.19,SGX,XOF8012,XOF8012,IUK26
9812,3,103.830,1111,IUM26,S,25-Jun-2026,11:36:32,103.83,SGX,XOF8012,XOF8012,IUM26
9812,3,-0.360,1111,IUK26-IUM26,S,26-May-2026,11:36:38,-0.36,SGX,XOF8012,XOF8012,IUK26-IUM26
9812,3,104.190,1111,IUK26,B,26-May-2026,11:36:38,104.19,SGX,XOF8012,XOF8012,IUK26
9812,3,103.830,1111,IUM26,S,25-Jun-2026,11:36:38,103.83,SGX,XOF8012,XOF8012,IUM26
9816,1,104.190,1111,IUK26,B,26-May-2026,11:37:00,104.19,SGX,XOF8016,XOF8016,IUK26
9816,3,104.190,1111,IUK26,B,26-May-2026,11:37:00,104.19,SGX,XOF8016,XOF8016,IUK26
9816,1,104.190,1111,IUK26,B,26-May-2026,11:37:00,104.19,SGX,XOF8016,XOF8016,IUK26
9816,3,104.190,1111,IUK26,B,26-May-2026,11:37:00,104.19,SGX,XOF8016,XOF8016,IUK26
9816,1,104.190,1111,IUK26,B,26-May-2026,11:37:02,104.19,SGX,XOF8016,XOF8016,IUK26
9816,12,103.830,1111,IUM26,S,25-Jun-2026,11:37:01,103.83,SGX,XOF8016,XOF8016,IUM26
9816,3,104.190,1111,IUK26,B,26-May-2026,11:37:02,104.19,SGX,XOF8016,XOF8016,IUK26
9817,2,103.85,1111,DINR,S,25-Jun-2026,11:38:27,103.85,DGCX,S-XOF8017,S-XOF8017,DINR-20260626
9817,2,103.830,1111,IUM26,B,25-Jun-2026,11:38:27,103.83,SGX,XOF8017,XOF8017,IUM26
9816,24,104.190,1111,IUK26,B,26-May-2026,11:39:04,104.19,SGX,XOF8016,XOF8016,IUK26
9816,3,104.190,1111,IUK26,B,26-May-2026,11:39:06,104.19,SGX,XOF8016,XOF8016,IUK26
9816,3,104.190,1111,IUK26,B,26-May-2026,11:39:06,104.19,SGX,XOF8016,XOF8016,IUK26
9816,30,103.830,1111,IUM26,S,25-Jun-2026,11:39:48,103.83,SGX,XOF8016,XOF8016,IUM26
9816,8,104.190,1111,IUK26,B,26-May-2026,11:41:18,104.19,SGX,XOF8016,XOF8016,IUK26
9816,9,104.190,1111,IUK26,B,26-May-2026,11:41:18,104.19,SGX,XOF8016,XOF8016,IUK26
9816,3,104.190,1111,IUK26,B,26-May-2026,11:41:18,104.19,SGX,XOF8016,XOF8016,IUK26
9816,3,104.190,1111,IUK26,B,26-May-2026,11:41:18,104.19,SGX,XOF8016,XOF8016,IUK26
9816,3,104.190,1111,IUK26,B,26-May-2026,11:41:20,104.19,SGX,XOF8016,XOF8016,IUK26
9816,3,104.190,1111,IUK26,B,26-May-2026,11:41:20,104.19,SGX,XOF8016,XOF8016,IUK26
9816,1,104.190,1111,IUK26,B,26-May-2026,11:41:20,104.19,SGX,XOF8016,XOF8016,IUK26
9816,1,103.830,1111,IUM26,S,25-Jun-2026,11:41:20,103.83,SGX,XOF8016,XOF8016,IUM26
9819,1,103.84,1111,DINR,S,25-Jun-2026,11:42:40,103.84,DGCX,S-XOF8019,S-XOF8019,DINR-20260626
9819,1,103.820,1111,IUM26,B,25-Jun-2026,11:42:40,103.82,SGX,XOF8019,XOF8019,IUM26
9816,26,103.820,1111,IUM26,S,25-Jun-2026,11:44:20,103.82,SGX,XOF8016,XOF8016,IUM26
9816,3,103.820,1111,IUM26,S,25-Jun-2026,11:44:36,103.82,SGX,XOF8016,XOF8016,IUM26
9813,3,-0.360,1111,IUM26-IUN26,S,26-Jun-2026,11:44:36,-0.36,SGX,XOF8013,XOF8013,IUM26-IUN26
9813,3,103.820,1111,IUM26,B,25-Jun-2026,11:44:36,103.82,SGX,XOF8013,XOF8013,IUM26
9813,3,103.460,1111,IUN26,S,29-Jul-2026,11:44:36,103.46,SGX,XOF8013,XOF8013,IUN26
9813,1,-0.360,1111,IUM26-IUN26,S,26-Jun-2026,11:44:36,-0.36,SGX,XOF8013,XOF8013,IUM26-IUN26
9813,1,103.820,1111,IUM26,B,25-Jun-2026,11:44:36,103.82,SGX,XOF8013,XOF8013,IUM26
9813,1,103.460,1111,IUN26,S,29-Jul-2026,11:44:36,103.46,SGX,XOF8013,XOF8013,IUN26
9816,29,103.830,1111,IUM26,S,25-Jun-2026,11:44:43,103.83,SGX,XOF8016,XOF8016,IUM26
9816,3,104.190,1111,IUK26,B,26-May-2026,11:45:11,104.19,SGX,XOF8016,XOF8016,IUK26
9812,1,-0.360,1111,IUK26-IUM26,S,26-May-2026,11:45:12,-0.36,SGX,XOF8012,XOF8012,IUK26-IUM26
9812,1,104.190,1111,IUK26,B,26-May-2026,11:45:12,104.19,SGX,XOF8012,XOF8012,IUK26
9812,1,103.830,1111,IUM26,S,25-Jun-2026,11:45:12,103.83,SGX,XOF8012,XOF8012,IUM26
9819,5,103.83,1111,DINR,B,25-Jun-2026,11:46:21,103.82,DGCX,S-XOF8019,S-XOF8019,DINR-20260626
9819,4,103.830,1111,IUM26,S,25-Jun-2026,11:46:34,103.83,SGX,XOF8019,XOF8019,IUM26
9819,1,103.830,1111,IUM26,S,25-Jun-2026,11:46:34,103.83,SGX,XOF8019,XOF8019,IUM26
9817,5,103.83,1111,DINR,B,25-Jun-2026,11:46:56,103.83,DGCX,S-XOF8017,S-XOF8017,DINR-20260626
9817,5,103.830,1111,IUM26,S,25-Jun-2026,11:46:56,103.83,SGX,XOF8017,XOF8017,IUM26
9816,19,104.190,1111,IUK26,B,26-May-2026,11:47:29,104.19,SGX,XOF8016,XOF8016,IUK26
9816,3,104.190,1111,IUK26,B,26-May-2026,11:47:29,104.19,SGX,XOF8016,XOF8016,IUK26
9816,3,104.190,1111,IUK26,B,26-May-2026,11:47:30,104.19,SGX,XOF8016,XOF8016,IUK26
9816,1,104.190,1111,IUK26,B,26-May-2026,11:47:31,104.19,SGX,XOF8016,XOF8016,IUK26
9812,1,-0.360,1111,IUK26-IUM26,S,26-May-2026,11:47:50,-0.36,SGX,XOF8012,XOF8012,IUK26-IUM26
9812,1,104.190,1111,IUK26,B,26-May-2026,11:47:50,104.19,SGX,XOF8012,XOF8012,IUK26
9812,1,103.830,1111,IUM26,S,25-Jun-2026,11:47:50,103.83,SGX,XOF8012,XOF8012,IUM26
9812,3,-0.360,1111,IUK26-IUM26,S,26-May-2026,11:47:50,-0.36,SGX,XOF8012,XOF8012,IUK26-IUM26
9812,3,104.190,1111,IUK26,B,26-May-2026,11:47:50,104.19,SGX,XOF8012,XOF8012,IUK26
9812,3,103.830,1111,IUM26,S,25-Jun-2026,11:47:50,103.83,SGX,XOF8012,XOF8012,IUM26
9816,7,103.830,1111,IUM26,S,25-Jun-2026,11:47:51,103.83,SGX,XOF8016,XOF8016,IUM26
9816,13,103.830,1111,IUM26,S,25-Jun-2026,11:47:51,103.83,SGX,XOF8016,XOF8016,IUM26
9816,9,103.830,1111,IUM26,S,25-Jun-2026,11:47:51,103.83,SGX,XOF8016,XOF8016,IUM26
9812,5,103.830,1111,IUM26,S,25-Jun-2026,11:48:10,103.83,SGX,XOF8012,XOF8012,IUM26
9812,5,103.83,1111,DINR,B,25-Jun-2026,11:48:11,103.83,DGCX,S-XOF8012,S-XOF8012,DINR-20260626
9819,5,103.83,1111,DINR,B,25-Jun-2026,11:48:18,103.83,DGCX,S-XOF8019,S-XOF8019,DINR-20260626
9819,5,103.830,1111,IUM26,S,25-Jun-2026,11:48:19,103.83,SGX,XOF8019,XOF8019,IUM26
9816,2,104.190,1111,IUK26,B,26-May-2026,11:49:10,104.19,SGX,XOF8016,XOF8016,IUK26
9816,27,104.190,1111,IUK26,B,26-May-2026,11:49:10,104.19,SGX,XOF8016,XOF8016,IUK26
9000,50,-0.00148,1111,BRLM26-BRLN26,B,29-May-2026,11:49:10,-0.00148,SGX,XOB8000,XOB8000,BRLM26-BRLN26
9000,50,0.19726,1111,BRLN26,B,30-Jun-2026,11:49:10,0,SGX,XOB8000,XOB8000,BRLN26
9000,50,0.19874,1111,BRLM26,S,29-May-2026,11:49:10,0,SGX,XOB8000,XOB8000,BRLM26
9817,2,103.83,1111,DINR,B,25-Jun-2026,11:49:10,103.83,DGCX,S-XOF8017,S-XOF8017,DINR-20260626
9819,5,103.83,1111,DINR,B,25-Jun-2026,11:49:10,103.83,DGCX,S-XOF8019,S-XOF8019,DINR-20260626
9817,2,103.830,1111,IUM26,S,25-Jun-2026,11:49:10,103.83,SGX,XOF8017,XOF8017,IUM26
9819,5,103.830,1111,IUM26,S,25-Jun-2026,11:49:10,103.83,SGX,XOF8019,XOF8019,IUM26
9000,50,-0.00148,1111,BRLM26-BRLN26,S,29-May-2026,11:49:14,-0.00148,SGX,XOB8000,XOB8000,BRLM26-BRLN26
9000,50,0.19724,1111,BRLN26,S,30-Jun-2026,11:49:14,0,SGX,XOB8000,XOB8000,BRLN26
9000,50,0.19872,1111,BRLM26,B,29-May-2026,11:49:14,0,SGX,XOB8000,XOB8000,BRLM26
9000,50,-0.00148,1111,BRLM26-BRLN26,B,29-May-2026,11:49:18,-0.00148,SGX,XOB8000,XOB8000,BRLM26-BRLN26
9000,50,0.19724,1111,BRLN26,B,30-Jun-2026,11:49:18,0,SGX,XOB8000,XOB8000,BRLN26
9000,50,0.19872,1111,BRLM26,S,29-May-2026,11:49:18,0,SGX,XOB8000,XOB8000,BRLM26
9817,2,103.83,1111,DINR,B,25-Jun-2026,11:49:19,103.83,DGCX,S-XOF8017,S-XOF8017,DINR-20260626
9819,5,103.83,1111,DINR,B,25-Jun-2026,11:49:19,103.83,DGCX,S-XOF8019,S-XOF8019,DINR-20260626
9817,2,103.830,1111,IUM26,S,25-Jun-2026,11:49:19,103.83,SGX,XOF8017,XOF8017,IUM26
9819,5,103.830,1111,IUM26,S,25-Jun-2026,11:49:19,103.83,SGX,XOF8019,XOF8019,IUM26
9000,50,-0.00148,1111,BRLM26-BRLN26,S,29-May-2026,11:49:22,-0.00148,SGX,XOB8000,XOB8000,BRLM26-BRLN26
9000,50,0.19724,1111,BRLN26,S,30-Jun-2026,11:49:22,0,SGX,XOB8000,XOB8000,BRLN26
9000,50,0.19872,1111,BRLM26,B,29-May-2026,11:49:22,0,SGX,XOB8000,XOB8000,BRLM26
9000,50,-0.00148,1111,BRLM26-BRLN26,B,29-May-2026,11:49:27,-0.00148,SGX,XOB8000,XOB8000,BRLM26-BRLN26
9000,50,0.19724,1111,BRLN26,B,30-Jun-2026,11:49:27,0,SGX,XOB8000,XOB8000,BRLN26
9000,50,0.19872,1111,BRLM26,S,29-May-2026,11:49:27,0,SGX,XOB8000,XOB8000,BRLM26
9812,5,103.830,1111,IUM26,S,25-Jun-2026,11:49:27,103.83,SGX,XOF8012,XOF8012,IUM26
9812,5,103.83,1111,DINR,B,25-Jun-2026,11:49:27,103.83,DGCX,S-XOF8012,S-XOF8012,DINR-20260626
9812,5,103.830,1111,IUM26,S,25-Jun-2026,11:49:27,103.83,SGX,XOF8012,XOF8012,IUM26
9000,50,-0.00148,1111,BRLM26-BRLN26,S,29-May-2026,11:49:29,-0.00148,SGX,XOB8000,XOB8000,BRLM26-BRLN26
9000,50,0.19724,1111,BRLN26,S,30-Jun-2026,11:49:29,0,SGX,XOB8000,XOB8000,BRLN26
9000,50,0.19872,1111,BRLM26,B,29-May-2026,11:49:29,0,SGX,XOB8000,XOB8000,BRLM26
9000,50,-0.00148,1111,BRLM26-BRLN26,B,29-May-2026,11:49:33,-0.00148,SGX,XOB8000,XOB8000,BRLM26-BRLN26
9000,50,0.19724,1111,BRLN26,B,30-Jun-2026,11:49:33,0,SGX,XOB8000,XOB8000,BRLN26
9000,50,0.19872,1111,BRLM26,S,29-May-2026,11:49:33,0,SGX,XOB8000,XOB8000,BRLM26
9000,50,-0.00148,1111,BRLM26-BRLN26,S,29-May-2026,11:49:37,-0.00148,SGX,XOB8000,XOB8000,BRLM26-BRLN26
9000,50,0.19724,1111,BRLN26,S,30-Jun-2026,11:49:37,0,SGX,XOB8000,XOB8000,BRLN26
9000,50,0.19872,1111,BRLM26,B,29-May-2026,11:49:37,0,SGX,XOB8000,XOB8000,BRLM26
9812,5,103.84,1111,DINR,B,25-Jun-2026,11:49:43,103.84,DGCX,S-XOF8012,S-XOF8012,DINR-20260626
9812,5,103.830,1111,IUM26,S,25-Jun-2026,11:50:03,103.83,SGX,XOF8012,XOF8012,IUM26
9812,5,103.83,1111,DINR,B,25-Jun-2026,11:50:03,103.83,DGCX,S-XOF8012,S-XOF8012,DINR-20260626
9816,30,104.190,1111,IUK26,B,26-May-2026,11:50:10,104.19,SGX,XOF8016,XOF8016,IUK26
9816,30,104.190,1111,IUK26,S,26-May-2026,11:50:23,104.19,SGX,XOF8016,XOF8016,IUK26
9816,3,104.180,1111,IUK26,B,26-May-2026,11:50:36,104.18,SGX,XOF8016,XOF8016,IUK26
9816,3,104.180,1111,IUK26,B,26-May-2026,11:50:37,104.19,SGX,XOF8016,XOF8016,IUK26
9816,2,104.180,1111,IUK26,B,26-May-2026,11:50:40,104.2,SGX,XOF8016,XOF8016,IUK26
9816,21,104.180,1111,IUK26,B,26-May-2026,11:50:41,104.18,SGX,XOF8016,XOF8016,IUK26
9812,7,-0.360,1111,IUK26-IUM26,S,26-May-2026,11:50:42,-0.36,SGX,XOF8012,XOF8012,IUK26-IUM26
9812,7,104.190,1111,IUK26,B,26-May-2026,11:50:42,104.18,SGX,XOF8012,XOF8012,IUK26
9812,7,103.830,1111,IUM26,S,25-Jun-2026,11:50:42,103.83,SGX,XOF8012,XOF8012,IUM26
9816,29,103.830,1111,IUM26,S,25-Jun-2026,11:50:45,103.82,SGX,XOF8016,XOF8016,IUM26
9816,12,103.840,1111,IUM26,S,25-Jun-2026,11:53:55,103.84,SGX,XOF8016,XOF8016,IUM26
9816,3,104.200,1111,IUK26,B,26-May-2026,11:54:02,104.2,SGX,XOF8016,XOF8016,IUK26
9816,3,104.200,1111,IUK26,B,26-May-2026,11:54:04,104.2,SGX,XOF8016,XOF8016,IUK26
9816,3,104.200,1111,IUK26,B,26-May-2026,11:54:04,104.2,SGX,XOF8016,XOF8016,IUK26
9816,3,104.200,1111,IUK26,B,26-May-2026,11:54:05,104.2,SGX,XOF8016,XOF8016,IUK26
9816,2,104.190,1111,IUK26,B,26-May-2026,11:55:54,104.19,SGX,XOF8016,XOF8016,IUK26
9816,3,104.190,1111,IUK26,B,26-May-2026,11:55:54,104.19,SGX,XOF8016,XOF8016,IUK26
9816,3,104.190,1111,IUK26,B,26-May-2026,11:55:56,104.19,SGX,XOF8016,XOF8016,IUK26
9816,3,104.190,1111,IUK26,B,26-May-2026,11:55:58,104.19,SGX,XOF8016,XOF8016,IUK26
9816,3,104.190,1111,IUK26,B,26-May-2026,11:55:58,104.19,SGX,XOF8016,XOF8016,IUK26
9816,30,103.830,1111,IUM26,S,25-Jun-2026,11:55:58,103.83,SGX,XOF8016,XOF8016,IUM26
9816,3,104.190,1111,IUK26,B,26-May-2026,11:56:00,104.19,SGX,XOF8016,XOF8016,IUK26
9816,3,104.190,1111,IUK26,B,26-May-2026,11:56:00,104.19,SGX,XOF8016,XOF8016,IUK26
9816,3,104.190,1111,IUK26,B,26-May-2026,11:56:02,104.19,SGX,XOF8016,XOF8016,IUK26
9816,3,104.190,1111,IUK26,B,26-May-2026,11:56:02,104.19,SGX,XOF8016,XOF8016,IUK26
9816,3,104.190,1111,IUK26,B,26-May-2026,11:56:04,104.19,SGX,XOF8016,XOF8016,IUK26
9816,1,104.190,1111,IUK26,B,26-May-2026,11:56:04,104.19,SGX,XOF8016,XOF8016,IUK26
9816,5,103.840,1111,IUM26,S,25-Jun-2026,11:57:33,103.84,SGX,XOF8016,XOF8016,IUM26
9816,5,104.200,1111,IUK26,B,26-May-2026,11:57:48,104.2,SGX,XOF8016,XOF8016,IUK26
9816,6,104.200,1111,IUK26,B,26-May-2026,12:00:03,104.19,SGX,XOF8016,XOF8016,IUK26
9816,6,104.200,1111,IUK26,S,26-May-2026,12:00:23,104.19,SGX,XOF8016,XOF8016,IUK26
9816,6,103.840,1111,IUM26,S,25-Jun-2026,12:01:03,103.84,SGX,XOF8016,XOF8016,IUM26
9816,3,104.200,1111,IUK26,B,26-May-2026,12:01:06,104.2,SGX,XOF8016,XOF8016,IUK26
9816,3,104.200,1111,IUK26,B,26-May-2026,12:01:08,104.2,SGX,XOF8016,XOF8016,IUK26
9816,3,104.200,1111,IUK26,B,26-May-2026,12:04:38,104.2,SGX,XOF8016,XOF8016,IUK26
9816,3,104.200,1111,IUK26,B,26-May-2026,12:04:40,104.2,SGX,XOF8016,XOF8016,IUK26
9816,3,104.200,1111,IUK26,B,26-May-2026,12:04:40,104.2,SGX,XOF8016,XOF8016,IUK26
9816,1,104.200,1111,IUK26,B,26-May-2026,12:04:42,104.19,SGX,XOF8016,XOF8016,IUK26
9816,3,104.200,1111,IUK26,B,26-May-2026,12:04:42,104.19,SGX,XOF8016,XOF8016,IUK26
9816,3,104.200,1111,IUK26,B,26-May-2026,12:04:42,104.19,SGX,XOF8016,XOF8016,IUK26
9816,12,104.200,1111,IUK26,S,26-May-2026,12:04:56,104.19,SGX,XOF8016,XOF8016,IUK26
9816,4,104.200,1111,IUK26,S,26-May-2026,12:04:56,104.19,SGX,XOF8016,XOF8016,IUK26
9816,16,-0.370,1111,IUK26-IUM26,B,26-May-2026,12:06:46,-0.37,SGX,XOF8016,XOF8016,IUK26-IUM26
9816,16,104.230,1111,IUK26,S,26-May-2026,12:06:46,104.22,SGX,XOF8016,XOF8016,IUK26
9816,16,103.860,1111,IUM26,B,25-Jun-2026,12:06:46,103.86,SGX,XOF8016,XOF8016,IUM26
9816,20,-0.370,1111,IUK26-IUM26,B,26-May-2026,12:06:46,-0.37,SGX,XOF8016,XOF8016,IUK26-IUM26
9816,20,104.230,1111,IUK26,S,26-May-2026,12:06:46,104.22,SGX,XOF8016,XOF8016,IUK26
9816,20,103.860,1111,IUM26,B,25-Jun-2026,12:06:46,103.86,SGX,XOF8016,XOF8016,IUM26
9816,1,104.200,1111,IUK26,B,26-May-2026,12:07:36,104.2,SGX,XOF8016,XOF8016,IUK26
9816,3,104.200,1111,IUK26,B,26-May-2026,12:07:36,104.2,SGX,XOF8016,XOF8016,IUK26
9816,3,104.200,1111,IUK26,B,26-May-2026,12:07:38,104.2,SGX,XOF8016,XOF8016,IUK26
9816,3,104.200,1111,IUK26,B,26-May-2026,12:07:38,104.2,SGX,XOF8016,XOF8016,IUK26
9816,3,104.200,1111,IUK26,B,26-May-2026,12:07:40,104.21,SGX,XOF8016,XOF8016,IUK26
9816,3,104.200,1111,IUK26,B,26-May-2026,12:07:40,104.21,SGX,XOF8016,XOF8016,IUK26
9816,16,103.840,1111,IUM26,S,25-Jun-2026,12:07:44,103.84,SGX,XOF8016,XOF8016,IUM26
9816,14,103.840,1111,IUM26,S,25-Jun-2026,12:10:26,103.83,SGX,XOF8016,XOF8016,IUM26
9816,1,103.840,1111,IUM26,S,25-Jun-2026,12:10:26,103.83,SGX,XOF8016,XOF8016,IUM26
9816,1,103.840,1111,IUM26,S,25-Jun-2026,12:10:26,103.83,SGX,XOF8016,XOF8016,IUM26
9816,1,103.840,1111,IUM26,S,25-Jun-2026,12:10:26,103.83,SGX,XOF8016,XOF8016,IUM26
9816,1,103.840,1111,IUM26,S,25-Jun-2026,12:10:26,103.83,SGX,XOF8016,XOF8016,IUM26
9816,2,103.840,1111,IUM26,S,25-Jun-2026,12:10:26,103.83,SGX,XOF8016,XOF8016,IUM26
9816,1,103.830,1111,IUM26,S,25-Jun-2026,12:10:40,103.84,SGX,XOF8016,XOF8016,IUM26
9816,1,103.830,1111,IUM26,S,25-Jun-2026,12:10:40,103.84,SGX,XOF8016,XOF8016,IUM26
9816,8,103.830,1111,IUM26,S,25-Jun-2026,12:10:40,103.84,SGX,XOF8016,XOF8016,IUM26
9812,3,-0.360,1111,IUK26-IUM26,S,26-May-2026,12:10:59,-0.36,SGX,XOF8012,XOF8012,IUK26-IUM26
9812,3,104.200,1111,IUK26,B,26-May-2026,12:10:59,104.2,SGX,XOF8012,XOF8012,IUK26
9812,3,103.840,1111,IUM26,S,25-Jun-2026,12:10:59,103.84,SGX,XOF8012,XOF8012,IUM26
9812,10,-0.360,1111,IUK26-IUM26,S,26-May-2026,12:11:00,-0.36,SGX,XOF8012,XOF8012,IUK26-IUM26
9812,10,104.200,1111,IUK26,B,26-May-2026,12:11:00,104.2,SGX,XOF8012,XOF8012,IUK26
9812,10,103.840,1111,IUM26,S,25-Jun-2026,12:11:00,103.84,SGX,XOF8012,XOF8012,IUM26
9812,27,-0.360,1111,IUK26-IUM26,S,26-May-2026,12:11:00,-0.36,SGX,XOF8012,XOF8012,IUK26-IUM26
9812,27,104.200,1111,IUK26,B,26-May-2026,12:11:00,104.2,SGX,XOF8012,XOF8012,IUK26
9812,27,103.840,1111,IUM26,S,25-Jun-2026,12:11:00,103.84,SGX,XOF8012,XOF8012,IUM26
9812,50,-0.360,1111,IUK26-IUM26,S,26-May-2026,12:11:00,-0.36,SGX,XOF8012,XOF8012,IUK26-IUM26
9812,50,104.200,1111,IUK26,B,26-May-2026,12:11:00,104.2,SGX,XOF8012,XOF8012,IUK26
9812,50,103.840,1111,IUM26,S,25-Jun-2026,12:11:00,103.84,SGX,XOF8012,XOF8012,IUM26
9812,3,-0.360,1111,IUK26-IUM26,S,26-May-2026,12:11:00,-0.36,SGX,XOF8012,XOF8012,IUK26-IUM26
9812,3,104.200,1111,IUK26,B,26-May-2026,12:11:00,104.2,SGX,XOF8012,XOF8012,IUK26
9812,3,103.840,1111,IUM26,S,25-Jun-2026,12:11:00,103.84,SGX,XOF8012,XOF8012,IUM26
9812,6,-0.360,1111,IUK26-IUM26,S,26-May-2026,12:11:00,-0.36,SGX,XOF8012,XOF8012,IUK26-IUM26
9812,6,104.200,1111,IUK26,B,26-May-2026,12:11:00,104.2,SGX,XOF8012,XOF8012,IUK26
9812,6,103.840,1111,IUM26,S,25-Jun-2026,12:11:00,103.84,SGX,XOF8012,XOF8012,IUM26
9812,21,-0.360,1111,IUK26-IUM26,S,26-May-2026,12:11:00,-0.36,SGX,XOF8012,XOF8012,IUK26-IUM26
9812,21,104.200,1111,IUK26,B,26-May-2026,12:11:00,104.2,SGX,XOF8012,XOF8012,IUK26
9812,21,103.840,1111,IUM26,S,25-Jun-2026,12:11:00,103.84,SGX,XOF8012,XOF8012,IUM26
9816,1,104.200,1111,IUK26,B,26-May-2026,12:11:48,104.2,SGX,XOF8016,XOF8016,IUK26
9816,3,104.200,1111,IUK26,B,26-May-2026,12:11:50,104.2,SGX,XOF8016,XOF8016,IUK26
9816,3,104.200,1111,IUK26,B,26-May-2026,12:11:50,104.2,SGX,XOF8016,XOF8016,IUK26
9816,3,104.200,1111,IUK26,B,26-May-2026,12:11:52,104.2,SGX,XOF8016,XOF8016,IUK26
9816,3,104.200,1111,IUK26,B,26-May-2026,12:11:52,104.2,SGX,XOF8016,XOF8016,IUK26
9816,3,104.200,1111,IUK26,B,26-May-2026,12:11:54,104.2,SGX,XOF8016,XOF8016,IUK26
9816,3,104.200,1111,IUK26,B,26-May-2026,12:11:54,104.2,SGX,XOF8016,XOF8016,IUK26
9816,3,104.200,1111,IUK26,B,26-May-2026,12:11:56,104.2,SGX,XOF8016,XOF8016,IUK26
9816,3,104.200,1111,IUK26,B,26-May-2026,12:11:56,104.2,SGX,XOF8016,XOF8016,IUK26
9816,3,104.200,1111,IUK26,B,26-May-2026,12:11:58,104.2,SGX,XOF8016,XOF8016,IUK26
9816,2,104.200,1111,IUK26,B,26-May-2026,12:11:59,104.2,SGX,XOF8016,XOF8016,IUK26
9816,10,-0.360,1111,IUK26-IUM26,B,26-May-2026,12:12:18,-0.36,SGX,XOF8016,XOF8016,IUK26-IUM26
9816,10,104.210,1111,IUK26,S,26-May-2026,12:12:18,104.2,SGX,XOF8016,XOF8016,IUK26
9816,10,103.850,1111,IUM26,B,25-Jun-2026,12:12:18,103.84,SGX,XOF8016,XOF8016,IUM26
9816,200,-0.360,1111,IUK26-IUM26,B,26-May-2026,12:12:25,-0.36,SGX,XOF8016,XOF8016,IUK26-IUM26
9816,200,104.210,1111,IUK26,S,26-May-2026,12:12:25,104.2,SGX,XOF8016,XOF8016,IUK26
9816,200,103.850,1111,IUM26,B,25-Jun-2026,12:12:25,103.84,SGX,XOF8016,XOF8016,IUM26
9816,64,-0.360,1111,IUK26-IUM26,B,26-May-2026,12:12:34,-0.36,SGX,XOF8016,XOF8016,IUK26-IUM26
9816,64,104.210,1111,IUK26,S,26-May-2026,12:12:34,104.19,SGX,XOF8016,XOF8016,IUK26
9816,64,103.850,1111,IUM26,B,25-Jun-2026,12:12:34,103.84,SGX,XOF8016,XOF8016,IUM26
9816,36,-0.360,1111,IUK26-IUM26,B,26-May-2026,12:12:45,-0.36,SGX,XOF8016,XOF8016,IUK26-IUM26
9816,36,103.840,1111,IUM26,B,25-Jun-2026,12:12:45,103.84,SGX,XOF8016,XOF8016,IUM26
9816,36,104.200,1111,IUK26,S,26-May-2026,12:12:45,104.2,SGX,XOF8016,XOF8016,IUK26
9816,3,104.200,1111,IUK26,B,26-May-2026,12:14:20,104.22,SGX,XOF8016,XOF8016,IUK26
9816,3,104.200,1111,IUK26,B,26-May-2026,12:14:23,104.2,SGX,XOF8016,XOF8016,IUK26
9816,3,104.200,1111,IUK26,B,26-May-2026,12:14:24,104.21,SGX,XOF8016,XOF8016,IUK26
9816,9,103.850,1111,IUM26,S,25-Jun-2026,12:14:32,103.85,SGX,XOF8016,XOF8016,IUM26
9816,30,103.850,1111,IUM26,S,25-Jun-2026,12:14:47,103.85,SGX,XOF8016,XOF8016,IUM26
9816,2,104.210,1111,IUK26,B,26-May-2026,12:16:02,104.21,SGX,XOF8016,XOF8016,IUK26
9816,3,104.210,1111,IUK26,B,26-May-2026,12:16:04,104.21,SGX,XOF8016,XOF8016,IUK26
9816,3,104.210,1111,IUK26,B,26-May-2026,12:16:04,104.21,SGX,XOF8016,XOF8016,IUK26
9816,3,104.210,1111,IUK26,B,26-May-2026,12:16:06,104.21,SGX,XOF8016,XOF8016,IUK26
9816,3,104.210,1111,IUK26,B,26-May-2026,12:16:06,104.21,SGX,XOF8016,XOF8016,IUK26
9816,3,104.210,1111,IUK26,B,26-May-2026,12:16:08,104.21,SGX,XOF8016,XOF8016,IUK26
9816,3,104.210,1111,IUK26,B,26-May-2026,12:16:08,104.21,SGX,XOF8016,XOF8016,IUK26
9816,3,104.210,1111,IUK26,B,26-May-2026,12:16:10,104.21,SGX,XOF8016,XOF8016,IUK26
9816,3,104.210,1111,IUK26,B,26-May-2026,12:16:10,104.21,SGX,XOF8016,XOF8016,IUK26
9816,3,104.210,1111,IUK26,B,26-May-2026,12:16:12,104.21,SGX,XOF8016,XOF8016,IUK26
9816,1,104.210,1111,IUK26,B,26-May-2026,12:16:13,104.21,SGX,XOF8016,XOF8016,IUK26
9816,17,103.850,1111,IUM26,S,25-Jun-2026,12:16:19,103.85,SGX,XOF8016,XOF8016,IUM26
9816,13,103.850,1111,IUM26,S,25-Jun-2026,12:16:19,103.85,SGX,XOF8016,XOF8016,IUM26
9816,1,104.210,1111,IUK26,B,26-May-2026,12:16:42,104.21,SGX,XOF8016,XOF8016,IUK26
9816,3,104.210,1111,IUK26,B,26-May-2026,12:16:44,104.21,SGX,XOF8016,XOF8016,IUK26
9816,3,104.210,1111,IUK26,B,26-May-2026,12:16:44,104.21,SGX,XOF8016,XOF8016,IUK26
9816,3,104.210,1111,IUK26,B,26-May-2026,12:16:46,104.21,SGX,XOF8016,XOF8016,IUK26
9816,3,104.210,1111,IUK26,B,26-May-2026,12:16:46,104.21,SGX,XOF8016,XOF8016,IUK26
9816,3,104.210,1111,IUK26,B,26-May-2026,12:16:48,104.21,SGX,XOF8016,XOF8016,IUK26
9816,3,104.210,1111,IUK26,B,26-May-2026,12:16:50,104.21,SGX,XOF8016,XOF8016,IUK26
9816,3,104.210,1111,IUK26,B,26-May-2026,12:16:50,104.21,SGX,XOF8016,XOF8016,IUK26
9816,3,104.210,1111,IUK26,B,26-May-2026,12:16:52,104.21,SGX,XOF8016,XOF8016,IUK26
9816,3,104.210,1111,IUK26,B,26-May-2026,12:16:52,104.21,SGX,XOF8016,XOF8016,IUK26
9816,2,104.210,1111,IUK26,B,26-May-2026,12:16:53,104.21,SGX,XOF8016,XOF8016,IUK26
9816,11,103.850,1111,IUM26,S,25-Jun-2026,12:17:40,103.85,SGX,XOF8016,XOF8016,IUM26
9816,18,103.850,1111,IUM26,S,25-Jun-2026,12:17:40,103.85,SGX,XOF8016,XOF8016,IUM26
9816,2,103.850,1111,IUM26,S,25-Jun-2026,12:17:40,103.85,SGX,XOF8016,XOF8016,IUM26
9816,2,104.210,1111,IUK26,B,26-May-2026,12:17:42,104.21,SGX,XOF8016,XOF8016,IUK26
9816,3,104.210,1111,IUK26,B,26-May-2026,12:17:42,104.21,SGX,XOF8016,XOF8016,IUK26
9816,3,104.210,1111,IUK26,B,26-May-2026,12:17:44,104.21,SGX,XOF8016,XOF8016,IUK26
9816,3,104.210,1111,IUK26,B,26-May-2026,12:17:44,104.21,SGX,XOF8016,XOF8016,IUK26
9816,3,104.210,1111,IUK26,B,26-May-2026,12:17:46,104.21,SGX,XOF8016,XOF8016,IUK26
9816,3,104.210,1111,IUK26,B,26-May-2026,12:17:46,104.21,SGX,XOF8016,XOF8016,IUK26
9816,3,104.210,1111,IUK26,B,26-May-2026,12:17:48,104.21,SGX,XOF8016,XOF8016,IUK26
9816,3,104.210,1111,IUK26,B,26-May-2026,12:17:50,104.21,SGX,XOF8016,XOF8016,IUK26
9816,3,104.210,1111,IUK26,B,26-May-2026,12:17:50,104.21,SGX,XOF8016,XOF8016,IUK26
9816,3,104.210,1111,IUK26,B,26-May-2026,12:17:52,104.21,SGX,XOF8016,XOF8016,IUK26
9816,2,104.210,1111,IUK26,B,26-May-2026,12:17:52,104.21,SGX,XOF8016,XOF8016,IUK26
9816,1,104.210,1111,IUK26,S,26-May-2026,12:19:00,104.21,SGX,XOF8016,XOF8016,IUK26
9816,20,104.210,1111,IUK26,S,26-May-2026,12:19:00,104.21,SGX,XOF8016,XOF8016,IUK26
9816,3,104.220,1111,IUK26,B,26-May-2026,12:20:12,104.23,SGX,XOF8016,XOF8016,IUK26
9816,3,104.220,1111,IUK26,B,26-May-2026,12:20:14,104.23,SGX,XOF8016,XOF8016,IUK26
9816,3,104.220,1111,IUK26,B,26-May-2026,12:20:16,104.22,SGX,XOF8016,XOF8016,IUK26
9816,3,104.220,1111,IUK26,B,26-May-2026,12:20:16,104.22,SGX,XOF8016,XOF8016,IUK26
9816,3,104.220,1111,IUK26,B,26-May-2026,12:20:18,104.22,SGX,XOF8016,XOF8016,IUK26
9816,3,104.220,1111,IUK26,B,26-May-2026,12:20:18,104.22,SGX,XOF8016,XOF8016,IUK26
9816,3,104.220,1111,IUK26,B,26-May-2026,12:20:19,104.21,SGX,XOF8016,XOF8016,IUK26
9816,3,104.210,1111,IUK26,B,26-May-2026,12:20:28,104.21,SGX,XOF8016,XOF8016,IUK26
9816,3,104.210,1111,IUK26,B,26-May-2026,12:20:30,104.21,SGX,XOF8016,XOF8016,IUK26
9816,1,104.210,1111,IUK26,B,26-May-2026,12:20:30,104.21,SGX,XOF8016,XOF8016,IUK26
9816,3,104.210,1111,IUK26,B,26-May-2026,12:20:30,104.21,SGX,XOF8016,XOF8016,IUK26
9816,3,104.210,1111,IUK26,B,26-May-2026,12:20:32,104.21,SGX,XOF8016,XOF8016,IUK26
9816,3,104.210,1111,IUK26,B,26-May-2026,12:20:32,104.21,SGX,XOF8016,XOF8016,IUK26
9816,3,104.210,1111,IUK26,B,26-May-2026,12:20:34,104.2,SGX,XOF8016,XOF8016,IUK26
9816,2,104.210,1111,IUK26,B,26-May-2026,12:20:34,104.2,SGX,XOF8016,XOF8016,IUK26
9816,1,104.200,1111,IUK26,B,26-May-2026,12:20:34,104.2,SGX,XOF8016,XOF8016,IUK26
9816,3,104.200,1111,IUK26,B,26-May-2026,12:20:36,104.2,SGX,XOF8016,XOF8016,IUK26
9816,3,104.200,1111,IUK26,B,26-May-2026,12:20:36,104.2,SGX,XOF8016,XOF8016,IUK26
9816,3,104.200,1111,IUK26,B,26-May-2026,12:20:38,104.2,SGX,XOF8016,XOF8016,IUK26
9816,3,104.200,1111,IUK26,B,26-May-2026,12:20:40,104.2,SGX,XOF8016,XOF8016,IUK26
9816,2,104.210,1111,IUK26,S,26-May-2026,12:20:39,104.2,SGX,XOF8016,XOF8016,IUK26
9816,19,104.210,1111,IUK26,S,26-May-2026,12:20:39,104.2,SGX,XOF8016,XOF8016,IUK26
9819,5,104.23,1111,DINR,S,26-May-2026,12:20:39,104.23,DGCX,S-XOF8019,S-XOF8019,DINR-20260527
9819,5,104.23,1111,DINR,S,26-May-2026,12:20:39,104.23,DGCX,S-XOF8019,S-XOF8019,DINR-20260527
9819,5,104.210,1111,IUK26,B,26-May-2026,12:20:39,104.2,SGX,XOF8019,XOF8019,IUK26
9819,5,104.210,1111,IUK26,B,26-May-2026,12:20:39,104.2,SGX,XOF8019,XOF8019,IUK26
9819,5,104.23,1111,DINR,S,26-May-2026,12:20:39,104.23,DGCX,S-XOF8019,S-XOF8019,DINR-20260527
9818,5,104.23,1111,DINR,S,26-May-2026,12:20:39,104.23,DGCX,S-XOF8018,S-XOF8018,DINR-20260527
9818,5,104.23,1111,DINR,S,26-May-2026,12:20:39,104.23,DGCX,S-XOF8018,S-XOF8018,DINR-20260527
9819,5,104.210,1111,IUK26,B,26-May-2026,12:20:39,104.2,SGX,XOF8019,XOF8019,IUK26
9818,1,104.23,1111,DINR,S,26-May-2026,12:20:39,104.23,DGCX,S-XOF8018,S-XOF8018,DINR-20260527
9818,5,104.210,1111,IUK26,B,26-May-2026,12:20:39,104.2,SGX,XOF8018,XOF8018,IUK26
9818,5,104.210,1111,IUK26,B,26-May-2026,12:20:39,104.2,SGX,XOF8018,XOF8018,IUK26
9818,3,104.23,1111,DINR,S,26-May-2026,12:20:39,104.23,DGCX,S-XOF8018,S-XOF8018,DINR-20260527
9818,1,104.210,1111,IUK26,B,26-May-2026,12:20:39,104.2,SGX,XOF8018,XOF8018,IUK26
9818,3,104.210,1111,IUK26,B,26-May-2026,12:20:39,104.2,SGX,XOF8018,XOF8018,IUK26
9816,2,104.210,1111,IUK26,S,26-May-2026,12:20:40,104.2,SGX,XOF8016,XOF8016,IUK26
9816,3,104.200,1111,IUK26,B,26-May-2026,12:20:40,104.2,SGX,XOF8016,XOF8016,IUK26
9816,1,104.210,1111,IUK26,S,26-May-2026,12:20:41,104.2,SGX,XOF8016,XOF8016,IUK26
9816,3,104.200,1111,IUK26,B,26-May-2026,12:20:42,104.2,SGX,XOF8016,XOF8016,IUK26
9816,2,104.200,1111,IUK26,B,26-May-2026,12:20:42,104.2,SGX,XOF8016,XOF8016,IUK26
9812,3,104.200,1111,IUK26,B,26-May-2026,12:20:56,104.2,SGX,XOF8012,XOF8012,IUK26
9812,3,104.20,1111,DINR,S,26-May-2026,12:20:56,104.2,DGCX,S-XOF8012,S-XOF8012,DINR-20260527
9812,2,104.200,1111,IUK26,B,26-May-2026,12:20:57,104.2,SGX,XOF8012,XOF8012,IUK26
9812,5,104.200,1111,IUK26,B,26-May-2026,12:20:57,104.2,SGX,XOF8012,XOF8012,IUK26
9812,2,104.20,1111,DINR,S,26-May-2026,12:20:57,104.2,DGCX,S-XOF8012,S-XOF8012,DINR-20260527
9812,5,104.20,1111,DINR,S,26-May-2026,12:20:57,104.2,DGCX,S-XOF8012,S-XOF8012,DINR-20260527
9816,10,104.210,1111,IUK26,S,26-May-2026,12:20:58,104.2,SGX,XOF8016,XOF8016,IUK26
9812,3,104.200,1111,IUK26,B,26-May-2026,12:20:58,104.2,SGX,XOF8012,XOF8012,IUK26
9812,2,104.200,1111,IUK26,B,26-May-2026,12:20:58,104.2,SGX,XOF8012,XOF8012,IUK26
9812,3,104.20,1111,DINR,S,26-May-2026,12:20:58,104.2,DGCX,S-XOF8012,S-XOF8012,DINR-20260527
9812,2,104.20,1111,DINR,S,26-May-2026,12:20:58,104.2,DGCX,S-XOF8012,S-XOF8012,DINR-20260527
9812,1,104.200,1111,IUK26,B,26-May-2026,12:20:58,104.2,SGX,XOF8012,XOF8012,IUK26
9812,4,104.200,1111,IUK26,B,26-May-2026,12:20:58,104.2,SGX,XOF8012,XOF8012,IUK26
9812,1,104.20,1111,DINR,S,26-May-2026,12:20:59,104.2,DGCX,S-XOF8012,S-XOF8012,DINR-20260527
9812,4,104.20,1111,DINR,S,26-May-2026,12:20:59,104.2,DGCX,S-XOF8012,S-XOF8012,DINR-20260527
9816,6,104.210,1111,IUK26,S,26-May-2026,12:21:03,104.2,SGX,XOF8016,XOF8016,IUK26
9816,2,104.210,1111,IUK26,S,26-May-2026,12:21:03,104.2,SGX,XOF8016,XOF8016,IUK26
9812,5,-0.360,1111,IUK26-IUM26,S,26-May-2026,12:21:21,-0.36,SGX,XOF8012,XOF8012,IUK26-IUM26
9812,5,104.210,1111,IUK26,B,26-May-2026,12:21:21,104.2,SGX,XOF8012,XOF8012,IUK26
9812,5,103.850,1111,IUM26,S,25-Jun-2026,12:21:21,103.85,SGX,XOF8012,XOF8012,IUM26
9812,5,-0.360,1111,IUK26-IUM26,S,26-May-2026,12:21:22,-0.36,SGX,XOF8012,XOF8012,IUK26-IUM26
9812,5,103.850,1111,IUM26,S,25-Jun-2026,12:21:22,103.85,SGX,XOF8012,XOF8012,IUM26
9812,5,104.210,1111,IUK26,B,26-May-2026,12:21:22,104.2,SGX,XOF8012,XOF8012,IUK26
9812,5,-0.360,1111,IUK26-IUM26,S,26-May-2026,12:21:22,-0.36,SGX,XOF8012,XOF8012,IUK26-IUM26
9812,5,103.850,1111,IUM26,S,25-Jun-2026,12:21:22,103.85,SGX,XOF8012,XOF8012,IUM26
9812,5,104.210,1111,IUK26,B,26-May-2026,12:21:22,104.2,SGX,XOF8012,XOF8012,IUK26
9812,5,-0.360,1111,IUK26-IUM26,S,26-May-2026,12:21:22,-0.36,SGX,XOF8012,XOF8012,IUK26-IUM26
9812,5,103.850,1111,IUM26,S,25-Jun-2026,12:21:22,103.85,SGX,XOF8012,XOF8012,IUM26
9812,5,104.210,1111,IUK26,B,26-May-2026,12:21:22,104.2,SGX,XOF8012,XOF8012,IUK26
9812,5,-0.360,1111,IUK26-IUM26,S,26-May-2026,12:21:22,-0.36,SGX,XOF8012,XOF8012,IUK26-IUM26
9812,5,103.850,1111,IUM26,S,25-Jun-2026,12:21:22,103.85,SGX,XOF8012,XOF8012,IUM26
9812,5,104.210,1111,IUK26,B,26-May-2026,12:21:22,104.2,SGX,XOF8012,XOF8012,IUK26
9812,5,-0.360,1111,IUK26-IUM26,S,26-May-2026,12:21:44,-0.36,SGX,XOF8012,XOF8012,IUK26-IUM26
9812,5,104.210,1111,IUK26,B,26-May-2026,12:21:44,104.2,SGX,XOF8012,XOF8012,IUK26
9812,5,103.850,1111,IUM26,S,25-Jun-2026,12:21:44,103.85,SGX,XOF8012,XOF8012,IUM26
9812,5,-0.360,1111,IUK26-IUM26,S,26-May-2026,12:21:44,-0.36,SGX,XOF8012,XOF8012,IUK26-IUM26
9812,5,104.210,1111,IUK26,B,26-May-2026,12:21:44,104.2,SGX,XOF8012,XOF8012,IUK26
9812,5,103.850,1111,IUM26,S,25-Jun-2026,12:21:44,103.85,SGX,XOF8012,XOF8012,IUM26
9812,5,-0.360,1111,IUK26-IUM26,S,26-May-2026,12:21:44,-0.36,SGX,XOF8012,XOF8012,IUK26-IUM26
9812,5,104.210,1111,IUK26,B,26-May-2026,12:21:44,104.2,SGX,XOF8012,XOF8012,IUK26
9812,5,103.850,1111,IUM26,S,25-Jun-2026,12:21:44,103.85,SGX,XOF8012,XOF8012,IUM26
9812,5,-0.360,1111,IUK26-IUM26,S,26-May-2026,12:21:44,-0.36,SGX,XOF8012,XOF8012,IUK26-IUM26
9812,5,104.210,1111,IUK26,B,26-May-2026,12:21:44,104.2,SGX,XOF8012,XOF8012,IUK26
9812,5,103.850,1111,IUM26,S,25-Jun-2026,12:21:44,103.85,SGX,XOF8012,XOF8012,IUM26
9812,5,-0.360,1111,IUK26-IUM26,S,26-May-2026,12:21:45,-0.36,SGX,XOF8012,XOF8012,IUK26-IUM26
9812,5,104.210,1111,IUK26,B,26-May-2026,12:21:45,104.2,SGX,XOF8012,XOF8012,IUK26
9812,5,103.850,1111,IUM26,S,25-Jun-2026,12:21:45,103.85,SGX,XOF8012,XOF8012,IUM26
9812,5,-0.360,1111,IUK26-IUM26,S,26-May-2026,12:21:45,-0.36,SGX,XOF8012,XOF8012,IUK26-IUM26
9812,5,104.210,1111,IUK26,B,26-May-2026,12:21:45,104.2,SGX,XOF8012,XOF8012,IUK26
9812,5,103.850,1111,IUM26,S,25-Jun-2026,12:21:45,103.85,SGX,XOF8012,XOF8012,IUM26
9812,5,-0.360,1111,IUK26-IUM26,S,26-May-2026,12:21:45,-0.36,SGX,XOF8012,XOF8012,IUK26-IUM26
9812,5,104.210,1111,IUK26,B,26-May-2026,12:21:45,104.2,SGX,XOF8012,XOF8012,IUK26
9812,5,103.850,1111,IUM26,S,25-Jun-2026,12:21:45,103.85,SGX,XOF8012,XOF8012,IUM26
9812,2,104.190,1111,IUK26,B,26-May-2026,12:22:31,104.19,SGX,XOF8012,XOF8012,IUK26
9812,2,104.190,1111,IUK26,B,26-May-2026,12:22:31,104.19,SGX,XOF8012,XOF8012,IUK26
9812,2,104.20,1111,DINR,S,26-May-2026,12:22:31,104.19,DGCX,S-XOF8012,S-XOF8012,DINR-20260527
9812,2,104.19,1111,DINR,S,26-May-2026,12:22:31,104.19,DGCX,S-XOF8012,S-XOF8012,DINR-20260527
9816,11,104.190,1111,IUK26,B,26-May-2026,12:24:02,104.19,SGX,XOF8016,XOF8016,IUK26
9816,17,103.840,1111,IUM26,S,25-Jun-2026,12:24:02,103.84,SGX,XOF8016,XOF8016,IUM26
9816,13,103.840,1111,IUM26,S,25-Jun-2026,12:24:02,103.84,SGX,XOF8016,XOF8016,IUM26
9816,3,104.190,1111,IUK26,B,26-May-2026,12:24:02,104.19,SGX,XOF8016,XOF8016,IUK26
9816,3,104.190,1111,IUK26,B,26-May-2026,12:24:04,104.19,SGX,XOF8016,XOF8016,IUK26
9816,3,104.190,1111,IUK26,B,26-May-2026,12:24:06,104.19,SGX,XOF8016,XOF8016,IUK26
9816,3,104.190,1111,IUK26,B,26-May-2026,12:24:06,104.19,SGX,XOF8016,XOF8016,IUK26
9816,3,104.190,1111,IUK26,B,26-May-2026,12:24:08,104.19,SGX,XOF8016,XOF8016,IUK26
9816,3,104.190,1111,IUK26,B,26-May-2026,12:24:08,104.19,SGX,XOF8016,XOF8016,IUK26
9816,1,104.190,1111,IUK26,B,26-May-2026,12:24:09,104.19,SGX,XOF8016,XOF8016,IUK26
9812,2,104.180,1111,IUK26,B,26-May-2026,12:24:18,104.18,SGX,XOF8012,XOF8012,IUK26
9812,2,104.180,1111,IUK26,B,26-May-2026,12:24:18,104.18,SGX,XOF8012,XOF8012,IUK26
9812,2,104.19,1111,DINR,S,26-May-2026,12:24:18,104.19,DGCX,S-XOF8012,S-XOF8012,DINR-20260527
9812,1,104.180,1111,IUK26,B,26-May-2026,12:24:18,104.18,SGX,XOF8012,XOF8012,IUK26
9812,2,104.19,1111,DINR,S,26-May-2026,12:24:18,104.19,DGCX,S-XOF8012,S-XOF8012,DINR-20260527
9812,1,104.19,1111,DINR,S,26-May-2026,12:24:18,104.19,DGCX,S-XOF8012,S-XOF8012,DINR-20260527
9816,2,104.180,1111,IUK26,B,26-May-2026,12:24:38,104.18,SGX,XOF8016,XOF8016,IUK26
9816,3,104.180,1111,IUK26,B,26-May-2026,12:24:40,104.18,SGX,XOF8016,XOF8016,IUK26
9816,3,104.180,1111,IUK26,B,26-May-2026,12:24:42,104.18,SGX,XOF8016,XOF8016,IUK26
9816,3,104.180,1111,IUK26,B,26-May-2026,12:24:42,104.18,SGX,XOF8016,XOF8016,IUK26
9816,3,104.180,1111,IUK26,B,26-May-2026,12:24:45,104.18,SGX,XOF8016,XOF8016,IUK26
9816,3,104.180,1111,IUK26,B,26-May-2026,12:24:45,104.18,SGX,XOF8016,XOF8016,IUK26
9816,3,104.180,1111,IUK26,B,26-May-2026,12:24:45,104.18,SGX,XOF8016,XOF8016,IUK26
9816,3,104.180,1111,IUK26,B,26-May-2026,12:24:46,104.18,SGX,XOF8016,XOF8016,IUK26
9816,3,104.180,1111,IUK26,B,26-May-2026,12:24:48,104.18,SGX,XOF8016,XOF8016,IUK26
9816,3,104.180,1111,IUK26,B,26-May-2026,12:24:48,104.18,SGX,XOF8016,XOF8016,IUK26
9816,1,104.180,1111,IUK26,B,26-May-2026,12:24:49,104.18,SGX,XOF8016,XOF8016,IUK26
9816,30,104.180,1111,IUK26,S,26-May-2026,12:24:56,104.18,SGX,XOF8016,XOF8016,IUK26
9816,3,104.180,1111,IUK26,B,26-May-2026,12:26:39,104.17,SGX,XOF8016,XOF8016,IUK26
9816,3,104.180,1111,IUK26,B,26-May-2026,12:26:41,104.18,SGX,XOF8016,XOF8016,IUK26
9816,3,104.180,1111,IUK26,B,26-May-2026,12:26:42,104.17,SGX,XOF8016,XOF8016,IUK26
9816,21,104.180,1111,IUK26,B,26-May-2026,12:26:42,104.17,SGX,XOF8016,XOF8016,IUK26
9812,3,104.170,1111,IUK26,B,26-May-2026,12:27:32,104.17,SGX,XOF8012,XOF8012,IUK26
9812,2,104.170,1111,IUK26,B,26-May-2026,12:27:32,104.17,SGX,XOF8012,XOF8012,IUK26
9812,3,104.18,1111,DINR,S,26-May-2026,12:27:32,104.18,DGCX,S-XOF8012,S-XOF8012,DINR-20260527
9812,2,104.18,1111,DINR,S,26-May-2026,12:27:32,104.18,DGCX,S-XOF8012,S-XOF8012,DINR-20260527
9816,15,104.180,1111,IUK26,S,26-May-2026,12:27:39,104.17,SGX,XOF8016,XOF8016,IUK26
9816,15,104.180,1111,IUK26,S,26-May-2026,12:27:39,104.17,SGX,XOF8016,XOF8016,IUK26
9812,3,104.170,1111,IUK26,B,26-May-2026,12:27:45,104.17,SGX,XOF8012,XOF8012,IUK26
9812,2,104.170,1111,IUK26,B,26-May-2026,12:27:45,104.17,SGX,XOF8012,XOF8012,IUK26
9812,3,104.18,1111,DINR,S,26-May-2026,12:27:45,104.18,DGCX,S-XOF8012,S-XOF8012,DINR-20260527
9812,2,104.18,1111,DINR,S,26-May-2026,12:27:45,104.18,DGCX,S-XOF8012,S-XOF8012,DINR-20260527
9812,1,104.170,1111,IUK26,B,26-May-2026,12:27:50,104.17,SGX,XOF8012,XOF8012,IUK26
9812,1,104.170,1111,IUK26,B,26-May-2026,12:27:50,104.17,SGX,XOF8012,XOF8012,IUK26
9812,1,104.18,1111,DINR,S,26-May-2026,12:27:49,104.18,DGCX,S-XOF8012,S-XOF8012,DINR-20260527
9812,1,104.170,1111,IUK26,B,26-May-2026,12:27:50,104.17,SGX,XOF8012,XOF8012,IUK26
9812,1,104.18,1111,DINR,S,26-May-2026,12:27:49,104.18,DGCX,S-XOF8012,S-XOF8012,DINR-20260527
9812,1,104.170,1111,IUK26,B,26-May-2026,12:27:50,104.17,SGX,XOF8012,XOF8012,IUK26
9812,1,104.18,1111,DINR,S,26-May-2026,12:27:49,104.18,DGCX,S-XOF8012,S-XOF8012,DINR-20260527
9812,1,104.170,1111,IUK26,B,26-May-2026,12:27:50,104.17,SGX,XOF8012,XOF8012,IUK26
9812,1,104.18,1111,DINR,S,26-May-2026,12:27:49,104.18,DGCX,S-XOF8012,S-XOF8012,DINR-20260527
9812,1,104.18,1111,DINR,S,26-May-2026,12:27:50,104.18,DGCX,S-XOF8012,S-XOF8012,DINR-20260527
9812,3,104.170,1111,IUK26,B,26-May-2026,12:27:54,104.17,SGX,XOF8012,XOF8012,IUK26
9812,2,104.170,1111,IUK26,B,26-May-2026,12:27:54,104.17,SGX,XOF8012,XOF8012,IUK26
9812,3,104.18,1111,DINR,S,26-May-2026,12:27:54,104.18,DGCX,S-XOF8012,S-XOF8012,DINR-20260527
9812,2,104.18,1111,DINR,S,26-May-2026,12:27:54,104.18,DGCX,S-XOF8012,S-XOF8012,DINR-20260527
9812,3,104.170,1111,IUK26,B,26-May-2026,12:28:05,104.17,SGX,XOF8012,XOF8012,IUK26
9812,2,104.170,1111,IUK26,B,26-May-2026,12:28:05,104.17,SGX,XOF8012,XOF8012,IUK26
9812,3,104.18,1111,DINR,S,26-May-2026,12:28:04,104.18,DGCX,S-XOF8012,S-XOF8012,DINR-20260527
9812,2,104.18,1111,DINR,S,26-May-2026,12:28:05,104.18,DGCX,S-XOF8012,S-XOF8012,DINR-20260527
9812,3,104.170,1111,IUK26,B,26-May-2026,12:28:11,104.17,SGX,XOF8012,XOF8012,IUK26
9812,2,104.170,1111,IUK26,B,26-May-2026,12:28:11,104.17,SGX,XOF8012,XOF8012,IUK26
9812,3,104.18,1111,DINR,S,26-May-2026,12:28:11,104.18,DGCX,S-XOF8012,S-XOF8012,DINR-20260527
9812,2,104.18,1111,DINR,S,26-May-2026,12:28:11,104.18,DGCX,S-XOF8012,S-XOF8012,DINR-20260527
9816,10,103.810,1111,IUM26,S,25-Jun-2026,12:28:32,103.81,SGX,XOF8016,XOF8016,IUM26
9816,18,103.810,1111,IUM26,S,25-Jun-2026,12:28:32,103.81,SGX,XOF8016,XOF8016,IUM26
9816,2,103.810,1111,IUM26,S,25-Jun-2026,12:28:32,103.81,SGX,XOF8016,XOF8016,IUM26
9816,1,103.830,1111,IUM26,S,25-Jun-2026,12:30:26,103.83,SGX,XOF8016,XOF8016,IUM26
9816,1,103.830,1111,IUM26,S,25-Jun-2026,12:30:31,103.83,SGX,XOF8016,XOF8016,IUM26
9816,12,103.830,1111,IUM26,S,25-Jun-2026,12:30:42,103.83,SGX,XOF8016,XOF8016,IUM26
9816,4,103.830,1111,IUM26,S,25-Jun-2026,12:30:42,103.83,SGX,XOF8016,XOF8016,IUM26
9816,9,104.180,1111,IUK26,B,26-May-2026,12:30:57,104.18,SGX,XOF8016,XOF8016,IUK26
9816,10,104.180,1111,IUK26,B,26-May-2026,12:30:57,104.18,SGX,XOF8016,XOF8016,IUK26
9816,10,104.180,1111,IUK26,B,26-May-2026,12:30:57,104.18,SGX,XOF8016,XOF8016,IUK26
9816,1,104.180,1111,IUK26,B,26-May-2026,12:30:57,104.18,SGX,XOF8016,XOF8016,IUK26
9816,12,103.830,1111,IUM26,S,25-Jun-2026,12:31:09,103.83,SGX,XOF8016,XOF8016,IUM26
9812,5,104.190,1111,IUK26,S,26-May-2026,12:31:09,104.19,SGX,XOF8012,XOF8012,IUK26
9812,5,104.19,1111,DINR,B,26-May-2026,12:31:09,104.19,DGCX,S-XOF8012,S-XOF8012,DINR-20260527
9812,1,104.190,1111,IUK26,S,26-May-2026,12:31:09,104.19,SGX,XOF8012,XOF8012,IUK26
9812,1,104.19,1111,DINR,B,26-May-2026,12:31:09,104.19,DGCX,S-XOF8012,S-XOF8012,DINR-20260527
9812,1,104.190,1111,IUK26,S,26-May-2026,12:31:09,104.19,SGX,XOF8012,XOF8012,IUK26
9812,1,104.19,1111,DINR,B,26-May-2026,12:31:09,104.19,DGCX,S-XOF8012,S-XOF8012,DINR-20260527
9812,3,104.190,1111,IUK26,S,26-May-2026,12:31:14,104.19,SGX,XOF8012,XOF8012,IUK26
9812,5,104.190,1111,IUK26,S,26-May-2026,12:31:14,104.19,SGX,XOF8012,XOF8012,IUK26
9812,1,104.19,1111,DINR,B,26-May-2026,12:31:14,104.19,DGCX,S-XOF8012,S-XOF8012,DINR-20260527
9812,1,104.19,1111,DINR,B,26-May-2026,12:31:14,104.19,DGCX,S-XOF8012,S-XOF8012,DINR-20260527
9812,1,104.19,1111,DINR,B,26-May-2026,12:31:14,104.19,DGCX,S-XOF8012,S-XOF8012,DINR-20260527
9812,5,104.19,1111,DINR,B,26-May-2026,12:31:14,104.19,DGCX,S-XOF8012,S-XOF8012,DINR-20260527
9812,5,104.190,1111,IUK26,S,26-May-2026,12:31:20,104.19,SGX,XOF8012,XOF8012,IUK26
9812,5,104.19,1111,DINR,B,26-May-2026,12:31:20,104.19,DGCX,S-XOF8012,S-XOF8012,DINR-20260527
9816,2,104.180,1111,IUK26,B,26-May-2026,12:31:57,104.18,SGX,XOF8016,XOF8016,IUK26
9812,5,104.190,1111,IUK26,S,26-May-2026,12:32:00,104.19,SGX,XOF8012,XOF8012,IUK26
9812,1,104.19,1111,DINR,B,26-May-2026,12:32:00,104.19,DGCX,S-XOF8012,S-XOF8012,DINR-20260527
9812,4,104.19,1111,DINR,B,26-May-2026,12:32:00,104.19,DGCX,S-XOF8012,S-XOF8012,DINR-20260527
9812,5,104.190,1111,IUK26,S,26-May-2026,12:32:00,104.19,SGX,XOF8012,XOF8012,IUK26
9812,5,104.19,1111,DINR,B,26-May-2026,12:32:00,104.19,DGCX,S-XOF8012,S-XOF8012,DINR-20260527
9816,3,104.180,1111,IUK26,B,26-May-2026,12:32:40,104.18,SGX,XOF8016,XOF8016,IUK26
9816,3,104.180,1111,IUK26,B,26-May-2026,12:32:49,104.18,SGX,XOF8016,XOF8016,IUK26
9816,22,104.180,1111,IUK26,B,26-May-2026,12:33:15,104.18,SGX,XOF8016,XOF8016,IUK26
9812,60,-0.360,1111,IUK26-IUM26,B,26-May-2026,12:33:39,-0.36,SGX,XOF8012,XOF8012,IUK26-IUM26
9812,60,104.180,1111,IUK26,S,26-May-2026,12:33:39,104.18,SGX,XOF8012,XOF8012,IUK26
9812,60,103.820,1111,IUM26,B,25-Jun-2026,12:33:39,103.83,SGX,XOF8012,XOF8012,IUM26
9816,200,-0.360,1111,IUK26-IUM26,B,26-May-2026,12:33:39,-0.36,SGX,XOF8016,XOF8016,IUK26-IUM26
9816,200,104.180,1111,IUK26,S,26-May-2026,12:33:39,104.18,SGX,XOF8016,XOF8016,IUK26
9816,200,103.820,1111,IUM26,B,25-Jun-2026,12:33:39,103.83,SGX,XOF8016,XOF8016,IUM26
9816,200,-0.360,1111,IUK26-IUM26,B,26-May-2026,12:33:39,-0.36,SGX,XOF8016,XOF8016,IUK26-IUM26
9816,200,104.180,1111,IUK26,S,26-May-2026,12:33:39,104.18,SGX,XOF8016,XOF8016,IUK26
9816,200,103.820,1111,IUM26,B,25-Jun-2026,12:33:39,103.83,SGX,XOF8016,XOF8016,IUM26
9816,20,-0.360,1111,IUK26-IUM26,S,26-May-2026,12:33:44,-0.36,SGX,XOF8016,XOF8016,IUK26-IUM26
9816,20,104.180,1111,IUK26,B,26-May-2026,12:33:44,104.18,SGX,XOF8016,XOF8016,IUK26
9816,20,103.820,1111,IUM26,S,25-Jun-2026,12:33:44,103.83,SGX,XOF8016,XOF8016,IUM26
9816,32,-0.360,1111,IUK26-IUM26,S,26-May-2026,12:33:44,-0.36,SGX,XOF8016,XOF8016,IUK26-IUM26
9816,32,104.180,1111,IUK26,B,26-May-2026,12:33:44,104.18,SGX,XOF8016,XOF8016,IUK26
9816,32,103.820,1111,IUM26,S,25-Jun-2026,12:33:44,103.83,SGX,XOF8016,XOF8016,IUM26
9816,21,103.810,1111,IUM26,S,25-Jun-2026,12:34:31,103.81,SGX,XOF8016,XOF8016,IUM26
9816,9,103.810,1111,IUM26,S,25-Jun-2026,12:34:31,103.81,SGX,XOF8016,XOF8016,IUM26
9812,1,104.190,1111,IUK26,S,26-May-2026,12:35:21,104.19,SGX,XOF8012,XOF8012,IUK26
9812,1,104.19,1111,DINR,B,26-May-2026,12:35:21,104.19,DGCX,S-XOF8012,S-XOF8012,DINR-20260527
9812,1,104.190,1111,IUK26,S,26-May-2026,12:35:30,104.19,SGX,XOF8012,XOF8012,IUK26
9812,1,104.19,1111,DINR,B,26-May-2026,12:35:30,104.19,DGCX,S-XOF8012,S-XOF8012,DINR-20260527
9812,2,104.190,1111,IUK26,S,26-May-2026,12:35:34,104.19,SGX,XOF8012,XOF8012,IUK26
9812,2,104.19,1111,DINR,B,26-May-2026,12:35:34,104.19,DGCX,S-XOF8012,S-XOF8012,DINR-20260527
9812,1,104.190,1111,IUK26,S,26-May-2026,12:35:38,104.19,SGX,XOF8012,XOF8012,IUK26
9812,1,104.19,1111,DINR,B,26-May-2026,12:35:38,104.2,DGCX,S-XOF8012,S-XOF8012,DINR-20260527
9812,5,104.190,1111,IUK26,S,26-May-2026,12:35:39,104.19,SGX,XOF8012,XOF8012,IUK26
9812,4,104.19,1111,DINR,B,26-May-2026,12:35:39,104.2,DGCX,S-XOF8012,S-XOF8012,DINR-20260527
9812,1,104.20,1111,DINR,B,26-May-2026,12:35:39,104.2,DGCX,S-XOF8012,S-XOF8012,DINR-20260527
9812,5,104.190,1111,IUK26,S,26-May-2026,12:35:39,104.19,SGX,XOF8012,XOF8012,IUK26
9812,5,104.20,1111,DINR,B,26-May-2026,12:35:49,104.2,DGCX,S-XOF8012,S-XOF8012,DINR-20260527
9812,5,104.200,1111,IUK26,S,26-May-2026,12:37:06,104.2,SGX,XOF8012,XOF8012,IUK26
9812,5,104.21,1111,DINR,B,26-May-2026,12:37:06,104.21,DGCX,S-XOF8012,S-XOF8012,DINR-20260527
9816,5,104.190,1111,IUK26,B,26-May-2026,12:37:06,104.2,SGX,XOF8016,XOF8016,IUK26
9816,13,104.200,1111,IUK26,B,26-May-2026,12:38:47,104.2,SGX,XOF8016,XOF8016,IUK26
9816,12,104.200,1111,IUK26,B,26-May-2026,12:38:47,104.2,SGX,XOF8016,XOF8016,IUK26
9816,14,104.190,1111,IUK26,B,26-May-2026,12:39:07,104.19,SGX,XOF8016,XOF8016,IUK26
9816,11,104.190,1111,IUK26,B,26-May-2026,12:39:07,104.19,SGX,XOF8016,XOF8016,IUK26
9816,30,104.180,1111,IUK26,B,26-May-2026,12:39:58,104.18,SGX,XOF8016,XOF8016,IUK26
9816,5,-0.360,1111,IUK26-IUM26,S,26-May-2026,12:40:08,-0.36,SGX,XOF8016,XOF8016,IUK26-IUM26
9816,5,104.180,1111,IUK26,B,26-May-2026,12:40:08,104.18,SGX,XOF8016,XOF8016,IUK26
9816,5,103.820,1111,IUM26,S,25-Jun-2026,12:40:08,103.82,SGX,XOF8016,XOF8016,IUM26
9816,4,104.190,1111,IUK26,S,26-May-2026,12:41:48,104.19,SGX,XOF8016,XOF8016,IUK26
9816,2,104.190,1111,IUK26,S,26-May-2026,12:41:50,104.19,SGX,XOF8016,XOF8016,IUK26
9816,2,104.190,1111,IUK26,S,26-May-2026,12:42:00,104.19,SGX,XOF8016,XOF8016,IUK26
9816,4,104.190,1111,IUK26,S,26-May-2026,12:42:10,104.19,SGX,XOF8016,XOF8016,IUK26
9816,18,104.190,1111,IUK26,S,26-May-2026,12:42:16,104.19,SGX,XOF8016,XOF8016,IUK26
9816,1,104.190,1111,IUK26,S,26-May-2026,12:43:39,104.19,SGX,XOF8016,XOF8016,IUK26
9816,1,104.190,1111,IUK26,S,26-May-2026,12:43:40,104.19,SGX,XOF8016,XOF8016,IUK26
9816,1,104.190,1111,IUK26,S,26-May-2026,12:43:45,104.19,SGX,XOF8016,XOF8016,IUK26
9816,5,104.190,1111,IUK26,S,26-May-2026,12:44:21,104.19,SGX,XOF8016,XOF8016,IUK26
9816,1,104.190,1111,IUK26,S,26-May-2026,12:44:22,104.18,SGX,XOF8016,XOF8016,IUK26
9816,9,-0.360,1111,IUK26-IUM26,S,26-May-2026,12:44:24,-0.36,SGX,XOF8016,XOF8016,IUK26-IUM26
9816,9,104.180,1111,IUK26,B,26-May-2026,12:44:24,104.18,SGX,XOF8016,XOF8016,IUK26
9816,9,103.820,1111,IUM26,S,25-Jun-2026,12:44:24,103.83,SGX,XOF8016,XOF8016,IUM26
9816,3,-0.360,1111,IUK26-IUM26,S,26-May-2026,12:44:24,-0.36,SGX,XOF8016,XOF8016,IUK26-IUM26
9816,3,104.180,1111,IUK26,B,26-May-2026,12:44:24,104.18,SGX,XOF8016,XOF8016,IUK26
9816,3,103.820,1111,IUM26,S,25-Jun-2026,12:44:24,103.83,SGX,XOF8016,XOF8016,IUM26
9816,1,104.190,1111,IUK26,S,26-May-2026,12:44:29,104.2,SGX,XOF8016,XOF8016,IUK26
9816,15,104.190,1111,IUK26,S,26-May-2026,12:44:29,104.2,SGX,XOF8016,XOF8016,IUK26
9816,11,104.210,1111,IUK26,B,26-May-2026,12:45:51,104.21,SGX,XOF8016,XOF8016,IUK26
9816,200,-0.360,1111,IUK26-IUM26,S,26-May-2026,12:45:55,-0.36,SGX,XOF8016,XOF8016,IUK26-IUM26
9816,200,104.210,1111,IUK26,B,26-May-2026,12:45:55,104.21,SGX,XOF8016,XOF8016,IUK26
9816,200,103.850,1111,IUM26,S,25-Jun-2026,12:45:55,103.85,SGX,XOF8016,XOF8016,IUM26
9813,100,-0.360,1111,IUK26-IUM26,S,26-May-2026,12:45:55,-0.36,SGX,XOF8013,XOF8013,IUK26-IUM26
9813,100,104.210,1111,IUK26,B,26-May-2026,12:45:55,104.21,SGX,XOF8013,XOF8013,IUK26
9813,100,103.850,1111,IUM26,S,25-Jun-2026,12:45:55,103.85,SGX,XOF8013,XOF8013,IUM26
9816,2,104.210,1111,IUK26,S,26-May-2026,12:47:02,104.21,SGX,XOF8016,XOF8016,IUK26
9816,9,104.210,1111,IUK26,S,26-May-2026,12:47:02,104.21,SGX,XOF8016,XOF8016,IUK26
