Report_Date,Client_No,Com_Type,Exch_Cd,Com_cd,Contract_Month,Strike_Price,Call_Put,Val_Date,Trade_Date,Buy_Sell,Traded_Qty,Traded_Price,Traded_Premium,Unrealised_pl_value,Nett_Option_Value,Cumulative_Swap,Settlement_Price,Settle_Curr_Cd,Org_Val_Date,User_Id,Tick_Value,CQ_Ord_No,Swap_Pt
20260514,XOF8001,F,COMEX,MGC,Jun 26 ,,,,20260514.0,B,1,4677.0,,105.57,0.0,,4685.9929,USD,,SMCTFEX_IFSC,10.0,20260514F059186001,
20260514,XOF8001,F,COMEX,MGC,Jun 26 ,,,,20260514.0,B,1,4677.7,,81.15,0.0,,4685.3721,USD,,SMCTFEX_IFSC,10.0,20260514F059185001,
20260514,XOF8001,F,COMEX,MGC,Jun 26 ,,,,20260514.0,B,1,4681.1,,144.76,0.0,,4686.1079,USD,,SMCTFEX_IFSC,10.0,20260514F059184001,
20260514,XOF8001,F,COMEX,MGC,Jun 26 ,,,,20260514.0,B,1,4683.6,,-14.38,0.0,,4685.5819,USD,,SMCTFEX_IFSC,10.0,20260514F059191001,
20260514,XOF8001,F,COMEX,MGC,Jun 26 ,,,,20260514.0,B,1,4683.6,,-31.7,0.0,,4685.1944,USD,,SMCTFEX_IFSC,10.0,20260514F059194001,
20260514,XOF8001,F,COMEX,MGC,Jun 26 ,,,,20260514.0,B,1,4683.8,,150.52,0.0,,4685.4117,USD,,SMCTFEX_IFSC,10.0,20260514F059192001,
20260514,XOF8001,F,COMEX,MGC,Jun 26 ,,,,20260514.0,B,1,4683.8,,-26.04,0.0,,4684.6261,USD,,SMCTFEX_IFSC,10.0,20260514F059193001,
20260514,XOF8001,F,COMEX,MGC,Jun 26 ,,,,20260514.0,B,1,4684.0,,23.33,0.0,,4685.4463,USD,,SMCTFEX_IFSC,10.0,20260514F059196001,
20260514,XOF8001,F,COMEX,MGC,Jun 26 ,,,,20260514.0,B,1,4684.4,,58.49,0.0,,4686.4728,USD,,SMCTFEX_IFSC,10.0,20260514F059189001,
20260514,XOF8001,F,COMEX,MGC,Jun 26 ,,,,20260514.0,B,1,4684.4,,3.14,0.0,,4684.9677,USD,,SMCTFEX_IFSC,10.0,20260514F059190001,
20260514,XOF8001,F,COMEX,MGC,Jun 26 ,,,,20260514.0,B,1,4684.4,,-5.9,0.0,,4683.0567,USD,,SMCTFEX_IFSC,10.0,20260514F059195001,
20260514,XOF8001,F,COMEX,MGC,Jun 26 ,,,,20260514.0,B,1,4687.1,,-74.22,0.0,,4684.7052,USD,,SMCTFEX_IFSC,10.0,20260514F059188001,
20260514,XOF8001,F,COMEX,MGC,Jun 26 ,,,,20260514.0,B,1,4687.6,,-48.6,0.0,,4685.7392,USD,,SMCTFEX_IFSC,10.0,20260514F059183001,
20260514,XOF8001,F,COMEX,MGC,Jun 26 ,,,,20260514.0,B,1,4689.1,,-78.86,0.0,,4686.4623,USD,,SMCTFEX_IFSC,10.0,20260514F059182001,
20260514,XOF8001,F,COMEX,SIL,Jul 26 ,,,,20260514.0,B,1,87.28,,-1950.16,0.0,,85.3893,USD,,SMCTFEX_IFSC,1000.0,20260514F059204001,
20260514,XOF8001,F,COMEX,SIL,Jul 26 ,,,,20260514.0,B,1,87.3,,-1892.99,0.0,,84.0009,USD,,SMCTFEX_IFSC,1000.0,20260514F059202001,
20260514,XOF8001,F,COMEX,SIL,Jul 26 ,,,,20260514.0,B,1,87.38,,-2069.39,0.0,,85.1171,USD,,SMCTFEX_IFSC,1000.0,20260514F059203001,
20260514,XOF8001,F,TFEX,GO,Jun 26 ,,,,20260514.0,S,1,4705.1,,-8717.02,0.0,,4733.7727,THB,,SMCTFEX_IFSC,300.0,20260514F059306001,
20260514,XOF8001,F,TFEX,GO,Jun 26 ,,,,20260514.0,S,1,4705.6,,-8568.26,0.0,,4734.4006,THB,,SMCTFEX_IFSC,300.0,20260514F059305001,
20260514,XOF8001,F,TFEX,GO,Jun 26 ,,,,20260514.0,S,1,4706.3,,-8293.67,0.0,,4733.2984,THB,,SMCTFEX_IFSC,300.0,20260514F059304001,
20260514,XOF8001,F,TFEX,GO,Jun 26 ,,,,20260514.0,S,1,4709.7,,-7206.35,0.0,,4733.9643,THB,,SMCTFEX_IFSC,300.0,20260514F059303001,
20260514,XOF8001,F,TFEX,GO,Jun 26 ,,,,20260514.0,S,1,4711.9,,-6712.81,0.0,,4732.4553,THB,,SMCTFEX_IFSC,300.0,20260514F059311001,
20260514,XOF8001,F,TFEX,GO,Jun 26 ,,,,20260514.0,S,1,4711.9,,-6722.82,0.0,,4734.5144,THB,,SMCTFEX_IFSC,300.0,20260514F059314001,
20260514,XOF8001,F,TFEX,GO,Jun 26 ,,,,20260514.0,S,1,4712.1,,-6511.52,0.0,,4734.7361,THB,,SMCTFEX_IFSC,300.0,20260514F059312001,
20260514,XOF8001,F,TFEX,GO,Jun 26 ,,,,20260514.0,S,1,4712.1,,-6615.95,0.0,,4733.7864,THB,,SMCTFEX_IFSC,300.0,20260514F059313001,
20260514,XOF8001,F,TFEX,GO,Jun 26 ,,,,20260514.0,S,1,4712.2,,-6460.24,0.0,,4734.2602,THB,,SMCTFEX_IFSC,300.0,20260514F059317001,
20260514,XOF8001,F,TFEX,GO,Jun 26 ,,,,20260514.0,S,1,4712.3,,-6452.0,0.0,,4734.3302,THB,,SMCTFEX_IFSC,300.0,20260514F059316001,
20260514,XOF8001,F,TFEX,GO,Jun 26 ,,,,20260514.0,S,1,4712.7,,-6398.16,0.0,,4733.2465,THB,,SMCTFEX_IFSC,300.0,20260514F059310001,
20260514,XOF8001,F,TFEX,GO,Jun 26 ,,,,20260514.0,S,1,4712.7,,-6402.98,0.0,,4734.3325,THB,,SMCTFEX_IFSC,300.0,20260514F059315001,
20260514,XOF8001,F,TFEX,GO,Jun 26 ,,,,20260514.0,S,1,4712.8,,-6307.83,0.0,,4733.7869,THB,,SMCTFEX_IFSC,300.0,20260514F059309001,
20260514,XOF8001,F,TFEX,GO,Jun 26 ,,,,20260514.0,S,1,4715.4,,-5685.84,0.0,,4734.2755,THB,,SMCTFEX_IFSC,300.0,20260514F059308001,
20260514,XOF8001,F,TFEX,GO,Jun 26 ,,,,20260514.0,S,1,4716.2,,-5276.83,0.0,,4734.8011,THB,,SMCTFEX_IFSC,300.0,20260514F059302001,
20260514,XOF8001,F,TFEX,GO,Jun 26 ,,,,20260514.0,S,1,4719.4,,-4389.84,0.0,,4734.5869,THB,,SMCTFEX_IFSC,300.0,20260514F059300001,
20260514,XOF8001,F,TFEX,SVF,Jun 26 ,,,,20260514.0,S,7,87.47,,-11773.57,0.0,,87.6889,THB,,SMCTFEX_IFSC,3000.0,20260514F059343001,
20260514,XOF8001,F,TFEX,SVF,Jun 26 ,,,,20260514.0,S,2,87.47,,-3468.56,0.0,,87.5086,THB,,SMCTFEX_IFSC,3000.0,20260514F059344001,
20260514,XOF8001,F,TFEX,SVF,Jun 26 ,,,,20260514.0,S,1,87.47,,-1712.77,0.0,,89.3496,THB,,SMCTFEX_IFSC,3000.0,20260514F059345001,
20260514,XOF8001,F,TFEX,SVF,Jun 26 ,,,,20260514.0,S,1,87.53,,-1505.32,0.0,,88.8898,THB,,SMCTFEX_IFSC,3000.0,20260514F059342001,
20260514,XOF8001,F,TFEX,SVF,Sep 26 ,,,,20260514.0,S,9,88.8,,-16826.16,0.0,,88.1547,THB,,SMCTFEX_IFSC,3000.0,20260514F059350001,
20260514,XOF8001,F,TFEX,SVF,Sep 26 ,,,,20260514.0,S,1,88.8,,-1843.1,0.0,,89.186,THB,,SMCTFEX_IFSC,3000.0,20260514F059351001,
20260514,XOF8001,F,TFEX,SVF,Sep 26 ,,,,20260514.0,S,1,88.9,,-1666.11,0.0,,88.9531,THB,,SMCTFEX_IFSC,3000.0,20260514F059348001,
20260514,XOF8001,F,TFEX,SVF,Sep 26 ,,,,20260514.0,S,9,88.91,,-13891.04,0.0,,90.4654,THB,,SMCTFEX_IFSC,3000.0,20260514F059347001,
20260514,XOF8001,F,TFEX,SVF,Sep 26 ,,,,20260514.0,S,1,88.92,,-1478.44,0.0,,90.1527,THB,,SMCTFEX_IFSC,3000.0,20260514F059346001,
20260514,XOF8001,F,TFEX,SVF,Sep 26 ,,,,20260514.0,S,1,88.94,,-1439.58,0.0,,88.7742,THB,,SMCTFEX_IFSC,3000.0,20260514F059349001,
20260514,XOF8002,F,COMEX,MGC,Jun 26 ,,,,20260514.0,B,1,4673.1,,127.55,0.0,,4684.285,USD,,SMCTFEX_IFSC,10.0,20260514F059793001,
20260514,XOF8002,F,COMEX,MGC,Jun 26 ,,,,20260514.0,B,1,4674.2,,9.26,0.0,,4686.0019,USD,,SMCTFEX_IFSC,10.0,20260514F059794001,
20260514,XOF8002,F,COMEX,MGC,Jun 26 ,,,,20260514.0,B,1,4674.4,,59.05,0.0,,4683.9601,USD,,SMCTFEX_IFSC,10.0,20260514F059792001,
20260514,XOF8002,F,COMEX,MGC,Jun 26 ,,,,20260514.0,B,1,4675.1,,129.95,0.0,,4686.374,USD,,SMCTFEX_IFSC,10.0,20260514F059790001,
20260514,XOF8002,F,COMEX,MGC,Jun 26 ,,,,20260514.0,B,1,4675.1,,243.9,0.0,,4686.7677,USD,,SMCTFEX_IFSC,10.0,20260514F059791001,
20260514,XOF8002,F,COMEX,MGC,Jun 26 ,,,,20260514.0,B,1,4675.3,,223.01,0.0,,4685.0608,USD,,SMCTFEX_IFSC,10.0,20260514F059789001,
20260514,XOF8002,F,COMEX,MGC,Jun 26 ,,,,20260514.0,B,1,4676.5,,123.11,0.0,,4685.1269,USD,,SMCTFEX_IFSC,10.0,20260514F059874001,
20260514,XOF8002,F,COMEX,MGC,Jun 26 ,,,,20260514.0,B,1,4677.0,,42.89,0.0,,4685.0814,USD,,SMCTFEX_IFSC,10.0,20260514F059856001,
20260514,XOF8002,F,COMEX,MGC,Jun 26 ,,,,20260514.0,B,1,4677.4,,63.79,0.0,,4684.8835,USD,,SMCTFEX_IFSC,10.0,20260514F059785001,
20260514,XOF8002,F,COMEX,MGC,Jun 26 ,,,,20260514.0,B,1,4677.5,,117.57,0.0,,4684.7784,USD,,SMCTFEX_IFSC,10.0,20260514F059786001,
20260514,XOF8002,F,COMEX,MGC,Jun 26 ,,,,20260514.0,B,1,4677.7,,78.89,0.0,,4684.6351,USD,,SMCTFEX_IFSC,10.0,20260514F059855001,
20260514,XOF8002,F,COMEX,MGC,Jun 26 ,,,,20260514.0,B,1,4677.9,,22.72,0.0,,4685.3816,USD,,SMCTFEX_IFSC,10.0,20260514F059784001,
20260514,XOF8002,F,COMEX,MGC,Jun 26 ,,,,20260514.0,B,1,4677.9,,139.59,0.0,,4685.472,USD,,SMCTFEX_IFSC,10.0,20260514F059787001,
20260514,XOF8002,F,COMEX,MGC,Jun 26 ,,,,20260514.0,B,1,4677.9,,87.07,0.0,,4684.8555,USD,,SMCTFEX_IFSC,10.0,20260514F059788001,
20260514,XOF8002,F,COMEX,MGC,Jun 26 ,,,,20260514.0,B,1,4677.9,,99.19,0.0,,4685.8158,USD,,SMCTFEX_IFSC,10.0,20260514F059796001,
20260514,XOF8002,F,COMEX,MGC,Jun 26 ,,,,20260514.0,B,1,4678.1,,110.85,0.0,,4685.6394,USD,,SMCTFEX_IFSC,10.0,20260514F059782001,
20260514,XOF8002,F,COMEX,MGC,Jun 26 ,,,,20260514.0,B,1,4678.2,,60.41,0.0,,4685.4728,USD,,SMCTFEX_IFSC,10.0,20260514F059783001,
20260514,XOF8002,F,COMEX,MGC,Jun 26 ,,,,20260514.0,B,1,4678.4,,-58.67,0.0,,4684.7844,USD,,SMCTFEX_IFSC,10.0,20260514F059778001,
20260514,XOF8002,F,COMEX,MGC,Jun 26 ,,,,20260514.0,B,1,4678.5,,-30.34,0.0,,4686.2551,USD,,SMCTFEX_IFSC,10.0,20260514F059781001,
20260514,XOF8002,F,COMEX,MGC,Jun 26 ,,,,20260514.0,B,1,4678.6,,10.47,0.0,,4685.2067,USD,,SMCTFEX_IFSC,10.0,20260514F059780001,
20260514,XOF8002,F,COMEX,MGC,Jun 26 ,,,,20260514.0,B,1,4678.9,,7.69,0.0,,4685.7116,USD,,SMCTFEX_IFSC,10.0,20260514F059779001,
20260514,XOF8002,F,COMEX,MGC,Jun 26 ,,,,20260514.0,B,1,4679.0,,98.81,0.0,,4685.9377,USD,,SMCTFEX_IFSC,10.0,20260514F059876001,
20260514,XOF8002,F,COMEX,MGC,Jun 26 ,,,,20260514.0,B,1,4679.7,,92.16,0.0,,4685.3015,USD,,SMCTFEX_IFSC,10.0,20260514F059864001,
20260514,XOF8002,F,COMEX,MGC,Jun 26 ,,,,20260514.0,B,1,4680.1,,77.41,0.0,,4683.5507,USD,,SMCTFEX_IFSC,10.0,20260514F059775001,
20260514,XOF8002,F,COMEX,MGC,Jun 26 ,,,,20260514.0,B,1,4680.1,,75.2,0.0,,4685.2767,USD,,SMCTFEX_IFSC,10.0,20260514F059776001,
20260514,XOF8002,F,COMEX,MGC,Jun 26 ,,,,20260514.0,B,1,4680.2,,9.34,0.0,,4686.6593,USD,,SMCTFEX_IFSC,10.0,20260514F059777001,
20260514,XOF8002,F,COMEX,MGC,Jun 26 ,,,,20260514.0,B,1,4680.6,,-89.6,0.0,,4685.4706,USD,,SMCTFEX_IFSC,10.0,20260514F059857001,
20260514,XOF8002,F,COMEX,MGC,Jun 26 ,,,,20260514.0,B,1,4680.7,,4.78,0.0,,4685.1776,USD,,SMCTFEX_IFSC,10.0,20260514F059773001,
20260514,XOF8002,F,COMEX,MGC,Jun 26 ,,,,20260514.0,B,1,4681.0,,123.39,0.0,,4685.3486,USD,,SMCTFEX_IFSC,10.0,20260514F059774001,
20260514,XOF8002,F,COMEX,MGC,Jun 26 ,,,,20260514.0,B,1,4681.1,,32.13,0.0,,4685.4829,USD,,SMCTFEX_IFSC,10.0,20260514F059853001,
20260514,XOF8002,F,COMEX,MGC,Jun 26 ,,,,20260514.0,B,1,4682.1,,-44.96,0.0,,4685.0933,USD,,SMCTFEX_IFSC,10.0,20260514F059769001,
20260514,XOF8002,F,COMEX,MGC,Jun 26 ,,,,20260514.0,B,1,4682.9,,-7.86,0.0,,4685.1227,USD,,SMCTFEX_IFSC,10.0,20260514F059772001,
20260514,XOF8002,F,COMEX,MGC,Jun 26 ,,,,20260514.0,B,1,4683.3,,-52.75,0.0,,4684.9474,USD,,SMCTFEX_IFSC,10.0,20260514F059837001,
20260514,XOF8002,F,COMEX,MGC,Jun 26 ,,,,20260514.0,B,1,4683.4,,23.4,0.0,,4685.8,USD,,SMCTFEX_IFSC,10.0,20260514F059770001,
20260514,XOF8002,F,COMEX,MGC,Jun 26 ,,,,20260514.0,B,1,4683.4,,-32.74,0.0,,4684.7004,USD,,SMCTFEX_IFSC,10.0,20260514F059771001,
20260514,XOF8002,F,COMEX,MGC,Jun 26 ,,,,20260514.0,B,1,4684.5,,140.24,0.0,,4685.9024,USD,,SMCTFEX_IFSC,10.0,20260514F059797001,
20260514,XOF8002,F,COMEX,MGC,Jun 26 ,,,,20260514.0,B,1,4684.7,,38.96,0.0,,4685.1279,USD,,SMCTFEX_IFSC,10.0,20260514F059811001,
20260514,XOF8002,F,COMEX,MGC,Jun 26 ,,,,20260514.0,B,1,4685.9,,1.58,0.0,,4685.8328,USD,,SMCTFEX_IFSC,10.0,20260514F059838001,
20260514,XOF8002,F,COMEX,MGC,Jun 26 ,,,,20260514.0,B,1,4686.5,,34.82,0.0,,4684.0763,USD,,SMCTFEX_IFSC,10.0,20260514F059808001,
20260514,XOF8002,F,COMEX,MGC,Jun 26 ,,,,20260514.0,B,1,4686.5,,-72.67,0.0,,4685.1885,USD,,SMCTFEX_IFSC,10.0,20260514F059809001,
20260514,XOF8002,F,COMEX,MGC,Jun 26 ,,,,20260514.0,B,1,4687.1,,31.72,0.0,,4684.8117,USD,,SMCTFEX_IFSC,10.0,20260514F059866001,
20260514,XOF8002,F,COMEX,MGC,Jun 26 ,,,,20260514.0,B,1,4687.5,,97.94,0.0,,4685.4843,USD,,SMCTFEX_IFSC,10.0,20260514F059806001,
20260514,XOF8002,F,COMEX,MGC,Jun 26 ,,,,20260514.0,B,1,4687.7,,-34.92,0.0,,4685.6269,USD,,SMCTFEX_IFSC,10.0,20260514F059840001,
20260514,XOF8002,F,COMEX,MGC,Jun 26 ,,,,20260514.0,B,1,4687.9,,-142.82,0.0,,4684.5768,USD,,SMCTFEX_IFSC,10.0,20260514F059807001,
20260514,XOF8002,F,COMEX,MGC,Jun 26 ,,,,20260514.0,B,1,4688.5,,14.95,0.0,,4685.1439,USD,,SMCTFEX_IFSC,10.0,20260514F059822001,
20260514,XOF8002,F,COMEX,MGC,Jun 26 ,,,,20260514.0,B,1,4688.9,,67.5,0.0,,4685.9873,USD,,SMCTFEX_IFSC,10.0,20260514F059841001,
20260514,XOF8002,F,COMEX,MGC,Jun 26 ,,,,20260514.0,B,1,4689.3,,-26.5,0.0,,4685.856,USD,,SMCTFEX_IFSC,10.0,20260514F059804001,
20260514,XOF8002,F,COMEX,MGC,Jun 26 ,,,,20260514.0,B,1,4689.8,,-13.16,0.0,,4685.9163,USD,,SMCTFEX_IFSC,10.0,20260514F059810001,
20260514,XOF8002,F,COMEX,MGC,Jun 26 ,,,,20260514.0,B,1,4690.2,,-75.33,0.0,,4685.2927,USD,,SMCTFEX_IFSC,10.0,20260514F059803001,
20260514,XOF8002,F,COMEX,MGC,Jun 26 ,,,,20260514.0,B,1,4690.8,,-5.37,0.0,,4684.7286,USD,,SMCTFEX_IFSC,10.0,20260514F059849001,
20260514,XOF8002,F,COMEX,MGC,Jun 26 ,,,,20260514.0,B,1,4692.3,,35.49,0.0,,4685.2989,USD,,SMCTFEX_IFSC,10.0,20260514F059829001,
20260514,XOF8002,F,COMEX,MGC,Jun 26 ,,,,20260514.0,B,1,4693.5,,-209.13,0.0,,4685.5519,USD,,SMCTFEX_IFSC,10.0,20260514F059827001,
20260514,XOF8002,F,COMEX,SIC,Jul 26 ,,,,20260514.0,B,1,84.56,,62.73,0.0,,85.2079,USD,,SMCTFEX_IFSC,100.0,20260514F059952001,
20260514,XOF8002,F,COMEX,SIC,Jul 26 ,,,,20260514.0,B,1,85.82,,-123.11,0.0,,84.7367,USD,,SMCTFEX_IFSC,100.0,20260514F059948001,
20260514,XOF8002,F,COMEX,SIC,Jul 26 ,,,,20260514.0,B,1,86.14,,-135.93,0.0,,85.1058,USD,,SMCTFEX_IFSC,100.0,20260514F059947001,
20260514,XOF8002,F,COMEX,SIC,Jul 26 ,,,,20260514.0,B,1,86.72,,-205.74,0.0,,84.8841,USD,,SMCTFEX_IFSC,100.0,20260514F059944001,
20260514,XOF8002,F,COMEX,SIC,Jul 26 ,,,,20260514.0,B,1,86.73,,-124.32,0.0,,85.3555,USD,,SMCTFEX_IFSC,100.0,20260514F059943001,
20260514,XOF8002,F,COMEX,SIC,Jul 26 ,,,,20260514.0,B,1,86.75,,-126.86,0.0,,86.322,USD,,SMCTFEX_IFSC,100.0,20260514F059942001,
20260514,XOF8002,F,COMEX,SIC,Jul 26 ,,,,20260514.0,B,1,86.81,,-217.81,0.0,,85.5323,USD,,SMCTFEX_IFSC,100.0,20260514F059941001,
20260514,XOF8002,F,COMEX,SIC,Jul 26 ,,,,20260514.0,B,1,86.87,,-152.15,0.0,,85.6424,USD,,SMCTFEX_IFSC,100.0,20260514F059945001,
20260514,XOF8002,F,COMEX,SIC,Jul 26 ,,,,20260514.0,B,1,86.99,,-226.09,0.0,,84.6667,USD,,SMCTFEX_IFSC,100.0,20260514F059940001,
20260514,XOF8002,F,COMEX,SIC,Jul 26 ,,,,20260514.0,B,1,87.01,,-134.65,0.0,,86.4398,USD,,SMCTFEX_IFSC,100.0,20260514F059939001,
20260514,XOF8002,F,COMEX,SIC,Jul 26 ,,,,20260514.0,B,1,87.06,,-74.89,0.0,,85.5678,USD,,SMCTFEX_IFSC,100.0,20260514F059938001,
20260514,XOF8002,F,COMEX,SIC,Jul 26 ,,,,20260514.0,B,1,87.07,,-197.17,0.0,,85.6251,USD,,SMCTFEX_IFSC,100.0,20260514F059932001,
20260514,XOF8002,F,COMEX,SIC,Jul 26 ,,,,20260514.0,B,1,87.1,,-139.62,0.0,,86.2412,USD,,SMCTFEX_IFSC,100.0,20260514F059931001,
20260514,XOF8002,F,COMEX,SIC,Jul 26 ,,,,20260514.0,B,1,87.11,,-198.17,0.0,,84.6293,USD,,SMCTFEX_IFSC,100.0,20260514F059930001,
20260514,XOF8002,F,COMEX,SIC,Jul 26 ,,,,20260514.0,B,1,87.12,,-118.99,0.0,,85.4756,USD,,SMCTFEX_IFSC,100.0,20260514F059925001,
20260514,XOF8002,F,COMEX,SIC,Jul 26 ,,,,20260514.0,B,1,87.13,,-163.17,0.0,,85.2524,USD,,SMCTFEX_IFSC,100.0,20260514F059926001,
20260514,XOF8002,F,COMEX,SIC,Jul 26 ,,,,20260514.0,B,1,87.15,,-194.81,0.0,,85.5789,USD,,SMCTFEX_IFSC,100.0,20260514F059928001,
20260514,XOF8002,F,COMEX,SIC,Jul 26 ,,,,20260514.0,B,1,87.15,,-153.35,0.0,,85.7627,USD,,SMCTFEX_IFSC,100.0,20260514F059929001,
20260514,XOF8002,F,COMEX,SIC,Jul 26 ,,,,20260514.0,B,1,87.17,,-225.6,0.0,,85.7552,USD,,SMCTFEX_IFSC,100.0,20260514F059937001,
20260514,XOF8002,F,COMEX,SIC,Jul 26 ,,,,20260514.0,B,1,87.19,,-302.09,0.0,,83.7852,USD,,SMCTFEX_IFSC,100.0,20260514F059927001,
20260514,XOF8002,F,COMEX,SIC,Jul 26 ,,,,20260514.0,B,1,87.2,,-138.48,0.0,,85.6868,USD,,SMCTFEX_IFSC,100.0,20260514F059936001,
20260514,XOF8002,F,COMEX,SIC,Jul 26 ,,,,20260514.0,B,1,87.21,,-183.43,0.0,,85.5525,USD,,SMCTFEX_IFSC,100.0,20260514F059935001,
20260514,XOF8002,F,COMEX,SIC,Jul 26 ,,,,20260514.0,B,1,87.22,,-109.39,0.0,,85.0489,USD,,SMCTFEX_IFSC,100.0,20260514F059924001,
20260514,XOF8002,F,COMEX,SIC,Jul 26 ,,,,20260514.0,B,1,87.25,,-151.18,0.0,,84.8655,USD,,SMCTFEX_IFSC,100.0,20260514F059933001,
20260514,XOF8002,F,COMEX,SIC,Jul 26 ,,,,20260514.0,B,1,87.25,,-196.44,0.0,,85.8191,USD,,SMCTFEX_IFSC,100.0,20260514F059934001,
20260514,XOF8002,F,COMEX,SIC,Jul 26 ,,,,20260514.0,B,1,87.33,,-71.18,0.0,,85.4111,USD,,SMCTFEX_IFSC,100.0,20260514F059923001,
20260514,XOF8002,F,COMEX,SIC,Jul 26 ,,,,20260514.0,B,1,87.39,,-201.52,0.0,,85.8661,USD,,SMCTFEX_IFSC,100.0,20260514F059922001,
20260514,XOF8002,F,COMEX,SIC,Jul 26 ,,,,20260514.0,B,1,87.54,,-453.76,0.0,,85.947,USD,,SMCTFEX_IFSC,100.0,20260514F059910001,
20260514,XOF8002,F,COMEX,SIC,Jul 26 ,,,,20260514.0,B,1,87.54,,-288.52,0.0,,85.1996,USD,,SMCTFEX_IFSC,100.0,20260514F059921001,
20260514,XOF8002,F,COMEX,SIC,Jul 26 ,,,,20260514.0,B,1,87.55,,-157.59,0.0,,87.2529,USD,,SMCTFEX_IFSC,100.0,20260514F059901001,
20260514,XOF8002,F,COMEX,SIC,Jul 26 ,,,,20260514.0,B,1,87.55,,-264.92,0.0,,84.3583,USD,,SMCTFEX_IFSC,100.0,20260514F059902001,
20260514,XOF8002,F,COMEX,SIC,Jul 26 ,,,,20260514.0,B,1,87.55,,-108.88,0.0,,85.3414,USD,,SMCTFEX_IFSC,100.0,20260514F059909001,
20260514,XOF8002,F,COMEX,SIC,Jul 26 ,,,,20260514.0,B,1,87.55,,-212.79,0.0,,85.5626,USD,,SMCTFEX_IFSC,100.0,20260514F059920001,
20260514,XOF8002,F,COMEX,SIC,Jul 26 ,,,,20260514.0,B,1,87.56,,-110.31,0.0,,85.8128,USD,,SMCTFEX_IFSC,100.0,20260514F059911001,
20260514,XOF8002,F,COMEX,SIC,Jul 26 ,,,,20260514.0,B,1,87.56,,-152.02,0.0,,86.2566,USD,,SMCTFEX_IFSC,100.0,20260514F059917001,
20260514,XOF8002,F,COMEX,SIC,Jul 26 ,,,,20260514.0,B,1,87.56,,-245.75,0.0,,85.5701,USD,,SMCTFEX_IFSC,100.0,20260514F059919001,
20260514,XOF8002,F,COMEX,SIC,Jul 26 ,,,,20260514.0,B,1,87.57,,-327.91,0.0,,84.9754,USD,,SMCTFEX_IFSC,100.0,20260514F059916001,
20260514,XOF8002,F,COMEX,SIC,Jul 26 ,,,,20260514.0,B,1,87.58,,-400.05,0.0,,84.5931,USD,,SMCTFEX_IFSC,100.0,20260514F059912001,
20260514,XOF8002,F,COMEX,SIC,Jul 26 ,,,,20260514.0,B,1,87.58,,-318.72,0.0,,85.5497,USD,,SMCTFEX_IFSC,100.0,20260514F059918001,
20260514,XOF8002,F,COMEX,SIC,Jul 26 ,,,,20260514.0,B,1,87.64,,-183.66,0.0,,85.6764,USD,,SMCTFEX_IFSC,100.0,20260514F059900001,
20260514,XOF8002,F,COMEX,SIC,Jul 26 ,,,,20260514.0,B,1,87.65,,-196.33,0.0,,84.4831,USD,,SMCTFEX_IFSC,100.0,20260514F059899001,
20260514,XOF8002,F,COMEX,SIC,Jul 26 ,,,,20260514.0,B,1,87.66,,-194.45,0.0,,85.0942,USD,,SMCTFEX_IFSC,100.0,20260514F059906001,
20260514,XOF8002,F,COMEX,SIC,Jul 26 ,,,,20260514.0,B,1,87.67,,-215.96,0.0,,85.2365,USD,,SMCTFEX_IFSC,100.0,20260514F059908001,
20260514,XOF8002,F,COMEX,SIC,Jul 26 ,,,,20260514.0,B,1,87.67,,-155.17,0.0,,84.9183,USD,,SMCTFEX_IFSC,100.0,20260514F059914001,
20260514,XOF8002,F,COMEX,SIC,Jul 26 ,,,,20260514.0,B,1,87.68,,-228.44,0.0,,85.8899,USD,,SMCTFEX_IFSC,100.0,20260514F059903001,
20260514,XOF8002,F,COMEX,SIC,Jul 26 ,,,,20260514.0,B,1,87.68,,-258.95,0.0,,85.7599,USD,,SMCTFEX_IFSC,100.0,20260514F059913001,
20260514,XOF8002,F,COMEX,SIC,Jul 26 ,,,,20260514.0,B,1,87.69,,-127.13,0.0,,85.7351,USD,,SMCTFEX_IFSC,100.0,20260514F059915001,
20260514,XOF8002,F,COMEX,SIC,Jul 26 ,,,,20260514.0,B,1,87.71,,-337.3,0.0,,85.0218,USD,,SMCTFEX_IFSC,100.0,20260514F059898001,
20260514,XOF8002,F,COMEX,SIC,Jul 26 ,,,,20260514.0,B,1,87.74,,-214.73,0.0,,85.846,USD,,SMCTFEX_IFSC,100.0,20260514F059904001,
20260514,XOF8002,F,COMEX,SIC,Jul 26 ,,,,20260514.0,B,1,87.74,,-190.84,0.0,,84.3417,USD,,SMCTFEX_IFSC,100.0,20260514F059907001,
20260514,XOF8002,F,COMEX,SIC,Jul 26 ,,,,20260514.0,B,1,87.81,,-163.31,0.0,,85.9389,USD,,SMCTFEX_IFSC,100.0,20260514F059905001,
20260514,XOF8002,F,COMEX,SIC,Jul 26 ,,,,20260514.0,B,1,87.91,,-256.75,0.0,,85.4461,USD,,SMCTFEX_IFSC,100.0,20260514F059897001,
20260514,XOF8002,F,TFEX,GO,Jun 26 ,,,,20260514.0,S,1,4701.5,,-9746.48,0.0,,4733.5867,THB,,SMCTFEX_IFSC,300.0,20260514F060469001,
20260514,XOF8002,F,TFEX,GO,Jun 26 ,,,,20260514.0,S,1,4702.8,,-9316.52,0.0,,4733.3902,THB,,SMCTFEX_IFSC,300.0,20260514F060470001,
20260514,XOF8002,F,TFEX,GO,Jun 26 ,,,,20260514.0,S,1,4703.0,,-9284.63,0.0,,4733.3108,THB,,SMCTFEX_IFSC,300.0,20260514F060468001,
20260514,XOF8002,F,TFEX,GO,Jun 26 ,,,,20260514.0,S,1,4703.7,,-9117.68,0.0,,4733.2661,THB,,SMCTFEX_IFSC,300.0,20260514F060465001,
20260514,XOF8002,F,TFEX,GO,Jun 26 ,,,,20260514.0,S,1,4704.1,,-8905.25,0.0,,4733.6481,THB,,SMCTFEX_IFSC,300.0,20260514F060466001,
20260514,XOF8002,F,TFEX,GO,Jun 26 ,,,,20260514.0,S,1,4704.3,,-8844.52,0.0,,4733.3005,THB,,SMCTFEX_IFSC,300.0,20260514F060464001,
20260514,XOF8002,F,TFEX,GO,Jun 26 ,,,,20260514.0,S,1,4705.1,,-8670.0,0.0,,4734.0,THB,,SMCTFEX_IFSC,300.0,20260514F060576001,
20260514,XOF8002,F,TFEX,GO,Jun 26 ,,,,20260514.0,S,1,4705.1,,-8553.98,0.0,,4733.2258,THB,,SMCTFEX_IFSC,300.0,20260514F060593001,
20260514,XOF8002,F,TFEX,GO,Jun 26 ,,,,20260514.0,S,1,4705.6,,-8464.64,0.0,,4733.8987,THB,,SMCTFEX_IFSC,300.0,20260514F060575001,
20260514,XOF8002,F,TFEX,GO,Jun 26 ,,,,20260514.0,S,1,4705.8,,-8451.82,0.0,,4734.198,THB,,SMCTFEX_IFSC,300.0,20260514F060463001,
20260514,XOF8002,F,TFEX,GO,Jun 26 ,,,,20260514.0,S,1,4706.0,,-8375.51,0.0,,4733.8293,THB,,SMCTFEX_IFSC,300.0,20260514F060459001,
20260514,XOF8002,F,TFEX,GO,Jun 26 ,,,,20260514.0,S,1,4706.1,,-8469.37,0.0,,4733.2279,THB,,SMCTFEX_IFSC,300.0,20260514F060460001,
20260514,XOF8002,F,TFEX,GO,Jun 26 ,,,,20260514.0,S,1,4706.3,,-8279.63,0.0,,4732.9279,THB,,SMCTFEX_IFSC,300.0,20260514F060574001,
20260514,XOF8002,F,TFEX,GO,Jun 26 ,,,,20260514.0,S,1,4706.5,,-8149.5,0.0,,4734.0417,THB,,SMCTFEX_IFSC,300.0,20260514F060461001,
20260514,XOF8002,F,TFEX,GO,Jun 26 ,,,,20260514.0,S,1,4706.5,,-8319.86,0.0,,4733.6309,THB,,SMCTFEX_IFSC,300.0,20260514F060462001,
20260514,XOF8002,F,TFEX,GO,Jun 26 ,,,,20260514.0,S,1,4706.5,,-8205.59,0.0,,4733.8818,THB,,SMCTFEX_IFSC,300.0,20260514F060471001,
20260514,XOF8002,F,TFEX,GO,Jun 26 ,,,,20260514.0,S,1,4706.8,,-8043.96,0.0,,4734.5706,THB,,SMCTFEX_IFSC,300.0,20260514F060456001,
20260514,XOF8002,F,TFEX,GO,Jun 26 ,,,,20260514.0,S,1,4706.8,,-8146.6,0.0,,4734.3608,THB,,SMCTFEX_IFSC,300.0,20260514F060458001,
20260514,XOF8002,F,TFEX,GO,Jun 26 ,,,,20260514.0,S,1,4706.9,,-8046.78,0.0,,4733.9126,THB,,SMCTFEX_IFSC,300.0,20260514F060457001,
20260514,XOF8002,F,TFEX,GO,Jun 26 ,,,,20260514.0,S,1,4707.1,,-8105.2,0.0,,4734.6118,THB,,SMCTFEX_IFSC,300.0,20260514F060455001,
20260514,XOF8002,F,TFEX,GO,Jun 26 ,,,,20260514.0,S,1,4707.2,,-7897.9,0.0,,4733.7532,THB,,SMCTFEX_IFSC,300.0,20260514F060450001,
20260514,XOF8002,F,TFEX,GO,Jun 26 ,,,,20260514.0,S,1,4707.2,,-8020.24,0.0,,4734.517,THB,,SMCTFEX_IFSC,300.0,20260514F060454001,
20260514,XOF8002,F,TFEX,GO,Jun 26 ,,,,20260514.0,S,3,4707.4,,-23907.17,0.0,,4733.4012,THB,,SMCTFEX_IFSC,300.0,20260514F060451001,
20260514,XOF8002,F,TFEX,GO,Jun 26 ,,,,20260514.0,S,1,4707.4,,-7939.8,0.0,,4734.0748,THB,,SMCTFEX_IFSC,300.0,20260514F060452001,
20260514,XOF8002,F,TFEX,GO,Jun 26 ,,,,20260514.0,S,1,4707.5,,-7947.65,0.0,,4734.204,THB,,SMCTFEX_IFSC,300.0,20260514F060453001,
20260514,XOF8002,F,TFEX,GO,Jun 26 ,,,,20260514.0,S,1,4708.1,,-7849.25,0.0,,4733.6453,THB,,SMCTFEX_IFSC,300.0,20260514F060595001,
20260514,XOF8002,F,TFEX,GO,Jun 26 ,,,,20260514.0,S,1,4708.3,,-7796.43,0.0,,4733.2947,THB,,SMCTFEX_IFSC,300.0,20260514F060577001,
20260514,XOF8002,F,TFEX,GO,Jun 26 ,,,,20260514.0,S,1,4709.7,,-7312.17,0.0,,4734.2071,THB,,SMCTFEX_IFSC,300.0,20260514F060570001,
20260514,XOF8002,F,TFEX,GO,Jun 26 ,,,,20260514.0,S,1,4711.0,,-6811.75,0.0,,4734.8429,THB,,SMCTFEX_IFSC,300.0,20260514F060573001,
20260514,XOF8002,F,TFEX,GO,Jun 26 ,,,,20260514.0,S,1,4711.9,,-6494.25,0.0,,4733.4431,THB,,SMCTFEX_IFSC,300.0,20260514F060553001,
20260514,XOF8002,F,TFEX,GO,Jun 26 ,,,,20260514.0,S,1,4712.2,,-6513.36,0.0,,4733.1261,THB,,SMCTFEX_IFSC,300.0,20260514F060554001,
20260514,XOF8002,F,TFEX,GO,Jun 26 ,,,,20260514.0,S,1,4713.1,,-6277.97,0.0,,4733.9167,THB,,SMCTFEX_IFSC,300.0,20260514F060472001,
20260514,XOF8002,F,TFEX,GO,Jun 26 ,,,,20260514.0,S,1,4713.3,,-6297.49,0.0,,4732.6031,THB,,SMCTFEX_IFSC,300.0,20260514F060496001,
20260514,XOF8002,F,TFEX,GO,Jun 26 ,,,,20260514.0,S,1,4714.5,,-5745.94,0.0,,4733.5697,THB,,SMCTFEX_IFSC,300.0,20260514F060555001,
20260514,XOF8002,F,TFEX,GO,Jun 26 ,,,,20260514.0,S,1,4714.8,,-5734.66,0.0,,4733.6712,THB,,SMCTFEX_IFSC,300.0,20260514F060494001,
20260514,XOF8002,F,TFEX,GO,Jun 26 ,,,,20260514.0,S,1,4715.1,,-5711.0,0.0,,4733.9166,THB,,SMCTFEX_IFSC,300.0,20260514F060492001,
20260514,XOF8002,F,TFEX,GO,Jun 26 ,,,,20260514.0,S,1,4715.1,,-5728.5,0.0,,4734.3402,THB,,SMCTFEX_IFSC,300.0,20260514F060493001,
20260514,XOF8002,F,TFEX,GO,Jun 26 ,,,,20260514.0,S,1,4715.7,,-5611.43,0.0,,4733.8017,THB,,SMCTFEX_IFSC,300.0,20260514F060585001,
20260514,XOF8002,F,TFEX,GO,Jun 26 ,,,,20260514.0,S,1,4716.2,,-5362.53,0.0,,4733.8502,THB,,SMCTFEX_IFSC,300.0,20260514F060490001,
20260514,XOF8002,F,TFEX,GO,Jun 26 ,,,,20260514.0,S,1,4716.2,,-5363.59,0.0,,4735.2957,THB,,SMCTFEX_IFSC,300.0,20260514F060566001,
20260514,XOF8002,F,TFEX,GO,Jun 26 ,,,,20260514.0,S,1,4716.5,,-5350.38,0.0,,4735.5097,THB,,SMCTFEX_IFSC,300.0,20260514F060491001,
20260514,XOF8002,F,TFEX,GO,Jun 26 ,,,,20260514.0,S,1,4717.1,,-5118.68,0.0,,4734.4834,THB,,SMCTFEX_IFSC,300.0,20260514F060473001,
20260514,XOF8002,F,TFEX,GO,Jun 26 ,,,,20260514.0,S,1,4717.1,,-5111.74,0.0,,4734.5255,THB,,SMCTFEX_IFSC,300.0,20260514F060510001,
20260514,XOF8002,F,TFEX,GO,Jun 26 ,,,,20260514.0,S,1,4717.8,,-4802.24,0.0,,4734.603,THB,,SMCTFEX_IFSC,300.0,20260514F060557001,
20260514,XOF8002,F,TFEX,GO,Jun 26 ,,,,20260514.0,S,1,4717.9,,-4805.24,0.0,,4734.7805,THB,,SMCTFEX_IFSC,300.0,20260514F060487001,
20260514,XOF8002,F,TFEX,GO,Jun 26 ,,,,20260514.0,S,1,4718.8,,-4581.62,0.0,,4733.5233,THB,,SMCTFEX_IFSC,300.0,20260514F060483001,
20260514,XOF8002,F,TFEX,GO,Jun 26 ,,,,20260514.0,S,1,4718.8,,-4579.74,0.0,,4734.7951,THB,,SMCTFEX_IFSC,300.0,20260514F060488001,
20260514,XOF8002,F,TFEX,GO,Jun 26 ,,,,20260514.0,S,1,4719.3,,-4516.29,0.0,,4733.6815,THB,,SMCTFEX_IFSC,300.0,20260514F060495001,
20260514,XOF8002,F,TFEX,GO,Jun 26 ,,,,20260514.0,S,1,4720.2,,-4256.18,0.0,,4733.3553,THB,,SMCTFEX_IFSC,300.0,20260514F060474001,
20260514,XOF8002,F,TFEX,GO,Jun 26 ,,,,20260514.0,S,1,4720.9,,-3948.43,0.0,,4733.9974,THB,,SMCTFEX_IFSC,300.0,20260514F060545001,
20260514,XOF8002,F,TFEX,GO,Jun 26 ,,,,20260514.0,S,1,4722.1,,-3564.81,0.0,,4733.9865,THB,,SMCTFEX_IFSC,300.0,20260514F060542001,
20260514,XOF8002,F,TFEX,GO,Jun 26 ,,,,20260514.0,S,1,4727.2,,-1908.98,0.0,,4733.9932,THB,,SMCTFEX_IFSC,300.0,20260514F060541001,
20260514,XOF8002,F,TFEX,GO,Jun 26 ,,,,20260514.0,S,1,4727.5,,-2015.72,0.0,,4735.0067,THB,,SMCTFEX_IFSC,300.0,20260514F060540001,
20260514,XOF8002,F,TFEX,GO,Jun 26 ,,,,20260514.0,S,2,4728.6,,-3152.66,0.0,,4734.7781,THB,,SMCTFEX_IFSC,300.0,20260514F060526001,
20260514,XOF8002,F,TFEX,SVF,Jun 26 ,,,,20260514.0,S,1,84.91,,-9432.7,0.0,,87.5616,THB,,SMCTFEX_IFSC,3000.0,20260514F060694001,
20260514,XOF8002,F,TFEX,SVF,Jun 26 ,,,,20260514.0,S,1,86.17,,-5416.69,0.0,,87.6211,THB,,SMCTFEX_IFSC,3000.0,20260514F060691001,
20260514,XOF8002,F,TFEX,SVF,Jun 26 ,,,,20260514.0,S,1,86.5,,-4700.95,0.0,,87.6725,THB,,SMCTFEX_IFSC,3000.0,20260514F060689001,
20260514,XOF8002,F,TFEX,SVF,Jun 26 ,,,,20260514.0,S,1,86.97,,-3297.93,0.0,,86.8498,THB,,SMCTFEX_IFSC,3000.0,20260514F060687001,
20260514,XOF8002,F,TFEX,SVF,Jun 26 ,,,,20260514.0,S,1,87.0,,-3116.57,0.0,,87.6645,THB,,SMCTFEX_IFSC,3000.0,20260514F060684001,
20260514,XOF8002,F,TFEX,SVF,Jun 26 ,,,,20260514.0,S,1,87.0,,-3109.71,0.0,,87.3599,THB,,SMCTFEX_IFSC,3000.0,20260514F060685001,
20260514,XOF8002,F,TFEX,SVF,Jun 26 ,,,,20260514.0,S,1,87.0,,-3111.59,0.0,,87.8895,THB,,SMCTFEX_IFSC,3000.0,20260514F060686001,
20260514,XOF8002,F,TFEX,SVF,Jun 26 ,,,,20260514.0,S,1,87.06,,-2939.14,0.0,,87.8633,THB,,SMCTFEX_IFSC,3000.0,20260514F060683001,
20260514,XOF8002,F,TFEX,SVF,Jun 26 ,,,,20260514.0,S,1,87.24,,-2342.14,0.0,,87.8017,THB,,SMCTFEX_IFSC,3000.0,20260514F060682001,
20260514,XOF8002,F,TFEX,SVF,Jun 26 ,,,,20260514.0,S,1,87.27,,-2263.18,0.0,,87.0816,THB,,SMCTFEX_IFSC,3000.0,20260514F060681001,
20260514,XOF8002,F,TFEX,SVF,Jun 26 ,,,,20260514.0,S,1,87.31,,-2246.03,0.0,,88.7769,THB,,SMCTFEX_IFSC,3000.0,20260514F060680001,
20260514,XOF8002,F,TFEX,SVF,Jun 26 ,,,,20260514.0,S,1,87.32,,-2112.24,0.0,,87.6655,THB,,SMCTFEX_IFSC,3000.0,20260514F060673001,
20260514,XOF8002,F,TFEX,SVF,Jun 26 ,,,,20260514.0,S,1,87.35,,-1985.8,0.0,,88.3349,THB,,SMCTFEX_IFSC,3000.0,20260514F060672001,
20260514,XOF8002,F,TFEX,SVF,Jun 26 ,,,,20260514.0,S,1,87.36,,-2054.06,0.0,,88.2693,THB,,SMCTFEX_IFSC,3000.0,20260514F060671001,
20260514,XOF8002,F,TFEX,SVF,Jun 26 ,,,,20260514.0,S,1,87.37,,-2034.82,0.0,,87.7743,THB,,SMCTFEX_IFSC,3000.0,20260514F060666001,
20260514,XOF8002,F,TFEX,SVF,Jun 26 ,,,,20260514.0,S,1,87.38,,-1926.1,0.0,,88.1461,THB,,SMCTFEX_IFSC,3000.0,20260514F060667001,
20260514,XOF8002,F,TFEX,SVF,Jun 26 ,,,,20260514.0,S,1,87.4,,-1854.57,0.0,,88.2107,THB,,SMCTFEX_IFSC,3000.0,20260514F060669001,
20260514,XOF8002,F,TFEX,SVF,Jun 26 ,,,,20260514.0,S,1,87.41,,-1923.54,0.0,,88.2541,THB,,SMCTFEX_IFSC,3000.0,20260514F060670001,
20260514,XOF8002,F,TFEX,SVF,Jun 26 ,,,,20260514.0,S,1,87.41,,-1812.28,0.0,,88.4746,THB,,SMCTFEX_IFSC,3000.0,20260514F060678001,
20260514,XOF8002,F,TFEX,SVF,Jun 26 ,,,,20260514.0,S,1,87.42,,-1811.72,0.0,,87.3571,THB,,SMCTFEX_IFSC,3000.0,20260514F060679001,
20260514,XOF8002,F,TFEX,SVF,Jun 26 ,,,,20260514.0,S,1,87.44,,-1714.79,0.0,,87.5645,THB,,SMCTFEX_IFSC,3000.0,20260514F060668001,
20260514,XOF8002,F,TFEX,SVF,Jun 26 ,,,,20260514.0,S,1,87.45,,-1744.18,0.0,,87.5121,THB,,SMCTFEX_IFSC,3000.0,20260514F060677001,
20260514,XOF8002,F,TFEX,SVF,Jun 26 ,,,,20260514.0,S,1,87.47,,-1594.7,0.0,,87.9135,THB,,SMCTFEX_IFSC,3000.0,20260514F060665001,
20260514,XOF8002,F,TFEX,SVF,Jun 26 ,,,,20260514.0,S,1,87.47,,-1689.13,0.0,,87.5603,THB,,SMCTFEX_IFSC,3000.0,20260514F060676001,
20260514,XOF8002,F,TFEX,SVF,Jun 26 ,,,,20260514.0,S,1,87.49,,-1626.6,0.0,,88.0353,THB,,SMCTFEX_IFSC,3000.0,20260514F060664001,
20260514,XOF8002,F,TFEX,SVF,Jun 26 ,,,,20260514.0,S,1,87.5,,-1581.19,0.0,,87.9713,THB,,SMCTFEX_IFSC,3000.0,20260514F060674001,
20260514,XOF8002,F,TFEX,SVF,Jun 26 ,,,,20260514.0,S,1,87.5,,-1640.16,0.0,,88.3852,THB,,SMCTFEX_IFSC,3000.0,20260514F060675001,
20260514,XOF8002,F,TFEX,SVF,Jun 26 ,,,,20260514.0,S,1,87.58,,-1353.54,0.0,,88.1652,THB,,SMCTFEX_IFSC,3000.0,20260514F060663001,
20260514,XOF8002,F,TFEX,SVF,Jun 26 ,,,,20260514.0,S,1,87.64,,-1200.29,0.0,,88.2108,THB,,SMCTFEX_IFSC,3000.0,20260514F060662001,
20260514,XOF8002,F,TFEX,SVF,Jun 26 ,,,,20260514.0,S,1,87.76,,-736.53,0.0,,88.1748,THB,,SMCTFEX_IFSC,3000.0,20260514F060642001,
20260514,XOF8002,F,TFEX,SVF,Jun 26 ,,,,20260514.0,S,1,87.77,,-756.55,0.0,,88.4052,THB,,SMCTFEX_IFSC,3000.0,20260514F060660001,
20260514,XOF8002,F,TFEX,SVF,Jun 26 ,,,,20260514.0,S,1,87.79,,-647.96,0.0,,89.0048,THB,,SMCTFEX_IFSC,3000.0,20260514F060650001,
20260514,XOF8002,F,TFEX,SVF,Jun 26 ,,,,20260514.0,S,1,87.79,,-732.72,0.0,,87.8135,THB,,SMCTFEX_IFSC,3000.0,20260514F060661001,
20260514,XOF8002,F,TFEX,SVF,Jun 26 ,,,,20260514.0,S,1,87.8,,-729.62,0.0,,87.4437,THB,,SMCTFEX_IFSC,3000.0,20260514F060640001,
20260514,XOF8002,F,TFEX,SVF,Jun 26 ,,,,20260514.0,S,1,87.8,,-649.1,0.0,,88.2134,THB,,SMCTFEX_IFSC,3000.0,20260514F060641001,
20260514,XOF8002,F,TFEX,SVF,Jun 26 ,,,,20260514.0,S,1,87.8,,-681.36,0.0,,87.9979,THB,,SMCTFEX_IFSC,3000.0,20260514F060649001,
20260514,XOF8002,F,TFEX,SVF,Jun 26 ,,,,20260514.0,S,1,87.81,,-611.12,0.0,,86.3043,THB,,SMCTFEX_IFSC,3000.0,20260514F060651001,
20260514,XOF8002,F,TFEX,SVF,Jun 26 ,,,,20260514.0,S,1,87.81,,-534.41,0.0,,87.3716,THB,,SMCTFEX_IFSC,3000.0,20260514F060657001,
20260514,XOF8002,F,TFEX,SVF,Jun 26 ,,,,20260514.0,S,1,87.81,,-753.93,0.0,,87.1936,THB,,SMCTFEX_IFSC,3000.0,20260514F060659001,
20260514,XOF8002,F,TFEX,SVF,Jun 26 ,,,,20260514.0,S,1,87.82,,-674.38,0.0,,88.3664,THB,,SMCTFEX_IFSC,3000.0,20260514F060656001,
20260514,XOF8002,F,TFEX,SVF,Jun 26 ,,,,20260514.0,S,1,87.83,,-562.64,0.0,,87.4154,THB,,SMCTFEX_IFSC,3000.0,20260514F060652001,
20260514,XOF8002,F,TFEX,SVF,Jun 26 ,,,,20260514.0,S,1,87.83,,-650.58,0.0,,87.0652,THB,,SMCTFEX_IFSC,3000.0,20260514F060658001,
20260514,XOF8002,F,TFEX,SVF,Jun 26 ,,,,20260514.0,S,1,87.9,,-482.04,0.0,,88.3123,THB,,SMCTFEX_IFSC,3000.0,20260514F060638001,
20260514,XOF8002,F,TFEX,SVF,Jun 26 ,,,,20260514.0,S,1,87.9,,-392.65,0.0,,87.8516,THB,,SMCTFEX_IFSC,3000.0,20260514F060639001,
20260514,XOF8002,F,TFEX,SVF,Jun 26 ,,,,20260514.0,S,1,87.9,,-348.6,0.0,,88.1271,THB,,SMCTFEX_IFSC,3000.0,20260514F060645001,
20260514,XOF8002,F,TFEX,SVF,Jun 26 ,,,,20260514.0,S,1,87.92,,-278.36,0.0,,86.5202,THB,,SMCTFEX_IFSC,3000.0,20260514F060648001,
20260514,XOF8002,F,TFEX,SVF,Jun 26 ,,,,20260514.0,S,1,87.92,,-390.48,0.0,,88.9787,THB,,SMCTFEX_IFSC,3000.0,20260514F060654001,
20260514,XOF8002,F,TFEX,SVF,Jun 26 ,,,,20260514.0,S,1,87.93,,-351.54,0.0,,87.8821,THB,,SMCTFEX_IFSC,3000.0,20260514F060643001,
20260514,XOF8002,F,TFEX,SVF,Jun 26 ,,,,20260514.0,S,1,87.93,,-324.33,0.0,,87.6546,THB,,SMCTFEX_IFSC,3000.0,20260514F060653001,
20260514,XOF8002,F,TFEX,SVF,Jun 26 ,,,,20260514.0,S,1,87.94,,-289.6,0.0,,88.499,THB,,SMCTFEX_IFSC,3000.0,20260514F060655001,
20260514,XOF8002,F,TFEX,SVF,Jun 26 ,,,,20260514.0,S,1,87.96,,-151.84,0.0,,88.3054,THB,,SMCTFEX_IFSC,3000.0,20260514F060635001,
20260514,XOF8002,F,TFEX,SVF,Jun 26 ,,,,20260514.0,S,1,87.97,,-187.54,0.0,,88.1412,THB,,SMCTFEX_IFSC,3000.0,20260514F060647001,
20260514,XOF8002,F,TFEX,SVF,Jun 26 ,,,,20260514.0,S,1,87.99,,-120.92,0.0,,88.4018,THB,,SMCTFEX_IFSC,3000.0,20260514F060644001,
20260514,XOF8002,F,TFEX,SVF,Jun 26 ,,,,20260514.0,S,1,87.99,,-65.12,0.0,,87.9062,THB,,SMCTFEX_IFSC,3000.0,20260514F060646001,
20260514,XOF8002,F,TFEX,SVF,Jun 26 ,,,,20260514.0,S,1,88.06,,141.56,0.0,,89.4992,THB,,SMCTFEX_IFSC,3000.0,20260514F060636001,
20260514,XOF8002,F,TFEX,SVF,Jun 26 ,,,,20260514.0,S,1,88.15,,306.42,0.0,,88.534,THB,,SMCTFEX_IFSC,3000.0,20260514F060637001,
20260514,XOF8003,F,COMEX,GD,Aug 26 ,,,,20260514.0,B,1,4707.3,,1135.39,0.0,,4719.6211,USD,,SMCTFEX_IFSC,100.0,20260514F060696001,
20260514,XOF8003,F,COMEX,GD,Aug 26 ,,,,20260514.0,B,1,4707.4,,1313.88,0.0,,4720.7038,USD,,SMCTFEX_IFSC,100.0,20260514F060695001,
20260514,XOF8003,F,COMEX,MGC,Jun 26 ,,,,20260514.0,B,1,4659.9,,301.14,0.0,,4685.582,USD,,SMCTFEX_IFSC,10.0,20260514F060968001,
20260514,XOF8003,F,COMEX,MGC,Jun 26 ,,,,20260514.0,B,1,4660.6,,170.68,0.0,,4684.5026,USD,,SMCTFEX_IFSC,10.0,20260514F060971001,
20260514,XOF8003,F,COMEX,MGC,Jun 26 ,,,,20260514.0,B,1,4661.7,,228.19,0.0,,4684.4386,USD,,SMCTFEX_IFSC,10.0,20260514F060967001,
20260514,XOF8003,F,COMEX,MGC,Jun 26 ,,,,20260514.0,B,1,4665.0,,164.8,0.0,,4684.3893,USD,,SMCTFEX_IFSC,10.0,20260514F060965001,
20260514,XOF8003,F,COMEX,MGC,Jun 26 ,,,,20260514.0,B,1,4665.3,,306.93,0.0,,4686.2525,USD,,SMCTFEX_IFSC,10.0,20260514F060966001,
20260514,XOF8003,F,COMEX,MGC,Jun 26 ,,,,20260514.0,B,1,4670.1,,163.24,0.0,,4684.8655,USD,,SMCTFEX_IFSC,10.0,20260514F060964001,
20260514,XOF8003,F,COMEX,MGC,Jun 26 ,,,,20260514.0,B,1,4676.4,,-38.0,0.0,,4684.8504,USD,,SMCTFEX_IFSC,10.0,20260514F060950001,
20260514,XOF8003,F,COMEX,MGC,Jun 26 ,,,,20260514.0,B,1,4677.8,,91.69,0.0,,4685.8403,USD,,SMCTFEX_IFSC,10.0,20260514F060962001,
20260514,XOF8003,F,COMEX,MGC,Jun 26 ,,,,20260514.0,B,1,4678.9,,104.98,0.0,,4685.8821,USD,,SMCTFEX_IFSC,10.0,20260514F060958001,
20260514,XOF8003,F,COMEX,MGC,Jun 26 ,,,,20260514.0,B,1,4679.0,,18.35,0.0,,4685.5026,USD,,SMCTFEX_IFSC,10.0,20260514F060959001,
20260514,XOF8003,F,COMEX,MGC,Jun 26 ,,,,20260514.0,B,1,4679.1,,20.87,0.0,,4685.0448,USD,,SMCTFEX_IFSC,10.0,20260514F060955001,
20260514,XOF8003,F,COMEX,MGC,Jun 26 ,,,,20260514.0,B,1,4679.1,,62.0,0.0,,4685.3,USD,,SMCTFEX_IFSC,10.0,20260514F060960001,
20260514,XOF8003,F,COMEX,MGC,Jun 26 ,,,,20260514.0,B,1,4679.2,,-36.74,0.0,,4684.7977,USD,,SMCTFEX_IFSC,10.0,20260514F060961001,
20260514,XOF8003,F,COMEX,MGC,Jun 26 ,,,,20260514.0,B,1,4679.3,,35.41,0.0,,4685.3271,USD,,SMCTFEX_IFSC,10.0,20260514F060956001,
20260514,XOF8003,F,COMEX,MGC,Jun 26 ,,,,20260514.0,B,1,4679.6,,187.57,0.0,,4684.2254,USD,,SMCTFEX_IFSC,10.0,20260514F060945001,
20260514,XOF8003,F,COMEX,MGC,Jun 26 ,,,,20260514.0,B,1,4679.7,,-21.71,0.0,,4686.2876,USD,,SMCTFEX_IFSC,10.0,20260514F060957001,
20260514,XOF8003,F,COMEX,MGC,Jun 26 ,,,,20260514.0,B,1,4680.5,,-36.58,0.0,,4684.663,USD,,SMCTFEX_IFSC,10.0,20260514F060953001,
20260514,XOF8003,F,COMEX,MGC,Jun 26 ,,,,20260514.0,B,1,4681.0,,94.61,0.0,,4685.26,USD,,SMCTFEX_IFSC,10.0,20260514F060941001,
20260514,XOF8003,F,COMEX,MGC,Jun 26 ,,,,20260514.0,B,1,4681.1,,114.73,0.0,,4685.8157,USD,,SMCTFEX_IFSC,10.0,20260514F060954001,
20260514,XOF8003,F,COMEX,MGC,Jun 26 ,,,,20260514.0,B,1,4681.2,,98.46,0.0,,4684.9061,USD,,SMCTFEX_IFSC,10.0,20260514F060942001,
20260514,XOF8003,F,COMEX,MGC,Jun 26 ,,,,20260514.0,B,1,4683.0,,39.01,0.0,,4685.5506,USD,,SMCTFEX_IFSC,10.0,20260514F060932001,
20260514,XOF8003,F,COMEX,MGC,Jun 26 ,,,,20260514.0,B,1,4683.3,,68.55,0.0,,4684.7009,USD,,SMCTFEX_IFSC,10.0,20260514F060931001,
20260514,XOF8003,F,COMEX,MGC,Jun 26 ,,,,20260514.0,B,1,4683.3,,-11.96,0.0,,4685.4161,USD,,SMCTFEX_IFSC,10.0,20260514F060933001,
20260514,XOF8003,F,COMEX,MGC,Jun 26 ,,,,20260514.0,B,1,4683.5,,4.52,0.0,,4685.1869,USD,,SMCTFEX_IFSC,10.0,20260514F060934001,
20260514,XOF8003,F,COMEX,MGC,Jun 26 ,,,,20260514.0,B,1,4683.8,,150.63,0.0,,4686.2967,USD,,SMCTFEX_IFSC,10.0,20260514F060926001,
20260514,XOF8003,F,COMEX,MGC,Jun 26 ,,,,20260514.0,B,1,4684.2,,-76.32,0.0,,4684.8298,USD,,SMCTFEX_IFSC,10.0,20260514F060935001,
20260514,XOF8003,F,COMEX,MGC,Jun 26 ,,,,20260514.0,B,1,4684.6,,-18.07,0.0,,4685.4879,USD,,SMCTFEX_IFSC,10.0,20260514F060928001,
20260514,XOF8003,F,COMEX,MGC,Jun 26 ,,,,20260514.0,B,1,4684.8,,26.84,0.0,,4685.4451,USD,,SMCTFEX_IFSC,10.0,20260514F060925001,
20260514,XOF8003,F,COMEX,MGC,Jun 26 ,,,,20260514.0,B,1,4685.0,,158.38,0.0,,4684.4887,USD,,SMCTFEX_IFSC,10.0,20260514F060930001,
20260514,XOF8003,F,COMEX,MGC,Jun 26 ,,,,20260514.0,B,1,4685.4,,-86.87,0.0,,4684.6088,USD,,SMCTFEX_IFSC,10.0,20260514F060927001,
20260514,XOF8003,F,COMEX,MGC,Jun 26 ,,,,20260514.0,B,1,4685.7,,-4.56,0.0,,4685.6758,USD,,SMCTFEX_IFSC,10.0,20260514F060929001,
20260514,XOF8003,F,COMEX,MGC,Jun 26 ,,,,20260514.0,B,1,4685.8,,61.77,0.0,,4685.3332,USD,,SMCTFEX_IFSC,10.0,20260514F060936001,
20260514,XOF8003,F,COMEX,MGC,Jun 26 ,,,,20260514.0,B,1,4687.4,,-77.97,0.0,,4686.0824,USD,,SMCTFEX_IFSC,10.0,20260514F060924001,
20260514,XOF8003,F,COMEX,MGC,Jun 26 ,,,,20260514.0,B,1,4688.5,,70.01,0.0,,4685.2347,USD,,SMCTFEX_IFSC,10.0,20260514F060938001,
20260514,XOF8003,F,COMEX,MGC,Jun 26 ,,,,20260514.0,B,1,4690.3,,0.88,0.0,,4684.4177,USD,,SMCTFEX_IFSC,10.0,20260514F060923001,
20260514,XOF8003,F,COMEX,MGC,Jun 26 ,,,,20260514.0,B,1,4691.4,,-71.33,0.0,,4685.3735,USD,,SMCTFEX_IFSC,10.0,20260514F060919001,
20260514,XOF8003,F,COMEX,MGC,Jun 26 ,,,,20260514.0,B,1,4691.4,,-93.53,0.0,,4684.5725,USD,,SMCTFEX_IFSC,10.0,20260514F060922001,
20260514,XOF8003,F,COMEX,MGC,Jun 26 ,,,,20260514.0,B,1,4691.5,,-100.33,0.0,,4685.85,USD,,SMCTFEX_IFSC,10.0,20260514F060918001,
20260514,XOF8003,F,COMEX,MGC,Jun 26 ,,,,20260514.0,B,1,4691.9,,-98.81,0.0,,4685.8763,USD,,SMCTFEX_IFSC,10.0,20260514F060920001,
20260514,XOF8003,F,COMEX,MGC,Jun 26 ,,,,20260514.0,B,1,4693.6,,-254.1,0.0,,4685.1814,USD,,SMCTFEX_IFSC,10.0,20260514F060917001,
20260514,XOF8003,F,COMEX,SIL,Jul 26 ,,,,20260514.0,B,1,84.89,,305.18,0.0,,86.2624,USD,,SMCTFEX_IFSC,1000.0,20260514F060987001,
20260514,XOF8003,F,COMEX,SIL,Jul 26 ,,,,20260514.0,B,1,85.25,,-155.25,0.0,,85.1381,USD,,SMCTFEX_IFSC,1000.0,20260514F060983001,
20260514,XOF8003,F,COMEX,SIL,Jul 26 ,,,,20260514.0,B,1,85.31,,-41.47,0.0,,85.1635,USD,,SMCTFEX_IFSC,1000.0,20260514F060986001,
20260514,XOF8003,F,COMEX,SIL,Jul 26 ,,,,20260514.0,B,1,86.615,,-1244.9,0.0,,85.5057,USD,,SMCTFEX_IFSC,1000.0,20260514F060978001,
20260514,XOF8003,F,COMEX,SIL,Jul 26 ,,,,20260514.0,B,1,86.975,,-1669.94,0.0,,84.8852,USD,,SMCTFEX_IFSC,1000.0,20260514F060979001,
20260514,XOF8003,F,COMEX,SIL,Jul 26 ,,,,20260514.0,B,1,87.035,,-1777.89,0.0,,86.1099,USD,,SMCTFEX_IFSC,1000.0,20260514F060974001,
20260514,XOF8003,F,COMEX,SIL,Jul 26 ,,,,20260514.0,B,1,87.195,,-1797.99,0.0,,83.9862,USD,,SMCTFEX_IFSC,1000.0,20260514F060977001,
20260514,XOF8003,F,COMEX,SIL,Sep 26 ,,,,20260514.0,B,1,85.385,,629.59,0.0,,85.9128,USD,,SMCTFEX_IFSC,1000.0,20260514F060985001,
20260514,XOF8003,F,COMEX,SIL,Sep 26 ,,,,20260514.0,B,1,85.39,,585.7,0.0,,85.453,USD,,SMCTFEX_IFSC,1000.0,20260514F060984001,
20260514,XOF8003,F,COMEX,SIL,Sep 26 ,,,,20260514.0,B,1,85.495,,345.96,0.0,,86.2396,USD,,SMCTFEX_IFSC,1000.0,20260514F060988001,
20260514,XOF8003,F,COMEX,SIL,Sep 26 ,,,,20260514.0,B,1,86.945,,-949.9,0.0,,85.5304,USD,,SMCTFEX_IFSC,1000.0,20260514F060980001,
20260514,XOF8003,F,COMEX,SIL,Sep 26 ,,,,20260514.0,B,1,87.715,,-1772.03,0.0,,86.3983,USD,,SMCTFEX_IFSC,1000.0,20260514F060975001,
20260514,XOF8003,F,TFEX,GO,Jun 26 ,,,,20260514.0,S,1,4688.8,,-13635.99,0.0,,4734.5789,THB,,SMCTFEX_IFSC,300.0,20260514F061305001,
20260514,XOF8003,F,TFEX,GO,Jun 26 ,,,,20260514.0,S,1,4690.3,,-12993.91,0.0,,4733.2659,THB,,SMCTFEX_IFSC,300.0,20260514F061308001,
20260514,XOF8003,F,TFEX,GO,Jun 26 ,,,,20260514.0,S,1,4690.6,,-13229.81,0.0,,4734.1153,THB,,SMCTFEX_IFSC,300.0,20260514F061304001,
20260514,XOF8003,F,TFEX,GO,Jun 26 ,,,,20260514.0,S,1,4694.3,,-11887.57,0.0,,4734.6562,THB,,SMCTFEX_IFSC,300.0,20260514F061302001,
20260514,XOF8003,F,TFEX,GO,Jun 26 ,,,,20260514.0,S,1,4694.5,,-11800.22,0.0,,4734.1292,THB,,SMCTFEX_IFSC,300.0,20260514F061303001,
20260514,XOF8003,F,TFEX,GO,Jun 26 ,,,,20260514.0,S,1,4700.0,,-10235.81,0.0,,4734.4005,THB,,SMCTFEX_IFSC,300.0,20260514F061301001,
20260514,XOF8003,F,TFEX,GO,Jun 26 ,,,,20260514.0,S,1,4701.0,,-9879.33,0.0,,4733.5843,THB,,SMCTFEX_IFSC,300.0,20260514F061293001,
20260514,XOF8003,F,TFEX,GO,Jun 26 ,,,,20260514.0,S,1,4705.2,,-8512.1,0.0,,4734.183,THB,,SMCTFEX_IFSC,300.0,20260514F061271001,
20260514,XOF8003,F,TFEX,GO,Jun 26 ,,,,20260514.0,S,1,4705.5,,-8672.05,0.0,,4734.1303,THB,,SMCTFEX_IFSC,300.0,20260514F061274001,
20260514,XOF8003,F,TFEX,GO,Jun 26 ,,,,20260514.0,S,1,4706.3,,-8292.54,0.0,,4734.1513,THB,,SMCTFEX_IFSC,300.0,20260514F061286001,
20260514,XOF8003,F,TFEX,GO,Jun 26 ,,,,20260514.0,S,1,4707.0,,-8138.76,0.0,,4733.6257,THB,,SMCTFEX_IFSC,300.0,20260514F061285001,
20260514,XOF8003,F,TFEX,GO,Jun 26 ,,,,20260514.0,S,1,4707.1,,-7970.05,0.0,,4733.7232,THB,,SMCTFEX_IFSC,300.0,20260514F061281001,
20260514,XOF8003,F,TFEX,GO,Jun 26 ,,,,20260514.0,S,1,4707.2,,-8101.93,0.0,,4733.9956,THB,,SMCTFEX_IFSC,300.0,20260514F061282001,
20260514,XOF8003,F,TFEX,GO,Jun 26 ,,,,20260514.0,S,1,4707.3,,-8069.21,0.0,,4733.9881,THB,,SMCTFEX_IFSC,300.0,20260514F061278001,
20260514,XOF8003,F,TFEX,GO,Jun 26 ,,,,20260514.0,S,1,4707.6,,-7862.32,0.0,,4733.5262,THB,,SMCTFEX_IFSC,300.0,20260514F061279001,
20260514,XOF8003,F,TFEX,GO,Jun 26 ,,,,20260514.0,S,1,4707.6,,-7952.96,0.0,,4734.3849,THB,,SMCTFEX_IFSC,300.0,20260514F061283001,
20260514,XOF8003,F,TFEX,GO,Jun 26 ,,,,20260514.0,S,1,4707.7,,-7767.1,0.0,,4734.3115,THB,,SMCTFEX_IFSC,300.0,20260514F061284001,
20260514,XOF8003,F,TFEX,GO,Jun 26 ,,,,20260514.0,S,1,4707.9,,-7852.53,0.0,,4732.937,THB,,SMCTFEX_IFSC,300.0,20260514F061280001,
20260514,XOF8003,F,TFEX,GO,Jun 26 ,,,,20260514.0,S,1,4708.2,,-7649.36,0.0,,4734.7078,THB,,SMCTFEX_IFSC,300.0,20260514F061265001,
20260514,XOF8003,F,TFEX,GO,Jun 26 ,,,,20260514.0,S,1,4708.9,,-7546.27,0.0,,4733.3375,THB,,SMCTFEX_IFSC,300.0,20260514F061276001,
20260514,XOF8003,F,TFEX,GO,Jun 26 ,,,,20260514.0,S,1,4709.3,,-7385.0,0.0,,4734.1694,THB,,SMCTFEX_IFSC,300.0,20260514F061277001,
20260514,XOF8003,F,TFEX,GO,Jun 26 ,,,,20260514.0,S,1,4709.6,,-7294.51,0.0,,4734.8099,THB,,SMCTFEX_IFSC,300.0,20260514F061262001,
20260514,XOF8003,F,TFEX,GO,Jun 26 ,,,,20260514.0,S,1,4709.8,,-7098.59,0.0,,4734.1598,THB,,SMCTFEX_IFSC,300.0,20260514F061263001,
20260514,XOF8003,F,TFEX,GO,Jun 26 ,,,,20260514.0,S,1,4711.3,,-6896.34,0.0,,4734.0891,THB,,SMCTFEX_IFSC,300.0,20260514F061251001,
20260514,XOF8003,F,TFEX,GO,Jun 26 ,,,,20260514.0,S,1,4711.6,,-6854.22,0.0,,4733.617,THB,,SMCTFEX_IFSC,300.0,20260514F061250001,
20260514,XOF8003,F,TFEX,GO,Jun 26 ,,,,20260514.0,S,1,4711.6,,-6771.15,0.0,,4734.2215,THB,,SMCTFEX_IFSC,300.0,20260514F061252001,
20260514,XOF8003,F,TFEX,GO,Jun 26 ,,,,20260514.0,S,1,4711.8,,-6687.46,0.0,,4735.6683,THB,,SMCTFEX_IFSC,300.0,20260514F061253001,
20260514,XOF8003,F,TFEX,GO,Jun 26 ,,,,20260514.0,S,1,4711.8,,-6711.77,0.0,,4734.0766,THB,,SMCTFEX_IFSC,300.0,20260514F061254001,
20260514,XOF8003,F,TFEX,GO,Jun 26 ,,,,20260514.0,S,1,4711.9,,-6564.84,0.0,,4733.4484,THB,,SMCTFEX_IFSC,300.0,20260514F061245001,
20260514,XOF8003,F,TFEX,GO,Jun 26 ,,,,20260514.0,S,1,4712.7,,-6412.36,0.0,,4734.9039,THB,,SMCTFEX_IFSC,300.0,20260514F061247001,
20260514,XOF8003,F,TFEX,GO,Jun 26 ,,,,20260514.0,S,1,4712.8,,-6460.04,0.0,,4733.3835,THB,,SMCTFEX_IFSC,300.0,20260514F061255001,
20260514,XOF8003,F,TFEX,GO,Jun 26 ,,,,20260514.0,S,1,4712.9,,-6338.63,0.0,,4734.6338,THB,,SMCTFEX_IFSC,300.0,20260514F061244001,
20260514,XOF8003,F,TFEX,GO,Jun 26 ,,,,20260514.0,S,1,4713.2,,-6188.58,0.0,,4733.3425,THB,,SMCTFEX_IFSC,300.0,20260514F061249001,
20260514,XOF8003,F,TFEX,GO,Jun 26 ,,,,20260514.0,S,1,4713.5,,-6201.18,0.0,,4733.6816,THB,,SMCTFEX_IFSC,300.0,20260514F061246001,
20260514,XOF8003,F,TFEX,GO,Jun 26 ,,,,20260514.0,S,1,4714.0,,-6016.8,0.0,,4734.6339,THB,,SMCTFEX_IFSC,300.0,20260514F061248001,
20260514,XOF8003,F,TFEX,GO,Jun 26 ,,,,20260514.0,S,1,4714.4,,-5799.29,0.0,,4734.156,THB,,SMCTFEX_IFSC,300.0,20260514F061256001,
20260514,XOF8003,F,TFEX,GO,Jun 26 ,,,,20260514.0,S,1,4715.3,,-5671.49,0.0,,4733.3087,THB,,SMCTFEX_IFSC,300.0,20260514F061257001,
20260514,XOF8003,F,TFEX,GO,Jun 26 ,,,,20260514.0,S,1,4715.5,,-5541.79,0.0,,4734.27,THB,,SMCTFEX_IFSC,300.0,20260514F061243001,
20260514,XOF8003,F,TFEX,GO,Jun 26 ,,,,20260514.0,S,1,4719.5,,-4258.63,0.0,,4732.9622,THB,,SMCTFEX_IFSC,300.0,20260514F061239001,
20260514,XOF8003,F,TFEX,GO,Jun 26 ,,,,20260514.0,S,1,4719.5,,-4368.37,0.0,,4733.4967,THB,,SMCTFEX_IFSC,300.0,20260514F061242001,
20260514,XOF8003,F,TFEX,GO,Jun 26 ,,,,20260514.0,S,1,4720.0,,-4105.88,0.0,,4733.9113,THB,,SMCTFEX_IFSC,300.0,20260514F061240001,
20260514,XOF8003,F,TFEX,GO,Jun 26 ,,,,20260514.0,S,1,4720.3,,-4106.28,0.0,,4734.3614,THB,,SMCTFEX_IFSC,300.0,20260514F061238001,
20260514,XOF8003,F,TFEX,GO,Sep 26 ,,,,20260514.0,S,1,4766.4,,-9841.56,0.0,,4800.2009,THB,,SMCTFEX_IFSC,300.0,20260514F061295001,
20260514,XOF8003,F,TFEX,GO,Sep 26 ,,,,20260514.0,S,1,4766.4,,-9919.04,0.0,,4799.3978,THB,,SMCTFEX_IFSC,300.0,20260514F061296001,
20260514,XOF8003,F,TFEX,GO,Sep 26 ,,,,20260514.0,S,1,4766.4,,-9730.43,0.0,,4798.7693,THB,,SMCTFEX_IFSC,300.0,20260514F061297001,
20260514,XOF8003,F,TFEX,GO,Sep 26 ,,,,20260514.0,S,5,4766.4,,-49404.51,0.0,,4799.4866,THB,,SMCTFEX_IFSC,300.0,20260514F061298001,
20260514,XOF8003,F,TFEX,GO,Sep 26 ,,,,20260514.0,S,1,4766.4,,-9903.71,0.0,,4798.9606,THB,,SMCTFEX_IFSC,300.0,20260514F061299001,
20260514,XOF8003,F,TFEX,GO,Sep 26 ,,,,20260514.0,S,1,4766.4,,-9952.49,0.0,,4797.5168,THB,,SMCTFEX_IFSC,300.0,20260514F061300001,
20260514,XOF8003,F,TFEX,GO,Sep 26 ,,,,20260514.0,S,1,4766.5,,-9739.08,0.0,,4800.4151,THB,,SMCTFEX_IFSC,300.0,20260514F061294001,
20260514,XOF8003,F,TFEX,GO,Sep 26 ,,,,20260514.0,S,7,4768.0,,-65714.32,0.0,,4800.4038,THB,,SMCTFEX_IFSC,300.0,20260514F061288001,
20260514,XOF8003,F,TFEX,GO,Sep 26 ,,,,20260514.0,S,1,4768.0,,-9514.93,0.0,,4798.7938,THB,,SMCTFEX_IFSC,300.0,20260514F061289001,
20260514,XOF8003,F,TFEX,GO,Sep 26 ,,,,20260514.0,S,1,4768.0,,-9331.63,0.0,,4799.8907,THB,,SMCTFEX_IFSC,300.0,20260514F061290001,
20260514,XOF8003,F,TFEX,GO,Sep 26 ,,,,20260514.0,S,1,4768.0,,-9369.35,0.0,,4799.5148,THB,,SMCTFEX_IFSC,300.0,20260514F061291001,
20260514,XOF8003,F,TFEX,GO,Sep 26 ,,,,20260514.0,S,1,4768.0,,-9382.91,0.0,,4798.6809,THB,,SMCTFEX_IFSC,300.0,20260514F061292001,
20260514,XOF8003,F,TFEX,SVF,Jun 26 ,,,,20260514.0,S,5,84.2,,-57472.16,0.0,,89.0232,THB,,SMCTFEX_IFSC,3000.0,20260514F061453001,
20260514,XOF8003,F,TFEX,SVF,Jun 26 ,,,,20260514.0,S,1,84.38,,-10922.83,0.0,,88.1895,THB,,SMCTFEX_IFSC,3000.0,20260514F061443001,
20260514,XOF8003,F,TFEX,SVF,Jun 26 ,,,,20260514.0,S,3,84.38,,-32801.86,0.0,,88.2773,THB,,SMCTFEX_IFSC,3000.0,20260514F061444001,
20260514,XOF8003,F,TFEX,SVF,Jun 26 ,,,,20260514.0,S,11,85.05,,-98298.21,0.0,,87.962,THB,,SMCTFEX_IFSC,3000.0,20260514F061431001,
20260514,XOF8003,F,TFEX,SVF,Jun 26 ,,,,20260514.0,S,8,85.45,,-61945.95,0.0,,88.2708,THB,,SMCTFEX_IFSC,3000.0,20260514F061407001,
20260514,XOF8003,F,TFEX,SVF,Jun 26 ,,,,20260514.0,S,2,85.45,,-15540.15,0.0,,88.4568,THB,,SMCTFEX_IFSC,3000.0,20260514F061408001,
20260514,XOF8003,F,TFEX,SVF,Jun 26 ,,,,20260514.0,S,1,85.45,,-7718.21,0.0,,87.3051,THB,,SMCTFEX_IFSC,3000.0,20260514F061409001,
20260514,XOF8003,F,TFEX,SVF,Jun 26 ,,,,20260514.0,S,3,85.47,,-23058.28,0.0,,87.5055,THB,,SMCTFEX_IFSC,3000.0,20260514F061426001,
20260514,XOF8003,F,TFEX,SVF,Jun 26 ,,,,20260514.0,S,3,85.47,,-23035.08,0.0,,87.8139,THB,,SMCTFEX_IFSC,3000.0,20260514F061427001,
20260514,XOF8003,F,TFEX,SVF,Jun 26 ,,,,20260514.0,S,2,85.47,,-15378.27,0.0,,88.2201,THB,,SMCTFEX_IFSC,3000.0,20260514F061428001,
20260514,XOF8003,F,TFEX,SVF,Jun 26 ,,,,20260514.0,S,1,85.47,,-7663.57,0.0,,87.1247,THB,,SMCTFEX_IFSC,3000.0,20260514F061429001,
20260514,XOF8003,F,TFEX,SVF,Jun 26 ,,,,20260514.0,S,2,85.47,,-15335.7,0.0,,87.7036,THB,,SMCTFEX_IFSC,3000.0,20260514F061430001,
20260514,XOF8003,F,TFEX,SVF,Jun 26 ,,,,20260514.0,S,2,85.65,,-14279.48,0.0,,88.1193,THB,,SMCTFEX_IFSC,3000.0,20260514F061400001,
20260514,XOF8003,F,TFEX,SVF,Jun 26 ,,,,20260514.0,S,1,85.65,,-7103.65,0.0,,88.0125,THB,,SMCTFEX_IFSC,3000.0,20260514F061401001,
20260514,XOF8003,F,TFEX,SVF,Jun 26 ,,,,20260514.0,S,1,85.67,,-7029.76,0.0,,89.0396,THB,,SMCTFEX_IFSC,3000.0,20260514F061399001,
20260514,XOF8003,F,TFEX,SVF,Jun 26 ,,,,20260514.0,S,1,85.89,,-6399.31,0.0,,88.3824,THB,,SMCTFEX_IFSC,3000.0,20260514F061398001,
20260514,XOF8003,F,TFEX,SVF,Jun 26 ,,,,20260514.0,S,2,86.86,,-6931.98,0.0,,87.6638,THB,,SMCTFEX_IFSC,3000.0,20260514F061377001,
20260514,XOF8003,F,TFEX,SVF,Jun 26 ,,,,20260514.0,S,2,86.86,,-6895.31,0.0,,88.1103,THB,,SMCTFEX_IFSC,3000.0,20260514F061378001,
20260514,XOF8003,F,TFEX,SVF,Jun 26 ,,,,20260514.0,S,3,86.86,,-10576.62,0.0,,89.3318,THB,,SMCTFEX_IFSC,3000.0,20260514F061379001,
20260514,XOF8003,F,TFEX,SVF,Jun 26 ,,,,20260514.0,S,1,86.86,,-3448.62,0.0,,87.5191,THB,,SMCTFEX_IFSC,3000.0,20260514F061380001,
20260514,XOF8003,F,TFEX,SVF,Jun 26 ,,,,20260514.0,S,1,86.86,,-3416.21,0.0,,87.5426,THB,,SMCTFEX_IFSC,3000.0,20260514F061381001,
20260514,XOF8003,F,TFEX,SVF,Jun 26 ,,,,20260514.0,S,2,86.86,,-6980.89,0.0,,86.9394,THB,,SMCTFEX_IFSC,3000.0,20260514F061382001,
20260514,XOF8003,F,TFEX,SVF,Jun 26 ,,,,20260514.0,S,2,86.94,,-6611.12,0.0,,87.3532,THB,,SMCTFEX_IFSC,3000.0,20260514F061383001,
20260514,XOF8003,F,TFEX,SVF,Jun 26 ,,,,20260514.0,S,2,86.94,,-6409.48,0.0,,88.7414,THB,,SMCTFEX_IFSC,3000.0,20260514F061384001,
20260514,XOF8003,F,TFEX,SVF,Jun 26 ,,,,20260514.0,S,2,86.94,,-6454.8,0.0,,88.753,THB,,SMCTFEX_IFSC,3000.0,20260514F061385001,
20260514,XOF8003,F,TFEX,SVF,Jun 26 ,,,,20260514.0,S,1,87.21,,-2416.82,0.0,,88.073,THB,,SMCTFEX_IFSC,3000.0,20260514F061386001,
20260514,XOF8003,F,TFEX,SVF,Jun 26 ,,,,20260514.0,S,1,87.21,,-2445.47,0.0,,87.4042,THB,,SMCTFEX_IFSC,3000.0,20260514F061387001,
20260514,XOF8003,F,TFEX,SVF,Jun 26 ,,,,20260514.0,S,3,87.21,,-7385.0,0.0,,88.5068,THB,,SMCTFEX_IFSC,3000.0,20260514F061388001,
20260514,XOF8003,F,TFEX,SVF,Jun 26 ,,,,20260514.0,S,1,87.3,,-2386.73,0.0,,88.5205,THB,,SMCTFEX_IFSC,3000.0,20260514F061360001,
20260514,XOF8003,F,TFEX,SVF,Jun 26 ,,,,20260514.0,S,1,87.3,,-2250.55,0.0,,87.7663,THB,,SMCTFEX_IFSC,3000.0,20260514F061361001,
20260514,XOF8003,F,TFEX,SVF,Jun 26 ,,,,20260514.0,S,2,87.32,,-4200.32,0.0,,87.8518,THB,,SMCTFEX_IFSC,3000.0,20260514F061368001,
20260514,XOF8003,F,TFEX,SVF,Jun 26 ,,,,20260514.0,S,1,87.33,,-2147.88,0.0,,88.6162,THB,,SMCTFEX_IFSC,3000.0,20260514F061367001,
20260514,XOF8003,F,TFEX,SVF,Jun 26 ,,,,20260514.0,S,1,87.35,,-1996.45,0.0,,87.7236,THB,,SMCTFEX_IFSC,3000.0,20260514F061359001,
20260514,XOF8003,F,TFEX,SVF,Jun 26 ,,,,20260514.0,S,1,87.45,,-1751.35,0.0,,86.9863,THB,,SMCTFEX_IFSC,3000.0,20260514F061366001,
20260514,XOF8003,F,TFEX,SVF,Jun 26 ,,,,20260514.0,S,1,87.47,,-1746.14,0.0,,87.7761,THB,,SMCTFEX_IFSC,3000.0,20260514F061373001,
20260514,XOF8003,F,TFEX,SVF,Sep 26 ,,,,20260514.0,S,1,85.52,,-11691.24,0.0,,89.8994,THB,,SMCTFEX_IFSC,3000.0,20260514F061447001,
20260514,XOF8003,F,TFEX,SVF,Sep 26 ,,,,20260514.0,S,1,85.52,,-11723.26,0.0,,89.3944,THB,,SMCTFEX_IFSC,3000.0,20260514F061448001,
20260514,XOF8003,F,TFEX,SVF,Sep 26 ,,,,20260514.0,S,1,86.36,,-9166.5,0.0,,88.6895,THB,,SMCTFEX_IFSC,3000.0,20260514F061416001,
20260514,XOF8003,F,TFEX,SVF,Sep 26 ,,,,20260514.0,S,1,86.36,,-9130.14,0.0,,88.5813,THB,,SMCTFEX_IFSC,3000.0,20260514F061417001,
20260514,XOF8003,F,TFEX,SVF,Sep 26 ,,,,20260514.0,S,3,86.36,,-27625.71,0.0,,88.4255,THB,,SMCTFEX_IFSC,3000.0,20260514F061418001,
20260514,XOF8003,F,TFEX,SVF,Sep 26 ,,,,20260514.0,S,11,86.36,,-100922.29,0.0,,89.4303,THB,,SMCTFEX_IFSC,3000.0,20260514F061419001,
20260514,XOF8003,F,TFEX,SVF,Sep 26 ,,,,20260514.0,S,2,86.4,,-18021.55,0.0,,89.6215,THB,,SMCTFEX_IFSC,3000.0,20260514F061432001,
20260514,XOF8003,F,TFEX,SVF,Sep 26 ,,,,20260514.0,S,2,86.4,,-18061.88,0.0,,89.1515,THB,,SMCTFEX_IFSC,3000.0,20260514F061433001,
20260514,XOF8003,F,TFEX,SVF,Sep 26 ,,,,20260514.0,S,1,86.4,,-8934.44,0.0,,89.0266,THB,,SMCTFEX_IFSC,3000.0,20260514F061434001,
20260514,XOF8003,F,TFEX,SVF,Sep 26 ,,,,20260514.0,S,1,86.4,,-9084.56,0.0,,89.4426,THB,,SMCTFEX_IFSC,3000.0,20260514F061435001,
20260514,XOF8003,F,TFEX,SVF,Sep 26 ,,,,20260514.0,S,1,86.4,,-9048.59,0.0,,89.0179,THB,,SMCTFEX_IFSC,3000.0,20260514F061436001,
20260514,XOF8003,F,TFEX,SVF,Sep 26 ,,,,20260514.0,S,2,86.4,,-18184.14,0.0,,91.3006,THB,,SMCTFEX_IFSC,3000.0,20260514F061437001,
20260514,XOF8003,F,TFEX,SVF,Sep 26 ,,,,20260514.0,S,1,86.4,,-9083.46,0.0,,89.1645,THB,,SMCTFEX_IFSC,3000.0,20260514F061438001,
20260514,XOF8003,F,TFEX,SVF,Sep 26 ,,,,20260514.0,S,1,86.4,,-9083.11,0.0,,90.2292,THB,,SMCTFEX_IFSC,3000.0,20260514F061439001,
20260514,XOF8003,F,TFEX,SVF,Sep 26 ,,,,20260514.0,S,1,86.42,,-9055.57,0.0,,88.8032,THB,,SMCTFEX_IFSC,3000.0,20260514F061410001,
20260514,XOF8003,F,TFEX,SVF,Sep 26 ,,,,20260514.0,S,1,86.42,,-9018.47,0.0,,88.4478,THB,,SMCTFEX_IFSC,3000.0,20260514F061411001,
20260514,XOF8003,F,TFEX,SVF,Sep 26 ,,,,20260514.0,S,1,86.42,,-9043.79,0.0,,88.9467,THB,,SMCTFEX_IFSC,3000.0,20260514F061412001,
20260514,XOF8003,F,TFEX,SVF,Sep 26 ,,,,20260514.0,S,1,86.42,,-9064.3,0.0,,89.969,THB,,SMCTFEX_IFSC,3000.0,20260514F061413001,
20260514,XOF8003,F,TFEX,SVF,Sep 26 ,,,,20260514.0,S,1,86.43,,-9071.8,0.0,,88.3579,THB,,SMCTFEX_IFSC,3000.0,20260514F061414001,
20260514,XOF8003,F,TFEX,SVF,Sep 26 ,,,,20260514.0,S,1,86.43,,-8876.08,0.0,,89.3838,THB,,SMCTFEX_IFSC,3000.0,20260514F061415001,
20260514,XOF8003,F,TFEX,SVF,Sep 26 ,,,,20260514.0,S,1,86.46,,-8842.98,0.0,,89.3522,THB,,SMCTFEX_IFSC,3000.0,20260514F061424001,
20260514,XOF8003,F,TFEX,SVF,Sep 26 ,,,,20260514.0,S,1,86.97,,-7370.69,0.0,,88.8198,THB,,SMCTFEX_IFSC,3000.0,20260514F061420001,
20260514,XOF8003,F,TFEX,SVF,Sep 26 ,,,,20260514.0,S,1,86.97,,-7377.1,0.0,,90.5707,THB,,SMCTFEX_IFSC,3000.0,20260514F061421001,
20260514,XOF8003,F,TFEX,SVF,Sep 26 ,,,,20260514.0,S,2,87.99,,-8628.01,0.0,,90.045,THB,,SMCTFEX_IFSC,3000.0,20260514F061394001,
20260514,XOF8003,F,TFEX,SVF,Sep 26 ,,,,20260514.0,S,2,87.99,,-8558.33,0.0,,88.9815,THB,,SMCTFEX_IFSC,3000.0,20260514F061395001,
20260514,XOF8003,F,TFEX,SVF,Sep 26 ,,,,20260514.0,S,3,88.0,,-12773.34,0.0,,90.4441,THB,,SMCTFEX_IFSC,3000.0,20260514F061389001,
20260514,XOF8003,F,TFEX,SVF,Sep 26 ,,,,20260514.0,S,1,88.0,,-4165.91,0.0,,89.4974,THB,,SMCTFEX_IFSC,3000.0,20260514F061390001,
20260514,XOF8003,F,TFEX,SVF,Sep 26 ,,,,20260514.0,S,1,88.0,,-4216.46,0.0,,89.8921,THB,,SMCTFEX_IFSC,3000.0,20260514F061391001,
20260514,XOF8003,F,TFEX,SVF,Sep 26 ,,,,20260514.0,S,1,88.0,,-4225.97,0.0,,89.9715,THB,,SMCTFEX_IFSC,3000.0,20260514F061392001,
20260514,XOF8003,F,TFEX,SVF,Sep 26 ,,,,20260514.0,S,1,88.0,,-4442.19,0.0,,88.4044,THB,,SMCTFEX_IFSC,3000.0,20260514F061393001,
20260514,XOF8003,F,TFEX,SVF,Sep 26 ,,,,20260514.0,S,2,88.6,,-4901.78,0.0,,89.2902,THB,,SMCTFEX_IFSC,3000.0,20260514F061363001,
20260514,XOF8003,F,TFEX,SVF,Sep 26 ,,,,20260514.0,S,1,88.6,,-2454.04,0.0,,90.2649,THB,,SMCTFEX_IFSC,3000.0,20260514F061364001,
20260514,XOF8003,F,TFEX,SVF,Sep 26 ,,,,20260514.0,S,1,88.65,,-2335.64,0.0,,90.5095,THB,,SMCTFEX_IFSC,3000.0,20260514F061362001,
20260514,XOF8003,F,TFEX,SVF,Sep 26 ,,,,20260514.0,S,1,88.93,,-1333.61,0.0,,89.1523,THB,,SMCTFEX_IFSC,3000.0,20260514F061352001,
20260514,XOF8003,F,TFEX,SVF,Sep 26 ,,,,20260514.0,S,1,88.94,,-1472.04,0.0,,90.5377,THB,,SMCTFEX_IFSC,3000.0,20260514F061351001,
20260514,XOF8005,F,COMEX,MGC,Jun 26 ,,,,20260514.0,B,1,4664.9,,147.58,0.0,,4685.9091,USD,,SMCTFEX_IFSC,10.0,20260514F061965001,
20260514,XOF8005,F,COMEX,MGC,Jun 26 ,,,,20260514.0,B,1,4664.9,,194.54,0.0,,4684.1569,USD,,SMCTFEX_IFSC,10.0,20260514F061966001,
20260514,XOF8005,F,COMEX,MGC,Jun 26 ,,,,20260514.0,B,1,4665.2,,200.13,0.0,,4686.1239,USD,,SMCTFEX_IFSC,10.0,20260514F061967001,
20260514,XOF8005,F,COMEX,MGC,Jun 26 ,,,,20260514.0,B,1,4665.3,,363.09,0.0,,4684.7696,USD,,SMCTFEX_IFSC,10.0,20260514F061968001,
20260514,XOF8005,F,COMEX,MGC,Jun 26 ,,,,20260514.0,B,1,4668.7,,138.41,0.0,,4685.3914,USD,,SMCTFEX_IFSC,10.0,20260514F061964001,
20260514,XOF8005,F,COMEX,MGC,Jun 26 ,,,,20260514.0,B,1,4669.6,,252.79,0.0,,4685.5785,USD,,SMCTFEX_IFSC,10.0,20260514F061963001,
20260514,XOF8005,F,COMEX,MGC,Jun 26 ,,,,20260514.0,B,1,4670.1,,278.08,0.0,,4687.6848,USD,,SMCTFEX_IFSC,10.0,20260514F061962001,
20260514,XOF8005,F,COMEX,MGC,Jun 26 ,,,,20260514.0,B,1,4670.9,,283.74,0.0,,4685.613,USD,,SMCTFEX_IFSC,10.0,20260514F061961001,
20260514,XOF8005,F,COMEX,MGC,Jun 26 ,,,,20260514.0,B,1,4673.5,,173.19,0.0,,4683.7966,USD,,SMCTFEX_IFSC,10.0,20260514F061959001,
20260514,XOF8005,F,COMEX,MGC,Jun 26 ,,,,20260514.0,B,1,4675.2,,-23.59,0.0,,4686.0305,USD,,SMCTFEX_IFSC,10.0,20260514F061960001,
20260514,XOF8005,F,COMEX,MGC,Jun 26 ,,,,20260514.0,B,1,4676.5,,-26.17,0.0,,4685.9829,USD,,SMCTFEX_IFSC,10.0,20260514F061933001,
20260514,XOF8005,F,COMEX,MGC,Jun 26 ,,,,20260514.0,B,1,4676.5,,28.79,0.0,,4684.3373,USD,,SMCTFEX_IFSC,10.0,20260514F061952001,
20260514,XOF8005,F,COMEX,MGC,Jun 26 ,,,,20260514.0,B,1,4676.9,,128.72,0.0,,4685.9963,USD,,SMCTFEX_IFSC,10.0,20260514F061934001,
20260514,XOF8005,F,COMEX,MGC,Jun 26 ,,,,20260514.0,B,1,4677.0,,87.25,0.0,,4685.7811,USD,,SMCTFEX_IFSC,10.0,20260514F061932001,
20260514,XOF8005,F,COMEX,MGC,Jun 26 ,,,,20260514.0,B,1,4677.0,,100.41,0.0,,4686.0731,USD,,SMCTFEX_IFSC,10.0,20260514F061935001,
20260514,XOF8005,F,COMEX,MGC,Jun 26 ,,,,20260514.0,B,1,4677.4,,44.32,0.0,,4685.1007,USD,,SMCTFEX_IFSC,10.0,20260514F061936001,
20260514,XOF8005,F,COMEX,MGC,Jun 26 ,,,,20260514.0,B,1,4677.5,,168.75,0.0,,4686.0397,USD,,SMCTFEX_IFSC,10.0,20260514F061958001,
20260514,XOF8005,F,COMEX,MGC,Jun 26 ,,,,20260514.0,B,1,4677.7,,42.95,0.0,,4686.5952,USD,,SMCTFEX_IFSC,10.0,20260514F061931001,
20260514,XOF8005,F,COMEX,MGC,Jun 26 ,,,,20260514.0,B,1,4677.8,,-15.08,0.0,,4685.5716,USD,,SMCTFEX_IFSC,10.0,20260514F061938001,
20260514,XOF8005,F,COMEX,MGC,Jun 26 ,,,,20260514.0,B,1,4677.9,,80.49,0.0,,4686.4811,USD,,SMCTFEX_IFSC,10.0,20260514F061937001,
20260514,XOF8005,F,COMEX,MGC,Jun 26 ,,,,20260514.0,B,1,4677.9,,217.24,0.0,,4683.6777,USD,,SMCTFEX_IFSC,10.0,20260514F061940001,
20260514,XOF8005,F,COMEX,MGC,Jun 26 ,,,,20260514.0,B,1,4678.1,,24.0,0.0,,4686.1089,USD,,SMCTFEX_IFSC,10.0,20260514F061939001,
20260514,XOF8005,F,COMEX,MGC,Jun 26 ,,,,20260514.0,B,1,4678.1,,32.09,0.0,,4685.388,USD,,SMCTFEX_IFSC,10.0,20260514F061941001,
20260514,XOF8005,F,COMEX,MGC,Jun 26 ,,,,20260514.0,B,1,4678.7,,96.11,0.0,,4685.2847,USD,,SMCTFEX_IFSC,10.0,20260514F061955001,
20260514,XOF8005,F,COMEX,MGC,Jun 26 ,,,,20260514.0,B,1,4678.8,,-61.13,0.0,,4685.1526,USD,,SMCTFEX_IFSC,10.0,20260514F061954001,
20260514,XOF8005,F,COMEX,MGC,Jun 26 ,,,,20260514.0,B,1,4678.8,,66.46,0.0,,4684.5468,USD,,SMCTFEX_IFSC,10.0,20260514F061956001,
20260514,XOF8005,F,COMEX,MGC,Jun 26 ,,,,20260514.0,B,1,4678.9,,109.19,0.0,,4686.7986,USD,,SMCTFEX_IFSC,10.0,20260514F061957001,
20260514,XOF8005,F,COMEX,MGC,Jun 26 ,,,,20260514.0,B,1,4679.0,,62.43,0.0,,4685.4779,USD,,SMCTFEX_IFSC,10.0,20260514F061953001,
20260514,XOF8005,F,COMEX,MGC,Jun 26 ,,,,20260514.0,B,1,4679.5,,112.24,0.0,,4685.6136,USD,,SMCTFEX_IFSC,10.0,20260514F061942001,
20260514,XOF8005,F,COMEX,MGC,Jun 26 ,,,,20260514.0,B,1,4681.1,,134.43,0.0,,4685.7721,USD,,SMCTFEX_IFSC,10.0,20260514F061930001,
20260514,XOF8005,F,COMEX,MGC,Jun 26 ,,,,20260514.0,B,1,4684.7,,34.2,0.0,,4685.5145,USD,,SMCTFEX_IFSC,10.0,20260514F061925001,
20260514,XOF8005,F,COMEX,MGC,Jun 26 ,,,,20260514.0,B,1,4686.5,,-7.69,0.0,,4685.6555,USD,,SMCTFEX_IFSC,10.0,20260514F061922001,
20260514,XOF8005,F,COMEX,MGC,Jun 26 ,,,,20260514.0,B,1,4686.5,,-76.28,0.0,,4684.212,USD,,SMCTFEX_IFSC,10.0,20260514F061923001,
20260514,XOF8005,F,COMEX,MGC,Jun 26 ,,,,20260514.0,B,1,4688.5,,-23.04,0.0,,4685.164,USD,,SMCTFEX_IFSC,10.0,20260514F061927001,
20260514,XOF8005,F,COMEX,MGC,Jun 26 ,,,,20260514.0,B,1,4689.7,,-30.85,0.0,,4685.28,USD,,SMCTFEX_IFSC,10.0,20260514F061924001,
20260514,XOF8005,F,COMEX,MGC,Jun 26 ,,,,20260514.0,B,1,4690.6,,-80.85,0.0,,4684.6222,USD,,SMCTFEX_IFSC,10.0,20260514F061929001,
20260514,XOF8005,F,TFEX,GO,Jun 26 ,,,,20260514.0,S,1,4691.2,,-12762.7,0.0,,4735.0711,THB,,SMCTFEX_IFSC,300.0,20260514F062255001,
20260514,XOF8005,F,TFEX,GO,Jun 26 ,,,,20260514.0,S,1,4694.2,,-11836.28,0.0,,4733.3776,THB,,SMCTFEX_IFSC,300.0,20260514F062251001,
20260514,XOF8005,F,TFEX,GO,Jun 26 ,,,,20260514.0,S,1,4694.3,,-11863.97,0.0,,4734.0652,THB,,SMCTFEX_IFSC,300.0,20260514F062253001,
20260514,XOF8005,F,TFEX,GO,Jun 26 ,,,,20260514.0,S,1,4694.4,,-11936.91,0.0,,4735.007,THB,,SMCTFEX_IFSC,300.0,20260514F062252001,
20260514,XOF8005,F,TFEX,GO,Jun 26 ,,,,20260514.0,S,1,4694.6,,-11867.58,0.0,,4732.1879,THB,,SMCTFEX_IFSC,300.0,20260514F062254001,
20260514,XOF8005,F,TFEX,GO,Jun 26 ,,,,20260514.0,S,1,4697.9,,-10929.17,0.0,,4733.9108,THB,,SMCTFEX_IFSC,300.0,20260514F062250001,
20260514,XOF8005,F,TFEX,GO,Jun 26 ,,,,20260514.0,S,1,4698.9,,-10550.99,0.0,,4734.4177,THB,,SMCTFEX_IFSC,300.0,20260514F062249001,
20260514,XOF8005,F,TFEX,GO,Jun 26 ,,,,20260514.0,S,1,4700.0,,-10288.49,0.0,,4734.8423,THB,,SMCTFEX_IFSC,300.0,20260514F062248001,
20260514,XOF8005,F,TFEX,GO,Jun 26 ,,,,20260514.0,S,1,4700.3,,-10137.59,0.0,,4733.9572,THB,,SMCTFEX_IFSC,300.0,20260514F062247001,
20260514,XOF8005,F,TFEX,GO,Jun 26 ,,,,20260514.0,S,1,4702.3,,-9498.73,0.0,,4734.351,THB,,SMCTFEX_IFSC,300.0,20260514F062245001,
20260514,XOF8005,F,TFEX,GO,Jun 26 ,,,,20260514.0,S,1,4704.3,,-8857.03,0.0,,4735.2004,THB,,SMCTFEX_IFSC,300.0,20260514F062246001,
20260514,XOF8005,F,TFEX,GO,Jun 26 ,,,,20260514.0,S,1,4705.1,,-8653.85,0.0,,4733.5024,THB,,SMCTFEX_IFSC,300.0,20260514F062216001,
20260514,XOF8005,F,TFEX,GO,Jun 26 ,,,,20260514.0,S,1,4705.3,,-8496.28,0.0,,4733.6628,THB,,SMCTFEX_IFSC,300.0,20260514F062237001,
20260514,XOF8005,F,TFEX,GO,Jun 26 ,,,,20260514.0,S,1,4705.5,,-8518.23,0.0,,4733.3586,THB,,SMCTFEX_IFSC,300.0,20260514F062217001,
20260514,XOF8005,F,TFEX,GO,Jun 26 ,,,,20260514.0,S,1,4705.6,,-8525.34,0.0,,4732.8813,THB,,SMCTFEX_IFSC,300.0,20260514F062215001,
20260514,XOF8005,F,TFEX,GO,Jun 26 ,,,,20260514.0,S,1,4705.6,,-8432.56,0.0,,4733.6525,THB,,SMCTFEX_IFSC,300.0,20260514F062218001,
20260514,XOF8005,F,TFEX,GO,Jun 26 ,,,,20260514.0,S,1,4706.0,,-8506.0,0.0,,4733.7322,THB,,SMCTFEX_IFSC,300.0,20260514F062219001,
20260514,XOF8005,F,TFEX,GO,Jun 26 ,,,,20260514.0,S,1,4706.3,,-8431.83,0.0,,4733.7068,THB,,SMCTFEX_IFSC,300.0,20260514F062214001,
20260514,XOF8005,F,TFEX,GO,Jun 26 ,,,,20260514.0,S,1,4706.3,,-8251.76,0.0,,4735.0856,THB,,SMCTFEX_IFSC,300.0,20260514F062244001,
20260514,XOF8005,F,TFEX,GO,Jun 26 ,,,,20260514.0,S,1,4706.4,,-8219.08,0.0,,4733.8298,THB,,SMCTFEX_IFSC,300.0,20260514F062221001,
20260514,XOF8005,F,TFEX,GO,Jun 26 ,,,,20260514.0,S,1,4706.5,,-8253.38,0.0,,4734.6829,THB,,SMCTFEX_IFSC,300.0,20260514F062226001,
20260514,XOF8005,F,TFEX,GO,Jun 26 ,,,,20260514.0,S,1,4706.6,,-8201.81,0.0,,4734.6284,THB,,SMCTFEX_IFSC,300.0,20260514F062220001,
20260514,XOF8005,F,TFEX,GO,Jun 26 ,,,,20260514.0,S,1,4706.6,,-8258.95,0.0,,4733.6281,THB,,SMCTFEX_IFSC,300.0,20260514F062223001,
20260514,XOF8005,F,TFEX,GO,Jun 26 ,,,,20260514.0,S,1,4706.7,,-8224.92,0.0,,4734.2501,THB,,SMCTFEX_IFSC,300.0,20260514F062222001,
20260514,XOF8005,F,TFEX,GO,Jun 26 ,,,,20260514.0,S,1,4706.7,,-8109.35,0.0,,4733.5175,THB,,SMCTFEX_IFSC,300.0,20260514F062224001,
20260514,XOF8005,F,TFEX,GO,Jun 26 ,,,,20260514.0,S,1,4707.3,,-8037.4,0.0,,4733.9659,THB,,SMCTFEX_IFSC,300.0,20260514F062241001,
20260514,XOF8005,F,TFEX,GO,Jun 26 ,,,,20260514.0,S,1,4707.5,,-7985.88,0.0,,4734.25,THB,,SMCTFEX_IFSC,300.0,20260514F062240001,
20260514,XOF8005,F,TFEX,GO,Jun 26 ,,,,20260514.0,S,1,4707.6,,-7864.88,0.0,,4734.6715,THB,,SMCTFEX_IFSC,300.0,20260514F062239001,
20260514,XOF8005,F,TFEX,GO,Jun 26 ,,,,20260514.0,S,1,4707.6,,-7887.2,0.0,,4732.5549,THB,,SMCTFEX_IFSC,300.0,20260514F062242001,
20260514,XOF8005,F,TFEX,GO,Jun 26 ,,,,20260514.0,S,1,4707.7,,-7930.67,0.0,,4733.7547,THB,,SMCTFEX_IFSC,300.0,20260514F062243001,
20260514,XOF8005,F,TFEX,GO,Jun 26 ,,,,20260514.0,S,1,4708.1,,-7793.27,0.0,,4733.8074,THB,,SMCTFEX_IFSC,300.0,20260514F062225001,
20260514,XOF8005,F,TFEX,GO,Jun 26 ,,,,20260514.0,S,1,4708.3,,-7627.84,0.0,,4732.4781,THB,,SMCTFEX_IFSC,300.0,20260514F062238001,
20260514,XOF8005,F,TFEX,GO,Jun 26 ,,,,20260514.0,S,1,4709.7,,-7376.07,0.0,,4733.4079,THB,,SMCTFEX_IFSC,300.0,20260514F062213001,
20260514,XOF8005,F,TFEX,GO,Jun 26 ,,,,20260514.0,S,1,4713.3,,-6084.13,0.0,,4733.4103,THB,,SMCTFEX_IFSC,300.0,20260514F062207001,
20260514,XOF8005,F,TFEX,GO,Jun 26 ,,,,20260514.0,S,1,4714.8,,-5838.94,0.0,,4733.7113,THB,,SMCTFEX_IFSC,300.0,20260514F062206001,
20260514,XOF8005,F,TFEX,GO,Jun 26 ,,,,20260514.0,S,1,4715.1,,-5650.13,0.0,,4733.8689,THB,,SMCTFEX_IFSC,300.0,20260514F062205001,
20260514,XOF8005,F,TFEX,GO,Jun 26 ,,,,20260514.0,S,1,4716.2,,-5406.68,0.0,,4734.3923,THB,,SMCTFEX_IFSC,300.0,20260514F062212001,
20260514,XOF8005,F,TFEX,GO,Jun 26 ,,,,20260514.0,S,1,4717.1,,-5019.61,0.0,,4733.4844,THB,,SMCTFEX_IFSC,300.0,20260514F062210001,
20260514,XOF8005,F,TFEX,GO,Jun 26 ,,,,20260514.0,S,1,4719.3,,-4371.69,0.0,,4733.3203,THB,,SMCTFEX_IFSC,300.0,20260514F062208001,
20260514,XOF8007,F,COMEX,MGC,Jun 26 ,,,,20260514.0,B,1,4677.6,,188.46,0.0,,4683.4881,USD,,SMCTFEX_IFSC,10.0,20260514F062429001,
20260514,XOF8007,F,COMEX,MGC,Jun 26 ,,,,20260514.0,B,1,4677.8,,94.63,0.0,,4685.3082,USD,,SMCTFEX_IFSC,10.0,20260514F062431001,
20260514,XOF8007,F,COMEX,MGC,Jun 26 ,,,,20260514.0,B,1,4677.9,,57.64,0.0,,4685.8444,USD,,SMCTFEX_IFSC,10.0,20260514F062464001,
20260514,XOF8007,F,COMEX,MGC,Jun 26 ,,,,20260514.0,B,1,4678.0,,91.57,0.0,,4685.1603,USD,,SMCTFEX_IFSC,10.0,20260514F062427001,
20260514,XOF8007,F,COMEX,MGC,Jun 26 ,,,,20260514.0,B,1,4678.2,,65.45,0.0,,4685.3956,USD,,SMCTFEX_IFSC,10.0,20260514F062428001,
20260514,XOF8007,F,COMEX,MGC,Jun 26 ,,,,20260514.0,B,1,4678.8,,15.8,0.0,,4685.0543,USD,,SMCTFEX_IFSC,10.0,20260514F062457001,
20260514,XOF8007,F,COMEX,MGC,Jun 26 ,,,,20260514.0,B,1,4678.9,,177.37,0.0,,4684.5768,USD,,SMCTFEX_IFSC,10.0,20260514F062447001,
20260514,XOF8007,F,COMEX,MGC,Jun 26 ,,,,20260514.0,B,1,4679.0,,49.02,0.0,,4684.5415,USD,,SMCTFEX_IFSC,10.0,20260514F062424001,
20260514,XOF8007,F,COMEX,MGC,Jun 26 ,,,,20260514.0,B,1,4679.1,,63.23,0.0,,4686.002,USD,,SMCTFEX_IFSC,10.0,20260514F062426001,
20260514,XOF8007,F,COMEX,MGC,Jun 26 ,,,,20260514.0,B,1,4679.1,,104.09,0.0,,4686.5536,USD,,SMCTFEX_IFSC,10.0,20260514F062456001,
20260514,XOF8007,F,COMEX,MGC,Jun 26 ,,,,20260514.0,B,1,4679.2,,65.72,0.0,,4685.678,USD,,SMCTFEX_IFSC,10.0,20260514F062448001,
20260514,XOF8007,F,COMEX,MGC,Jun 26 ,,,,20260514.0,B,1,4679.4,,132.72,0.0,,4686.3156,USD,,SMCTFEX_IFSC,10.0,20260514F062458001,
20260514,XOF8007,F,COMEX,MGC,Jun 26 ,,,,20260514.0,B,1,4679.6,,-69.31,0.0,,4686.2045,USD,,SMCTFEX_IFSC,10.0,20260514F062461001,
20260514,XOF8007,F,COMEX,MGC,Jun 26 ,,,,20260514.0,B,1,4679.8,,168.61,0.0,,4686.266,USD,,SMCTFEX_IFSC,10.0,20260514F062449001,
20260514,XOF8007,F,COMEX,MGC,Jun 26 ,,,,20260514.0,B,1,4680.5,,16.15,0.0,,4685.6218,USD,,SMCTFEX_IFSC,10.0,20260514F062438001,
20260514,XOF8007,F,COMEX,MGC,Jun 26 ,,,,20260514.0,B,1,4680.5,,15.98,0.0,,4685.7989,USD,,SMCTFEX_IFSC,10.0,20260514F062440001,
20260514,XOF8007,F,COMEX,MGC,Jun 26 ,,,,20260514.0,B,1,4680.6,,47.0,0.0,,4685.3,USD,,SMCTFEX_IFSC,10.0,20260514F062441001,
20260514,XOF8007,F,COMEX,MGC,Jun 26 ,,,,20260514.0,B,1,4680.6,,21.49,0.0,,4685.4125,USD,,SMCTFEX_IFSC,10.0,20260514F062442001,
20260514,XOF8007,F,COMEX,MGC,Jun 26 ,,,,20260514.0,B,1,4680.6,,112.59,0.0,,4686.2951,USD,,SMCTFEX_IFSC,10.0,20260514F062443001,
20260514,XOF8007,F,COMEX,MGC,Jun 26 ,,,,20260514.0,B,1,4680.7,,33.81,0.0,,4684.7906,USD,,SMCTFEX_IFSC,10.0,20260514F062436001,
20260514,XOF8007,F,COMEX,MGC,Jun 26 ,,,,20260514.0,B,1,4680.8,,27.16,0.0,,4685.2566,USD,,SMCTFEX_IFSC,10.0,20260514F062432001,
20260514,XOF8007,F,COMEX,MGC,Jun 26 ,,,,20260514.0,B,1,4680.8,,91.86,0.0,,4684.8487,USD,,SMCTFEX_IFSC,10.0,20260514F062433001,
20260514,XOF8007,F,COMEX,MGC,Jun 26 ,,,,20260514.0,B,1,4680.8,,-47.97,0.0,,4685.0031,USD,,SMCTFEX_IFSC,10.0,20260514F062444001,
20260514,XOF8007,F,COMEX,MGC,Jun 26 ,,,,20260514.0,B,1,4680.8,,116.51,0.0,,4685.566,USD,,SMCTFEX_IFSC,10.0,20260514F062450001,
20260514,XOF8007,F,COMEX,MGC,Jun 26 ,,,,20260514.0,B,1,4680.9,,19.36,0.0,,4684.6598,USD,,SMCTFEX_IFSC,10.0,20260514F062434001,
20260514,XOF8007,F,COMEX,MGC,Aug 26 ,,,,20260514.0,B,1,4709.5,,131.57,0.0,,4719.7572,USD,,SMCTFEX_IFSC,10.0,20260514F062419001,
20260514,XOF8007,F,COMEX,MGC,Aug 26 ,,,,20260514.0,B,1,4709.7,,156.2,0.0,,4720.2132,USD,,SMCTFEX_IFSC,10.0,20260514F062414001,
20260514,XOF8007,F,COMEX,MGC,Aug 26 ,,,,20260514.0,B,1,4709.9,,99.25,0.0,,4719.22,USD,,SMCTFEX_IFSC,10.0,20260514F062418001,
20260514,XOF8007,F,COMEX,MGC,Aug 26 ,,,,20260514.0,B,1,4710.3,,59.54,0.0,,4720.0929,USD,,SMCTFEX_IFSC,10.0,20260514F062421001,
20260514,XOF8007,F,COMEX,MGC,Aug 26 ,,,,20260514.0,B,1,4710.8,,125.17,0.0,,4719.7839,USD,,SMCTFEX_IFSC,10.0,20260514F062412001,
20260514,XOF8007,F,COMEX,MGC,Aug 26 ,,,,20260514.0,B,1,4710.9,,87.53,0.0,,4720.2668,USD,,SMCTFEX_IFSC,10.0,20260514F062411001,
20260514,XOF8007,F,COMEX,MGC,Aug 26 ,,,,20260514.0,B,1,4711.3,,39.72,0.0,,4720.6316,USD,,SMCTFEX_IFSC,10.0,20260514F062465001,
20260514,XOF8007,F,COMEX,MGC,Aug 26 ,,,,20260514.0,B,1,4712.2,,84.18,0.0,,4720.7097,USD,,SMCTFEX_IFSC,10.0,20260514F062423001,
20260514,XOF8007,F,COMEX,MGC,Aug 26 ,,,,20260514.0,B,1,4712.2,,183.23,0.0,,4719.3044,USD,,SMCTFEX_IFSC,10.0,20260514F062463001,
20260514,XOF8007,F,COMEX,MGC,Aug 26 ,,,,20260514.0,B,1,4712.4,,23.34,0.0,,4720.3477,USD,,SMCTFEX_IFSC,10.0,20260514F062430001,
20260514,XOF8007,F,COMEX,MGC,Aug 26 ,,,,20260514.0,B,1,4713.3,,184.09,0.0,,4719.396,USD,,SMCTFEX_IFSC,10.0,20260514F062453001,
20260514,XOF8007,F,COMEX,MGC,Aug 26 ,,,,20260514.0,B,1,4713.3,,9.87,0.0,,4719.0073,USD,,SMCTFEX_IFSC,10.0,20260514F062454001,
20260514,XOF8007,F,COMEX,MGC,Aug 26 ,,,,20260514.0,B,1,4713.4,,86.62,0.0,,4719.8241,USD,,SMCTFEX_IFSC,10.0,20260514F062455001,
20260514,XOF8007,F,COMEX,MGC,Aug 26 ,,,,20260514.0,B,1,4713.5,,41.52,0.0,,4719.4525,USD,,SMCTFEX_IFSC,10.0,20260514F062425001,
20260514,XOF8007,F,COMEX,MGC,Aug 26 ,,,,20260514.0,B,1,4713.5,,73.31,0.0,,4718.4819,USD,,SMCTFEX_IFSC,10.0,20260514F062445001,
20260514,XOF8007,F,COMEX,MGC,Aug 26 ,,,,20260514.0,B,1,4713.5,,-26.68,0.0,,4719.484,USD,,SMCTFEX_IFSC,10.0,20260514F062446001,
20260514,XOF8007,F,COMEX,MGC,Aug 26 ,,,,20260514.0,B,1,4713.9,,47.09,0.0,,4719.2967,USD,,SMCTFEX_IFSC,10.0,20260514F062462001,
20260514,XOF8007,F,COMEX,MGC,Aug 26 ,,,,20260514.0,B,1,4714.0,,-5.48,0.0,,4719.7307,USD,,SMCTFEX_IFSC,10.0,20260514F062459001,
20260514,XOF8007,F,COMEX,MGC,Aug 26 ,,,,20260514.0,B,1,4714.0,,130.67,0.0,,4720.2326,USD,,SMCTFEX_IFSC,10.0,20260514F062460001,
20260514,XOF8007,F,COMEX,MGC,Aug 26 ,,,,20260514.0,B,1,4715.1,,-95.16,0.0,,4719.4634,USD,,SMCTFEX_IFSC,10.0,20260514F062439001,
20260514,XOF8007,F,COMEX,MGC,Aug 26 ,,,,20260514.0,B,1,4715.3,,-34.34,0.0,,4720.1128,USD,,SMCTFEX_IFSC,10.0,20260514F062435001,
20260514,XOF8007,F,COMEX,MGC,Aug 26 ,,,,20260514.0,B,1,4715.3,,62.48,0.0,,4720.5629,USD,,SMCTFEX_IFSC,10.0,20260514F062451001,
20260514,XOF8007,F,COMEX,MGC,Aug 26 ,,,,20260514.0,B,1,4715.3,,-40.02,0.0,,4719.4675,USD,,SMCTFEX_IFSC,10.0,20260514F062452001,
20260514,XOF8007,F,COMEX,MGC,Aug 26 ,,,,20260514.0,B,1,4715.4,,10.12,0.0,,4721.6849,USD,,SMCTFEX_IFSC,10.0,20260514F062437001,
20260514,XOF8007,F,COMEX,MGC,Aug 26 ,,,,20260514.0,B,1,4718.7,,-132.9,0.0,,4719.243,USD,,SMCTFEX_IFSC,10.0,20260514F062407001,
20260514,XOF8007,F,COMEX,SIC,Jul 26 ,,,,20260513.0,B,1,86.85,,-161.42,0.0,,84.9705,USD,,SMCTFEX_IFSC,100.0,20260513F056593001,
20260514,XOF8007,F,COMEX,SIC,Jul 26 ,,,,20260514.0,B,1,86.85,,-68.69,0.0,,86.2569,USD,,SMCTFEX_IFSC,100.0,20260514F062470001,
20260514,XOF8007,F,COMEX,SIC,Jul 26 ,,,,20260513.0,B,1,86.88,,-126.33,0.0,,85.5618,USD,,SMCTFEX_IFSC,100.0,20260513F056595001,
20260514,XOF8007,F,COMEX,SIC,Jul 26 ,,,,20260513.0,B,1,86.89,,-63.08,0.0,,84.8918,USD,,SMCTFEX_IFSC,100.0,20260513F056594001,
20260514,XOF8007,F,COMEX,SIC,Jul 26 ,,,,20260514.0,B,1,86.92,,-113.94,0.0,,85.334,USD,,SMCTFEX_IFSC,100.0,20260514F062471001,
20260514,XOF8007,F,COMEX,SIC,Jul 26 ,,,,20260513.0,B,1,86.95,,-180.48,0.0,,85.3596,USD,,SMCTFEX_IFSC,100.0,20260513F056596001,
20260514,XOF8007,F,COMEX,SIC,Jul 26 ,,,,20260514.0,B,1,86.97,,-181.79,0.0,,85.7891,USD,,SMCTFEX_IFSC,100.0,20260514F062468001,
20260514,XOF8007,F,COMEX,SIC,Jul 26 ,,,,20260514.0,B,1,87.03,,-144.13,0.0,,86.1781,USD,,SMCTFEX_IFSC,100.0,20260514F062469001,
20260514,XOF8007,F,COMEX,SIC,Jul 26 ,,,,20260514.0,B,1,87.1,,-250.8,0.0,,84.6628,USD,,SMCTFEX_IFSC,100.0,20260514F062472001,
20260514,XOF8007,F,COMEX,SIC,Jul 26 ,,,,20260513.0,B,1,87.12,,-239.38,0.0,,85.0859,USD,,SMCTFEX_IFSC,100.0,20260513F056598001,
20260514,XOF8007,F,COMEX,SIC,Jul 26 ,,,,20260514.0,B,1,87.15,,-139.49,0.0,,86.84,USD,,SMCTFEX_IFSC,100.0,20260514F062473001,
20260514,XOF8007,F,COMEX,SIC,Jul 26 ,,,,20260514.0,B,1,87.19,,-24.26,0.0,,85.8398,USD,,SMCTFEX_IFSC,100.0,20260514F062474001,
20260514,XOF8007,F,COMEX,SIC,Jul 26 ,,,,20260514.0,B,1,87.21,,-186.82,0.0,,84.0378,USD,,SMCTFEX_IFSC,100.0,20260514F062475001,
20260514,XOF8007,F,COMEX,SIC,Jul 26 ,,,,20260513.0,B,1,87.22,,-145.47,0.0,,86.7305,USD,,SMCTFEX_IFSC,100.0,20260513F056597001,
20260514,XOF8007,F,COMEX,SIC,Jul 26 ,,,,20260514.0,B,1,87.23,,-116.1,0.0,,85.6208,USD,,SMCTFEX_IFSC,100.0,20260514F062476001,
20260514,XOF8007,F,COMEX,SIC,Jul 26 ,,,,20260514.0,B,1,87.29,,-226.32,0.0,,85.513,USD,,SMCTFEX_IFSC,100.0,20260514F062477001,
20260514,XOF8007,F,COMEX,SIC,Jul 26 ,,,,20260514.0,B,1,87.3,,-143.63,0.0,,85.0548,USD,,SMCTFEX_IFSC,100.0,20260514F062479001,
20260514,XOF8007,F,COMEX,SIC,Jul 26 ,,,,20260514.0,B,1,87.32,,-72.23,0.0,,84.4065,USD,,SMCTFEX_IFSC,100.0,20260514F062478001,
20260514,XOF8007,F,COMEX,SIC,Jul 26 ,,,,20260514.0,B,1,87.39,,-83.1,0.0,,86.8079,USD,,SMCTFEX_IFSC,100.0,20260514F062480001,
20260514,XOF8007,F,COMEX,SIC,Jul 26 ,,,,20260514.0,B,1,87.4,,-179.35,0.0,,85.2331,USD,,SMCTFEX_IFSC,100.0,20260514F062481001,
20260514,XOF8007,F,COMEX,SIC,Jul 26 ,,,,20260514.0,B,1,87.48,,-263.66,0.0,,84.2911,USD,,SMCTFEX_IFSC,100.0,20260514F062492001,
20260514,XOF8007,F,COMEX,SIC,Jul 26 ,,,,20260514.0,B,1,87.51,,-180.91,0.0,,84.5449,USD,,SMCTFEX_IFSC,100.0,20260514F062490001,
20260514,XOF8007,F,COMEX,SIC,Jul 26 ,,,,20260514.0,B,1,87.74,,-365.38,0.0,,86.4612,USD,,SMCTFEX_IFSC,100.0,20260514F062493001,
20260514,XOF8007,F,COMEX,SIC,Jul 26 ,,,,20260514.0,B,1,87.75,,-167.87,0.0,,85.9946,USD,,SMCTFEX_IFSC,100.0,20260514F062494001,
20260514,XOF8007,F,COMEX,SIC,Jul 26 ,,,,20260514.0,B,1,87.75,,-162.26,0.0,,83.5924,USD,,SMCTFEX_IFSC,100.0,20260514F062495001,
20260514,XOF8007,F,COMEX,SIC,Jul 26 ,,,,20260514.0,B,1,87.82,,-208.45,0.0,,85.8121,USD,,SMCTFEX_IFSC,100.0,20260514F062501001,
20260514,XOF8007,F,COMEX,SIC,Jul 26 ,,,,20260514.0,B,1,87.9,,-276.57,0.0,,85.481,USD,,SMCTFEX_IFSC,100.0,20260514F062496001,
20260514,XOF8007,F,COMEX,SIC,Jul 26 ,,,,20260514.0,B,1,87.92,,-291.07,0.0,,85.2463,USD,,SMCTFEX_IFSC,100.0,20260514F062466001,
20260514,XOF8007,F,COMEX,SIC,Jul 26 ,,,,20260514.0,B,1,87.93,,-250.49,0.0,,85.1025,USD,,SMCTFEX_IFSC,100.0,20260514F062497001,
20260514,XOF8007,F,COMEX,SIC,Jul 26 ,,,,20260514.0,B,1,87.96,,-212.13,0.0,,85.1136,USD,,SMCTFEX_IFSC,100.0,20260514F062498001,
20260514,XOF8007,F,COMEX,SIC,Jul 26 ,,,,20260514.0,B,1,87.96,,-223.26,0.0,,85.7732,USD,,SMCTFEX_IFSC,100.0,20260514F062499001,
20260514,XOF8007,F,COMEX,SIC,Jul 26 ,,,,20260513.0,B,1,88.0,,-308.81,0.0,,86.1022,USD,,SMCTFEX_IFSC,100.0,20260513F056599001,
20260514,XOF8007,F,COMEX,SIC,Jul 26 ,,,,20260513.0,B,1,88.01,,-324.16,0.0,,84.5285,USD,,SMCTFEX_IFSC,100.0,20260513F056661001,
20260514,XOF8007,F,COMEX,SIC,Jul 26 ,,,,20260514.0,B,1,88.01,,-349.59,0.0,,84.9479,USD,,SMCTFEX_IFSC,100.0,20260514F062467001,
20260514,XOF8007,F,COMEX,SIC,Jul 26 ,,,,20260513.0,B,1,88.04,,-334.29,0.0,,84.7111,USD,,SMCTFEX_IFSC,100.0,20260513F056600001,
20260514,XOF8007,F,COMEX,SIC,Jul 26 ,,,,20260513.0,B,1,88.04,,-501.73,0.0,,83.3126,USD,,SMCTFEX_IFSC,100.0,20260513F056602001,
20260514,XOF8007,F,COMEX,SIC,Jul 26 ,,,,20260513.0,B,1,88.05,,-300.31,0.0,,84.7558,USD,,SMCTFEX_IFSC,100.0,20260513F056660001,
20260514,XOF8007,F,COMEX,SIC,Jul 26 ,,,,20260514.0,B,1,88.05,,-327.28,0.0,,84.3819,USD,,SMCTFEX_IFSC,100.0,20260514F062500001,
20260514,XOF8007,F,COMEX,SIC,Jul 26 ,,,,20260513.0,B,1,88.06,,-334.03,0.0,,85.4782,USD,,SMCTFEX_IFSC,100.0,20260513F056601001,
20260514,XOF8007,F,COMEX,SIC,Jul 26 ,,,,20260513.0,B,1,88.1,,-405.7,0.0,,85.1815,USD,,SMCTFEX_IFSC,100.0,20260513F056659001,
20260514,XOF8007,F,COMEX,SIC,Jul 26 ,,,,20260513.0,B,1,88.11,,-394.07,0.0,,86.3385,USD,,SMCTFEX_IFSC,100.0,20260513F056662001,
20260514,XOF8007,F,COMEX,SIC,Jul 26 ,,,,20260513.0,B,1,88.31,,-302.29,0.0,,85.6957,USD,,SMCTFEX_IFSC,100.0,20260513F056658001,
20260514,XOF8007,F,COMEX,SIC,Jul 26 ,,,,20260513.0,B,1,88.34,,-479.38,0.0,,83.7007,USD,,SMCTFEX_IFSC,100.0,20260513F056655001,
20260514,XOF8007,F,COMEX,SIC,Jul 26 ,,,,20260513.0,B,1,88.35,,-296.24,0.0,,85.1438,USD,,SMCTFEX_IFSC,100.0,20260513F056649001,
20260514,XOF8007,F,COMEX,SIC,Jul 26 ,,,,20260513.0,B,1,88.35,,-287.31,0.0,,85.5926,USD,,SMCTFEX_IFSC,100.0,20260513F056654001,
20260514,XOF8007,F,COMEX,SIC,Jul 26 ,,,,20260513.0,B,1,88.35,,-122.16,0.0,,85.2802,USD,,SMCTFEX_IFSC,100.0,20260513F056656001,
20260514,XOF8007,F,COMEX,SIC,Jul 26 ,,,,20260513.0,B,1,88.36,,-238.74,0.0,,86.1504,USD,,SMCTFEX_IFSC,100.0,20260513F056650001,
20260514,XOF8007,F,COMEX,SIC,Jul 26 ,,,,20260513.0,B,1,88.36,,-331.15,0.0,,85.6069,USD,,SMCTFEX_IFSC,100.0,20260513F056657001,
20260514,XOF8007,F,COMEX,SIC,Jul 26 ,,,,20260513.0,B,1,88.37,,-307.54,0.0,,85.1767,USD,,SMCTFEX_IFSC,100.0,20260513F056651001,
20260514,XOF8007,F,COMEX,SIC,Jul 26 ,,,,20260513.0,B,1,88.37,,-288.92,0.0,,84.5348,USD,,SMCTFEX_IFSC,100.0,20260513F056653001,
20260514,XOF8007,F,COMEX,SIC,Jul 26 ,,,,20260513.0,B,1,88.38,,-198.37,0.0,,84.7221,USD,,SMCTFEX_IFSC,100.0,20260513F056652001,
20260514,XOF8007,F,COMEX,SIC,Jul 26 ,,,,20260513.0,B,1,88.42,,-358.17,0.0,,86.4819,USD,,SMCTFEX_IFSC,100.0,20260513F056646001,
20260514,XOF8007,F,COMEX,SIC,Jul 26 ,,,,20260513.0,B,1,88.42,,-295.56,0.0,,84.8654,USD,,SMCTFEX_IFSC,100.0,20260513F056648001,
20260514,XOF8007,F,COMEX,SIC,Jul 26 ,,,,20260513.0,B,1,88.46,,-211.19,0.0,,85.666,USD,,SMCTFEX_IFSC,100.0,20260513F056647001,
20260514,XOF8007,F,COMEX,SIC,Jul 26 ,,,,20260513.0,B,1,88.57,,-316.13,0.0,,84.3695,USD,,SMCTFEX_IFSC,100.0,20260513F056634001,
20260514,XOF8007,F,COMEX,SIC,Jul 26 ,,,,20260513.0,B,1,88.57,,-377.31,0.0,,85.8668,USD,,SMCTFEX_IFSC,100.0,20260513F056645001,
20260514,XOF8007,F,COMEX,SIC,Jul 26 ,,,,20260513.0,B,1,88.62,,-415.3,0.0,,85.3849,USD,,SMCTFEX_IFSC,100.0,20260513F056636001,
20260514,XOF8007,F,COMEX,SIC,Jul 26 ,,,,20260513.0,B,1,88.64,,-315.76,0.0,,85.8238,USD,,SMCTFEX_IFSC,100.0,20260513F056633001,
20260514,XOF8007,F,COMEX,SIC,Jul 26 ,,,,20260513.0,B,1,88.64,,-370.81,0.0,,85.6899,USD,,SMCTFEX_IFSC,100.0,20260513F056635001,
20260514,XOF8007,F,COMEX,SIC,Jul 26 ,,,,20260513.0,B,1,88.64,,-385.45,0.0,,85.8189,USD,,SMCTFEX_IFSC,100.0,20260513F056637001,
20260514,XOF8007,F,COMEX,SIC,Jul 26 ,,,,20260513.0,B,1,88.65,,-338.14,0.0,,85.241,USD,,SMCTFEX_IFSC,100.0,20260513F056631001,
20260514,XOF8007,F,COMEX,SIC,Jul 26 ,,,,20260513.0,B,1,88.65,,-418.4,0.0,,85.6669,USD,,SMCTFEX_IFSC,100.0,20260513F056632001,
20260514,XOF8007,F,COMEX,SIC,Jul 26 ,,,,20260513.0,B,1,88.74,,-395.27,0.0,,86.2812,USD,,SMCTFEX_IFSC,100.0,20260513F056639001,
20260514,XOF8007,F,COMEX,SIC,Jul 26 ,,,,20260513.0,B,1,88.74,,-348.74,0.0,,86.1446,USD,,SMCTFEX_IFSC,100.0,20260513F056640001,
20260514,XOF8007,F,COMEX,SIC,Jul 26 ,,,,20260513.0,B,1,88.74,,-459.11,0.0,,86.2431,USD,,SMCTFEX_IFSC,100.0,20260513F056641001,
20260514,XOF8007,F,COMEX,SIC,Jul 26 ,,,,20260513.0,B,1,88.74,,-311.11,0.0,,85.3116,USD,,SMCTFEX_IFSC,100.0,20260513F056642001,
20260514,XOF8007,F,COMEX,SIC,Jul 26 ,,,,20260513.0,B,1,88.76,,-228.36,0.0,,85.3973,USD,,SMCTFEX_IFSC,100.0,20260513F056643001,
20260514,XOF8007,F,COMEX,SIC,Jul 26 ,,,,20260513.0,B,1,88.78,,-414.76,0.0,,85.8097,USD,,SMCTFEX_IFSC,100.0,20260513F056644001,
20260514,XOF8007,F,COMEX,SIC,Jul 26 ,,,,20260513.0,B,1,88.87,,-301.32,0.0,,85.4436,USD,,SMCTFEX_IFSC,100.0,20260513F056638001,
20260514,XOF8007,F,COMEX,SIC,Jul 26 ,,,,20260513.0,B,1,89.17,,-340.43,0.0,,85.0977,USD,,SMCTFEX_IFSC,100.0,20260513F056630001,
20260514,XOF8007,F,COMEX,SIC,Jul 26 ,,,,20260513.0,B,1,89.2,,-295.38,0.0,,84.6369,USD,,SMCTFEX_IFSC,100.0,20260513F056629001,
20260514,XOF8007,F,COMEX,SIC,Jul 26 ,,,,20260513.0,B,1,89.3,,-403.79,0.0,,86.2734,USD,,SMCTFEX_IFSC,100.0,20260513F056628001,
20260514,XOF8007,F,COMEX,SIC,Jul 26 ,,,,20260513.0,B,1,89.85,,-438.42,0.0,,86.5868,USD,,SMCTFEX_IFSC,100.0,20260513F056624001,
20260514,XOF8007,F,COMEX,SIC,Sep 26 ,,,,20260514.0,B,1,86.0,,82.45,0.0,,85.5709,USD,,SMCTFEX_IFSC,100.0,20260514F062511001,
20260514,XOF8007,F,COMEX,SIC,Sep 26 ,,,,20260514.0,B,1,87.19,,-106.25,0.0,,86.463,USD,,SMCTFEX_IFSC,100.0,20260514F062510001,
20260514,XOF8007,F,COMEX,SIC,Sep 26 ,,,,20260514.0,B,1,87.42,,-109.63,0.0,,86.3129,USD,,SMCTFEX_IFSC,100.0,20260514F062509001,
20260514,XOF8007,F,COMEX,SIC,Sep 26 ,,,,20260514.0,B,1,87.45,,-166.87,0.0,,86.551,USD,,SMCTFEX_IFSC,100.0,20260514F062506001,
20260514,XOF8007,F,COMEX,SIC,Sep 26 ,,,,20260514.0,B,1,87.47,,-193.13,0.0,,84.7328,USD,,SMCTFEX_IFSC,100.0,20260514F062505001,
20260514,XOF8007,F,COMEX,SIC,Sep 26 ,,,,20260514.0,B,1,87.51,,-164.73,0.0,,86.5737,USD,,SMCTFEX_IFSC,100.0,20260514F062508001,
20260514,XOF8007,F,COMEX,SIC,Sep 26 ,,,,20260514.0,B,1,87.73,,-238.17,0.0,,86.3327,USD,,SMCTFEX_IFSC,100.0,20260514F062507001,
20260514,XOF8007,F,COMEX,SIC,Sep 26 ,,,,20260514.0,B,1,87.8,,-208.67,0.0,,84.5712,USD,,SMCTFEX_IFSC,100.0,20260514F062503001,
20260514,XOF8007,F,COMEX,SIC,Sep 26 ,,,,20260514.0,B,1,87.86,,-240.29,0.0,,86.9582,USD,,SMCTFEX_IFSC,100.0,20260514F062504001,
20260514,XOF8007,F,COMEX,SIC,Sep 26 ,,,,20260514.0,B,1,88.1,,-14.06,0.0,,87.1976,USD,,SMCTFEX_IFSC,100.0,20260514F062483001,
20260514,XOF8007,F,COMEX,SIC,Sep 26 ,,,,20260514.0,B,1,88.1,,-168.45,0.0,,85.4336,USD,,SMCTFEX_IFSC,100.0,20260514F062484001,
20260514,XOF8007,F,COMEX,SIC,Sep 26 ,,,,20260514.0,B,1,88.1,,-213.1,0.0,,86.1156,USD,,SMCTFEX_IFSC,100.0,20260514F062485001,
20260514,XOF8007,F,COMEX,SIC,Sep 26 ,,,,20260514.0,B,1,88.1,,-118.12,0.0,,85.5231,USD,,SMCTFEX_IFSC,100.0,20260514F062486001,
20260514,XOF8007,F,COMEX,SIC,Sep 26 ,,,,20260514.0,B,1,88.11,,-153.19,0.0,,85.3466,USD,,SMCTFEX_IFSC,100.0,20260514F062487001,
20260514,XOF8007,F,COMEX,SIC,Sep 26 ,,,,20260514.0,B,1,88.12,,-304.78,0.0,,85.7928,USD,,SMCTFEX_IFSC,100.0,20260514F062482001,
20260514,XOF8007,F,COMEX,SIC,Sep 26 ,,,,20260514.0,B,1,88.19,,-166.53,0.0,,86.2274,USD,,SMCTFEX_IFSC,100.0,20260514F062491001,
20260514,XOF8007,F,COMEX,SIC,Sep 26 ,,,,20260514.0,B,1,88.19,,-167.84,0.0,,86.115,USD,,SMCTFEX_IFSC,100.0,20260514F062502001,
20260514,XOF8007,F,COMEX,SIC,Sep 26 ,,,,20260514.0,B,1,88.24,,-275.27,0.0,,85.3758,USD,,SMCTFEX_IFSC,100.0,20260514F062488001,
20260514,XOF8007,F,COMEX,SIC,Sep 26 ,,,,20260514.0,B,1,88.31,,-276.89,0.0,,85.6828,USD,,SMCTFEX_IFSC,100.0,20260514F062489001,
20260514,XOF8007,F,COMEX,SIL,Jul 26 ,,,,20260514.0,B,1,87.9,,-2602.97,0.0,,84.9946,USD,,SMCTFEX_IFSC,1000.0,20260514F062512001,
20260514,XOF8007,F,COMEX,SIL,Jul 26 ,,,,20260514.0,B,1,87.915,,-2720.73,0.0,,85.3568,USD,,SMCTFEX_IFSC,1000.0,20260514F062513001,
20260514,XOF8007,F,COMEX,SIL,Jul 26 ,,,,20260514.0,B,1,87.92,,-2685.36,0.0,,85.9636,USD,,SMCTFEX_IFSC,1000.0,20260514F062514001,
20260514,XOF8007,F,COMEX,SIL,Jul 26 ,,,,20260514.0,B,1,87.945,,-2513.31,0.0,,85.0798,USD,,SMCTFEX_IFSC,1000.0,20260514F062515001,
20260514,XOF8007,F,COMEX,SIL,Jul 26 ,,,,20260514.0,B,1,87.985,,-2604.27,0.0,,86.1251,USD,,SMCTFEX_IFSC,1000.0,20260514F062516001,
20260514,XOF8007,F,TFEX,GO,Jun 26 ,,,,20260514.0,S,1,4703.1,,-9206.56,0.0,,4733.8782,THB,,SMCTFEX_IFSC,300.0,20260514F062671001,
20260514,XOF8007,F,TFEX,GO,Jun 26 ,,,,20260514.0,S,1,4703.1,,-9258.9,0.0,,4734.4462,THB,,SMCTFEX_IFSC,300.0,20260514F062672001,
20260514,XOF8007,F,TFEX,GO,Jun 26 ,,,,20260514.0,S,1,4703.7,,-9218.6,0.0,,4734.3317,THB,,SMCTFEX_IFSC,300.0,20260514F062677001,
20260514,XOF8007,F,TFEX,GO,Jun 26 ,,,,20260514.0,S,1,4703.8,,-9108.4,0.0,,4732.5247,THB,,SMCTFEX_IFSC,300.0,20260514F062676001,
20260514,XOF8007,F,TFEX,GO,Jun 26 ,,,,20260514.0,S,1,4703.9,,-8937.97,0.0,,4733.8374,THB,,SMCTFEX_IFSC,300.0,20260514F062674001,
20260514,XOF8007,F,TFEX,GO,Jun 26 ,,,,20260514.0,S,1,4704.0,,-9022.22,0.0,,4733.8286,THB,,SMCTFEX_IFSC,300.0,20260514F062675001,
20260514,XOF8007,F,TFEX,GO,Jun 26 ,,,,20260514.0,S,1,4704.4,,-8885.38,0.0,,4734.3316,THB,,SMCTFEX_IFSC,300.0,20260514F062724001,
20260514,XOF8007,F,TFEX,GO,Jun 26 ,,,,20260514.0,S,1,4705.3,,-8620.28,0.0,,4733.7906,THB,,SMCTFEX_IFSC,300.0,20260514F062678001,
20260514,XOF8007,F,TFEX,GO,Jun 26 ,,,,20260514.0,S,1,4705.9,,-8535.98,0.0,,4734.0363,THB,,SMCTFEX_IFSC,300.0,20260514F062684001,
20260514,XOF8007,F,TFEX,GO,Jun 26 ,,,,20260514.0,S,1,4705.9,,-8432.9,0.0,,4734.5293,THB,,SMCTFEX_IFSC,300.0,20260514F062685001,
20260514,XOF8007,F,TFEX,GO,Jun 26 ,,,,20260514.0,S,1,4705.9,,-8356.31,0.0,,4734.4056,THB,,SMCTFEX_IFSC,300.0,20260514F062686001,
20260514,XOF8007,F,TFEX,GO,Jun 26 ,,,,20260514.0,S,1,4706.0,,-8444.24,0.0,,4734.8608,THB,,SMCTFEX_IFSC,300.0,20260514F062687001,
20260514,XOF8007,F,TFEX,GO,Jun 26 ,,,,20260514.0,S,1,4706.2,,-8334.49,0.0,,4733.6365,THB,,SMCTFEX_IFSC,300.0,20260514F062679001,
20260514,XOF8007,F,TFEX,GO,Jun 26 ,,,,20260514.0,S,1,4706.2,,-8353.28,0.0,,4734.6101,THB,,SMCTFEX_IFSC,300.0,20260514F062682001,
20260514,XOF8007,F,TFEX,GO,Jun 26 ,,,,20260514.0,S,1,4706.3,,-8255.16,0.0,,4732.6108,THB,,SMCTFEX_IFSC,300.0,20260514F062683001,
20260514,XOF8007,F,TFEX,GO,Jun 26 ,,,,20260514.0,S,1,4706.3,,-8225.43,0.0,,4734.95,THB,,SMCTFEX_IFSC,300.0,20260514F062722001,
20260514,XOF8007,F,TFEX,GO,Jun 26 ,,,,20260514.0,S,1,4706.4,,-8374.78,0.0,,4734.8563,THB,,SMCTFEX_IFSC,300.0,20260514F062723001,
20260514,XOF8007,F,TFEX,GO,Jun 26 ,,,,20260514.0,S,1,4707.1,,-8167.29,0.0,,4734.2594,THB,,SMCTFEX_IFSC,300.0,20260514F062712001,
20260514,XOF8007,F,TFEX,GO,Jun 26 ,,,,20260514.0,S,1,4707.2,,-7964.39,0.0,,4733.7298,THB,,SMCTFEX_IFSC,300.0,20260514F062703001,
20260514,XOF8007,F,TFEX,GO,Jun 26 ,,,,20260514.0,S,1,4707.2,,-8059.52,0.0,,4734.7939,THB,,SMCTFEX_IFSC,300.0,20260514F062707001,
20260514,XOF8007,F,TFEX,GO,Jun 26 ,,,,20260514.0,S,1,4707.2,,-8117.31,0.0,,4734.2139,THB,,SMCTFEX_IFSC,300.0,20260514F062714001,
20260514,XOF8007,F,TFEX,GO,Jun 26 ,,,,20260514.0,S,1,4707.3,,-8082.95,0.0,,4733.6111,THB,,SMCTFEX_IFSC,300.0,20260514F062681001,
20260514,XOF8007,F,TFEX,GO,Jun 26 ,,,,20260514.0,S,1,4707.3,,-8054.81,0.0,,4733.9977,THB,,SMCTFEX_IFSC,300.0,20260514F062704001,
20260514,XOF8007,F,TFEX,GO,Jun 26 ,,,,20260514.0,S,1,4707.3,,-8013.74,0.0,,4733.6718,THB,,SMCTFEX_IFSC,300.0,20260514F062715001,
20260514,XOF8007,F,TFEX,GO,Jun 26 ,,,,20260514.0,S,1,4707.3,,-8019.6,0.0,,4734.7405,THB,,SMCTFEX_IFSC,300.0,20260514F062716001,
20260514,XOF8007,F,TFEX,GO,Jun 26 ,,,,20260514.0,S,1,4707.3,,-8038.73,0.0,,4734.2109,THB,,SMCTFEX_IFSC,300.0,20260514F062717001,
20260514,XOF8007,F,TFEX,GO,Jun 26 ,,,,20260514.0,S,1,4707.4,,-8048.16,0.0,,4733.2452,THB,,SMCTFEX_IFSC,300.0,20260514F062708001,
20260514,XOF8007,F,TFEX,GO,Jun 26 ,,,,20260514.0,S,1,4707.4,,-7959.14,0.0,,4735.4138,THB,,SMCTFEX_IFSC,300.0,20260514F062718001,
20260514,XOF8007,F,TFEX,GO,Jun 26 ,,,,20260514.0,S,1,4707.5,,-7846.59,0.0,,4734.8895,THB,,SMCTFEX_IFSC,300.0,20260514F062706001,
20260514,XOF8007,F,TFEX,GO,Jun 26 ,,,,20260514.0,S,1,4707.7,,-7913.01,0.0,,4734.6596,THB,,SMCTFEX_IFSC,300.0,20260514F062720001,
20260514,XOF8007,F,TFEX,GO,Jun 26 ,,,,20260514.0,S,1,4707.8,,-7881.83,0.0,,4733.7623,THB,,SMCTFEX_IFSC,300.0,20260514F062721001,
20260514,XOF8007,F,TFEX,GO,Jun 26 ,,,,20260514.0,S,1,4707.9,,-7807.09,0.0,,4733.7696,THB,,SMCTFEX_IFSC,300.0,20260514F062710001,
20260514,XOF8007,F,TFEX,GO,Jun 26 ,,,,20260514.0,S,1,4708.0,,-7833.01,0.0,,4735.3947,THB,,SMCTFEX_IFSC,300.0,20260514F062711001,
20260514,XOF8007,F,TFEX,GO,Jun 26 ,,,,20260514.0,S,1,4708.5,,-7474.29,0.0,,4733.3615,THB,,SMCTFEX_IFSC,300.0,20260514F062691001,
20260514,XOF8007,F,TFEX,GO,Jun 26 ,,,,20260514.0,S,1,4708.8,,-7474.19,0.0,,4734.6183,THB,,SMCTFEX_IFSC,300.0,20260514F062692001,
20260514,XOF8007,F,TFEX,GO,Jun 26 ,,,,20260514.0,S,1,4708.8,,-7541.74,0.0,,4735.1601,THB,,SMCTFEX_IFSC,300.0,20260514F062695001,
20260514,XOF8007,F,TFEX,GO,Jun 26 ,,,,20260514.0,S,1,4708.8,,-7645.61,0.0,,4735.0934,THB,,SMCTFEX_IFSC,300.0,20260514F062697001,
20260514,XOF8007,F,TFEX,GO,Jun 26 ,,,,20260514.0,S,1,4708.8,,-7592.34,0.0,,4734.2972,THB,,SMCTFEX_IFSC,300.0,20260514F062702001,
20260514,XOF8007,F,TFEX,GO,Jun 26 ,,,,20260514.0,S,1,4708.9,,-7504.46,0.0,,4734.128,THB,,SMCTFEX_IFSC,300.0,20260514F062689001,
20260514,XOF8007,F,TFEX,GO,Jun 26 ,,,,20260514.0,S,1,4708.9,,-7518.07,0.0,,4733.752,THB,,SMCTFEX_IFSC,300.0,20260514F062693001,
20260514,XOF8007,F,TFEX,GO,Jun 26 ,,,,20260514.0,S,1,4709.0,,-7422.68,0.0,,4734.8328,THB,,SMCTFEX_IFSC,300.0,20260514F062688001,
20260514,XOF8007,F,TFEX,GO,Jun 26 ,,,,20260514.0,S,1,4709.0,,-7382.93,0.0,,4734.2966,THB,,SMCTFEX_IFSC,300.0,20260514F062690001,
20260514,XOF8007,F,TFEX,GO,Jun 26 ,,,,20260514.0,S,1,4709.0,,-7352.71,0.0,,4733.6963,THB,,SMCTFEX_IFSC,300.0,20260514F062698001,
20260514,XOF8007,F,TFEX,GO,Jun 26 ,,,,20260514.0,S,1,4709.0,,-7433.38,0.0,,4734.3489,THB,,SMCTFEX_IFSC,300.0,20260514F062699001,
20260514,XOF8007,F,TFEX,GO,Jun 26 ,,,,20260514.0,S,1,4709.0,,-7399.16,0.0,,4733.9586,THB,,SMCTFEX_IFSC,300.0,20260514F062700001,
20260514,XOF8007,F,TFEX,GO,Jun 26 ,,,,20260514.0,S,1,4709.1,,-7470.64,0.0,,4733.1798,THB,,SMCTFEX_IFSC,300.0,20260514F062694001,
20260514,XOF8007,F,TFEX,GO,Jun 26 ,,,,20260514.0,S,1,4709.1,,-7425.01,0.0,,4734.9048,THB,,SMCTFEX_IFSC,300.0,20260514F062701001,
20260514,XOF8007,F,TFEX,GO,Sep 26 ,,,,20260514.0,S,1,4769.8,,-8840.53,0.0,,4799.7537,THB,,SMCTFEX_IFSC,300.0,20260514F062673001,
20260514,XOF8007,F,TFEX,GO,Sep 26 ,,,,20260514.0,S,1,4773.9,,-7699.72,0.0,,4799.9299,THB,,SMCTFEX_IFSC,300.0,20260514F062705001,
20260514,XOF8007,F,TFEX,GO,Sep 26 ,,,,20260514.0,S,1,4773.9,,-7515.09,0.0,,4799.5812,THB,,SMCTFEX_IFSC,300.0,20260514F062713001,
20260514,XOF8007,F,TFEX,GO,Sep 26 ,,,,20260514.0,S,1,4774.1,,-7506.53,0.0,,4799.3526,THB,,SMCTFEX_IFSC,300.0,20260514F062719001,
20260514,XOF8007,F,TFEX,GO,Sep 26 ,,,,20260514.0,S,1,4774.4,,-7325.45,0.0,,4798.9463,THB,,SMCTFEX_IFSC,300.0,20260514F062709001,
20260514,XOF8007,F,TFEX,GO,Sep 26 ,,,,20260514.0,S,1,4774.5,,-7544.39,0.0,,4799.4731,THB,,SMCTFEX_IFSC,300.0,20260514F062680001,
20260514,XOF8007,F,TFEX,GO,Sep 26 ,,,,20260514.0,S,1,4775.4,,-7120.22,0.0,,4798.5776,THB,,SMCTFEX_IFSC,300.0,20260514F062696001,
20260514,XOF8007,F,TFEX,SVF,Jun 26 ,,,,20260513.0,S,1,87.05,,-2992.08,0.0,,88.1066,THB,,SMCTFEX_IFSC,3000.0,20260513F056845001,
20260514,XOF8007,F,TFEX,SVF,Jun 26 ,,,,20260513.0,S,1,87.06,,-2992.2,0.0,,87.8848,THB,,SMCTFEX_IFSC,3000.0,20260513F056844001,
20260514,XOF8007,F,TFEX,SVF,Jun 26 ,,,,20260514.0,S,1,87.09,,-2791.14,0.0,,87.7874,THB,,SMCTFEX_IFSC,3000.0,20260514F062745001,
20260514,XOF8007,F,TFEX,SVF,Jun 26 ,,,,20260513.0,S,1,87.12,,-2705.73,0.0,,89.1553,THB,,SMCTFEX_IFSC,3000.0,20260513F056846001,
20260514,XOF8007,F,TFEX,SVF,Jun 26 ,,,,20260514.0,S,1,87.14,,-2627.84,0.0,,88.1848,THB,,SMCTFEX_IFSC,3000.0,20260514F062746001,
20260514,XOF8007,F,TFEX,SVF,Jun 26 ,,,,20260514.0,S,1,87.17,,-2536.11,0.0,,87.7403,THB,,SMCTFEX_IFSC,3000.0,20260514F062743001,
20260514,XOF8007,F,TFEX,SVF,Jun 26 ,,,,20260514.0,S,1,87.18,,-2483.96,0.0,,88.4554,THB,,SMCTFEX_IFSC,3000.0,20260514F062747001,
20260514,XOF8007,F,TFEX,SVF,Jun 26 ,,,,20260514.0,S,1,87.25,,-2281.09,0.0,,87.7194,THB,,SMCTFEX_IFSC,3000.0,20260514F062744001,
20260514,XOF8007,F,TFEX,SVF,Jun 26 ,,,,20260513.0,S,1,87.29,,-2161.26,0.0,,88.4532,THB,,SMCTFEX_IFSC,3000.0,20260513F056848001,
20260514,XOF8007,F,TFEX,SVF,Jun 26 ,,,,20260514.0,S,1,87.37,,-1934.11,0.0,,88.1899,THB,,SMCTFEX_IFSC,3000.0,20260514F062748001,
20260514,XOF8007,F,TFEX,SVF,Jun 26 ,,,,20260513.0,S,1,87.39,,-1925.39,0.0,,88.0054,THB,,SMCTFEX_IFSC,3000.0,20260513F056847001,
20260514,XOF8007,F,TFEX,SVF,Jun 26 ,,,,20260514.0,S,1,87.41,,-1850.36,0.0,,88.9234,THB,,SMCTFEX_IFSC,3000.0,20260514F062749001,
20260514,XOF8007,F,TFEX,SVF,Jun 26 ,,,,20260514.0,S,1,87.43,,-1755.14,0.0,,88.5887,THB,,SMCTFEX_IFSC,3000.0,20260514F062750001,
20260514,XOF8007,F,TFEX,SVF,Jun 26 ,,,,20260514.0,S,1,87.47,,-1693.44,0.0,,88.4187,THB,,SMCTFEX_IFSC,3000.0,20260514F062751001,
20260514,XOF8007,F,TFEX,SVF,Jun 26 ,,,,20260513.0,S,1,87.51,,-1565.04,0.0,,87.8459,THB,,SMCTFEX_IFSC,3000.0,20260513F056849001,
20260514,XOF8007,F,TFEX,SVF,Jun 26 ,,,,20260514.0,S,1,87.53,,-1494.86,0.0,,88.8178,THB,,SMCTFEX_IFSC,3000.0,20260514F062752001,
20260514,XOF8007,F,TFEX,SVF,Jun 26 ,,,,20260514.0,S,1,87.53,,-1434.01,0.0,,87.5982,THB,,SMCTFEX_IFSC,3000.0,20260514F062754001,
20260514,XOF8007,F,TFEX,SVF,Jun 26 ,,,,20260514.0,S,1,87.54,,-1479.53,0.0,,87.7247,THB,,SMCTFEX_IFSC,3000.0,20260514F062753001,
20260514,XOF8007,F,TFEX,SVF,Jun 26 ,,,,20260514.0,S,1,87.61,,-1219.52,0.0,,87.6026,THB,,SMCTFEX_IFSC,3000.0,20260514F062755001,
20260514,XOF8007,F,TFEX,SVF,Jun 26 ,,,,20260514.0,S,1,87.64,,-1086.75,0.0,,87.7939,THB,,SMCTFEX_IFSC,3000.0,20260514F062756001,
20260514,XOF8007,F,TFEX,SVF,Jun 26 ,,,,20260514.0,S,1,87.67,,-1002.84,0.0,,88.7011,THB,,SMCTFEX_IFSC,3000.0,20260514F062769001,
20260514,XOF8007,F,TFEX,SVF,Jun 26 ,,,,20260514.0,S,1,87.73,,-971.3,0.0,,87.5952,THB,,SMCTFEX_IFSC,3000.0,20260514F062767001,
20260514,XOF8007,F,TFEX,SVF,Jun 26 ,,,,20260514.0,S,1,87.97,,-91.42,0.0,,87.892,THB,,SMCTFEX_IFSC,3000.0,20260514F062771001,
20260514,XOF8007,F,TFEX,SVF,Jun 26 ,,,,20260514.0,S,1,87.98,,-246.38,0.0,,88.7221,THB,,SMCTFEX_IFSC,3000.0,20260514F062770001,
20260514,XOF8007,F,TFEX,SVF,Jun 26 ,,,,20260514.0,S,1,87.98,,-293.99,0.0,,87.7399,THB,,SMCTFEX_IFSC,3000.0,20260514F062772001,
20260514,XOF8007,F,TFEX,SVF,Jun 26 ,,,,20260514.0,S,1,88.05,,64.9,0.0,,88.2606,THB,,SMCTFEX_IFSC,3000.0,20260514F062778001,
20260514,XOF8007,F,TFEX,SVF,Jun 26 ,,,,20260514.0,S,1,88.1,,309.05,0.0,,88.2051,THB,,SMCTFEX_IFSC,3000.0,20260514F062726001,
20260514,XOF8007,F,TFEX,SVF,Jun 26 ,,,,20260514.0,S,10,88.1,,2158.02,0.0,,88.9627,THB,,SMCTFEX_IFSC,3000.0,20260514F062727001,
20260514,XOF8007,F,TFEX,SVF,Jun 26 ,,,,20260514.0,S,11,88.1,,2305.06,0.0,,88.3234,THB,,SMCTFEX_IFSC,3000.0,20260514F062728001,
20260514,XOF8007,F,TFEX,SVF,Jun 26 ,,,,20260514.0,S,1,88.11,,240.0,0.0,,88.03,THB,,SMCTFEX_IFSC,3000.0,20260514F062725001,
20260514,XOF8007,F,TFEX,SVF,Jun 26 ,,,,20260514.0,S,1,88.11,,76.57,0.0,,87.2843,THB,,SMCTFEX_IFSC,3000.0,20260514F062729001,
20260514,XOF8007,F,TFEX,SVF,Jun 26 ,,,,20260514.0,S,3,88.11,,693.72,0.0,,87.9487,THB,,SMCTFEX_IFSC,3000.0,20260514F062730001,
20260514,XOF8007,F,TFEX,SVF,Jun 26 ,,,,20260514.0,S,1,88.11,,188.33,0.0,,87.863,THB,,SMCTFEX_IFSC,3000.0,20260514F062731001,
20260514,XOF8007,F,TFEX,SVF,Jun 26 ,,,,20260514.0,S,1,88.11,,204.91,0.0,,88.9501,THB,,SMCTFEX_IFSC,3000.0,20260514F062732001,
20260514,XOF8007,F,TFEX,SVF,Jun 26 ,,,,20260514.0,S,1,88.11,,187.27,0.0,,88.3028,THB,,SMCTFEX_IFSC,3000.0,20260514F062733001,
20260514,XOF8007,F,TFEX,SVF,Jun 26 ,,,,20260514.0,S,1,88.11,,244.62,0.0,,87.7681,THB,,SMCTFEX_IFSC,3000.0,20260514F062734001,
20260514,XOF8007,F,TFEX,SVF,Jun 26 ,,,,20260514.0,S,3,88.11,,757.7,0.0,,88.3731,THB,,SMCTFEX_IFSC,3000.0,20260514F062735001,
20260514,XOF8007,F,TFEX,SVF,Jun 26 ,,,,20260514.0,S,5,88.13,,1570.03,0.0,,86.6429,THB,,SMCTFEX_IFSC,3000.0,20260514F062736001,
20260514,XOF8007,F,TFEX,SVF,Jun 26 ,,,,20260514.0,S,5,88.13,,1502.93,0.0,,89.1866,THB,,SMCTFEX_IFSC,3000.0,20260514F062737001,
20260514,XOF8007,F,TFEX,SVF,Jun 26 ,,,,20260514.0,S,1,88.13,,283.26,0.0,,88.1765,THB,,SMCTFEX_IFSC,3000.0,20260514F062738001,
20260514,XOF8007,F,TFEX,SVF,Jun 26 ,,,,20260514.0,S,1,88.13,,350.2,0.0,,87.4086,THB,,SMCTFEX_IFSC,3000.0,20260514F062773001,
20260514,XOF8007,F,TFEX,SVF,Jun 26 ,,,,20260514.0,S,1,88.14,,351.09,0.0,,88.7774,THB,,SMCTFEX_IFSC,3000.0,20260514F062774001,
20260514,XOF8007,F,TFEX,SVF,Jun 26 ,,,,20260514.0,S,2,88.15,,702.49,0.0,,89.2832,THB,,SMCTFEX_IFSC,3000.0,20260514F062739001,
20260514,XOF8007,F,TFEX,SVF,Jun 26 ,,,,20260514.0,S,5,88.15,,1918.12,0.0,,86.7611,THB,,SMCTFEX_IFSC,3000.0,20260514F062740001,
20260514,XOF8007,F,TFEX,SVF,Jun 26 ,,,,20260514.0,S,4,88.17,,1639.26,0.0,,87.6624,THB,,SMCTFEX_IFSC,3000.0,20260514F062741001,
20260514,XOF8007,F,TFEX,SVF,Jun 26 ,,,,20260514.0,S,1,88.18,,356.55,0.0,,88.0583,THB,,SMCTFEX_IFSC,3000.0,20260514F062775001,
20260514,XOF8007,F,TFEX,SVF,Jun 26 ,,,,20260514.0,S,1,88.18,,502.52,0.0,,87.3719,THB,,SMCTFEX_IFSC,3000.0,20260514F062776001,
20260514,XOF8007,F,TFEX,SVF,Jun 26 ,,,,20260513.0,S,1,88.19,,521.99,0.0,,87.3677,THB,,SMCTFEX_IFSC,3000.0,20260513F056850001,
20260514,XOF8007,F,TFEX,SVF,Jun 26 ,,,,20260513.0,S,1,88.19,,490.35,0.0,,87.5994,THB,,SMCTFEX_IFSC,3000.0,20260513F056928001,
20260514,XOF8007,F,TFEX,SVF,Jun 26 ,,,,20260514.0,S,1,88.19,,519.06,0.0,,87.8318,THB,,SMCTFEX_IFSC,3000.0,20260514F062742001,
20260514,XOF8007,F,TFEX,SVF,Jun 26 ,,,,20260513.0,S,1,88.2,,583.12,0.0,,87.1167,THB,,SMCTFEX_IFSC,3000.0,20260513F056929001,
20260514,XOF8007,F,TFEX,SVF,Jun 26 ,,,,20260513.0,S,1,88.21,,561.79,0.0,,88.1776,THB,,SMCTFEX_IFSC,3000.0,20260513F056851001,
20260514,XOF8007,F,TFEX,SVF,Jun 26 ,,,,20260513.0,S,1,88.22,,685.04,0.0,,87.1211,THB,,SMCTFEX_IFSC,3000.0,20260513F056853001,
20260514,XOF8007,F,TFEX,SVF,Jun 26 ,,,,20260514.0,S,1,88.23,,572.45,0.0,,88.3116,THB,,SMCTFEX_IFSC,3000.0,20260514F062777001,
20260514,XOF8007,F,TFEX,SVF,Jun 26 ,,,,20260513.0,S,1,88.24,,593.25,0.0,,87.9856,THB,,SMCTFEX_IFSC,3000.0,20260513F056852001,
20260514,XOF8007,F,TFEX,SVF,Jun 26 ,,,,20260513.0,S,1,88.25,,727.94,0.0,,87.9263,THB,,SMCTFEX_IFSC,3000.0,20260513F056927001,
20260514,XOF8007,F,TFEX,SVF,Jun 26 ,,,,20260513.0,S,1,88.31,,789.15,0.0,,87.997,THB,,SMCTFEX_IFSC,3000.0,20260513F056926001,
20260514,XOF8007,F,TFEX,SVF,Jun 26 ,,,,20260513.0,S,1,88.47,,1318.57,0.0,,88.6806,THB,,SMCTFEX_IFSC,3000.0,20260513F056854001,
20260514,XOF8007,F,TFEX,SVF,Jun 26 ,,,,20260513.0,S,1,88.52,,1512.95,0.0,,88.2512,THB,,SMCTFEX_IFSC,3000.0,20260513F056921001,
20260514,XOF8007,F,TFEX,SVF,Jun 26 ,,,,20260513.0,S,1,88.52,,1404.78,0.0,,87.6168,THB,,SMCTFEX_IFSC,3000.0,20260513F056922001,
20260514,XOF8007,F,TFEX,SVF,Jun 26 ,,,,20260513.0,S,1,88.52,,1461.43,0.0,,87.8203,THB,,SMCTFEX_IFSC,3000.0,20260513F056923001,
20260514,XOF8007,F,TFEX,SVF,Jun 26 ,,,,20260513.0,S,1,88.52,,1411.78,0.0,,90.1058,THB,,SMCTFEX_IFSC,3000.0,20260513F056925001,
20260514,XOF8007,F,TFEX,SVF,Jun 26 ,,,,20260513.0,S,1,88.53,,1509.77,0.0,,87.6654,THB,,SMCTFEX_IFSC,3000.0,20260513F056919001,
20260514,XOF8007,F,TFEX,SVF,Jun 26 ,,,,20260513.0,S,1,88.53,,1376.69,0.0,,88.6175,THB,,SMCTFEX_IFSC,3000.0,20260513F056924001,
20260514,XOF8007,F,TFEX,SVF,Jun 26 ,,,,20260513.0,S,1,88.54,,1454.11,0.0,,87.5303,THB,,SMCTFEX_IFSC,3000.0,20260513F056915001,
20260514,XOF8007,F,TFEX,SVF,Jun 26 ,,,,20260513.0,S,1,88.54,,1507.96,0.0,,87.8687,THB,,SMCTFEX_IFSC,3000.0,20260513F056916001,
20260514,XOF8007,F,TFEX,SVF,Jun 26 ,,,,20260513.0,S,1,88.54,,1558.94,0.0,,89.2625,THB,,SMCTFEX_IFSC,3000.0,20260513F056917001,
20260514,XOF8007,F,TFEX,SVF,Jun 26 ,,,,20260513.0,S,1,88.54,,1567.06,0.0,,87.562,THB,,SMCTFEX_IFSC,3000.0,20260513F056920001,
20260514,XOF8007,F,TFEX,SVF,Jun 26 ,,,,20260513.0,S,1,88.56,,1553.5,0.0,,88.2341,THB,,SMCTFEX_IFSC,3000.0,20260513F056918001,
20260514,XOF8007,F,TFEX,SVF,Jun 26 ,,,,20260513.0,S,1,88.59,,1762.97,0.0,,88.2718,THB,,SMCTFEX_IFSC,3000.0,20260513F056914001,
20260514,XOF8007,F,TFEX,SVF,Jun 26 ,,,,20260513.0,S,1,88.6,,1723.45,0.0,,88.0303,THB,,SMCTFEX_IFSC,3000.0,20260513F056912001,
20260514,XOF8007,F,TFEX,SVF,Jun 26 ,,,,20260513.0,S,1,88.62,,1698.37,0.0,,87.9761,THB,,SMCTFEX_IFSC,3000.0,20260513F056913001,
20260514,XOF8007,F,TFEX,SVF,Jun 26 ,,,,20260513.0,S,1,88.75,,2190.65,0.0,,89.215,THB,,SMCTFEX_IFSC,3000.0,20260513F056899001,
20260514,XOF8007,F,TFEX,SVF,Jun 26 ,,,,20260513.0,S,1,88.75,,2217.73,0.0,,88.4682,THB,,SMCTFEX_IFSC,3000.0,20260513F056911001,
20260514,XOF8007,F,TFEX,SVF,Jun 26 ,,,,20260513.0,S,1,88.79,,2252.05,0.0,,88.8185,THB,,SMCTFEX_IFSC,3000.0,20260513F056901001,
20260514,XOF8007,F,TFEX,SVF,Jun 26 ,,,,20260513.0,S,1,88.8,,2204.34,0.0,,88.0813,THB,,SMCTFEX_IFSC,3000.0,20260513F056898001,
20260514,XOF8007,F,TFEX,SVF,Jun 26 ,,,,20260513.0,S,1,88.8,,2332.39,0.0,,88.6244,THB,,SMCTFEX_IFSC,3000.0,20260513F056900001,
20260514,XOF8007,F,TFEX,SVF,Jun 26 ,,,,20260513.0,S,1,88.81,,2307.89,0.0,,87.7844,THB,,SMCTFEX_IFSC,3000.0,20260513F056896001,
20260514,XOF8007,F,TFEX,SVF,Jun 26 ,,,,20260513.0,S,1,88.82,,2231.62,0.0,,88.0443,THB,,SMCTFEX_IFSC,3000.0,20260513F056895001,
20260514,XOF8007,F,TFEX,SVF,Jun 26 ,,,,20260513.0,S,1,88.82,,2353.2,0.0,,88.7108,THB,,SMCTFEX_IFSC,3000.0,20260513F056897001,
20260514,XOF8007,F,TFEX,SVF,Jun 26 ,,,,20260513.0,S,1,88.82,,2507.7,0.0,,87.7511,THB,,SMCTFEX_IFSC,3000.0,20260513F056902001,
20260514,XOF8007,F,TFEX,SVF,Jun 26 ,,,,20260513.0,S,1,88.92,,2695.66,0.0,,88.486,THB,,SMCTFEX_IFSC,3000.0,20260513F056905001,
20260514,XOF8007,F,TFEX,SVF,Jun 26 ,,,,20260513.0,S,1,88.92,,2641.85,0.0,,87.4937,THB,,SMCTFEX_IFSC,3000.0,20260513F056906001,
20260514,XOF8007,F,TFEX,SVF,Jun 26 ,,,,20260513.0,S,1,88.92,,2663.29,0.0,,88.3155,THB,,SMCTFEX_IFSC,3000.0,20260513F056907001,
20260514,XOF8007,F,TFEX,SVF,Jun 26 ,,,,20260513.0,S,1,88.92,,2645.16,0.0,,87.2204,THB,,SMCTFEX_IFSC,3000.0,20260513F056908001,
20260514,XOF8007,F,TFEX,SVF,Jun 26 ,,,,20260513.0,S,1,88.92,,2674.35,0.0,,88.1064,THB,,SMCTFEX_IFSC,3000.0,20260513F056909001,
20260514,XOF8007,F,TFEX,SVF,Jun 26 ,,,,20260513.0,S,1,88.92,,2648.78,0.0,,87.9978,THB,,SMCTFEX_IFSC,3000.0,20260513F056910001,
20260514,XOF8007,F,TFEX,SVF,Jun 26 ,,,,20260513.0,S,1,88.96,,2851.66,0.0,,88.0229,THB,,SMCTFEX_IFSC,3000.0,20260513F056903001,
20260514,XOF8007,F,TFEX,SVF,Jun 26 ,,,,20260513.0,S,1,89.04,,2945.76,0.0,,88.2576,THB,,SMCTFEX_IFSC,3000.0,20260513F056904001,
20260514,XOF8007,F,TFEX,SVF,Jun 26 ,,,,20260513.0,S,1,89.36,,4075.21,0.0,,87.4703,THB,,SMCTFEX_IFSC,3000.0,20260513F056894001,
20260514,XOF8007,F,TFEX,SVF,Jun 26 ,,,,20260513.0,S,1,89.4,,4176.39,0.0,,87.2075,THB,,SMCTFEX_IFSC,3000.0,20260513F056893001,
20260514,XOF8007,F,TFEX,SVF,Jun 26 ,,,,20260513.0,S,1,89.5,,4411.64,0.0,,88.3345,THB,,SMCTFEX_IFSC,3000.0,20260513F056892001,
20260514,XOF8007,F,TFEX,SVF,Jun 26 ,,,,20260513.0,S,1,90.02,,6087.73,0.0,,87.5091,THB,,SMCTFEX_IFSC,3000.0,20260513F056888001,
20260514,XOF8007,F,TFEX,SVF,Sep 26 ,,,,20260514.0,S,1,87.05,,-7008.61,0.0,,88.4181,THB,,SMCTFEX_IFSC,3000.0,20260514F062790001,
20260514,XOF8007,F,TFEX,SVF,Sep 26 ,,,,20260514.0,S,1,88.21,,-3586.49,0.0,,89.6793,THB,,SMCTFEX_IFSC,3000.0,20260514F062788001,
20260514,XOF8007,F,TFEX,SVF,Sep 26 ,,,,20260514.0,S,1,88.22,,-3536.73,0.0,,89.8561,THB,,SMCTFEX_IFSC,3000.0,20260514F062789001,
20260514,XOF8007,F,TFEX,SVF,Sep 26 ,,,,20260514.0,S,1,88.4,,-3238.15,0.0,,89.0851,THB,,SMCTFEX_IFSC,3000.0,20260514F062787001,
20260514,XOF8007,F,TFEX,SVF,Sep 26 ,,,,20260514.0,S,1,88.44,,-2955.32,0.0,,89.5757,THB,,SMCTFEX_IFSC,3000.0,20260514F062784001,
20260514,XOF8007,F,TFEX,SVF,Sep 26 ,,,,20260514.0,S,1,88.48,,-2877.38,0.0,,90.0769,THB,,SMCTFEX_IFSC,3000.0,20260514F062786001,
20260514,XOF8007,F,TFEX,SVF,Sep 26 ,,,,20260514.0,S,1,88.5,,-2767.93,0.0,,90.6142,THB,,SMCTFEX_IFSC,3000.0,20260514F062783001,
20260514,XOF8007,F,TFEX,SVF,Sep 26 ,,,,20260514.0,S,1,88.72,,-2079.35,0.0,,90.2291,THB,,SMCTFEX_IFSC,3000.0,20260514F062785001,
20260514,XOF8007,F,TFEX,SVF,Sep 26 ,,,,20260514.0,S,1,88.77,,-1859.15,0.0,,89.5478,THB,,SMCTFEX_IFSC,3000.0,20260514F062781001,
20260514,XOF8007,F,TFEX,SVF,Sep 26 ,,,,20260514.0,S,1,88.78,,-1881.12,0.0,,88.8813,THB,,SMCTFEX_IFSC,3000.0,20260514F062782001,
20260514,XOF8007,F,TFEX,SVF,Sep 26 ,,,,20260514.0,S,1,89.05,,-1195.13,0.0,,88.4963,THB,,SMCTFEX_IFSC,3000.0,20260514F062757001,
20260514,XOF8007,F,TFEX,SVF,Sep 26 ,,,,20260514.0,S,1,89.05,,-1143.73,0.0,,89.7847,THB,,SMCTFEX_IFSC,3000.0,20260514F062758001,
20260514,XOF8007,F,TFEX,SVF,Sep 26 ,,,,20260514.0,S,1,89.05,,-1058.51,0.0,,91.1411,THB,,SMCTFEX_IFSC,3000.0,20260514F062759001,
20260514,XOF8007,F,TFEX,SVF,Sep 26 ,,,,20260514.0,S,1,89.05,,-1054.06,0.0,,89.2491,THB,,SMCTFEX_IFSC,3000.0,20260514F062760001,
20260514,XOF8007,F,TFEX,SVF,Sep 26 ,,,,20260514.0,S,1,89.05,,-1111.92,0.0,,89.1276,THB,,SMCTFEX_IFSC,3000.0,20260514F062761001,
20260514,XOF8007,F,TFEX,SVF,Sep 26 ,,,,20260514.0,S,1,89.05,,-1028.21,0.0,,89.4434,THB,,SMCTFEX_IFSC,3000.0,20260514F062762001,
20260514,XOF8007,F,TFEX,SVF,Sep 26 ,,,,20260514.0,S,1,89.11,,-995.8,0.0,,89.2943,THB,,SMCTFEX_IFSC,3000.0,20260514F062763001,
20260514,XOF8007,F,TFEX,SVF,Sep 26 ,,,,20260514.0,S,1,89.13,,-760.85,0.0,,89.3998,THB,,SMCTFEX_IFSC,3000.0,20260514F062768001,
20260514,XOF8007,F,TFEX,SVF,Sep 26 ,,,,20260514.0,S,1,89.2,,-742.4,0.0,,89.6353,THB,,SMCTFEX_IFSC,3000.0,20260514F062766001,
20260514,XOF8007,F,TFEX,SVF,Sep 26 ,,,,20260514.0,S,1,89.2,,-690.02,0.0,,89.3174,THB,,SMCTFEX_IFSC,3000.0,20260514F062780001,
20260514,XOF8007,F,TFEX,SVF,Sep 26 ,,,,20260514.0,S,1,89.23,,-509.42,0.0,,89.836,THB,,SMCTFEX_IFSC,3000.0,20260514F062764001,
20260514,XOF8007,F,TFEX,SVF,Sep 26 ,,,,20260514.0,S,1,89.24,,-539.28,0.0,,88.834,THB,,SMCTFEX_IFSC,3000.0,20260514F062765001,
20260514,XOF8007,F,TFEX,SVF,Sep 26 ,,,,20260514.0,S,1,89.32,,-291.68,0.0,,89.6976,THB,,SMCTFEX_IFSC,3000.0,20260514F062779001,
20260514,XOF8008,F,COMEX,MGC,Jun 26 ,,,,20260514.0,B,3,4664.9,,589.4,0.0,,4685.8371,USD,,SMCTFEX_IFSC,10.0,20260514F062856001,
20260514,XOF8008,F,COMEX,MGC,Jun 26 ,,,,20260514.0,B,3,4665.0,,604.41,0.0,,4684.7101,USD,,SMCTFEX_IFSC,10.0,20260514F062857001,
20260514,XOF8008,F,COMEX,MGC,Jun 26 ,,,,20260514.0,B,3,4665.2,,556.52,0.0,,4685.1904,USD,,SMCTFEX_IFSC,10.0,20260514F062860001,
20260514,XOF8008,F,COMEX,MGC,Jun 26 ,,,,20260514.0,B,3,4665.3,,668.46,0.0,,4683.897,USD,,SMCTFEX_IFSC,10.0,20260514F062858001,
20260514,XOF8008,F,COMEX,MGC,Jun 26 ,,,,20260514.0,B,3,4665.3,,678.83,0.0,,4685.3149,USD,,SMCTFEX_IFSC,10.0,20260514F062859001,
20260514,XOF8008,F,COMEX,MGC,Jun 26 ,,,,20260514.0,B,3,4665.3,,582.9,0.0,,4685.3866,USD,,SMCTFEX_IFSC,10.0,20260514F062861001,
20260514,XOF8008,F,COMEX,MGC,Jun 26 ,,,,20260514.0,B,3,4668.6,,467.75,0.0,,4685.4993,USD,,SMCTFEX_IFSC,10.0,20260514F062855001,
20260514,XOF8008,F,COMEX,MGC,Jun 26 ,,,,20260514.0,B,3,4668.9,,385.24,0.0,,4685.7363,USD,,SMCTFEX_IFSC,10.0,20260514F062854001,
20260514,XOF8008,F,COMEX,MGC,Jun 26 ,,,,20260514.0,B,3,4669.6,,530.68,0.0,,4685.9985,USD,,SMCTFEX_IFSC,10.0,20260514F062853001,
20260514,XOF8008,F,COMEX,MGC,Jun 26 ,,,,20260514.0,B,1,4669.8,,228.31,0.0,,4685.6445,USD,,SMCTFEX_IFSC,10.0,20260514F062851001,
20260514,XOF8008,F,COMEX,MGC,Jun 26 ,,,,20260514.0,B,2,4669.8,,253.86,0.0,,4685.4483,USD,,SMCTFEX_IFSC,10.0,20260514F062852001,
20260514,XOF8008,F,COMEX,MGC,Jun 26 ,,,,20260514.0,B,1,4670.0,,173.42,0.0,,4685.1491,USD,,SMCTFEX_IFSC,10.0,20260514F062849001,
20260514,XOF8008,F,COMEX,MGC,Jun 26 ,,,,20260514.0,B,2,4670.1,,304.39,0.0,,4684.9575,USD,,SMCTFEX_IFSC,10.0,20260514F062850001,
20260514,XOF8008,F,COMEX,MGC,Jun 26 ,,,,20260514.0,B,2,4673.0,,220.53,0.0,,4686.3822,USD,,SMCTFEX_IFSC,10.0,20260514F062847001,
20260514,XOF8008,F,COMEX,MGC,Jun 26 ,,,,20260514.0,B,1,4673.0,,106.12,0.0,,4686.2821,USD,,SMCTFEX_IFSC,10.0,20260514F062848001,
20260514,XOF8008,F,COMEX,MGC,Jun 26 ,,,,20260514.0,B,3,4673.5,,356.71,0.0,,4685.2021,USD,,SMCTFEX_IFSC,10.0,20260514F062844001,
20260514,XOF8008,F,COMEX,MGC,Jun 26 ,,,,20260514.0,B,3,4674.8,,310.08,0.0,,4684.0445,USD,,SMCTFEX_IFSC,10.0,20260514F062846001,
20260514,XOF8008,F,COMEX,MGC,Jun 26 ,,,,20260514.0,B,3,4674.9,,374.37,0.0,,4683.8187,USD,,SMCTFEX_IFSC,10.0,20260514F062845001,
20260514,XOF8008,F,COMEX,MGC,Jun 26 ,,,,20260514.0,B,3,4677.5,,307.45,0.0,,4686.132,USD,,SMCTFEX_IFSC,10.0,20260514F062843001,
20260514,XOF8008,F,COMEX,MGC,Jun 26 ,,,,20260514.0,B,3,4678.7,,208.06,0.0,,4685.8049,USD,,SMCTFEX_IFSC,10.0,20260514F062839001,
20260514,XOF8008,F,COMEX,MGC,Jun 26 ,,,,20260514.0,B,1,4678.8,,92.96,0.0,,4685.8574,USD,,SMCTFEX_IFSC,10.0,20260514F062834001,
20260514,XOF8008,F,COMEX,MGC,Jun 26 ,,,,20260514.0,B,1,4678.8,,89.0,0.0,,4684.9452,USD,,SMCTFEX_IFSC,10.0,20260514F062840001,
20260514,XOF8008,F,COMEX,MGC,Jun 26 ,,,,20260514.0,B,1,4678.8,,75.62,0.0,,4685.3496,USD,,SMCTFEX_IFSC,10.0,20260514F062841001,
20260514,XOF8008,F,COMEX,MGC,Jun 26 ,,,,20260514.0,B,1,4678.8,,129.28,0.0,,4684.1128,USD,,SMCTFEX_IFSC,10.0,20260514F062842001,
20260514,XOF8008,F,COMEX,MGC,Jun 26 ,,,,20260514.0,B,1,4679.0,,103.52,0.0,,4684.2034,USD,,SMCTFEX_IFSC,10.0,20260514F062838001,
20260514,XOF8008,F,COMEX,MGC,Jun 26 ,,,,20260514.0,B,1,4679.1,,69.11,0.0,,4686.1595,USD,,SMCTFEX_IFSC,10.0,20260514F062836001,
20260514,XOF8008,F,COMEX,MGC,Jun 26 ,,,,20260514.0,B,1,4679.1,,11.18,0.0,,4686.4517,USD,,SMCTFEX_IFSC,10.0,20260514F062837001,
20260514,XOF8008,F,COMEX,MGC,Jun 26 ,,,,20260514.0,B,2,4679.6,,87.6,0.0,,4683.9344,USD,,SMCTFEX_IFSC,10.0,20260514F062835001,
20260514,XOF8008,F,COMEX,MGC,Jun 26 ,,,,20260514.0,B,2,4680.4,,63.38,0.0,,4684.8632,USD,,SMCTFEX_IFSC,10.0,20260514F062830001,
20260514,XOF8008,F,COMEX,MGC,Jun 26 ,,,,20260514.0,B,1,4680.4,,-34.8,0.0,,4685.5766,USD,,SMCTFEX_IFSC,10.0,20260514F062831001,
20260514,XOF8008,F,COMEX,MGC,Jun 26 ,,,,20260514.0,B,2,4680.4,,155.47,0.0,,4686.5246,USD,,SMCTFEX_IFSC,10.0,20260514F062832001,
20260514,XOF8008,F,COMEX,MGC,Jun 26 ,,,,20260514.0,B,1,4681.4,,9.1,0.0,,4684.7275,USD,,SMCTFEX_IFSC,10.0,20260514F062833001,
20260514,XOF8008,F,COMEX,MGC,Jun 26 ,,,,20260514.0,B,1,4683.8,,137.08,0.0,,4685.5681,USD,,SMCTFEX_IFSC,10.0,20260514F062829001,
20260514,XOF8008,F,COMEX,SIL,Jul 26 ,,,,20260514.0,B,1,84.545,,761.42,0.0,,84.9461,USD,,SMCTFEX_IFSC,1000.0,20260514F062874001,
20260514,XOF8008,F,COMEX,SIL,Jul 26 ,,,,20260514.0,B,1,85.68,,-317.73,0.0,,84.6699,USD,,SMCTFEX_IFSC,1000.0,20260514F062873001,
20260514,XOF8008,F,COMEX,SIL,Jul 26 ,,,,20260514.0,B,1,86.535,,-1136.37,0.0,,84.6869,USD,,SMCTFEX_IFSC,1000.0,20260514F062872001,
20260514,XOF8008,F,COMEX,SIL,Jul 26 ,,,,20260514.0,B,1,87.155,,-1851.74,0.0,,85.952,USD,,SMCTFEX_IFSC,1000.0,20260514F062871001,
20260514,XOF8008,F,COMEX,SIL,Jul 26 ,,,,20260514.0,B,1,87.32,,-2099.94,0.0,,85.4887,USD,,SMCTFEX_IFSC,1000.0,20260514F062870001,
20260514,XOF8008,F,TFEX,GO,Jun 26 ,,,,20260514.0,S,2,4694.1,,-23947.88,0.0,,4733.6895,THB,,SMCTFEX_IFSC,300.0,20260514F063096001,
20260514,XOF8008,F,TFEX,GO,Jun 26 ,,,,20260514.0,S,1,4694.2,,-11975.09,0.0,,4733.3525,THB,,SMCTFEX_IFSC,300.0,20260514F063095001,
20260514,XOF8008,F,TFEX,GO,Jun 26 ,,,,20260514.0,S,2,4694.4,,-23743.24,0.0,,4735.1718,THB,,SMCTFEX_IFSC,300.0,20260514F063097001,
20260514,XOF8008,F,TFEX,GO,Jun 26 ,,,,20260514.0,S,1,4694.4,,-11832.37,0.0,,4733.4538,THB,,SMCTFEX_IFSC,300.0,20260514F063098001,
20260514,XOF8008,F,TFEX,GO,Jun 26 ,,,,20260514.0,S,2,4694.4,,-23834.76,0.0,,4733.7784,THB,,SMCTFEX_IFSC,300.0,20260514F063101001,
20260514,XOF8008,F,TFEX,GO,Jun 26 ,,,,20260514.0,S,3,4694.5,,-35589.95,0.0,,4734.2144,THB,,SMCTFEX_IFSC,300.0,20260514F063099001,
20260514,XOF8008,F,TFEX,GO,Jun 26 ,,,,20260514.0,S,1,4694.5,,-11815.14,0.0,,4734.0353,THB,,SMCTFEX_IFSC,300.0,20260514F063100001,
20260514,XOF8008,F,TFEX,GO,Jun 26 ,,,,20260514.0,S,2,4694.5,,-23648.99,0.0,,4734.274,THB,,SMCTFEX_IFSC,300.0,20260514F063102001,
20260514,XOF8008,F,TFEX,GO,Jun 26 ,,,,20260514.0,S,1,4694.5,,-11867.17,0.0,,4733.7906,THB,,SMCTFEX_IFSC,300.0,20260514F063103001,
20260514,XOF8008,F,TFEX,GO,Jun 26 ,,,,20260514.0,S,3,4694.5,,-35633.56,0.0,,4734.2084,THB,,SMCTFEX_IFSC,300.0,20260514F063104001,
20260514,XOF8008,F,TFEX,GO,Jun 26 ,,,,20260514.0,S,2,4697.8,,-21738.45,0.0,,4734.0225,THB,,SMCTFEX_IFSC,300.0,20260514F063092001,
20260514,XOF8008,F,TFEX,GO,Jun 26 ,,,,20260514.0,S,2,4698.0,,-21589.04,0.0,,4733.978,THB,,SMCTFEX_IFSC,300.0,20260514F063093001,
20260514,XOF8008,F,TFEX,GO,Jun 26 ,,,,20260514.0,S,1,4698.0,,-10722.94,0.0,,4733.3123,THB,,SMCTFEX_IFSC,300.0,20260514F063094001,
20260514,XOF8008,F,TFEX,GO,Jun 26 ,,,,20260514.0,S,1,4698.1,,-10977.34,0.0,,4732.7032,THB,,SMCTFEX_IFSC,300.0,20260514F063091001,
20260514,XOF8008,F,TFEX,GO,Jun 26 ,,,,20260514.0,S,2,4698.5,,-21312.51,0.0,,4733.4283,THB,,SMCTFEX_IFSC,300.0,20260514F063089001,
20260514,XOF8008,F,TFEX,GO,Jun 26 ,,,,20260514.0,S,1,4698.5,,-10563.32,0.0,,4734.5996,THB,,SMCTFEX_IFSC,300.0,20260514F063090001,
20260514,XOF8008,F,TFEX,GO,Jun 26 ,,,,20260514.0,S,1,4698.7,,-10660.64,0.0,,4733.8487,THB,,SMCTFEX_IFSC,300.0,20260514F063087001,
20260514,XOF8008,F,TFEX,GO,Jun 26 ,,,,20260514.0,S,2,4698.7,,-21085.95,0.0,,4733.9974,THB,,SMCTFEX_IFSC,300.0,20260514F063088001,
20260514,XOF8008,F,TFEX,GO,Jun 26 ,,,,20260514.0,S,3,4700.0,,-30695.41,0.0,,4734.0839,THB,,SMCTFEX_IFSC,300.0,20260514F063086001,
20260514,XOF8008,F,TFEX,GO,Jun 26 ,,,,20260514.0,S,1,4700.2,,-9960.26,0.0,,4734.4086,THB,,SMCTFEX_IFSC,300.0,20260514F063068001,
20260514,XOF8008,F,TFEX,GO,Jun 26 ,,,,20260514.0,S,1,4700.2,,-10225.21,0.0,,4733.6483,THB,,SMCTFEX_IFSC,300.0,20260514F063069001,
20260514,XOF8008,F,TFEX,GO,Jun 26 ,,,,20260514.0,S,1,4700.3,,-10137.57,0.0,,4733.251,THB,,SMCTFEX_IFSC,300.0,20260514F063066001,
20260514,XOF8008,F,TFEX,GO,Jun 26 ,,,,20260514.0,S,1,4700.3,,-10045.07,0.0,,4733.2431,THB,,SMCTFEX_IFSC,300.0,20260514F063067001,
20260514,XOF8008,F,TFEX,GO,Jun 26 ,,,,20260514.0,S,1,4700.4,,-10107.17,0.0,,4733.5827,THB,,SMCTFEX_IFSC,300.0,20260514F063063001,
20260514,XOF8008,F,TFEX,GO,Jun 26 ,,,,20260514.0,S,1,4700.4,,-10029.48,0.0,,4733.8636,THB,,SMCTFEX_IFSC,300.0,20260514F063064001,
20260514,XOF8008,F,TFEX,GO,Jun 26 ,,,,20260514.0,S,1,4700.4,,-10099.62,0.0,,4734.0453,THB,,SMCTFEX_IFSC,300.0,20260514F063065001,
20260514,XOF8008,F,TFEX,GO,Jun 26 ,,,,20260514.0,S,1,4700.5,,-10058.72,0.0,,4734.0612,THB,,SMCTFEX_IFSC,300.0,20260514F063062001,
20260514,XOF8008,F,TFEX,GO,Jun 26 ,,,,20260514.0,S,1,4700.7,,-9883.07,0.0,,4732.6345,THB,,SMCTFEX_IFSC,300.0,20260514F063061001,
20260514,XOF8008,F,TFEX,GO,Jun 26 ,,,,20260514.0,S,1,4700.9,,-9940.78,0.0,,4733.9493,THB,,SMCTFEX_IFSC,300.0,20260514F063060001,
20260514,XOF8008,F,TFEX,GO,Jun 26 ,,,,20260514.0,S,1,4701.0,,-9934.17,0.0,,4732.7871,THB,,SMCTFEX_IFSC,300.0,20260514F063059001,
20260514,XOF8008,F,TFEX,GO,Jun 26 ,,,,20260514.0,S,2,4701.8,,-19320.63,0.0,,4732.7978,THB,,SMCTFEX_IFSC,300.0,20260514F063080001,
20260514,XOF8008,F,TFEX,GO,Jun 26 ,,,,20260514.0,S,1,4701.8,,-9759.75,0.0,,4733.807,THB,,SMCTFEX_IFSC,300.0,20260514F063081001,
20260514,XOF8008,F,TFEX,GO,Jun 26 ,,,,20260514.0,S,1,4702.3,,-9537.27,0.0,,4734.4645,THB,,SMCTFEX_IFSC,300.0,20260514F063053001,
20260514,XOF8008,F,TFEX,GO,Jun 26 ,,,,20260514.0,S,1,4702.3,,-9584.69,0.0,,4733.5979,THB,,SMCTFEX_IFSC,300.0,20260514F063054001,
20260514,XOF8008,F,TFEX,GO,Jun 26 ,,,,20260514.0,S,1,4702.3,,-9415.19,0.0,,4732.3014,THB,,SMCTFEX_IFSC,300.0,20260514F063055001,
20260514,XOF8008,F,TFEX,GO,Jun 26 ,,,,20260514.0,S,3,4703.6,,-27399.14,0.0,,4733.151,THB,,SMCTFEX_IFSC,300.0,20260514F063058001,
20260514,XOF8008,F,TFEX,GO,Jun 26 ,,,,20260514.0,S,2,4703.7,,-18209.16,0.0,,4733.6108,THB,,SMCTFEX_IFSC,300.0,20260514F063056001,
20260514,XOF8008,F,TFEX,GO,Jun 26 ,,,,20260514.0,S,1,4703.7,,-9153.92,0.0,,4733.5196,THB,,SMCTFEX_IFSC,300.0,20260514F063057001,
20260514,XOF8008,F,TFEX,GO,Jun 26 ,,,,20260514.0,S,3,4706.3,,-24896.52,0.0,,4733.9099,THB,,SMCTFEX_IFSC,300.0,20260514F063052001,
20260514,XOF8008,F,TFEX,GO,Jun 26 ,,,,20260514.0,S,6,4707.2,,-48176.32,0.0,,4734.4628,THB,,SMCTFEX_IFSC,300.0,20260514F063047001,
20260514,XOF8008,F,TFEX,GO,Jun 26 ,,,,20260514.0,S,2,4707.2,,-16071.12,0.0,,4733.9895,THB,,SMCTFEX_IFSC,300.0,20260514F063048001,
20260514,XOF8008,F,TFEX,GO,Jun 26 ,,,,20260514.0,S,1,4707.2,,-8123.74,0.0,,4733.7796,THB,,SMCTFEX_IFSC,300.0,20260514F063049001,
20260514,XOF8008,F,TFEX,GO,Jun 26 ,,,,20260514.0,S,2,4707.3,,-16033.14,0.0,,4734.3061,THB,,SMCTFEX_IFSC,300.0,20260514F063050001,
20260514,XOF8008,F,TFEX,GO,Jun 26 ,,,,20260514.0,S,1,4707.3,,-7903.71,0.0,,4733.7814,THB,,SMCTFEX_IFSC,300.0,20260514F063051001,
20260514,XOF8008,F,TFEX,SVF,Jun 26 ,,,,20260514.0,S,11,84.86,,-104550.47,0.0,,88.4482,THB,,SMCTFEX_IFSC,3000.0,20260514F063156001,
20260514,XOF8008,F,TFEX,SVF,Jun 26 ,,,,20260514.0,S,1,86.0,,-6032.96,0.0,,88.2664,THB,,SMCTFEX_IFSC,3000.0,20260514F063145001,
20260514,XOF8008,F,TFEX,SVF,Jun 26 ,,,,20260514.0,S,2,86.0,,-12263.9,0.0,,89.3387,THB,,SMCTFEX_IFSC,3000.0,20260514F063146001,
20260514,XOF8008,F,TFEX,SVF,Jun 26 ,,,,20260514.0,S,1,86.0,,-5971.61,0.0,,87.7409,THB,,SMCTFEX_IFSC,3000.0,20260514F063147001,
20260514,XOF8008,F,TFEX,SVF,Jun 26 ,,,,20260514.0,S,1,86.0,,-6132.28,0.0,,88.0504,THB,,SMCTFEX_IFSC,3000.0,20260514F063148001,
20260514,XOF8008,F,TFEX,SVF,Jun 26 ,,,,20260514.0,S,1,86.0,,-5900.92,0.0,,89.1749,THB,,SMCTFEX_IFSC,3000.0,20260514F063149001,
20260514,XOF8008,F,TFEX,SVF,Jun 26 ,,,,20260514.0,S,1,86.0,,-6069.14,0.0,,87.1297,THB,,SMCTFEX_IFSC,3000.0,20260514F063150001,
20260514,XOF8008,F,TFEX,SVF,Jun 26 ,,,,20260514.0,S,1,86.0,,-6065.3,0.0,,87.9599,THB,,SMCTFEX_IFSC,3000.0,20260514F063151001,
20260514,XOF8008,F,TFEX,SVF,Jun 26 ,,,,20260514.0,S,1,86.0,,-6131.56,0.0,,87.6281,THB,,SMCTFEX_IFSC,3000.0,20260514F063152001,
20260514,XOF8008,F,TFEX,SVF,Jun 26 ,,,,20260514.0,S,1,86.0,,-6037.11,0.0,,88.1779,THB,,SMCTFEX_IFSC,3000.0,20260514F063153001,
20260514,XOF8008,F,TFEX,SVF,Jun 26 ,,,,20260514.0,S,1,86.0,,-6064.47,0.0,,87.7585,THB,,SMCTFEX_IFSC,3000.0,20260514F063154001,
20260514,XOF8008,F,TFEX,SVF,Jun 26 ,,,,20260514.0,S,3,86.8,,-11034.39,0.0,,87.2364,THB,,SMCTFEX_IFSC,3000.0,20260514F063142001,
20260514,XOF8008,F,TFEX,SVF,Jun 26 ,,,,20260514.0,S,2,86.8,,-7477.25,0.0,,89.0769,THB,,SMCTFEX_IFSC,3000.0,20260514F063143001,
20260514,XOF8008,F,TFEX,SVF,Jun 26 ,,,,20260514.0,S,2,86.8,,-7445.93,0.0,,88.1782,THB,,SMCTFEX_IFSC,3000.0,20260514F063144001,
20260514,XOF8008,F,TFEX,SVF,Jun 26 ,,,,20260514.0,S,1,86.85,,-3573.92,0.0,,88.8402,THB,,SMCTFEX_IFSC,3000.0,20260514F063141001,
20260514,XOF8008,F,TFEX,SVF,Jun 26 ,,,,20260514.0,S,1,86.88,,-3515.53,0.0,,88.312,THB,,SMCTFEX_IFSC,3000.0,20260514F063140001,
20260514,XOF8008,F,TFEX,SVF,Jun 26 ,,,,20260514.0,S,2,86.89,,-6828.32,0.0,,87.5873,THB,,SMCTFEX_IFSC,3000.0,20260514F063139001,
20260514,XOF8008,F,TFEX,SVF,Jun 26 ,,,,20260514.0,S,2,87.39,,-3908.33,0.0,,87.5107,THB,,SMCTFEX_IFSC,3000.0,20260514F063138001,
20260514,XOF8008,F,TFEX,SVF,Jun 26 ,,,,20260514.0,S,1,87.4,,-1812.63,0.0,,87.9629,THB,,SMCTFEX_IFSC,3000.0,20260514F063132001,
20260514,XOF8008,F,TFEX,SVF,Jun 26 ,,,,20260514.0,S,3,87.4,,-5671.32,0.0,,87.9227,THB,,SMCTFEX_IFSC,3000.0,20260514F063133001,
20260514,XOF8008,F,TFEX,SVF,Jun 26 ,,,,20260514.0,S,1,87.4,,-1893.04,0.0,,87.8062,THB,,SMCTFEX_IFSC,3000.0,20260514F063134001,
20260514,XOF8008,F,TFEX,SVF,Jun 26 ,,,,20260514.0,S,1,87.4,,-1863.02,0.0,,87.759,THB,,SMCTFEX_IFSC,3000.0,20260514F063135001,
20260514,XOF8008,F,TFEX,SVF,Jun 26 ,,,,20260514.0,S,2,87.4,,-3775.92,0.0,,86.4775,THB,,SMCTFEX_IFSC,3000.0,20260514F063136001,
20260514,XOF8008,F,TFEX,SVF,Jun 26 ,,,,20260514.0,S,1,87.4,,-1883.02,0.0,,87.8223,THB,,SMCTFEX_IFSC,3000.0,20260514F063137001,
20260514,XOF8008,F,TFEX,SVF,Jun 26 ,,,,20260514.0,S,9,87.49,,-14499.59,0.0,,88.3203,THB,,SMCTFEX_IFSC,3000.0,20260514F063131001,
20260514,XOF8012,F,DGCX,DINR,May 26 ,,,,20260514.0,B,4,104.45,,98.88,0.0,,104.4746,USD,,DGCX-DMA,200.0,20260514F073237001,
20260514,XOF8012,F,DGCX,DINR,May 26 ,,,,20260514.0,B,5,104.45,,48.5,0.0,,104.1935,USD,,DGCX-DMA,200.0,20260514F073244001,
20260514,XOF8012,F,DGCX,DINR,Jun 26 ,,,,20260512.0,S,4,103.82,,-137.57,0.0,,104.1092,USD,,DGCX-DMA,200.0,20260512F066762001,
20260514,XOF8012,F,DGCX,DINR,Jun 26 ,,,,20260512.0,S,1,103.83,,-25.28,0.0,,103.2746,USD,,DGCX-DMA,200.0,20260512F066761001,
20260514,XOF8012,F,DGCX,DINR,Jun 26 ,,,,20260512.0,S,1,103.83,,-40.93,0.0,,104.98,USD,,DGCX-DMA,200.0,20260512F066769001,
20260514,XOF8012,F,DGCX,DINR,Jun 26 ,,,,20260512.0,S,1,103.83,,22.84,0.0,,103.5706,USD,,DGCX-DMA,200.0,20260512F066771001,
20260514,XOF8012,F,DGCX,DINR,Jun 26 ,,,,20260512.0,S,3,103.83,,-219.36,0.0,,103.9305,USD,,DGCX-DMA,200.0,20260512F066772001,
20260514,XOF8012,F,DGCX,DINR,Jun 26 ,,,,20260514.0,S,1,103.85,,-94.67,0.0,,103.6076,USD,,DGCX-DMA,200.0,20260514F072965001,
20260514,XOF8012,F,DGCX,DINR,Jun 26 ,,,,20260514.0,S,1,103.85,,-51.05,0.0,,103.7839,USD,,DGCX-DMA,200.0,20260514F072966001,
20260514,XOF8012,F,DGCX,DINR,Jun 26 ,,,,20260514.0,S,2,103.85,,-92.58,0.0,,102.5286,USD,,DGCX-DMA,200.0,20260514F072967001,
20260514,XOF8012,F,DGCX,DINR,Jun 26 ,,,,20260514.0,S,1,103.85,,-5.96,0.0,,103.9219,USD,,DGCX-DMA,200.0,20260514F072968001,
20260514,XOF8012,F,DGCX,DINR,Jun 26 ,,,,20260514.0,S,1,103.86,,-55.07,0.0,,103.6843,USD,,DGCX-DMA,200.0,20260514F072964001,
20260514,XOF8012,F,DGCX,DINR,Jun 26 ,,,,20260514.0,S,2,103.87,,-35.49,0.0,,104.9658,USD,,DGCX-DMA,200.0,20260514F072953001,
20260514,XOF8012,F,DGCX,DINR,Jun 26 ,,,,20260514.0,S,3,103.87,,-130.88,0.0,,104.084,USD,,DGCX-DMA,200.0,20260514F072955001,
20260514,XOF8012,F,DGCX,DINR,Jun 26 ,,,,20260514.0,S,5,103.87,,-271.81,0.0,,103.5133,USD,,DGCX-DMA,200.0,20260514F072962001,
20260514,XOF8012,F,DGCX,DINR,Jun 26 ,,,,20260514.0,S,4,103.87,,-137.57,0.0,,104.5696,USD,,DGCX-DMA,200.0,20260514F072963001,
20260514,XOF8012,F,DGCX,DINR,Jun 26 ,,,,20260512.0,S,1,103.88,,-13.35,0.0,,104.2643,USD,,DGCX-DMA,200.0,20260512F066756001,
20260514,XOF8012,F,DGCX,DINR,Jun 26 ,,,,20260512.0,S,1,103.88,,-40.07,0.0,,104.5431,USD,,DGCX-DMA,200.0,20260512F066757001,
20260514,XOF8012,F,DGCX,DINR,Jun 26 ,,,,20260512.0,S,1,103.88,,71.11,0.0,,104.3841,USD,,DGCX-DMA,200.0,20260512F066758001,
20260514,XOF8012,F,DGCX,DINR,Jun 26 ,,,,20260512.0,S,1,103.88,,-123.92,0.0,,104.6473,USD,,DGCX-DMA,200.0,20260512F066759001,
20260514,XOF8012,F,DGCX,DINR,Jun 26 ,,,,20260512.0,S,1,103.88,,25.31,0.0,,103.2769,USD,,DGCX-DMA,200.0,20260512F066760001,
20260514,XOF8012,F,DGCX,DINR,Jun 26 ,,,,20260513.0,S,1,103.9,,-82.27,0.0,,105.0771,USD,,DGCX-DMA,200.0,20260513F066910001,
20260514,XOF8012,F,DGCX,DINR,Jun 26 ,,,,20260513.0,S,1,103.9,,-52.11,0.0,,105.7291,USD,,DGCX-DMA,200.0,20260513F066911001,
20260514,XOF8012,F,DGCX,DINR,Jun 26 ,,,,20260513.0,S,1,103.9,,54.81,0.0,,103.7794,USD,,DGCX-DMA,200.0,20260513F066912001,
20260514,XOF8012,F,DGCX,DINR,Jun 26 ,,,,20260513.0,S,2,103.9,,-45.47,0.0,,104.3475,USD,,DGCX-DMA,200.0,20260513F066913001,
20260514,XOF8012,F,DGCX,DINR,Jun 26 ,,,,20260513.0,S,2,103.9,,-60.79,0.0,,103.3699,USD,,DGCX-DMA,200.0,20260513F066914001,
20260514,XOF8012,F,DGCX,DINR,Jun 26 ,,,,20260513.0,S,1,103.9,,-32.11,0.0,,104.275,USD,,DGCX-DMA,200.0,20260513F066915001,
20260514,XOF8012,F,DGCX,DINR,Jun 26 ,,,,20260513.0,S,1,103.9,,-67.31,0.0,,105.3337,USD,,DGCX-DMA,200.0,20260513F066916001,
20260514,XOF8012,F,DGCX,DINR,Jun 26 ,,,,20260513.0,S,1,103.9,,-3.82,0.0,,104.51,USD,,DGCX-DMA,200.0,20260513F066917001,
20260514,XOF8012,F,DGCX,DINR,Jun 26 ,,,,20260512.0,S,5,103.91,,-119.83,0.0,,104.0176,USD,,DGCX-DMA,200.0,20260512F066712001,
20260514,XOF8012,F,DGCX,DINR,Jun 26 ,,,,20260513.0,S,5,103.91,,-122.84,0.0,,103.2023,USD,,DGCX-DMA,200.0,20260513F066909001,
20260514,XOF8012,F,DGCX,DINR,Jun 26 ,,,,20260512.0,S,5,103.92,,-149.79,0.0,,102.5299,USD,,DGCX-DMA,200.0,20260512F066711001,
20260514,XOF8012,F,DGCX,DINR,Jun 26 ,,,,20260512.0,S,5,103.92,,-97.87,0.0,,104.3452,USD,,DGCX-DMA,200.0,20260512F066726001,
20260514,XOF8012,F,DGCX,DINR,Jun 26 ,,,,20260514.0,S,2,103.92,,-20.24,0.0,,104.7876,USD,,DGCX-DMA,200.0,20260514F073141001,
20260514,XOF8012,F,DGCX,DINR,Jun 26 ,,,,20260514.0,S,3,103.92,,-6.66,0.0,,103.2907,USD,,DGCX-DMA,200.0,20260514F073142001,
20260514,XOF8012,F,DGCX,DINR,Jun 26 ,,,,20260513.0,S,1,103.93,,-109.04,0.0,,104.3559,USD,,DGCX-DMA,200.0,20260513F066954001,
20260514,XOF8012,F,DGCX,DINR,Jun 26 ,,,,20260513.0,S,1,103.93,,18.82,0.0,,104.6694,USD,,DGCX-DMA,200.0,20260513F067045001,
20260514,XOF8012,F,DGCX,DINR,Jun 26 ,,,,20260514.0,S,5,103.93,,-217.18,0.0,,103.3798,USD,,DGCX-DMA,200.0,20260514F072945001,
20260514,XOF8012,F,DGCX,DINR,Jun 26 ,,,,20260514.0,S,5,103.93,,-170.54,0.0,,104.6003,USD,,DGCX-DMA,200.0,20260514F072949001,
20260514,XOF8012,F,DGCX,DINR,Jun 26 ,,,,20260514.0,S,5,103.93,,-83.1,0.0,,105.1221,USD,,DGCX-DMA,200.0,20260514F073139001,
20260514,XOF8012,F,DGCX,DINR,Jun 26 ,,,,20260514.0,S,5,103.93,,-218.97,0.0,,104.2282,USD,,DGCX-DMA,200.0,20260514F073144001,
20260514,XOF8012,F,DGCX,DINR,Jun 26 ,,,,20260514.0,S,5,103.93,,-134.4,0.0,,104.0012,USD,,DGCX-DMA,200.0,20260514F073145001,
20260514,XOF8012,F,DGCX,DINR,Jun 26 ,,,,20260512.0,S,1,103.94,,-128.56,0.0,,103.8082,USD,,DGCX-DMA,200.0,20260512F066721001,
20260514,XOF8012,F,DGCX,DINR,Jun 26 ,,,,20260513.0,S,1,103.94,,-63.75,0.0,,102.2459,USD,,DGCX-DMA,200.0,20260513F066953001,
20260514,XOF8012,F,DGCX,DINR,Jun 26 ,,,,20260512.0,S,5,103.95,,-100.74,0.0,,104.0813,USD,,DGCX-DMA,200.0,20260512F066708001,
20260514,XOF8012,F,DGCX,DINR,Jun 26 ,,,,20260512.0,S,5,103.95,,-114.64,0.0,,103.7719,USD,,DGCX-DMA,200.0,20260512F066709001,
20260514,XOF8012,F,DGCX,DINR,Jun 26 ,,,,20260512.0,S,1,103.95,,48.26,0.0,,104.0044,USD,,DGCX-DMA,200.0,20260512F066720001,
20260514,XOF8012,F,DGCX,DINR,Jun 26 ,,,,20260513.0,S,5,103.95,,-147.69,0.0,,105.2784,USD,,DGCX-DMA,200.0,20260513F066941001,
20260514,XOF8012,F,DGCX,DINR,Jun 26 ,,,,20260513.0,S,3,103.95,,-56.51,0.0,,102.3862,USD,,DGCX-DMA,200.0,20260513F066942001,
20260514,XOF8012,F,DGCX,DINR,Jun 26 ,,,,20260513.0,S,1,103.95,,53.63,0.0,,103.6631,USD,,DGCX-DMA,200.0,20260513F067044001,
20260514,XOF8012,F,DGCX,DINR,Jun 26 ,,,,20260514.0,S,5,103.95,,-68.4,0.0,,103.6434,USD,,DGCX-DMA,200.0,20260514F073171001,
20260514,XOF8012,F,DGCX,DINR,Jun 26 ,,,,20260514.0,S,5,103.95,,-154.37,0.0,,103.7558,USD,,DGCX-DMA,200.0,20260514F073173001,
20260514,XOF8012,F,DGCX,DINR,Jun 26 ,,,,20260513.0,S,5,103.96,,-94.74,0.0,,103.5947,USD,,DGCX-DMA,200.0,20260513F066940001,
20260514,XOF8012,F,DGCX,DINR,Jun 26 ,,,,20260514.0,S,1,103.96,,54.33,0.0,,104.5148,USD,,DGCX-DMA,200.0,20260514F073168001,
20260514,XOF8012,F,DGCX,DINR,Jun 26 ,,,,20260514.0,S,4,103.96,,-130.05,0.0,,105.1946,USD,,DGCX-DMA,200.0,20260514F073169001,
20260514,XOF8012,F,DGCX,DINR,Jun 26 ,,,,20260514.0,S,5,103.96,,-255.06,0.0,,105.066,USD,,DGCX-DMA,200.0,20260514F073170001,
20260514,XOF8012,F,DGCX,DINR,Jun 26 ,,,,20260513.0,S,1,103.97,,83.17,0.0,,105.2389,USD,,DGCX-DMA,200.0,20260513F066933001,
20260514,XOF8012,F,DGCX,DINR,Jun 26 ,,,,20260514.0,S,5,103.97,,-89.63,0.0,,103.8054,USD,,DGCX-DMA,200.0,20260514F073151001,
20260514,XOF8012,F,DGCX,DINR,Jun 26 ,,,,20260514.0,S,5,103.97,,-45.13,0.0,,104.3218,USD,,DGCX-DMA,200.0,20260514F073152001,
20260514,XOF8012,F,DGCX,DINR,Jun 26 ,,,,20260514.0,S,1,103.97,,57.36,0.0,,104.2557,USD,,DGCX-DMA,200.0,20260514F073181001,
20260514,XOF8012,F,DGCX,DINR,Jun 26 ,,,,20260514.0,S,2,103.97,,-50.91,0.0,,104.7189,USD,,DGCX-DMA,200.0,20260514F073183001,
20260514,XOF8012,F,DGCX,DINR,Jun 26 ,,,,20260513.0,S,1,103.98,,101.56,0.0,,103.5661,USD,,DGCX-DMA,200.0,20260513F067011001,
20260514,XOF8012,F,DGCX,DINR,Jun 26 ,,,,20260513.0,S,4,103.98,,-1.84,0.0,,104.2027,USD,,DGCX-DMA,200.0,20260513F067012001,
20260514,XOF8012,F,DGCX,DINR,Jun 26 ,,,,20260513.0,S,1,103.98,,-8.37,0.0,,103.6972,USD,,DGCX-DMA,200.0,20260513F067013001,
20260514,XOF8012,F,DGCX,DINR,Jun 26 ,,,,20260513.0,S,1,103.98,,12.92,0.0,,104.4142,USD,,DGCX-DMA,200.0,20260513F067014001,
20260514,XOF8012,F,DGCX,DINR,Jun 26 ,,,,20260514.0,S,2,103.98,,-16.44,0.0,,104.5059,USD,,DGCX-DMA,200.0,20260514F073174001,
20260514,XOF8012,F,DGCX,DINR,Jun 26 ,,,,20260514.0,S,2,103.98,,54.89,0.0,,104.4924,USD,,DGCX-DMA,200.0,20260514F073175001,
20260514,XOF8012,F,DGCX,DINR,Jun 26 ,,,,20260514.0,S,1,103.98,,-66.09,0.0,,104.7065,USD,,DGCX-DMA,200.0,20260514F073177001,
20260514,XOF8012,F,DGCX,DINR,Jun 26 ,,,,20260514.0,S,2,103.98,,-35.51,0.0,,104.3301,USD,,DGCX-DMA,200.0,20260514F073179001,
20260514,XOF8012,F,DGCX,DINR,Jun 26 ,,,,20260513.0,S,5,103.99,,-212.13,0.0,,102.4287,USD,,DGCX-DMA,200.0,20260513F066874001,
20260514,XOF8012,F,DGCX,DINR,Jun 26 ,,,,20260513.0,S,5,103.99,,32.75,0.0,,104.5628,USD,,DGCX-DMA,200.0,20260513F066875001,
20260514,XOF8012,F,DGCX,DINR,Jun 26 ,,,,20260513.0,S,5,103.99,,64.23,0.0,,105.1281,USD,,DGCX-DMA,200.0,20260513F066876001,
20260514,XOF8012,F,DGCX,DINR,Jun 26 ,,,,20260513.0,S,5,103.99,,-98.65,0.0,,104.0501,USD,,DGCX-DMA,200.0,20260513F066877001,
20260514,XOF8012,F,DGCX,DINR,Jun 26 ,,,,20260513.0,S,2,103.99,,-45.77,0.0,,103.2971,USD,,DGCX-DMA,200.0,20260513F066878001,
20260514,XOF8012,F,DGCX,DINR,Jun 26 ,,,,20260513.0,S,1,103.99,,-9.29,0.0,,104.0297,USD,,DGCX-DMA,200.0,20260513F066879001,
20260514,XOF8012,F,DGCX,DINR,Jun 26 ,,,,20260513.0,S,2,103.99,,42.59,0.0,,104.0641,USD,,DGCX-DMA,200.0,20260513F066880001,
20260514,XOF8012,F,DGCX,DINR,Jun 26 ,,,,20260513.0,S,1,103.99,,-18.19,0.0,,103.8055,USD,,DGCX-DMA,200.0,20260513F066881001,
20260514,XOF8012,F,DGCX,DINR,Jun 26 ,,,,20260513.0,S,1,103.99,,13.85,0.0,,105.0225,USD,,DGCX-DMA,200.0,20260513F066882001,
20260514,XOF8012,F,DGCX,DINR,Jun 26 ,,,,20260513.0,S,1,103.99,,50.59,0.0,,103.0311,USD,,DGCX-DMA,200.0,20260513F066883001,
20260514,XOF8012,F,DGCX,DINR,Jun 26 ,,,,20260513.0,S,2,103.99,,12.08,0.0,,104.7137,USD,,DGCX-DMA,200.0,20260513F066888001,
20260514,XOF8012,F,DGCX,DINR,Jun 26 ,,,,20260514.0,S,2,103.99,,-115.57,0.0,,105.3354,USD,,DGCX-DMA,200.0,20260514F073042001,
20260514,XOF8012,F,DGCX,DINR,Jun 26 ,,,,20260512.0,S,5,104.0,,-146.34,0.0,,102.9792,USD,,DGCX-DMA,200.0,20260512F066746001,
20260514,XOF8012,F,DGCX,DINR,Jun 26 ,,,,20260512.0,S,4,104.0,,-8.22,0.0,,104.2356,USD,,DGCX-DMA,200.0,20260512F066747001,
20260514,XOF8012,F,DGCX,DINR,Jun 26 ,,,,20260512.0,S,1,104.0,,-19.44,0.0,,104.2725,USD,,DGCX-DMA,200.0,20260512F066748001,
20260514,XOF8012,F,DGCX,DINR,Jun 26 ,,,,20260514.0,S,1,104.0,,-29.25,0.0,,103.7664,USD,,DGCX-DMA,200.0,20260514F073039001,
20260514,XOF8012,F,DGCX,DINR,Jun 26 ,,,,20260514.0,S,1,104.0,,54.54,0.0,,104.8641,USD,,DGCX-DMA,200.0,20260514F073040001,
20260514,XOF8012,F,DGCX,DINR,Jun 26 ,,,,20260514.0,S,1,104.0,,-6.3,0.0,,102.9716,USD,,DGCX-DMA,200.0,20260514F073041001,
20260514,XOF8012,F,DGCX,DINR,Jun 26 ,,,,20260514.0,S,1,104.0,,-14.0,0.0,,104.07,USD,,DGCX-DMA,200.0,20260514F073200001,
20260514,XOF8012,F,DGCX,DINR,Jun 26 ,,,,20260514.0,S,4,104.0,,-45.51,0.0,,105.8502,USD,,DGCX-DMA,200.0,20260514F073201001,
20260514,XOF8012,F,DGCX,DINR,Jun 26 ,,,,20260514.0,S,5,104.01,,-87.85,0.0,,104.0061,USD,,DGCX-DMA,200.0,20260514F073033001,
20260514,XOF8012,F,DGCX,DINR,Jun 26 ,,,,20260514.0,S,5,104.01,,-39.97,0.0,,104.1903,USD,,DGCX-DMA,200.0,20260514F073092001,
20260514,XOF8012,F,DGCX,DINR,Jun 26 ,,,,20260514.0,S,5,104.01,,-138.34,0.0,,103.336,USD,,DGCX-DMA,200.0,20260514F073093001,
20260514,XOF8012,F,DGCX,DINR,Jun 26 ,,,,20260514.0,S,5,104.01,,-38.54,0.0,,104.1656,USD,,DGCX-DMA,200.0,20260514F073137001,
20260514,XOF8012,F,DGCX,DINR,Jun 26 ,,,,20260512.0,S,4,104.02,,-67.45,0.0,,103.7683,USD,,DGCX-DMA,200.0,20260512F066742001,
20260514,XOF8012,F,DGCX,DINR,Jun 26 ,,,,20260514.0,S,3,104.02,,66.42,0.0,,103.9449,USD,,DGCX-DMA,200.0,20260514F073134001,
20260514,XOF8012,F,DGCX,DINR,Jun 26 ,,,,20260514.0,S,2,104.02,,-62.95,0.0,,104.8415,USD,,DGCX-DMA,200.0,20260514F073135001,
20260514,XOF8012,F,DGCX,DINR,Jun 26 ,,,,20260514.0,S,5,104.02,,-61.55,0.0,,103.1367,USD,,DGCX-DMA,200.0,20260514F073136001,
20260514,XOF8012,F,DGCX,DINR,Jun 26 ,,,,20260512.0,S,1,104.03,,-42.51,0.0,,103.1253,USD,,DGCX-DMA,200.0,20260512F066741001,
20260514,XOF8012,F,DGCX,DINR,Jun 26 ,,,,20260513.0,S,1,104.03,,118.2,0.0,,103.435,USD,,DGCX-DMA,200.0,20260513F067084001,
20260514,XOF8012,F,DGCX,DINR,Jun 26 ,,,,20260513.0,S,3,104.03,,85.44,0.0,,104.0869,USD,,DGCX-DMA,200.0,20260513F067085001,
20260514,XOF8012,F,DGCX,DINR,Jun 26 ,,,,20260513.0,S,2,104.03,,61.46,0.0,,104.4678,USD,,DGCX-DMA,200.0,20260513F067086001,
20260514,XOF8012,F,DGCX,DINR,Jun 26 ,,,,20260513.0,S,1,104.03,,-1.64,0.0,,103.6884,USD,,DGCX-DMA,200.0,20260513F067087001,
20260514,XOF8012,F,DGCX,DINR,Jun 26 ,,,,20260513.0,S,2,104.03,,-176.75,0.0,,104.5295,USD,,DGCX-DMA,200.0,20260513F067088001,
20260514,XOF8012,F,DGCX,DINR,Jun 26 ,,,,20260513.0,S,1,104.03,,-118.38,0.0,,103.632,USD,,DGCX-DMA,200.0,20260513F067089001,
20260514,XOF8012,F,DGCX,DINR,Jun 26 ,,,,20260513.0,S,1,104.03,,-142.36,0.0,,103.6142,USD,,DGCX-DMA,200.0,20260513F067090001,
20260514,XOF8012,F,DGCX,DINR,Jun 26 ,,,,20260513.0,S,1,104.03,,-51.01,0.0,,103.5567,USD,,DGCX-DMA,200.0,20260513F067091001,
20260514,XOF8012,F,DGCX,DINR,Jun 26 ,,,,20260513.0,S,2,104.03,,-0.66,0.0,,103.6391,USD,,DGCX-DMA,200.0,20260513F067092001,
20260514,XOF8012,F,DGCX,DINR,Jun 26 ,,,,20260513.0,S,200,104.04,,-1200.81,0.0,,104.1798,USD,,DGCX-DMA,200.0,20260513F066990001,
20260514,XOF8012,F,DGCX,DINR,Jun 26 ,,,,20260513.0,S,50,104.04,,-227.88,0.0,,103.8464,USD,,DGCX-DMA,200.0,20260513F066996001,
20260514,XOF8012,F,DGCX,DINR,Jun 26 ,,,,20260513.0,S,1,104.04,,35.98,0.0,,104.4437,USD,,DGCX-DMA,200.0,20260513F067083001,
20260514,XOF8012,F,DGCX,DINR,Jun 26 ,,,,20260514.0,S,5,104.04,,-60.08,0.0,,104.7081,USD,,DGCX-DMA,200.0,20260514F073012001,
20260514,XOF8012,F,DGCX,DINR,Jun 26 ,,,,20260514.0,S,1,104.04,,-26.41,0.0,,104.0497,USD,,DGCX-DMA,200.0,20260514F073084001,
20260514,XOF8012,F,DGCX,DINR,Jun 26 ,,,,20260514.0,S,4,104.04,,-62.99,0.0,,104.814,USD,,DGCX-DMA,200.0,20260514F073085001,
20260514,XOF8012,F,DGCX,DINR,Jun 26 ,,,,20260514.0,S,1,104.04,,-1.95,0.0,,104.8709,USD,,DGCX-DMA,200.0,20260514F073210001,
20260514,XOF8012,F,DGCX,DINR,Jun 26 ,,,,20260514.0,S,4,104.04,,42.22,0.0,,105.4091,USD,,DGCX-DMA,200.0,20260514F073212001,
20260514,XOF8012,F,DGCX,DINR,Jun 26 ,,,,20260514.0,S,1,104.04,,43.26,0.0,,104.8069,USD,,DGCX-DMA,200.0,20260514F073215001,
20260514,XOF8012,F,DGCX,DINR,Jun 26 ,,,,20260514.0,S,3,104.04,,121.18,0.0,,103.9202,USD,,DGCX-DMA,200.0,20260514F073217001,
20260514,XOF8012,F,DGCX,DINR,Jun 26 ,,,,20260514.0,S,4,104.04,,42.73,0.0,,103.6019,USD,,DGCX-DMA,200.0,20260514F073224001,
20260514,XOF8012,F,DGCX,DINR,Jun 26 ,,,,20260514.0,S,1,104.04,,65.1,0.0,,104.111,USD,,DGCX-DMA,200.0,20260514F073225001,
20260514,XOF8012,F,DGCX,DINR,Jun 26 ,,,,20260514.0,S,1,104.05,,25.79,0.0,,104.2925,USD,,DGCX-DMA,200.0,20260514F073213001,
20260514,XOF8012,F,DGCX,DINR,Jun 26 ,,,,20260514.0,S,3,104.05,,-32.04,0.0,,104.1272,USD,,DGCX-DMA,200.0,20260514F073220001,
20260514,XOF8012,F,DGCX,DINR,Jun 26 ,,,,20260514.0,S,1,104.05,,-6.49,0.0,,104.7742,USD,,DGCX-DMA,200.0,20260514F073221001,
20260514,XOF8012,F,DGCX,DINR,Jun 26 ,,,,20260514.0,S,1,104.05,,84.56,0.0,,103.1876,USD,,DGCX-DMA,200.0,20260514F073222001,
20260514,XOF8012,F,DGCX,DINR,Jun 26 ,,,,20260514.0,S,1,104.05,,-88.33,0.0,,103.7837,USD,,DGCX-DMA,200.0,20260514F073223001,
20260514,XOF8012,F,DGCX,DINR,Jun 26 ,,,,20260512.0,S,1,104.06,,-128.75,0.0,,104.0019,USD,,DGCX-DMA,200.0,20260512F066740001,
20260514,XOF8012,F,DGCX,DINR,Jun 26 ,,,,20260514.0,S,5,104.06,,-71.64,0.0,,104.1301,USD,,DGCX-DMA,200.0,20260514F073001001,
20260514,XOF8012,F,DGCX,DINR,Jun 26 ,,,,20260514.0,S,5,104.06,,-19.04,0.0,,103.6061,USD,,DGCX-DMA,200.0,20260514F073002001,
20260514,XOF8012,F,DGCX,DINR,Jun 26 ,,,,20260514.0,S,1,104.06,,-24.64,0.0,,105.0572,USD,,DGCX-DMA,200.0,20260514F073006001,
20260514,XOF8012,F,DGCX,DINR,Jun 26 ,,,,20260514.0,S,2,104.06,,-53.35,0.0,,103.3266,USD,,DGCX-DMA,200.0,20260514F073218001,
20260514,XOF8012,F,DGCX,DINR,Jun 26 ,,,,20260514.0,S,4,104.07,,22.66,0.0,,103.4656,USD,,DGCX-DMA,200.0,20260514F073004001,
20260514,XOF8012,F,DGCX,DINR,Jun 26 ,,,,20260514.0,S,1,104.08,,-141.24,0.0,,104.191,USD,,DGCX-DMA,200.0,20260514F073079001,
20260514,XOF8012,F,DGCX,DINR,Jun 26 ,,,,20260514.0,S,4,104.08,,-23.45,0.0,,103.7076,USD,,DGCX-DMA,200.0,20260514F073081001,
20260514,XOF8012,F,DGCX,DINR,Jun 26 ,,,,20260514.0,S,3,104.08,,38.67,0.0,,105.0072,USD,,DGCX-DMA,200.0,20260514F073131001,
20260514,XOF8012,F,DGCX,DINR,Jun 26 ,,,,20260514.0,S,2,104.08,,81.31,0.0,,104.5242,USD,,DGCX-DMA,200.0,20260514F073133001,
20260514,XOF8012,F,DGCX,DINR,Jun 26 ,,,,20260514.0,S,1,104.09,,-10.85,0.0,,104.5672,USD,,DGCX-DMA,200.0,20260514F073122001,
20260514,XOF8012,F,DGCX,DINR,Jun 26 ,,,,20260514.0,S,1,104.09,,-2.77,0.0,,105.2958,USD,,DGCX-DMA,200.0,20260514F073125001,
20260514,XOF8012,F,DGCX,DINR,Jun 26 ,,,,20260512.0,S,1,104.1,,-46.79,0.0,,103.6475,USD,,DGCX-DMA,200.0,20260512F066737001,
20260514,XOF8012,F,DGCX,DINR,Jun 26 ,,,,20260512.0,S,2,104.1,,-64.11,0.0,,104.1285,USD,,DGCX-DMA,200.0,20260512F066739001,
20260514,XOF8012,F,DGCX,DINR,Jun 26 ,,,,20260514.0,S,1,104.1,,14.14,0.0,,104.003,USD,,DGCX-DMA,200.0,20260514F073117001,
20260514,XOF8012,F,DGCX,DINR,Jun 26 ,,,,20260514.0,S,3,104.1,,-11.38,0.0,,103.2433,USD,,DGCX-DMA,200.0,20260514F073119001,
20260514,XOF8012,F,DGCX,DINR,Jun 26 ,,,,20260514.0,S,4,104.1,,5.32,0.0,,103.0879,USD,,DGCX-DMA,200.0,20260514F073123001,
20260514,XOF8012,F,DGCX,DINR,Jun 26 ,,,,20260512.0,S,1,104.11,,7.03,0.0,,105.0755,USD,,DGCX-DMA,200.0,20260512F066736001,
20260514,XOF8012,F,DGCX,DINR,Jun 26 ,,,,20260514.0,S,5,104.15,,179.77,0.0,,103.1299,USD,,DGCX-DMA,200.0,20260514F073068001,
20260514,XOF8012,F,DGCX,DINR,Jun 26 ,,,,20260514.0,S,5,104.15,,127.21,0.0,,104.2993,USD,,DGCX-DMA,200.0,20260514F073070001,
20260514,XOF8012,F,DGCX,DINR,Jun 26 ,,,,20260514.0,S,2,104.21,,152.4,0.0,,103.1441,USD,,DGCX-DMA,200.0,20260514F073252001,
20260514,XOF8012,F,DGCX,DINR,Jun 26 ,,,,20260514.0,S,2,104.21,,-61.53,0.0,,104.3943,USD,,DGCX-DMA,200.0,20260514F073254001,
20260514,XOF8012,F,DGCX,DINR,Jun 26 ,,,,20260514.0,S,1,104.23,,138.86,0.0,,104.6351,USD,,DGCX-DMA,200.0,20260514F073250001,
20260514,XOF8012,F,SGX,IU,May 26 ,,,,20260514.0,S,32,104.55,,1102.61,0.0,,104.9469,USD,,,200.0,20260514F124639001,
20260514,XOF8012,F,SGX,IU,May 26 ,,,,20260514.0,S,3,104.56,,102.95,0.0,,103.5448,USD,,,200.0,20260514F124641001,
20260514,XOF8012,F,SGX,IU,Jun 26 ,,,,20260514.0,B,5,103.92,,131.67,0.0,,105.4515,USD,,,200.0,20260514F025911001,
20260514,XOF8012,F,SGX,IU,Jun 26 ,,,,20260514.0,B,5,103.92,,29.03,0.0,,104.5818,USD,,,200.0,20260514F026034001,
20260514,XOF8012,F,SGX,IU,Jun 26 ,,,,20260514.0,B,5,103.93,,62.18,0.0,,104.1906,USD,,,200.0,20260514F026152001,
20260514,XOF8012,F,SGX,IU,Jun 26 ,,,,20260514.0,B,5,103.93,,4.58,0.0,,103.9856,USD,,,200.0,20260514F026154001,
20260514,XOF8012,F,SGX,IU,Jun 26 ,,,,20260514.0,B,12,103.95,,267.26,0.0,,104.2326,USD,,,200.0,20260514F023146001,
20260514,XOF8012,F,SGX,IU,Jun 26 ,,,,20260514.0,B,5,103.95,,61.76,0.0,,104.3184,USD,,,200.0,20260514F027311001,
20260514,XOF8012,F,SGX,IU,Jun 26 ,,,,20260514.0,B,5,103.95,,120.11,0.0,,104.3048,USD,,,200.0,20260514F027313001,
20260514,XOF8012,F,SGX,IU,Jun 26 ,,,,20260514.0,B,3,103.96,,54.87,0.0,,104.2316,USD,,,200.0,20260514F022765001,
20260514,XOF8012,F,SGX,IU,Jun 26 ,,,,20260514.0,B,4,103.96,,153.92,0.0,,103.2053,USD,,,200.0,20260514F023137001,
20260514,XOF8012,F,SGX,IU,Jun 26 ,,,,20260514.0,B,1,103.96,,12.3,0.0,,103.9059,USD,,,200.0,20260514F023139001,
20260514,XOF8012,F,SGX,IU,Jun 26 ,,,,20260514.0,B,5,103.96,,24.82,0.0,,104.235,USD,,,200.0,20260514F026312001,
20260514,XOF8012,F,SGX,IU,Jun 26 ,,,,20260514.0,B,5,103.96,,47.33,0.0,,103.2742,USD,,,200.0,20260514F026314001,
20260514,XOF8012,F,SGX,IU,Jun 26 ,,,,20260514.0,B,5,103.96,,35.92,0.0,,104.5913,USD,,,200.0,20260514F027270001,
20260514,XOF8012,F,SGX,IU,Jun 26 ,,,,20260514.0,B,5,103.96,,42.34,0.0,,103.5915,USD,,,200.0,20260514F027272001,
20260514,XOF8012,F,SGX,IU,Jun 26 ,,,,20260514.0,B,2,103.97,,-64.95,0.0,,104.0401,USD,,,200.0,20260514F027355001,
20260514,XOF8012,F,SGX,IU,Jun 26 ,,,,20260514.0,B,2,103.97,,56.95,0.0,,104.2904,USD,,,200.0,20260514F027357001,
20260514,XOF8012,F,SGX,IU,Jun 26 ,,,,20260514.0,B,1,103.97,,-3.24,0.0,,104.3179,USD,,,200.0,20260514F031711001,
20260514,XOF8012,F,SGX,IU,Jun 26 ,,,,20260514.0,B,5,103.97,,120.46,0.0,,103.2206,USD,,,200.0,20260514F031713001,
20260514,XOF8012,F,SGX,IU,Jun 26 ,,,,20260514.0,B,4,103.98,,19.69,0.0,,103.6791,USD,,,200.0,20260514F013985001,
20260514,XOF8012,F,SGX,IU,Jun 26 ,,,,20260514.0,B,2,104.0,,145.85,0.0,,105.2684,USD,,,200.0,20260514F024526001,
20260514,XOF8012,F,SGX,IU,Jun 26 ,,,,20260514.0,B,1,104.0,,0.7,0.0,,104.3644,USD,,,200.0,20260514F024527001,
20260514,XOF8012,F,SGX,IU,Jun 26 ,,,,20260514.0,B,2,104.0,,15.84,0.0,,104.8865,USD,,,200.0,20260514F024529001,
20260514,XOF8012,F,SGX,IU,Jun 26 ,,,,20260514.0,B,1,104.0,,-19.09,0.0,,103.5986,USD,,,200.0,20260514F027849001,
20260514,XOF8012,F,SGX,IU,Jun 26 ,,,,20260514.0,B,4,104.0,,-13.95,0.0,,104.5782,USD,,,200.0,20260514F027851001,
20260514,XOF8012,F,SGX,IU,Jun 26 ,,,,20260514.0,B,5,104.01,,-17.35,0.0,,104.0863,USD,,,200.0,20260514F021419001,
20260514,XOF8012,F,SGX,IU,Jun 26 ,,,,20260514.0,B,5,104.01,,113.86,0.0,,104.978,USD,,,200.0,20260514F024923001,
20260514,XOF8012,F,SGX,IU,Jun 26 ,,,,20260514.0,B,9,104.01,,7.44,0.0,,104.4347,USD,,,200.0,20260514F024929001,
20260514,XOF8012,F,SGX,IU,Jun 26 ,,,,20260514.0,B,6,104.01,,-80.07,0.0,,102.8258,USD,,,200.0,20260514F024935001,
20260514,XOF8012,F,SGX,IU,Jun 26 ,,,,20260514.0,B,5,104.01,,45.83,0.0,,104.1468,USD,,,200.0,20260514F024937001,
20260514,XOF8012,F,SGX,IU,Jun 26 ,,,,20260514.0,B,5,104.01,,36.26,0.0,,103.9945,USD,,,200.0,20260514F024942001,
20260514,XOF8012,F,SGX,IU,Jun 26 ,,,,20260514.0,B,5,104.01,,53.07,0.0,,103.509,USD,,,200.0,20260514F029512001,
20260514,XOF8012,F,SGX,IU,Jun 26 ,,,,20260514.0,B,5,104.01,,46.77,0.0,,104.8343,USD,,,200.0,20260514F029513001,
20260514,XOF8012,F,SGX,IU,Jun 26 ,,,,20260514.0,B,5,104.03,,29.03,0.0,,104.3449,USD,,,200.0,20260514F018089001,
20260514,XOF8012,F,SGX,IU,Jun 26 ,,,,20260514.0,B,5,104.04,,-166.15,0.0,,102.5004,USD,,,200.0,20260514F027884001,
20260514,XOF8012,F,SGX,IU,Jun 26 ,,,,20260514.0,B,1,104.04,,-119.07,0.0,,104.3512,USD,,,200.0,20260514F027943001,
20260514,XOF8012,F,SGX,IU,Jun 26 ,,,,20260514.0,B,4,104.04,,-19.98,0.0,,103.4876,USD,,,200.0,20260514F027945001,
20260514,XOF8012,F,SGX,IU,Jun 26 ,,,,20260514.0,B,5,104.04,,14.76,0.0,,104.4693,USD,,,200.0,20260514F028419001,
20260514,XOF8012,F,SGX,IU,Jun 26 ,,,,20260514.0,B,5,104.04,,-59.84,0.0,,104.0049,USD,,,200.0,20260514F031362001,
20260514,XOF8012,F,SGX,IU,Jun 26 ,,,,20260514.0,B,5,104.05,,-51.6,0.0,,104.0439,USD,,,200.0,20260514F028322001,
20260514,XOF8012,F,SGX,IU,Jun 26 ,,,,20260514.0,B,3,104.05,,21.24,0.0,,104.03,USD,,,200.0,20260514F028401001,
20260514,XOF8012,F,SGX,IU,Jun 26 ,,,,20260514.0,B,5,104.05,,-91.86,0.0,,103.9099,USD,,,200.0,20260514F124607001,
20260514,XOF8012,F,SGX,IU,Jun 26 ,,,,20260514.0,B,5,104.05,,-55.99,0.0,,103.2399,USD,,,200.0,20260514F124609001,
20260514,XOF8012,F,SGX,IU,Jun 26 ,,,,20260514.0,B,5,104.05,,15.71,0.0,,104.8095,USD,,,200.0,20260514F124611001,
20260514,XOF8012,F,SGX,IU,Jun 26 ,,,,20260514.0,B,5,104.06,,26.65,0.0,,105.6761,USD,,,200.0,20260514F018113001,
20260514,XOF8012,F,SGX,IU,Jun 26 ,,,,20260514.0,B,5,104.06,,39.82,0.0,,104.6043,USD,,,200.0,20260514F018115001,
20260514,XOF8012,F,SGX,IU,Jun 26 ,,,,20260514.0,B,5,104.06,,-153.04,0.0,,104.6391,USD,,,200.0,20260514F019491001,
20260514,XOF8012,F,SGX,IU,Jun 26 ,,,,20260514.0,B,5,104.08,,58.2,0.0,,104.0334,USD,,,200.0,20260514F030744001,
20260514,XOF8012,F,SGX,IU,Jun 26 ,,,,20260514.0,B,5,104.09,,-36.91,0.0,,104.9941,USD,,,200.0,20260514F030233001,
20260514,XOF8012,F,SGX,IU,Jun 26 ,,,,20260514.0,B,5,104.09,,-110.71,0.0,,104.3164,USD,,,200.0,20260514F030241001,
20260514,XOF8012,F,SGX,IU,Jun 26 ,,,,20260514.0,B,5,104.09,,-112.25,0.0,,104.9836,USD,,,200.0,20260514F030245001,
20260514,XOF8012,F,SGX,IU,Jun 26 ,,,,20260514.0,B,7,104.1,,-106.14,0.0,,104.1534,USD,,,200.0,20260514F014407001,
20260514,XOF8012,F,SGX,IU,Jun 26 ,,,,20260514.0,B,16,104.1,,-299.4,0.0,,104.402,USD,,,200.0,20260514F014729001,
20260514,XOF8012,F,SGX,IU,Jun 26 ,,,,20260514.0,B,2,104.1,,54.45,0.0,,103.6686,USD,,,200.0,20260514F014738001,
20260514,XOF8012,F,SGX,IU,Jun 26 ,,,,20260514.0,B,2,104.1,,-77.08,0.0,,103.8546,USD,,,200.0,20260514F032973001,
20260514,XOF8012,F,SGX,IU,Jun 26 ,,,,20260514.0,B,13,104.1,,-257.88,0.0,,104.6059,USD,,,200.0,20260514F032975001,
20260514,XOF8012,F,SGX,IU,Jun 26 ,,,,20260514.0,B,8,104.11,,-174.89,0.0,,103.2487,USD,,,200.0,20260514F014395001,
20260514,XOF8012,F,SGX,IU,Jun 26 ,,,,20260514.0,B,7,104.11,,-94.77,0.0,,103.9573,USD,,,200.0,20260514F014402001,
20260514,XOF8012,F,SGX,IU,Jun 26 ,,,,20260514.0,B,5,104.15,,-102.72,0.0,,103.5693,USD,,,200.0,20260514F030733001,
20260514,XOF8012,F,SGX,IU,Jun 26 ,,,,20260514.0,B,5,104.15,,-170.22,0.0,,104.4676,USD,,,200.0,20260514F030734001,
20260514,XOF8012,F,SGX,IU,Jun 26 ,,,,20260514.0,B,10,104.16,,-328.48,0.0,,104.7038,USD,,,200.0,20260514F124693001,
20260514,XOF8012,F,SGX,IU,Jun 26 ,,,,20260514.0,B,13,104.17,,-435.1,0.0,,104.92,USD,,,200.0,20260514F022860001,
20260514,XOF8012,F,SGX,IU,Jun 26 ,,,,20260514.0,B,13,104.17,,-424.53,0.0,,104.8201,USD,,,200.0,20260514F023329001,
20260514,XOF8012,F,SGX,IU,Jun 26 ,,,,20260514.0,B,60,104.17,,-1777.48,0.0,,103.8845,USD,,,200.0,20260514F124694001,
20260514,XOF8012,F,SGX,IU,Jun 26 ,,,,20260514.0,B,19,104.17,,-595.98,0.0,,104.088,USD,,,200.0,20260514F124696001,
20260514,XOF8012,F,SGX,IU,Jun 26 ,,,,20260514.0,B,18,104.18,,-571.2,0.0,,104.9341,USD,,,200.0,20260514F124636001,
20260514,XOF8012,F,SGX,IU,Jun 26 ,,,,20260514.0,B,7,104.18,,-331.58,0.0,,104.3002,USD,,,200.0,20260514F124637001,
20260514,XOF8012,F,SGX,IU,Jun 26 ,,,,20260514.0,B,13,104.18,,-411.02,0.0,,104.1357,USD,,,200.0,20260514F124638001,
20260514,XOF8012,F,SGX,IU,Jun 26 ,,,,20260514.0,B,18,104.18,,-576.32,0.0,,104.6847,USD,,,200.0,20260514F124676001,
20260514,XOF8012,F,SGX,IU,Jun 26 ,,,,20260514.0,B,20,104.18,,-701.86,0.0,,104.3468,USD,,,200.0,20260514F124678001,
20260514,XOF8012,F,SGX,IU,Jun 26 ,,,,20260514.0,B,20,104.18,,-716.87,0.0,,104.4355,USD,,,200.0,20260514F124680001,
20260514,XOF8012,F,SGX,IU,Jun 26 ,,,,20260514.0,B,20,104.18,,-724.62,0.0,,104.3392,USD,,,200.0,20260514F124682001,
20260514,XOF8012,F,SGX,IU,Jun 26 ,,,,20260514.0,B,20,104.18,,-710.76,0.0,,104.1573,USD,,,200.0,20260514F124684001,
20260514,XOF8012,F,SGX,IU,Jun 26 ,,,,20260514.0,B,1,104.19,,7.46,0.0,,104.0459,USD,,,200.0,20260514F032832001,
20260514,XOF8012,F,SGX,IU,Jun 26 ,,,,20260514.0,B,3,104.19,,-88.02,0.0,,104.0032,USD,,,200.0,20260514F124640001,
20260514,XOF8012,F,SGX,IU,Jun 26 ,,,,20260514.0,B,11,104.19,,-206.12,0.0,,103.6094,USD,,,200.0,20260514F124689001,
20260514,XOF8012,F,SGX,IU,Jun 26 ,,,,20260514.0,B,11,104.19,,-478.61,0.0,,104.5952,USD,,,200.0,20260514F124691001,
20260514,XOF8012,F,SGX,IU,Jun 26 ,,,,20260514.0,B,20,104.2,,-703.17,0.0,,103.804,USD,,,200.0,20260514F124686001,
20260514,XOF8012,F,SGX,IU,Jun 26 ,,,,20260514.0,B,1,104.21,,-43.74,0.0,,102.6673,USD,,,200.0,20260514F013976001,
20260514,XOF8012,F,SGX,IU,Jun 26 ,,,,20260514.0,B,4,104.21,,-214.49,0.0,,103.3953,USD,,,200.0,20260514F013978001,
20260514,XOF8012,F,SGX,IU,Jun 26 ,,,,20260514.0,B,1,104.21,,-65.6,0.0,,104.9275,USD,,,200.0,20260514F023545001,
20260514,XOF8012,F,SGX,IU,Jun 26 ,,,,20260514.0,B,3,104.21,,-125.57,0.0,,104.694,USD,,,200.0,20260514F023546001,
20260514,XOF8012,F,SGX,IU,Jun 26 ,,,,20260514.0,B,2,104.22,,-135.83,0.0,,104.8543,USD,,,200.0,20260514F032799001,
20260514,XOF8012,F,SGX,IU,Jun 26 ,,,,20260514.0,B,3,104.22,,-157.95,0.0,,103.9883,USD,,,200.0,20260514F032804001,
20260514,XOF8012,F,SGX,IU,Jun 26 ,,,,20260514.0,B,1,104.22,,-88.22,0.0,,103.5928,USD,,,200.0,20260514F032806001,
20260514,XOF8012,F,SGX,IU,Jun 26 ,,,,20260514.0,B,1,104.22,,-127.34,0.0,,105.1095,USD,,,200.0,20260514F032823001,
20260514,XOF8012,F,SGX,IU,Jun 26 ,,,,20260514.0,B,5,104.22,,-229.68,0.0,,104.8074,USD,,,200.0,20260514F124612001,
20260514,XOF8012,F,SGX,IU,Jun 26 ,,,,20260514.0,B,3,104.23,,-164.78,0.0,,103.2761,USD,,,200.0,20260514F023895001,
20260514,XOF8012,F,SGX,IU,Jun 26 ,,,,20260514.0,B,3,104.23,,-89.34,0.0,,103.4323,USD,,,200.0,20260514F023896001,
20260514,XOF8012,F,SGX,IU,Jun 26 ,,,,20260514.0,B,9,104.23,,-379.77,0.0,,104.189,USD,,,200.0,20260514F024022001,
20260514,XOF8012,F,SGX,IU,Jun 26 ,,,,20260514.0,B,2,104.24,,-25.81,0.0,,103.9156,USD,,,200.0,20260514F023899001,
20260514,XOF8012,F,SGX,IU,Jul 26 ,,,,20260513.0,B,1,103.59,,-23.89,0.0,,103.6899,USD,,,200.0,20260513F018546001,
20260514,XOF8012,F,SGX,IU,Jul 26 ,,,,20260513.0,B,1,103.6,,-102.58,0.0,,103.2138,USD,,,200.0,20260513F018543001,
20260514,XOF8012,F,SGX,IU,Jul 26 ,,,,20260513.0,B,1,103.62,,77.19,0.0,,104.726,USD,,,200.0,20260513F019348001,
20260514,XOF8012,F,SGX,IU,Jul 26 ,,,,20260513.0,B,1,103.65,,93.83,0.0,,103.0323,USD,,,200.0,20260513F114504001,
20260514,XOF8012,F,SGX,IU,Jul 26 ,,,,20260505.0,B,1,103.87,,-56.83,0.0,,104.9786,USD,,,200.0,20260505F068242001,
20260514,XOF8012,F,SGX,IU,Jul 26 ,,,,20260505.0,B,1,103.87,,-80.68,0.0,,104.4388,USD,,,200.0,20260505F068244001,
20260514,XOF8012,F,SGX,IU,Jul 26 ,,,,20260506.0,B,3,104.26,,-393.84,0.0,,103.9943,USD,,,200.0,20260506F019700001,
20260514,XOF8012,F,SGX,IU,Jul 26 ,,,,20260508.0,B,1,104.95,,-266.22,0.0,,103.1738,USD,,,200.0,20260508F101422001,
20260514,XOF8012,F,SGX,IU,Jul 26 ,,,,20260508.0,B,1,104.95,,-130.47,0.0,,101.5375,USD,,,200.0,20260508F101426001,
20260514,XOF8012,F,SGX,IU,Jul 26 ,,,,20260508.0,B,1,104.96,,-295.77,0.0,,103.4811,USD,,,200.0,20260508F101424001,
20260514,XOF8012,F,SGX,IU,Jul 26 ,,,,20260508.0,B,1,104.96,,-275.25,0.0,,104.2325,USD,,,200.0,20260508F101428001,
20260514,XOF8012,F,SGX,IU,Jul 26 ,,,,20260508.0,B,1,104.96,,-296.86,0.0,,104.0855,USD,,,200.0,20260508F101430001,
20260514,XOF8013,F,SGX,IU,May 26 ,,,,20260514.0,S,69,104.54,,2151.54,0.0,,102.8215,USD,,,200.0,20260514F124713001,
20260514,XOF8013,F,SGX,IU,May 26 ,,,,20260514.0,S,20,104.55,,632.83,0.0,,103.8146,USD,,,200.0,20260514F124714001,
20260514,XOF8013,F,SGX,IU,May 26 ,,,,20260514.0,S,17,104.55,,757.31,0.0,,104.6934,USD,,,200.0,20260514F124716001,
20260514,XOF8013,F,SGX,IU,Jun 26 ,,,,20260514.0,B,13,104.03,,44.99,0.0,,104.2219,USD,,,200.0,20260514F028634001,
20260514,XOF8013,F,SGX,IU,Jun 26 ,,,,20260514.0,B,14,104.04,,45.59,0.0,,102.4409,USD,,,200.0,20260514F030192001,
20260514,XOF8013,F,SGX,IU,Jun 26 ,,,,20260514.0,B,13,104.04,,-143.19,0.0,,104.5613,USD,,,200.0,20260514F030193001,
20260514,XOF8013,F,SGX,IU,Jun 26 ,,,,20260514.0,B,2,104.06,,-101.88,0.0,,105.187,USD,,,200.0,20260514F030195001,
20260514,XOF8013,F,SGX,IU,Jun 26 ,,,,20260514.0,B,7,104.06,,-106.6,0.0,,104.2765,USD,,,200.0,20260514F030197001,
20260514,XOF8013,F,SGX,IU,Jun 26 ,,,,20260514.0,B,4,104.06,,-86.63,0.0,,104.4123,USD,,,200.0,20260514F124790001,
20260514,XOF8013,F,SGX,IU,Jun 26 ,,,,20260514.0,B,1,104.13,,32.92,0.0,,104.8484,USD,,,200.0,20260514F124784001,
20260514,XOF8013,F,SGX,IU,Jun 26 ,,,,20260514.0,B,4,104.14,,-144.58,0.0,,104.555,USD,,,200.0,20260514F124786001,
20260514,XOF8013,F,SGX,IU,Jun 26 ,,,,20260514.0,B,163,104.17,,-4889.03,0.0,,104.9755,USD,,,200.0,20260514F124712001,
20260514,XOF8013,F,SGX,IU,Jun 26 ,,,,20260514.0,B,4,104.17,,-121.38,0.0,,104.0734,USD,,,200.0,20260514F124788001,
20260514,XOF8013,F,SGX,IU,Jun 26 ,,,,20260514.0,B,20,104.18,,-674.01,0.0,,103.9077,USD,,,200.0,20260514F124715001,
20260514,XOF8013,F,SGX,IU,Jun 26 ,,,,20260514.0,B,17,104.18,,-645.41,0.0,,103.699,USD,,,200.0,20260514F124717001,
20260514,XOF8013,F,SGX,IU,Jul 26 ,,,,20260512.0,S,3,103.62,,43.75,0.0,,105.4721,USD,,,200.0,20260512F027101001,
20260514,XOF8013,F,SGX,IU,Jul 26 ,,,,20260512.0,S,1,103.62,,56.13,0.0,,103.5913,USD,,,200.0,20260512F027103001,
20260514,XOF8013,F,SGX,IU,Jul 26 ,,,,20260513.0,S,2,103.63,,-60.47,0.0,,103.408,USD,,,200.0,20260513F114719001,
20260514,XOF8013,F,SGX,IU,Jul 26 ,,,,20260513.0,S,1,103.65,,73.06,0.0,,103.9352,USD,,,200.0,20260513F114724001,
20260514,XOF8013,F,SGX,IU,Jul 26 ,,,,20260512.0,S,4,103.66,,36.95,0.0,,103.6831,USD,,,200.0,20260512F026472001,
20260514,XOF8013,F,SGX,IU,Jul 26 ,,,,20260514.0,S,1,103.66,,-188.28,0.0,,105.2279,USD,,,200.0,20260514F025016001,
20260514,XOF8013,F,SGX,IU,Jul 26 ,,,,20260514.0,S,4,103.69,,1.26,0.0,,103.3774,USD,,,200.0,20260514F124791001,
20260514,XOF8013,F,SGX,IU,Jul 26 ,,,,20260514.0,S,1,103.76,,202.73,0.0,,103.6353,USD,,,200.0,20260514F124785001,
20260514,XOF8013,F,SGX,IU,Jul 26 ,,,,20260514.0,S,4,103.77,,57.85,0.0,,103.8462,USD,,,200.0,20260514F124787001,
20260514,XOF8013,F,SGX,IU,Jul 26 ,,,,20260514.0,S,4,103.8,,148.74,0.0,,104.3146,USD,,,200.0,20260514F124789001,
20260514,XOF8013,F,SGX,IU,Jul 26 ,,,,20260511.0,S,3,104.05,,242.16,0.0,,102.0063,USD,,,200.0,20260511F100274001,
20260514,XOF8013,F,SGX,IU,Jul 26 ,,,,20260511.0,S,4,104.06,,312.76,0.0,,103.886,USD,,,200.0,20260511F100266001,
20260514,XOF8013,F,SGX,IU,Jul 26 ,,,,20260511.0,S,1,104.06,,174.96,0.0,,102.7216,USD,,,200.0,20260511F100268001,
20260514,XOF8013,F,SGX,IU,Jul 26 ,,,,20260511.0,S,4,104.08,,380.54,0.0,,104.0251,USD,,,200.0,20260511F100270001,
20260514,XOF8013,F,SGX,IU,Jul 26 ,,,,20260511.0,S,1,104.08,,-48.45,0.0,,103.5027,USD,,,200.0,20260511F100276001,
20260514,XOF8013,F,SGX,IU,Jul 26 ,,,,20260511.0,S,1,104.08,,139.64,0.0,,104.1619,USD,,,200.0,20260511F100278001,
20260514,XOF8013,F,SGX,IU,Jul 26 ,,,,20260511.0,S,1,104.09,,95.38,0.0,,104.7694,USD,,,200.0,20260511F100272001,
20260514,XOF8013,F,SGX,IU,Jul 26 ,,,,20260511.0,S,1,104.1,,108.66,0.0,,103.5282,USD,,,200.0,20260511F100238001,
20260514,XOF8013,F,SGX,IU,Jul 26 ,,,,20260511.0,S,1,104.1,,56.22,0.0,,102.9146,USD,,,200.0,20260511F100255001,
20260514,XOF8013,F,SGX,IU,Jul 26 ,,,,20260511.0,S,1,104.13,,135.57,0.0,,103.4759,USD,,,200.0,20260511F100232001,
20260514,XOF8013,F,SGX,IU,Jul 26 ,,,,20260511.0,S,1,104.13,,214.92,0.0,,103.4916,USD,,,200.0,20260511F100234001,
20260514,XOF8013,F,SGX,IU,Jul 26 ,,,,20260511.0,S,1,104.13,,74.78,0.0,,104.5898,USD,,,200.0,20260511F100239001,
20260514,XOF8013,F,SGX,IU,Jul 26 ,,,,20260511.0,S,1,104.13,,165.43,0.0,,102.4465,USD,,,200.0,20260511F100240001,
20260514,XOF8013,F,SGX,IU,Jul 26 ,,,,20260511.0,S,4,104.15,,372.18,0.0,,102.4594,USD,,,200.0,20260511F015705001,
20260514,XOF8013,F,SGX,IU,Jul 26 ,,,,20260511.0,S,1,104.16,,106.67,0.0,,102.4685,USD,,,200.0,20260511F015161001,
20260514,XOF8013,F,SGX,IU,Jul 26 ,,,,20260511.0,S,4,104.16,,389.98,0.0,,103.847,USD,,,200.0,20260511F015703001,
20260514,XOF8013,F,SGX,IU,Jul 26 ,,,,20260511.0,S,1,104.17,,73.58,0.0,,104.613,USD,,,200.0,20260511F013916001,
20260514,XOF8013,F,SGX,IU,Jul 26 ,,,,20260511.0,S,1,104.17,,56.26,0.0,,103.5104,USD,,,200.0,20260511F015159001,
20260514,XOF8013,F,SGX,IU,Jul 26 ,,,,20260511.0,S,1,104.2,,95.37,0.0,,103.1632,USD,,,200.0,20260511F007607001,
20260514,XOF8013,F,SGX,IU,Jul 26 ,,,,20260511.0,S,1,104.22,,202.97,0.0,,102.8865,USD,,,200.0,20260511F016271001,
20260514,XOF8013,F,SGX,IU,Jul 26 ,,,,20260511.0,S,1,104.23,,66.58,0.0,,103.9465,USD,,,200.0,20260511F016268001,
20260514,XOF8013,F,SGX,IU,Jul 26 ,,,,20260511.0,S,1,104.25,,132.04,0.0,,103.5415,USD,,,200.0,20260511F016266001,
20260514,XOF8013,F,SGX,IU,Jul 26 ,,,,20260511.0,S,1,104.47,,155.91,0.0,,104.2084,USD,,,200.0,20260511F003189001,
20260514,XOF8013,F,SGX,IU,Jul 26 ,,,,20260508.0,S,2,104.93,,563.74,0.0,,103.5204,USD,,,200.0,20260508F101470001,
20260514,XOF8013,F,SGX,IU,Jul 26 ,,,,20260508.0,S,4,104.95,,909.68,0.0,,102.7727,USD,,,200.0,20260508F101477001,
20260514,XOF8013,F,SGX,IU,Jul 26 ,,,,20260508.0,S,1,104.95,,229.22,0.0,,103.9992,USD,,,200.0,20260508F101486001,
20260514,XOF8013,F,SGX,IU,Jul 26 ,,,,20260508.0,S,1,104.95,,179.87,0.0,,103.396,USD,,,200.0,20260508F101488001,
20260514,XOF8013,F,SGX,IU,Jul 26 ,,,,20260508.0,S,1,104.95,,191.22,0.0,,103.8667,USD,,,200.0,20260508F101490001,
20260514,XOF8013,F,SGX,IU,Jul 26 ,,,,20260508.0,S,1,104.97,,233.74,0.0,,103.8107,USD,,,200.0,20260508F101484001,
20260514,XOF8013,F,SGX,IU,Jul 26 ,,,,20260508.0,S,4,104.99,,1099.76,0.0,,104.66,USD,,,200.0,20260508F101482001,
20260514,XOF8013,F,SGX,IU,Jul 26 ,,,,20260507.0,S,8,105.07,,2309.52,0.0,,103.2344,USD,,,200.0,20260507F109188001,
20260514,XOF8013,F,SGX,IU,Jul 26 ,,,,20260507.0,S,2,105.08,,586.83,0.0,,103.9622,USD,,,200.0,20260507F109190001,
20260514,XOF8013,F,SGX,IU,Jul 26 ,,,,20260507.0,S,12,105.09,,3451.61,0.0,,104.3732,USD,,,200.0,20260507F109185001,
20260514,XOF8013,F,SGX,IU,Jul 26 ,,,,20260507.0,S,12,105.1,,3458.92,0.0,,103.5956,USD,,,200.0,20260507F109181001,
20260514,XOF8013,F,SGX,IU,Jul 26 ,,,,20260507.0,S,4,105.18,,1279.49,0.0,,103.158,USD,,,200.0,20260507F109192001,
20260514,XOF8013,F,SGX,IU,Jul 26 ,,,,20260507.0,S,19,105.41,,6569.91,0.0,,103.8406,USD,,,200.0,20260507F109204001,
20260514,XOF8013,F,SGX,IU,Jul 26 ,,,,20260507.0,S,5,105.41,,1760.96,0.0,,104.1621,USD,,,200.0,20260507F109206001,
20260514,XOF8013,F,SGX,IU,Jul 26 ,,,,20260507.0,S,5,105.42,,1638.98,0.0,,104.0984,USD,,,200.0,20260507F109196001,
20260514,XOF8013,F,SGX,IU,Jul 26 ,,,,20260507.0,S,7,105.43,,2372.63,0.0,,103.0843,USD,,,200.0,20260507F109209001,
20260514,XOF8013,F,SGX,IU,Jul 26 ,,,,20260507.0,S,5,105.43,,1752.38,0.0,,104.2781,USD,,,200.0,20260507F109211001,
20260514,XOF8013,F,SGX,IU,Jul 26 ,,,,20260507.0,S,1,105.43,,329.93,0.0,,103.2404,USD,,,200.0,20260507F109212001,
20260514,XOF8017,F,DGCX,DINR,May 26 ,,,,20260514.0,S,1,104.49,,-54.46,0.0,,103.7019,USD,,DGCX-DMA,200.0,20260514F073352001,
20260514,XOF8017,F,DGCX,DINR,May 26 ,,,,20260514.0,S,2,104.56,,85.79,0.0,,104.0873,USD,,DGCX-DMA,200.0,20260514F073374001,
20260514,XOF8017,F,DGCX,DINR,May 26 ,,,,20260514.0,S,2,104.56,,88.05,0.0,,104.6616,USD,,DGCX-DMA,200.0,20260514F073375001,
20260514,XOF8017,F,DGCX,DINR,May 26 ,,,,20260514.0,S,3,104.56,,8.99,0.0,,105.3825,USD,,DGCX-DMA,200.0,20260514F073376001,
20260514,XOF8017,F,DGCX,DINR,May 26 ,,,,20260514.0,S,5,104.56,,144.52,0.0,,105.1602,USD,,DGCX-DMA,200.0,20260514F073377001,
20260514,XOF8017,F,DGCX,DINR,May 26 ,,,,20260514.0,S,3,104.56,,43.8,0.0,,103.804,USD,,DGCX-DMA,200.0,20260514F073378001,
20260514,XOF8017,F,DGCX,DINR,May 26 ,,,,20260514.0,S,3,104.56,,161.03,0.0,,105.0793,USD,,DGCX-DMA,200.0,20260514F073379001,
20260514,XOF8017,F,DGCX,DINR,May 26 ,,,,20260514.0,S,4,104.57,,89.93,0.0,,104.9761,USD,,DGCX-DMA,200.0,20260514F073380001,
20260514,XOF8017,F,DGCX,DINR,May 26 ,,,,20260514.0,S,1,104.57,,61.69,0.0,,103.7564,USD,,DGCX-DMA,200.0,20260514F073381001,
20260514,XOF8017,F,DGCX,DINR,May 26 ,,,,20260514.0,S,5,104.59,,159.18,0.0,,104.0818,USD,,DGCX-DMA,200.0,20260514F073366001,
20260514,XOF8017,F,DGCX,DINR,May 26 ,,,,20260514.0,S,3,104.59,,90.47,0.0,,104.3206,USD,,DGCX-DMA,200.0,20260514F073367001,
20260514,XOF8017,F,DGCX,DINR,May 26 ,,,,20260514.0,S,3,104.59,,158.82,0.0,,104.948,USD,,DGCX-DMA,200.0,20260514F073368001,
20260514,XOF8017,F,DGCX,DINR,May 26 ,,,,20260514.0,S,5,104.59,,107.2,0.0,,104.1948,USD,,DGCX-DMA,200.0,20260514F073369001,
20260514,XOF8017,F,DGCX,DINR,May 26 ,,,,20260514.0,S,1,104.59,,211.04,0.0,,105.2023,USD,,DGCX-DMA,200.0,20260514F073372001,
20260514,XOF8017,F,DGCX,DINR,May 26 ,,,,20260514.0,S,1,104.59,,72.07,0.0,,104.8486,USD,,DGCX-DMA,200.0,20260514F073373001,
20260514,XOF8017,F,DGCX,DINR,May 26 ,,,,20260514.0,S,3,104.6,,175.09,0.0,,104.7356,USD,,DGCX-DMA,200.0,20260514F073370001,
20260514,XOF8017,F,DGCX,DINR,May 26 ,,,,20260514.0,S,3,104.6,,45.12,0.0,,104.032,USD,,DGCX-DMA,200.0,20260514F073371001,
20260514,XOF8017,F,SGX,IU,May 26 ,,,,20260514.0,B,1,104.47,,-16.0,0.0,,104.39,USD,,,200.0,20260514F124988001,
20260514,XOF8017,F,SGX,IU,May 26 ,,,,20260514.0,B,1,104.54,,-75.42,0.0,,104.5345,USD,,,200.0,20260514F124905001,
20260514,XOF8017,F,SGX,IU,May 26 ,,,,20260514.0,B,2,104.54,,-152.9,0.0,,104.785,USD,,,200.0,20260514F124906001,
20260514,XOF8017,F,SGX,IU,May 26 ,,,,20260514.0,B,3,104.54,,-135.32,0.0,,105.1962,USD,,,200.0,20260514F124907001,
20260514,XOF8017,F,SGX,IU,May 26 ,,,,20260514.0,B,3,104.54,,-54.96,0.0,,104.1925,USD,,,200.0,20260514F124910001,
20260514,XOF8017,F,SGX,IU,May 26 ,,,,20260514.0,B,1,104.54,,-107.63,0.0,,104.7356,USD,,,200.0,20260514F124911001,
20260514,XOF8017,F,SGX,IU,May 26 ,,,,20260514.0,B,4,104.54,,-131.59,0.0,,104.0761,USD,,,200.0,20260514F124912001,
20260514,XOF8017,F,SGX,IU,May 26 ,,,,20260514.0,B,2,104.54,,23.52,0.0,,102.7656,USD,,,200.0,20260514F124913001,
20260514,XOF8017,F,SGX,IU,May 26 ,,,,20260514.0,B,2,104.54,,-76.31,0.0,,104.7993,USD,,,200.0,20260514F124934001,
20260514,XOF8017,F,SGX,IU,May 26 ,,,,20260514.0,B,4,104.55,,-209.18,0.0,,105.5434,USD,,,200.0,20260514F124908001,
20260514,XOF8017,F,SGX,IU,May 26 ,,,,20260514.0,B,1,104.55,,66.35,0.0,,104.5299,USD,,,200.0,20260514F124909001,
20260514,XOF8017,F,SGX,IU,May 26 ,,,,20260514.0,B,1,104.57,,-103.5,0.0,,103.2155,USD,,,200.0,20260514F124914001,
20260514,XOF8017,F,SGX,IU,May 26 ,,,,20260514.0,B,1,104.57,,-114.44,0.0,,104.7535,USD,,,200.0,20260514F124915001,
20260514,XOF8017,F,SGX,IU,May 26 ,,,,20260514.0,B,5,104.57,,-182.27,0.0,,104.8245,USD,,,200.0,20260514F124916001,
20260514,XOF8017,F,SGX,IU,May 26 ,,,,20260514.0,B,3,104.57,,-115.15,0.0,,102.1535,USD,,,200.0,20260514F124917001,
20260514,XOF8017,F,SGX,IU,May 26 ,,,,20260514.0,B,3,104.57,,-56.4,0.0,,104.2764,USD,,,200.0,20260514F124918001,
20260514,XOF8017,F,SGX,IU,May 26 ,,,,20260514.0,B,2,104.57,,-124.14,0.0,,103.4921,USD,,,200.0,20260514F124919001,
20260514,XOF8017,F,SGX,IU,May 26 ,,,,20260514.0,B,2,104.57,,12.66,0.0,,103.7038,USD,,,200.0,20260514F124920001,
20260514,XOF8017,F,SGX,IU,May 26 ,,,,20260514.0,B,1,104.57,,40.11,0.0,,103.1926,USD,,,200.0,20260514F124921001,
20260514,XOF8017,F,SGX,IU,May 26 ,,,,20260514.0,B,2,104.58,,-111.37,0.0,,103.8974,USD,,,200.0,20260514F124922001,
20260514,XOF8017,F,SGX,IU,May 26 ,,,,20260514.0,B,1,104.58,,21.09,0.0,,104.5102,USD,,,200.0,20260514F124923001,
20260514,XOF8017,F,SGX,IU,May 26 ,,,,20260514.0,B,3,104.58,,-117.63,0.0,,104.9494,USD,,,200.0,20260514F124924001,
20260514,XOF8018,F,DGCX,DINR,May 26 ,,,,20260514.0,B,1,104.51,,65.68,0.0,,103.8735,USD,,DGCX-DMA,200.0,20260514F073557001,
20260514,XOF8018,F,DGCX,DINR,May 26 ,,,,20260514.0,B,2,104.51,,82.17,0.0,,104.9862,USD,,DGCX-DMA,200.0,20260514F073558001,
20260514,XOF8018,F,DGCX,DINR,May 26 ,,,,20260514.0,B,2,104.51,,-50.41,0.0,,104.8399,USD,,DGCX-DMA,200.0,20260514F073559001,
20260514,XOF8018,F,DGCX,DINR,May 26 ,,,,20260514.0,B,2,104.51,,-37.97,0.0,,104.4739,USD,,DGCX-DMA,200.0,20260514F073560001,
20260514,XOF8018,F,DGCX,DINR,May 26 ,,,,20260514.0,B,2,104.51,,136.77,0.0,,104.8436,USD,,DGCX-DMA,200.0,20260514F073561001,
20260514,XOF8018,F,DGCX,DINR,May 26 ,,,,20260514.0,B,5,104.52,,-117.32,0.0,,104.4932,USD,,DGCX-DMA,200.0,20260514F073562001,
20260514,XOF8018,F,DGCX,DINR,May 26 ,,,,20260514.0,B,5,104.52,,-14.56,0.0,,104.5208,USD,,DGCX-DMA,200.0,20260514F073563001,
20260514,XOF8018,F,DGCX,DINR,May 26 ,,,,20260514.0,B,3,104.52,,-62.03,0.0,,104.2027,USD,,DGCX-DMA,200.0,20260514F073564001,
20260514,XOF8018,F,DGCX,DINR,May 26 ,,,,20260514.0,B,2,104.52,,17.27,0.0,,104.2064,USD,,DGCX-DMA,200.0,20260514F073565001,
20260514,XOF8018,F,DGCX,DINR,May 26 ,,,,20260514.0,B,5,104.53,,-33.66,0.0,,105.1813,USD,,DGCX-DMA,200.0,20260514F073554001,
20260514,XOF8018,F,DGCX,DINR,May 26 ,,,,20260514.0,B,5,104.55,,-70.52,0.0,,105.0472,USD,,DGCX-DMA,200.0,20260514F073555001,
20260514,XOF8018,F,DGCX,DINR,May 26 ,,,,20260514.0,B,5,104.55,,-8.56,0.0,,105.172,USD,,DGCX-DMA,200.0,20260514F073556001,
20260514,XOF8018,F,SGX,IU,May 26 ,,,,20260514.0,S,2,104.51,,8.97,0.0,,105.5483,USD,,,200.0,20260514F125036001,
20260514,XOF8018,F,SGX,IU,May 26 ,,,,20260514.0,S,2,104.51,,169.21,0.0,,104.4237,USD,,,200.0,20260514F125037001,
20260514,XOF8018,F,SGX,IU,May 26 ,,,,20260514.0,S,1,104.51,,17.35,0.0,,104.7804,USD,,,200.0,20260514F125038001,
20260514,XOF8018,F,SGX,IU,May 26 ,,,,20260514.0,S,2,104.51,,35.2,0.0,,103.1146,USD,,,200.0,20260514F125039001,
20260514,XOF8018,F,SGX,IU,May 26 ,,,,20260514.0,S,2,104.51,,31.29,0.0,,104.396,USD,,,200.0,20260514F125040001,
20260514,XOF8018,F,SGX,IU,May 26 ,,,,20260514.0,S,3,104.52,,169.89,0.0,,104.4747,USD,,,200.0,20260514F125041001,
20260514,XOF8018,F,SGX,IU,May 26 ,,,,20260514.0,S,1,104.52,,37.24,0.0,,104.3415,USD,,,200.0,20260514F125042001,
20260514,XOF8018,F,SGX,IU,May 26 ,,,,20260514.0,S,1,104.52,,182.87,0.0,,105.4283,USD,,,200.0,20260514F125043001,
20260514,XOF8018,F,SGX,IU,May 26 ,,,,20260514.0,S,1,104.52,,54.01,0.0,,103.5457,USD,,,200.0,20260514F125044001,
20260514,XOF8018,F,SGX,IU,May 26 ,,,,20260514.0,S,4,104.52,,70.75,0.0,,104.6175,USD,,,200.0,20260514F125045001,
20260514,XOF8018,F,SGX,IU,May 26 ,,,,20260514.0,S,5,104.52,,93.62,0.0,,104.1215,USD,,,200.0,20260514F125046001,
20260514,XOF8018,F,SGX,IU,May 26 ,,,,20260514.0,S,1,104.53,,6.72,0.0,,105.0131,USD,,,200.0,20260514F125054001,
20260514,XOF8018,F,SGX,IU,May 26 ,,,,20260514.0,S,4,104.53,,-35.77,0.0,,103.4686,USD,,,200.0,20260514F125055001,
20260514,XOF8018,F,SGX,IU,May 26 ,,,,20260514.0,S,5,104.55,,149.56,0.0,,104.3898,USD,,,200.0,20260514F125052001,
20260514,XOF8018,F,SGX,IU,May 26 ,,,,20260514.0,S,5,104.55,,95.37,0.0,,104.6728,USD,,,200.0,20260514F125053001,
20260514,XOF8019,F,DGCX,DINR,May 26 ,,,,20260514.0,S,1,104.57,,-5.93,0.0,,104.1809,USD,,DGCX-DMA,200.0,20260514F073767001,
20260514,XOF8019,F,DGCX,DINR,Jun 26 ,,,,20260512.0,S,5,103.85,,-169.07,0.0,,104.1425,USD,,DGCX-DMA,200.0,20260512F066811001,
20260514,XOF8019,F,DGCX,DINR,Jun 26 ,,,,20260512.0,S,5,103.87,,-352.71,0.0,,105.0498,USD,,DGCX-DMA,200.0,20260512F066810001,
20260514,XOF8019,F,DGCX,DINR,Jun 26 ,,,,20260512.0,S,4,103.89,,-146.72,0.0,,103.9202,USD,,DGCX-DMA,200.0,20260512F066817001,
20260514,XOF8019,F,DGCX,DINR,Jun 26 ,,,,20260508.0,S,1,105.3,,282.48,0.0,,103.8425,USD,,DGCX-DMA,200.0,20260508F060796001,
20260514,XOF8019,F,DGCX,DINR,Jun 26 ,,,,20260508.0,S,1,105.3,,174.81,0.0,,104.5091,USD,,DGCX-DMA,200.0,20260508F060797001,
20260514,XOF8019,F,DGCX,DINR,Jun 26 ,,,,20260508.0,S,1,105.32,,230.77,0.0,,104.7517,USD,,DGCX-DMA,200.0,20260508F060798001,
20260514,XOF8019,F,DGCX,DINR,Jun 26 ,,,,20260508.0,S,5,105.38,,1247.4,0.0,,103.3619,USD,,DGCX-DMA,200.0,20260508F060792001,
20260514,XOF8019,F,DGCX,DINR,Jun 26 ,,,,20260508.0,S,5,105.38,,1304.64,0.0,,104.9196,USD,,DGCX-DMA,200.0,20260508F060793001,
20260514,XOF8019,F,DGCX,DINR,Jun 26 ,,,,20260508.0,S,1,105.41,,239.33,0.0,,105.363,USD,,DGCX-DMA,200.0,20260508F060791001,
20260514,XOF8019,F,SGX,IU,May 26 ,,,,20260514.0,S,2,104.5,,81.67,0.0,,103.1372,USD,,,200.0,20260514F125126001,
20260514,XOF8019,F,SGX,IU,May 26 ,,,,20260514.0,S,3,104.5,,24.05,0.0,,104.8806,USD,,,200.0,20260514F125127001,
20260514,XOF8019,F,SGX,IU,May 26 ,,,,20260514.0,S,2,104.5,,31.34,0.0,,104.6582,USD,,,200.0,20260514F125128001,
20260514,XOF8019,F,SGX,IU,May 26 ,,,,20260514.0,S,1,104.5,,22.55,0.0,,105.6478,USD,,,200.0,20260514F125129001,
20260514,XOF8019,F,SGX,IU,May 26 ,,,,20260514.0,S,2,104.51,,-10.3,0.0,,104.8035,USD,,,200.0,20260514F125121001,
20260514,XOF8019,F,SGX,IU,May 26 ,,,,20260514.0,S,2,104.51,,52.84,0.0,,104.0628,USD,,,200.0,20260514F125122001,
20260514,XOF8019,F,SGX,IU,May 26 ,,,,20260514.0,S,2,104.51,,-15.66,0.0,,103.4998,USD,,,200.0,20260514F125123001,
20260514,XOF8019,F,SGX,IU,May 26 ,,,,20260514.0,S,1,104.51,,-61.15,0.0,,103.4355,USD,,,200.0,20260514F125124001,
20260514,XOF8019,F,SGX,IU,May 26 ,,,,20260514.0,S,1,104.51,,76.08,0.0,,104.416,USD,,,200.0,20260514F125132001,
20260514,XOF8019,F,SGX,IU,May 26 ,,,,20260514.0,S,2,104.51,,103.52,0.0,,105.8932,USD,,,200.0,20260514F125133001,
20260514,XOF8019,F,SGX,IU,May 26 ,,,,20260514.0,S,2,104.51,,45.76,0.0,,103.5265,USD,,,200.0,20260514F125134001,
20260514,XOF8019,F,SGX,IU,May 26 ,,,,20260514.0,S,2,104.51,,128.42,0.0,,104.9181,USD,,,200.0,20260514F125135001,
20260514,XOF8019,F,SGX,IU,May 26 ,,,,20260514.0,S,2,104.51,,43.86,0.0,,104.7267,USD,,,200.0,20260514F125136001,
20260514,XOF8019,F,SGX,IU,May 26 ,,,,20260514.0,S,2,104.51,,113.9,0.0,,104.7125,USD,,,200.0,20260514F125137001,
20260514,XOF8019,F,SGX,IU,May 26 ,,,,20260514.0,S,1,104.51,,97.94,0.0,,104.9515,USD,,,200.0,20260514F125138001,
20260514,XOF8019,F,SGX,IU,May 26 ,,,,20260514.0,S,2,104.51,,143.1,0.0,,104.1714,USD,,,200.0,20260514F125139001,
20260514,XOF8019,F,SGX,IU,May 26 ,,,,20260514.0,S,2,104.51,,54.09,0.0,,105.7862,USD,,,200.0,20260514F125140001,
20260514,XOF8019,F,SGX,IU,May 26 ,,,,20260514.0,S,1,104.51,,17.66,0.0,,104.6351,USD,,,200.0,20260514F125141001,
20260514,XOF8019,F,SGX,IU,May 26 ,,,,20260514.0,S,1,104.51,,85.76,0.0,,105.5126,USD,,,200.0,20260514F125142001,
20260514,XOF8019,F,SGX,IU,May 26 ,,,,20260514.0,S,1,104.51,,32.22,0.0,,104.072,USD,,,200.0,20260514F125143001,
20260514,XOF8019,F,SGX,IU,May 26 ,,,,20260514.0,S,2,104.51,,60.74,0.0,,104.823,USD,,,200.0,20260514F125144001,
20260514,XOF8019,F,SGX,IU,May 26 ,,,,20260514.0,S,1,104.52,,-22.76,0.0,,103.8957,USD,,,200.0,20260514F125131001,
20260514,XOF8019,F,SGX,IU,Jun 26 ,,,,20260514.0,B,2,104.04,,43.37,0.0,,103.2484,USD,,,200.0,20260514F125273001,
20260514,XOF8019,F,SGX,IU,Jun 26 ,,,,20260514.0,B,1,104.05,,-52.16,0.0,,104.1056,USD,,,200.0,20260514F125252001,
20260514,XOF8019,F,SGX,IU,Jun 26 ,,,,20260514.0,B,5,104.05,,-45.31,0.0,,103.5877,USD,,,200.0,20260514F125254001,
20260514,XOF8019,F,SGX,IU,Jun 26 ,,,,20260514.0,B,1,104.05,,-58.05,0.0,,104.3359,USD,,,200.0,20260514F125256001,
20260514,XOF8019,F,SGX,IU,Jun 26 ,,,,20260514.0,B,5,104.05,,-146.75,0.0,,104.0775,USD,,,200.0,20260514F125258001,
20260514,XOF8019,F,SGX,IU,Jun 26 ,,,,20260514.0,B,5,104.05,,-81.9,0.0,,102.6854,USD,,,200.0,20260514F125260001,
20260514,XOF8019,F,SGX,IU,Jun 26 ,,,,20260514.0,B,5,104.05,,-200.79,0.0,,103.9689,USD,,,200.0,20260514F125262001,
20260514,XOF8019,F,SGX,IU,Jun 26 ,,,,20260514.0,B,5,104.05,,-67.3,0.0,,103.7336,USD,,,200.0,20260514F125264001,
20260514,XOF8019,F,SGX,IU,Jun 26 ,,,,20260514.0,B,5,104.05,,-18.1,0.0,,103.9735,USD,,,200.0,20260514F125266001,
20260514,XOF8019,F,SGX,IU,Jun 26 ,,,,20260514.0,B,5,104.05,,-99.39,0.0,,104.358,USD,,,200.0,20260514F125268001,
20260514,XOF8019,F,SGX,IU,Jun 26 ,,,,20260514.0,B,5,104.05,,30.62,0.0,,103.7813,USD,,,200.0,20260514F125271001,
20260514,XOF8019,F,SGX,IU,Jun 26 ,,,,20260514.0,B,20,104.18,,-730.81,0.0,,103.9291,USD,,,200.0,20260514F125096001,
20260514,XOF8019,F,SGX,IU,Jun 26 ,,,,20260514.0,B,2,104.18,,7.41,0.0,,104.2772,USD,,,200.0,20260514F125098001,
20260514,XOF8020,F,COMEX,MGC,Jun 26 ,,,,20260514.0,B,1,4677.9,,115.09,0.0,,4685.0068,USD,,SMCTFEX_IFSC,10.0,20260514F063257001,
20260514,XOF8020,F,COMEX,MGC,Jun 26 ,,,,20260514.0,B,1,4678.4,,40.16,0.0,,4684.7772,USD,,SMCTFEX_IFSC,10.0,20260514F063255001,
20260514,XOF8020,F,COMEX,MGC,Jun 26 ,,,,20260514.0,B,1,4678.9,,67.77,0.0,,4685.8464,USD,,SMCTFEX_IFSC,10.0,20260514F063256001,
20260514,XOF8020,F,COMEX,MGC,Jun 26 ,,,,20260514.0,B,1,4679.0,,-23.09,0.0,,4685.1258,USD,,SMCTFEX_IFSC,10.0,20260514F063258001,
20260514,XOF8020,F,COMEX,MGC,Jun 26 ,,,,20260514.0,B,1,4680.1,,-19.62,0.0,,4685.0589,USD,,SMCTFEX_IFSC,10.0,20260514F063254001,
20260514,XOF8020,F,COMEX,MGC,Jun 26 ,,,,20260514.0,B,1,4680.6,,41.33,0.0,,4685.0551,USD,,SMCTFEX_IFSC,10.0,20260514F063253001,
20260514,XOF8020,F,COMEX,MGC,Jun 26 ,,,,20260514.0,B,1,4680.9,,67.87,0.0,,4685.1719,USD,,SMCTFEX_IFSC,10.0,20260514F063252001,
20260514,XOF8020,F,COMEX,MGC,Jun 26 ,,,,20260514.0,B,1,4681.4,,101.02,0.0,,4685.6753,USD,,SMCTFEX_IFSC,10.0,20260514F063260001,
20260514,XOF8020,F,COMEX,MGC,Jun 26 ,,,,20260514.0,B,1,4681.9,,-35.72,0.0,,4685.6888,USD,,SMCTFEX_IFSC,10.0,20260514F063250001,
20260514,XOF8020,F,COMEX,MGC,Jun 26 ,,,,20260514.0,B,1,4682.1,,14.57,0.0,,4685.1828,USD,,SMCTFEX_IFSC,10.0,20260514F063259001,
20260514,XOF8020,F,COMEX,MGC,Jun 26 ,,,,20260514.0,B,1,4682.2,,79.09,0.0,,4684.9767,USD,,SMCTFEX_IFSC,10.0,20260514F063246001,
20260514,XOF8020,F,COMEX,MGC,Jun 26 ,,,,20260514.0,B,1,4682.3,,95.63,0.0,,4685.9705,USD,,SMCTFEX_IFSC,10.0,20260514F063251001,
20260514,XOF8020,F,COMEX,MGC,Jun 26 ,,,,20260514.0,B,1,4682.9,,19.56,0.0,,4684.7297,USD,,SMCTFEX_IFSC,10.0,20260514F063249001,
20260514,XOF8020,F,COMEX,MGC,Jun 26 ,,,,20260514.0,B,1,4683.4,,-7.65,0.0,,4685.0184,USD,,SMCTFEX_IFSC,10.0,20260514F063247001,
20260514,XOF8020,F,COMEX,MGC,Jun 26 ,,,,20260514.0,B,1,4683.4,,-54.33,0.0,,4684.1236,USD,,SMCTFEX_IFSC,10.0,20260514F063248001,
20260514,XOF8020,F,COMEX,MGC,Jun 26 ,,,,20260514.0,B,1,4684.5,,-33.13,0.0,,4685.0401,USD,,SMCTFEX_IFSC,10.0,20260514F063261001,
20260514,XOF8020,F,COMEX,MGC,Jun 26 ,,,,20260514.0,B,1,4686.8,,182.92,0.0,,4685.8449,USD,,SMCTFEX_IFSC,10.0,20260514F063243001,
20260514,XOF8020,F,COMEX,MGC,Jun 26 ,,,,20260514.0,B,1,4688.5,,-126.28,0.0,,4685.4911,USD,,SMCTFEX_IFSC,10.0,20260514F063242001,
20260514,XOF8020,F,COMEX,MGC,Jun 26 ,,,,20260514.0,B,1,4689.0,,-122.9,0.0,,4683.8895,USD,,SMCTFEX_IFSC,10.0,20260514F063262001,
20260514,XOF8020,F,COMEX,MGC,Jun 26 ,,,,20260514.0,B,1,4689.3,,6.8,0.0,,4684.794,USD,,SMCTFEX_IFSC,10.0,20260514F063265001,
20260514,XOF8020,F,COMEX,MGC,Jun 26 ,,,,20260514.0,B,1,4691.3,,7.74,0.0,,4685.1537,USD,,SMCTFEX_IFSC,10.0,20260514F063263001,
20260514,XOF8020,F,COMEX,MGC,Jun 26 ,,,,20260514.0,B,1,4693.1,,55.97,0.0,,4685.1505,USD,,SMCTFEX_IFSC,10.0,20260514F063241001,
20260514,XOF8020,F,COMEX,SIL,Jul 26 ,,,,20260514.0,B,1,87.095,,-1898.39,0.0,,85.7879,USD,,SMCTFEX_IFSC,1000.0,20260514F063274001,
20260514,XOF8020,F,TFEX,GO,Jun 26 ,,,,20260514.0,S,1,4706.5,,-8343.37,0.0,,4733.5963,THB,,SMCTFEX_IFSC,300.0,20260514F063384001,
20260514,XOF8020,F,TFEX,GO,Jun 26 ,,,,20260514.0,S,1,4707.0,,-8148.35,0.0,,4735.351,THB,,SMCTFEX_IFSC,300.0,20260514F063382001,
20260514,XOF8020,F,TFEX,GO,Jun 26 ,,,,20260514.0,S,1,4707.3,,-8022.76,0.0,,4734.2099,THB,,SMCTFEX_IFSC,300.0,20260514F063385001,
20260514,XOF8020,F,TFEX,GO,Jun 26 ,,,,20260514.0,S,1,4707.5,,-7930.62,0.0,,4734.9036,THB,,SMCTFEX_IFSC,300.0,20260514F063383001,
20260514,XOF8020,F,TFEX,GO,Jun 26 ,,,,20260514.0,S,1,4709.1,,-7442.83,0.0,,4733.5474,THB,,SMCTFEX_IFSC,300.0,20260514F063379001,
20260514,XOF8020,F,TFEX,GO,Jun 26 ,,,,20260514.0,S,1,4709.3,,-7423.77,0.0,,4734.0295,THB,,SMCTFEX_IFSC,300.0,20260514F063380001,
20260514,XOF8020,F,TFEX,GO,Jun 26 ,,,,20260514.0,S,1,4709.6,,-7259.93,0.0,,4734.5694,THB,,SMCTFEX_IFSC,300.0,20260514F063378001,
20260514,XOF8020,F,TFEX,GO,Jun 26 ,,,,20260514.0,S,1,4709.8,,-7243.17,0.0,,4733.9342,THB,,SMCTFEX_IFSC,300.0,20260514F063387001,
20260514,XOF8020,F,TFEX,GO,Jun 26 ,,,,20260514.0,S,1,4710.0,,-7239.33,0.0,,4733.0867,THB,,SMCTFEX_IFSC,300.0,20260514F063381001,
20260514,XOF8020,F,TFEX,GO,Jun 26 ,,,,20260514.0,S,1,4710.2,,-7046.43,0.0,,4734.5831,THB,,SMCTFEX_IFSC,300.0,20260514F063386001,
20260514,XOF8020,F,TFEX,GO,Jun 26 ,,,,20260514.0,S,1,4710.5,,-6999.83,0.0,,4733.2467,THB,,SMCTFEX_IFSC,300.0,20260514F063376001,
20260514,XOF8020,F,TFEX,GO,Jun 26 ,,,,20260514.0,S,1,4710.9,,-6962.58,0.0,,4733.2761,THB,,SMCTFEX_IFSC,300.0,20260514F063377001,
20260514,XOF8020,F,TFEX,GO,Jun 26 ,,,,20260514.0,S,1,4711.1,,-6929.21,0.0,,4735.2166,THB,,SMCTFEX_IFSC,300.0,20260514F063372001,
20260514,XOF8020,F,TFEX,GO,Jun 26 ,,,,20260514.0,S,1,4711.5,,-6721.53,0.0,,4733.7411,THB,,SMCTFEX_IFSC,300.0,20260514F063375001,
20260514,XOF8020,F,TFEX,GO,Jun 26 ,,,,20260514.0,S,1,4711.7,,-6572.2,0.0,,4734.8698,THB,,SMCTFEX_IFSC,300.0,20260514F063373001,
20260514,XOF8020,F,TFEX,GO,Jun 26 ,,,,20260514.0,S,1,4712.0,,-6539.99,0.0,,4735.838,THB,,SMCTFEX_IFSC,300.0,20260514F063374001,
20260514,XOF8020,F,TFEX,GO,Jun 26 ,,,,20260514.0,S,1,4713.3,,-6237.77,0.0,,4736.3219,THB,,SMCTFEX_IFSC,300.0,20260514F063388001,
20260514,XOF8020,F,TFEX,GO,Jun 26 ,,,,20260514.0,S,1,4715.4,,-5640.77,0.0,,4734.1553,THB,,SMCTFEX_IFSC,300.0,20260514F063369001,
20260514,XOF8020,F,TFEX,GO,Jun 26 ,,,,20260514.0,S,1,4716.5,,-5249.39,0.0,,4734.3306,THB,,SMCTFEX_IFSC,300.0,20260514F063368001,
20260514,XOF8020,F,TFEX,GO,Jun 26 ,,,,20260514.0,S,1,4716.7,,-5099.82,0.0,,4734.04,THB,,SMCTFEX_IFSC,300.0,20260514F063390001,
20260514,XOF8020,F,TFEX,GO,Jun 26 ,,,,20260514.0,S,1,4716.9,,-5088.06,0.0,,4734.1262,THB,,SMCTFEX_IFSC,300.0,20260514F063389001,
20260514,XOF8020,F,TFEX,GO,Jun 26 ,,,,20260514.0,S,1,4717.3,,-5026.88,0.0,,4733.9981,THB,,SMCTFEX_IFSC,300.0,20260514F063367001,
20260514,XOF8020,F,TFEX,GO,Jun 26 ,,,,20260514.0,S,1,4717.9,,-4759.58,0.0,,4733.5105,THB,,SMCTFEX_IFSC,300.0,20260514F063393001,
20260514,XOF8020,F,TFEX,GO,Jun 26 ,,,,20260514.0,S,1,4718.8,,-4552.9,0.0,,4733.1458,THB,,SMCTFEX_IFSC,300.0,20260514F063391001,
20260514,XOF8020,F,TFEX,SVF,Jun 26 ,,,,20260514.0,S,8,87.29,,-17762.48,0.0,,88.7915,THB,,SMCTFEX_IFSC,3000.0,20260514F063409001,
20260514,XOF8020,F,TFEX,SVF,Jun 26 ,,,,20260514.0,S,3,87.3,,-6536.75,0.0,,88.4697,THB,,SMCTFEX_IFSC,3000.0,20260514F063408001,
20260514,XOF9000,F,COMEX,GD,Aug 26 ,, ,,,B,2,0.0,,60.27,0.0,0.0,4719.7081,USD,,,100.0,SPB01765001,0.0
20260514,XOF9000,F,COMEX,MGC,Jun 26 ,, ,,,B,256,0.0,,50.91,0.0,0.0,4685.3066,USD,,,10.0,SPB02794001,0.0
20260514,XOF9000,F,COMEX,MGC,Aug 26 ,, ,,,B,25,0.0,,-23.94,0.0,0.0,4719.5884,USD,,,10.0,SPB01766001,0.0
20260514,XOF9000,F,COMEX,SIC,Jul 26 ,, ,,,B,125,0.0,,-64.83,0.0,0.0,84.7879,USD,,,100.0,SPB02235001,0.0
20260514,XOF9000,F,COMEX,SIC,Sep 26 ,, ,,,B,19,0.0,,72.9,0.0,0.0,86.7521,USD,,,100.0,SPB01885001,0.0
20260514,XOF9000,F,COMEX,SIL,Jul 26 ,, ,,,B,21,0.0,,8.8,0.0,0.0,86.6118,USD,,,1000.0,SPB02100001,0.0
20260514,XOF9000,F,COMEX,SIL,Sep 26 ,, ,,,B,5,0.0,,-26.1,0.0,0.0,85.5702,USD,,,1000.0,SPB02484001,0.0
20260514,XOF9000,F,DGCX,DINR,May 26 ,, ,,,S,1,0.0,,-20.12,0.0,0.0,104.338,USD,,,200.0,SPS02795001,0.0
20260514,XOF9000,F,DGCX,DINR,Jun 26 ,, ,,,S,638,0.0,,-40.94,0.0,0.0,103.5686,USD,,,200.0,SPS01886001,0.0
20260514,XOF9000,F,SGX,IU,May 26 ,, ,,,S,169,0.0,,-44.03,0.0,0.0,105.2525,USD,,,200.0,SPS02485001,0.0
20260514,XOF9000,F,SGX,IU,Jun 26 ,, ,,,B,950,0.0,,-35.94,0.0,0.0,104.4828,USD,,,200.0,SPB01767001,0.0
20260514,XOF9000,F,SGX,IU,Jul 26 ,, ,,,S,142,0.0,,-107.82,0.0,0.0,104.1303,USD,,,200.0,SPS02200001,0.0
20260514,XOF9000,F,TFEX,GO,Jun 26 ,, ,,,S,296,0.0,,-16.51,0.0,0.0,4734.2011,THB,,,300.0,SPS02486001,0.0
20260514,XOF9000,F,TFEX,GO,Sep 26 ,, ,,,S,29,0.0,,-46.48,0.0,0.0,4798.9479,THB,,,300.0,SPS02343001,0.0
20260514,XOF9000,F,TFEX,SVF,Jun 26 ,, ,,,S,340,0.0,,-26.23,0.0,0.0,88.1472,THB,,,3000.0,SPS02201001,0.0
20260514,XOF9000,F,TFEX,SVF,Sep 26 ,, ,,,S,100,0.0,,-52.86,0.0,0.0,89.0802,THB,,,3000.0,SPS01768001,0.0
