Report_Date,Client_No,Com_Type,Exch_Cd,Com_cd,Contract_Month,Strike_Price,Call_Put,Val_Date,Trade_Date,Buy_Sell,Traded_Qty,Traded_Price,Traded_Premium,Unrealised_pl_value,Nett_Option_Value,Cumulative_Swap,Settlement_Price,Settle_Curr_Cd,Org_Val_Date,User_Id,Tick_Value,CQ_Ord_No,Swap_Pt
20260518,XOF8001,F,COMEX,MGC,Jun 26 ,,,,20260518,S,1,4531.30,,-267.00,0.00,,4558,USD,,SMCTFEX_IFSC,10.00000,20260518F054611001,
20260518,XOF8001,F,COMEX,MGC,Jun 26 ,,,,20260518,S,1,4532.30,,-257.00,0.00,,4558,USD,,SMCTFEX_IFSC,10.00000,20260518F054612001,
20260518,XOF8001,F,COMEX,MGC,Jun 26 ,,,,20260518,S,1,4532.80,,-252.00,0.00,,4558,USD,,SMCTFEX_IFSC,10.00000,20260518F054614001,
20260518,XOF8001,F,COMEX,MGC,Jun 26 ,,,,20260518,S,1,4533.40,,-246.00,0.00,,4558,USD,,SMCTFEX_IFSC,10.00000,20260518F054616001,
20260518,XOF8001,F,COMEX,MGC,Jun 26 ,,,,20260518,S,1,4534.00,,-240.00,0.00,,4558,USD,,SMCTFEX_IFSC,10.00000,20260518F054610001,
20260518,XOF8001,F,COMEX,MGC,Jun 26 ,,,,20260518,S,1,4536.50,,-215.00,0.00,,4558,USD,,SMCTFEX_IFSC,10.00000,20260518F054617001,
20260518,XOF8001,F,COMEX,MGC,Jun 26 ,,,,20260518,S,1,4537.70,,-203.00,0.00,,4558,USD,,SMCTFEX_IFSC,10.00000,20260518F054613001,
20260518,XOF8001,F,COMEX,MGC,Jun 26 ,,,,20260518,S,1,4543.20,,-148.00,0.00,,4558,USD,,SMCTFEX_IFSC,10.00000,20260518F054626001,
20260518,XOF8001,F,COMEX,MGC,Jun 26 ,,,,20260518,S,1,4543.40,,-146.00,0.00,,4558,USD,,SMCTFEX_IFSC,10.00000,20260518F054625001,
20260518,XOF8001,F,COMEX,MGC,Jun 26 ,,,,20260518,S,1,4544.20,,-138.00,0.00,,4558,USD,,SMCTFEX_IFSC,10.00000,20260518F054624001,
20260518,XOF8001,F,COMEX,MGC,Jun 26 ,,,,20260518,S,1,4544.30,,-137.00,0.00,,4558,USD,,SMCTFEX_IFSC,10.00000,20260518F054623001,
20260518,XOF8001,F,COMEX,MGC,Jun 26 ,,,,20260518,S,1,4545.60,,-124.00,0.00,,4558,USD,,SMCTFEX_IFSC,10.00000,20260518F054618001,
20260518,XOF8001,F,COMEX,MGC,Jun 26 ,,,,20260518,S,1,4546.60,,-114.00,0.00,,4558,USD,,SMCTFEX_IFSC,10.00000,20260518F054620001,
20260518,XOF8001,F,COMEX,MGC,Jun 26 ,,,,20260518,S,1,4547.20,,-108.00,0.00,,4558,USD,,SMCTFEX_IFSC,10.00000,20260518F054619001,
20260518,XOF8001,F,COMEX,MGC,Jun 26 ,,,,20260518,S,1,4549.50,,-85.00,0.00,,4558,USD,,SMCTFEX_IFSC,10.00000,20260518F054622001,
20260518,XOF8001,F,COMEX,MGC,Jun 26 ,,,,20260518,S,1,4551.70,,-63.00,0.00,,4558,USD,,SMCTFEX_IFSC,10.00000,20260518F054621001,
20260518,XOF8001,F,COMEX,MGC,Jun 26 ,,,,20260518,S,1,4553.00,,-50.00,0.00,,4558,USD,,SMCTFEX_IFSC,10.00000,20260518F054632001,
20260518,XOF8001,F,COMEX,MGC,Jun 26 ,,,,20260518,S,1,4557.20,,-8.00,0.00,,4558,USD,,SMCTFEX_IFSC,10.00000,20260518F054630001,
20260518,XOF8001,F,COMEX,MGC,Jun 26 ,,,,20260518,S,1,4557.20,,-8.00,0.00,,4558,USD,,SMCTFEX_IFSC,10.00000,20260518F054631001,
20260518,XOF8001,F,COMEX,SIL,Jul 26 ,,,,20260515,B,1,81.745,,-4301.00,0.00,,77.444,USD,,SMCTFEX_IFSC,1000.00000,20260515F056352001,
20260518,XOF8001,F,COMEX,SIL,Jul 26 ,,,,20260514,B,1,87.280,,-9836.00,0.00,,77.444,USD,,SMCTFEX_IFSC,1000.00000,20260514F059204001,
20260518,XOF8001,F,TFEX,GO,Jun 26 ,,,,20260518,B,1,4559.80,,4020.00,0.00,,4573.2,THB,,SMCTFEX_IFSC,300.00000,20260518F054641001,
20260518,XOF8001,F,TFEX,GO,Jun 26 ,,,,20260518,B,1,4561.90,,3390.00,0.00,,4573.2,THB,,SMCTFEX_IFSC,300.00000,20260518F054644001,
20260518,XOF8001,F,TFEX,GO,Jun 26 ,,,,20260518,B,1,4563.30,,2970.00,0.00,,4573.2,THB,,SMCTFEX_IFSC,300.00000,20260518F054645001,
20260518,XOF8001,F,TFEX,GO,Jun 26 ,,,,20260518,B,1,4563.60,,2880.00,0.00,,4573.2,THB,,SMCTFEX_IFSC,300.00000,20260518F054643001,
20260518,XOF8001,F,TFEX,GO,Jun 26 ,,,,20260518,B,1,4565.20,,2400.00,0.00,,4573.2,THB,,SMCTFEX_IFSC,300.00000,20260518F054642001,
20260518,XOF8001,F,TFEX,GO,Jun 26 ,,,,20260518,B,1,4570.00,,960.00,0.00,,4573.2,THB,,SMCTFEX_IFSC,300.00000,20260518F054656001,
20260518,XOF8001,F,TFEX,GO,Jun 26 ,,,,20260518,B,1,4571.00,,660.00,0.00,,4573.2,THB,,SMCTFEX_IFSC,300.00000,20260518F054654001,
20260518,XOF8001,F,TFEX,GO,Jun 26 ,,,,20260518,B,1,4572.30,,270.00,0.00,,4573.2,THB,,SMCTFEX_IFSC,300.00000,20260518F054646001,
20260518,XOF8001,F,TFEX,GO,Jun 26 ,,,,20260518,B,1,4573.40,,-60.00,0.00,,4573.2,THB,,SMCTFEX_IFSC,300.00000,20260518F054648001,
20260518,XOF8001,F,TFEX,GO,Jun 26 ,,,,20260518,B,1,4574.00,,-240.00,0.00,,4573.2,THB,,SMCTFEX_IFSC,300.00000,20260518F054647001,
20260518,XOF8001,F,TFEX,GO,Jun 26 ,,,,20260518,B,1,4574.10,,-270.00,0.00,,4573.2,THB,,SMCTFEX_IFSC,300.00000,20260518F054655001,
20260518,XOF8001,F,TFEX,GO,Jun 26 ,,,,20260518,B,1,4574.20,,-300.00,0.00,,4573.2,THB,,SMCTFEX_IFSC,300.00000,20260518F054650001,
20260518,XOF8001,F,TFEX,GO,Jun 26 ,,,,20260518,B,1,4576.20,,-900.00,0.00,,4573.2,THB,,SMCTFEX_IFSC,300.00000,20260518F054653001,
20260518,XOF8001,F,TFEX,GO,Jun 26 ,,,,20260518,B,1,4576.30,,-930.00,0.00,,4573.2,THB,,SMCTFEX_IFSC,300.00000,20260518F054652001,
20260518,XOF8001,F,TFEX,GO,Jun 26 ,,,,20260518,B,1,4577.10,,-1170.00,0.00,,4573.2,THB,,SMCTFEX_IFSC,300.00000,20260518F054664001,
20260518,XOF8001,F,TFEX,GO,Jun 26 ,,,,20260518,B,1,4578.20,,-1500.00,0.00,,4573.2,THB,,SMCTFEX_IFSC,300.00000,20260518F054666001,
20260518,XOF8001,F,TFEX,GO,Jun 26 ,,,,20260518,B,1,4578.50,,-1590.00,0.00,,4573.2,THB,,SMCTFEX_IFSC,300.00000,20260518F054651001,
20260518,XOF8001,F,TFEX,GO,Jun 26 ,,,,20260518,B,1,4578.50,,-1590.00,0.00,,4573.2,THB,,SMCTFEX_IFSC,300.00000,20260518F054662001,
20260518,XOF8001,F,TFEX,GO,Jun 26 ,,,,20260518,B,1,4582.70,,-2850.00,0.00,,4573.2,THB,,SMCTFEX_IFSC,300.00000,20260518F054660001,
20260518,XOF8001,F,TFEX,GO,Jun 26 ,,,,20260518,B,1,4582.70,,-2850.00,0.00,,4573.2,THB,,SMCTFEX_IFSC,300.00000,20260518F054661001,
20260518,XOF8001,F,TFEX,SVF,Sep 26 ,,,,20260514,S,9,88.80,,299430.00,0.00,,77.71,THB,,SMCTFEX_IFSC,3000.00000,20260514F059350001,
20260518,XOF8001,F,TFEX,SVF,Sep 26 ,,,,20260514,S,1,88.80,,33270.00,0.00,,77.71,THB,,SMCTFEX_IFSC,3000.00000,20260514F059351001,
20260518,XOF8001,F,TFEX,SVF,Sep 26 ,,,,20260514,S,1,88.90,,33570.00,0.00,,77.71,THB,,SMCTFEX_IFSC,3000.00000,20260514F059348001,
20260518,XOF8001,F,TFEX,SVF,Sep 26 ,,,,20260514,S,9,88.91,,302400.00,0.00,,77.71,THB,,SMCTFEX_IFSC,3000.00000,20260514F059347001,
20260518,XOF8001,F,TFEX,SVF,Sep 26 ,,,,20260514,S,1,88.92,,33630.00,0.00,,77.71,THB,,SMCTFEX_IFSC,3000.00000,20260514F059346001,
20260518,XOF8001,F,TFEX,SVF,Sep 26 ,,,,20260514,S,1,88.94,,33690.00,0.00,,77.71,THB,,SMCTFEX_IFSC,3000.00000,20260514F059349001,
20260518,XOF8003,F,COMEX,GD,Aug 26 ,,,,20260518,B,1,4591.60,,20.00,0.00,,4591.8,USD,,SMCTFEX_IFSC,100.00000,20260518F055579001,
20260518,XOF8003,F,COMEX,MGC,Jun 26 ,,,,20260518,S,1,4558.70,,7.00,0.00,,4558,USD,,SMCTFEX_IFSC,10.00000,20260518F056013001,
20260518,XOF8003,F,COMEX,MGC,Jun 26 ,,,,20260518,S,1,4558.90,,9.00,0.00,,4558,USD,,SMCTFEX_IFSC,10.00000,20260518F056007001,
20260518,XOF8003,F,COMEX,MGC,Jun 26 ,,,,20260518,S,1,4558.90,,9.00,0.00,,4558,USD,,SMCTFEX_IFSC,10.00000,20260518F056010001,
20260518,XOF8003,F,COMEX,MGC,Jun 26 ,,,,20260518,S,1,4558.90,,9.00,0.00,,4558,USD,,SMCTFEX_IFSC,10.00000,20260518F056027001,
20260518,XOF8003,F,COMEX,MGC,Jun 26 ,,,,20260518,S,1,4559.30,,13.00,0.00,,4558,USD,,SMCTFEX_IFSC,10.00000,20260518F056000001,
20260518,XOF8003,F,COMEX,MGC,Jun 26 ,,,,20260518,S,1,4559.60,,16.00,0.00,,4558,USD,,SMCTFEX_IFSC,10.00000,20260518F056009001,
20260518,XOF8003,F,COMEX,MGC,Jun 26 ,,,,20260518,S,1,4559.70,,17.00,0.00,,4558,USD,,SMCTFEX_IFSC,10.00000,20260518F056016001,
20260518,XOF8003,F,COMEX,MGC,Jun 26 ,,,,20260518,S,1,4559.80,,18.00,0.00,,4558,USD,,SMCTFEX_IFSC,10.00000,20260518F056008001,
20260518,XOF8003,F,COMEX,MGC,Jun 26 ,,,,20260518,S,1,4559.90,,19.00,0.00,,4558,USD,,SMCTFEX_IFSC,10.00000,20260518F056023001,
20260518,XOF8003,F,COMEX,MGC,Jun 26 ,,,,20260518,S,1,4560.40,,24.00,0.00,,4558,USD,,SMCTFEX_IFSC,10.00000,20260518F056017001,
20260518,XOF8003,F,COMEX,MGC,Jun 26 ,,,,20260518,S,1,4560.60,,26.00,0.00,,4558,USD,,SMCTFEX_IFSC,10.00000,20260518F056020001,
20260518,XOF8003,F,COMEX,MGC,Jun 26 ,,,,20260518,S,1,4560.70,,27.00,0.00,,4558,USD,,SMCTFEX_IFSC,10.00000,20260518F055997001,
20260518,XOF8003,F,COMEX,MGC,Jun 26 ,,,,20260518,S,1,4560.70,,27.00,0.00,,4558,USD,,SMCTFEX_IFSC,10.00000,20260518F056024001,
20260518,XOF8003,F,COMEX,MGC,Jun 26 ,,,,20260518,S,1,4560.70,,27.00,0.00,,4558,USD,,SMCTFEX_IFSC,10.00000,20260518F056034001,
20260518,XOF8003,F,COMEX,MGC,Jun 26 ,,,,20260518,S,1,4561.00,,30.00,0.00,,4558,USD,,SMCTFEX_IFSC,10.00000,20260518F056015001,
20260518,XOF8003,F,COMEX,MGC,Jun 26 ,,,,20260518,S,1,4561.00,,30.00,0.00,,4558,USD,,SMCTFEX_IFSC,10.00000,20260518F056022001,
20260518,XOF8003,F,COMEX,MGC,Jun 26 ,,,,20260518,S,1,4561.00,,30.00,0.00,,4558,USD,,SMCTFEX_IFSC,10.00000,20260518F056035001,
20260518,XOF8003,F,COMEX,MGC,Jun 26 ,,,,20260518,S,1,4561.10,,31.00,0.00,,4558,USD,,SMCTFEX_IFSC,10.00000,20260518F056033001,
20260518,XOF8003,F,COMEX,MGC,Jun 26 ,,,,20260518,S,1,4561.20,,32.00,0.00,,4558,USD,,SMCTFEX_IFSC,10.00000,20260518F056021001,
20260518,XOF8003,F,COMEX,MGC,Jun 26 ,,,,20260518,S,1,4561.20,,32.00,0.00,,4558,USD,,SMCTFEX_IFSC,10.00000,20260518F056032001,
20260518,XOF8003,F,COMEX,MGC,Jun 26 ,,,,20260518,S,1,4561.40,,34.00,0.00,,4558,USD,,SMCTFEX_IFSC,10.00000,20260518F056014001,
20260518,XOF8003,F,COMEX,MGC,Jun 26 ,,,,20260518,S,1,4561.40,,34.00,0.00,,4558,USD,,SMCTFEX_IFSC,10.00000,20260518F056036001,
20260518,XOF8003,F,COMEX,MGC,Jun 26 ,,,,20260518,S,1,4561.70,,37.00,0.00,,4558,USD,,SMCTFEX_IFSC,10.00000,20260518F056037001,
20260518,XOF8003,F,COMEX,MGC,Jun 26 ,,,,20260518,S,1,4561.80,,38.00,0.00,,4558,USD,,SMCTFEX_IFSC,10.00000,20260518F056019001,
20260518,XOF8003,F,COMEX,MGC,Jun 26 ,,,,20260518,S,1,4561.80,,38.00,0.00,,4558,USD,,SMCTFEX_IFSC,10.00000,20260518F056038001,
20260518,XOF8003,F,COMEX,MGC,Jun 26 ,,,,20260518,S,1,4561.90,,39.00,0.00,,4558,USD,,SMCTFEX_IFSC,10.00000,20260518F056025001,
20260518,XOF8003,F,COMEX,MGC,Jun 26 ,,,,20260518,S,1,4561.90,,39.00,0.00,,4558,USD,,SMCTFEX_IFSC,10.00000,20260518F056039001,
20260518,XOF8003,F,COMEX,MGC,Jun 26 ,,,,20260518,S,1,4562.00,,40.00,0.00,,4558,USD,,SMCTFEX_IFSC,10.00000,20260518F055998001,
20260518,XOF8003,F,COMEX,MGC,Jun 26 ,,,,20260518,S,1,4562.00,,40.00,0.00,,4558,USD,,SMCTFEX_IFSC,10.00000,20260518F056018001,
20260518,XOF8003,F,COMEX,MGC,Jun 26 ,,,,20260518,S,1,4562.00,,40.00,0.00,,4558,USD,,SMCTFEX_IFSC,10.00000,20260518F056040001,
20260518,XOF8003,F,COMEX,MGC,Jun 26 ,,,,20260518,S,1,4562.20,,42.00,0.00,,4558,USD,,SMCTFEX_IFSC,10.00000,20260518F056043001,
20260518,XOF8003,F,COMEX,MGC,Jun 26 ,,,,20260518,S,1,4562.20,,42.00,0.00,,4558,USD,,SMCTFEX_IFSC,10.00000,20260518F056044001,
20260518,XOF8003,F,COMEX,MGC,Jun 26 ,,,,20260518,S,1,4562.30,,43.00,0.00,,4558,USD,,SMCTFEX_IFSC,10.00000,20260518F056041001,
20260518,XOF8003,F,COMEX,MGC,Jun 26 ,,,,20260518,S,1,4562.30,,43.00,0.00,,4558,USD,,SMCTFEX_IFSC,10.00000,20260518F056042001,
20260518,XOF8003,F,COMEX,MGC,Jun 26 ,,,,20260518,S,1,4562.30,,43.00,0.00,,4558,USD,,SMCTFEX_IFSC,10.00000,20260518F056045001,
20260518,XOF8003,F,COMEX,MGC,Jun 26 ,,,,20260518,S,1,4562.40,,44.00,0.00,,4558,USD,,SMCTFEX_IFSC,10.00000,20260518F056001001,
20260518,XOF8003,F,COMEX,MGC,Jun 26 ,,,,20260518,S,1,4562.40,,44.00,0.00,,4558,USD,,SMCTFEX_IFSC,10.00000,20260518F056046001,
20260518,XOF8003,F,COMEX,MGC,Jun 26 ,,,,20260518,S,1,4562.50,,45.00,0.00,,4558,USD,,SMCTFEX_IFSC,10.00000,20260518F056047001,
20260518,XOF8003,F,COMEX,MGC,Jun 26 ,,,,20260518,S,1,4562.80,,48.00,0.00,,4558,USD,,SMCTFEX_IFSC,10.00000,20260518F056048001,
20260518,XOF8003,F,COMEX,MGC,Jun 26 ,,,,20260518,S,1,4562.80,,48.00,0.00,,4558,USD,,SMCTFEX_IFSC,10.00000,20260518F056049001,
20260518,XOF8003,F,COMEX,MGC,Jun 26 ,,,,20260518,S,1,4562.80,,48.00,0.00,,4558,USD,,SMCTFEX_IFSC,10.00000,20260518F056050001,
20260518,XOF8003,F,COMEX,MGC,Jun 26 ,,,,20260518,S,1,4562.90,,49.00,0.00,,4558,USD,,SMCTFEX_IFSC,10.00000,20260518F056004001,
20260518,XOF8003,F,COMEX,MGC,Jun 26 ,,,,20260518,S,1,4562.90,,49.00,0.00,,4558,USD,,SMCTFEX_IFSC,10.00000,20260518F056051001,
20260518,XOF8003,F,COMEX,MGC,Jun 26 ,,,,20260518,S,1,4562.90,,49.00,0.00,,4558,USD,,SMCTFEX_IFSC,10.00000,20260518F056056001,
20260518,XOF8003,F,COMEX,MGC,Jun 26 ,,,,20260518,S,1,4563.00,,50.00,0.00,,4558,USD,,SMCTFEX_IFSC,10.00000,20260518F056055001,
20260518,XOF8003,F,COMEX,MGC,Jun 26 ,,,,20260518,S,1,4563.10,,51.00,0.00,,4558,USD,,SMCTFEX_IFSC,10.00000,20260518F055994001,
20260518,XOF8003,F,COMEX,MGC,Jun 26 ,,,,20260518,S,1,4563.30,,53.00,0.00,,4558,USD,,SMCTFEX_IFSC,10.00000,20260518F056054001,
20260518,XOF8003,F,COMEX,MGC,Jun 26 ,,,,20260518,S,1,4563.30,,53.00,0.00,,4558,USD,,SMCTFEX_IFSC,10.00000,20260518F056057001,
20260518,XOF8003,F,COMEX,MGC,Jun 26 ,,,,20260518,S,1,4563.40,,54.00,0.00,,4558,USD,,SMCTFEX_IFSC,10.00000,20260518F056052001,
20260518,XOF8003,F,COMEX,MGC,Jun 26 ,,,,20260518,S,1,4563.50,,55.00,0.00,,4558,USD,,SMCTFEX_IFSC,10.00000,20260518F056058001,
20260518,XOF8003,F,COMEX,MGC,Jun 26 ,,,,20260518,S,1,4563.50,,55.00,0.00,,4558,USD,,SMCTFEX_IFSC,10.00000,20260518F056059001,
20260518,XOF8003,F,COMEX,MGC,Jun 26 ,,,,20260518,S,1,4563.60,,56.00,0.00,,4558,USD,,SMCTFEX_IFSC,10.00000,20260518F055984001,
20260518,XOF8003,F,COMEX,MGC,Jun 26 ,,,,20260518,S,1,4563.70,,57.00,0.00,,4558,USD,,SMCTFEX_IFSC,10.00000,20260518F056060001,
20260518,XOF8003,F,COMEX,MGC,Jun 26 ,,,,20260518,S,1,4563.70,,57.00,0.00,,4558,USD,,SMCTFEX_IFSC,10.00000,20260518F056061001,
20260518,XOF8003,F,COMEX,MGC,Jun 26 ,,,,20260518,S,1,4563.80,,58.00,0.00,,4558,USD,,SMCTFEX_IFSC,10.00000,20260518F056062001,
20260518,XOF8003,F,COMEX,MGC,Jun 26 ,,,,20260518,S,1,4563.90,,59.00,0.00,,4558,USD,,SMCTFEX_IFSC,10.00000,20260518F055985001,
20260518,XOF8003,F,COMEX,MGC,Jun 26 ,,,,20260518,S,1,4563.90,,59.00,0.00,,4558,USD,,SMCTFEX_IFSC,10.00000,20260518F056002001,
20260518,XOF8003,F,COMEX,MGC,Jun 26 ,,,,20260518,S,1,4563.90,,59.00,0.00,,4558,USD,,SMCTFEX_IFSC,10.00000,20260518F056003001,
20260518,XOF8003,F,COMEX,MGC,Jun 26 ,,,,20260518,S,1,4564.00,,60.00,0.00,,4558,USD,,SMCTFEX_IFSC,10.00000,20260518F055983001,
20260518,XOF8003,F,COMEX,MGC,Jun 26 ,,,,20260518,S,1,4564.80,,68.00,0.00,,4558,USD,,SMCTFEX_IFSC,10.00000,20260518F055993001,
20260518,XOF8003,F,COMEX,MGC,Jun 26 ,,,,20260518,S,1,4564.90,,69.00,0.00,,4558,USD,,SMCTFEX_IFSC,10.00000,20260518F055986001,
20260518,XOF8003,F,COMEX,MGC,Jun 26 ,,,,20260518,S,1,4565.90,,79.00,0.00,,4558,USD,,SMCTFEX_IFSC,10.00000,20260518F056066001,
20260518,XOF8003,F,COMEX,MGC,Jun 26 ,,,,20260518,S,1,4566.20,,82.00,0.00,,4558,USD,,SMCTFEX_IFSC,10.00000,20260518F055992001,
20260518,XOF8003,F,COMEX,MGC,Jun 26 ,,,,20260518,S,1,4566.40,,84.00,0.00,,4558,USD,,SMCTFEX_IFSC,10.00000,20260518F055988001,
20260518,XOF8003,F,COMEX,MGC,Jun 26 ,,,,20260518,S,1,4566.50,,85.00,0.00,,4558,USD,,SMCTFEX_IFSC,10.00000,20260518F055987001,
20260518,XOF8003,F,COMEX,MGC,Jun 26 ,,,,20260518,S,1,4566.70,,87.00,0.00,,4558,USD,,SMCTFEX_IFSC,10.00000,20260518F056068001,
20260518,XOF8003,F,COMEX,MGC,Jun 26 ,,,,20260518,S,1,4566.80,,88.00,0.00,,4558,USD,,SMCTFEX_IFSC,10.00000,20260518F056069001,
20260518,XOF8003,F,COMEX,MGC,Jun 26 ,,,,20260518,S,1,4566.80,,88.00,0.00,,4558,USD,,SMCTFEX_IFSC,10.00000,20260518F056070001,
20260518,XOF8003,F,COMEX,MGC,Jun 26 ,,,,20260518,S,1,4567.00,,90.00,0.00,,4558,USD,,SMCTFEX_IFSC,10.00000,20260518F056067001,
20260518,XOF8003,F,COMEX,MGC,Jun 26 ,,,,20260518,S,1,4567.30,,93.00,0.00,,4558,USD,,SMCTFEX_IFSC,10.00000,20260518F055990001,
20260518,XOF8003,F,COMEX,MGC,Jun 26 ,,,,20260518,S,1,4567.50,,95.00,0.00,,4558,USD,,SMCTFEX_IFSC,10.00000,20260518F055989001,
20260518,XOF8003,F,COMEX,MGC,Jun 26 ,,,,20260518,S,1,4568.20,,102.00,0.00,,4558,USD,,SMCTFEX_IFSC,10.00000,20260518F055991001,
20260518,XOF8003,F,COMEX,SIL,Jul 26 ,,,,20260518,B,1,76.360,,1084.00,0.00,,77.444,USD,,SMCTFEX_IFSC,1000.00000,20260518F056085001,
20260518,XOF8003,F,COMEX,SIL,Jul 26 ,,,,20260518,B,1,76.650,,794.00,0.00,,77.444,USD,,SMCTFEX_IFSC,1000.00000,20260518F056093001,
20260518,XOF8003,F,COMEX,SIL,Jul 26 ,,,,20260518,B,1,76.950,,494.00,0.00,,77.444,USD,,SMCTFEX_IFSC,1000.00000,20260518F056089001,
20260518,XOF8003,F,COMEX,SIL,Jul 26 ,,,,20260518,B,1,76.960,,484.00,0.00,,77.444,USD,,SMCTFEX_IFSC,1000.00000,20260518F056088001,
20260518,XOF8003,F,COMEX,SIL,Jul 26 ,,,,20260518,B,1,77.200,,244.00,0.00,,77.444,USD,,SMCTFEX_IFSC,1000.00000,20260518F056096001,
20260518,XOF8003,F,COMEX,SIL,Jul 26 ,,,,20260518,B,1,77.270,,174.00,0.00,,77.444,USD,,SMCTFEX_IFSC,1000.00000,20260518F056097001,
20260518,XOF8003,F,COMEX,SIL,Jul 26 ,,,,20260518,B,1,77.425,,19.00,0.00,,77.444,USD,,SMCTFEX_IFSC,1000.00000,20260518F056099001,
20260518,XOF8003,F,COMEX,SIL,Jul 26 ,,,,20260518,B,1,77.435,,9.00,0.00,,77.444,USD,,SMCTFEX_IFSC,1000.00000,20260518F056098001,
20260518,XOF8003,F,COMEX,SIL,Jul 26 ,,,,20260518,B,1,77.465,,-21.00,0.00,,77.444,USD,,SMCTFEX_IFSC,1000.00000,20260518F056104001,
20260518,XOF8003,F,COMEX,SIL,Sep 26 ,,,,20260514,B,1,85.385,,-7380.00,0.00,,78.005,USD,,SMCTFEX_IFSC,1000.00000,20260514F060985001,
20260518,XOF8003,F,COMEX,SIL,Sep 26 ,,,,20260514,B,1,85.390,,-7385.00,0.00,,78.005,USD,,SMCTFEX_IFSC,1000.00000,20260514F060984001,
20260518,XOF8003,F,COMEX,SIL,Sep 26 ,,,,20260514,B,1,85.495,,-7490.00,0.00,,78.005,USD,,SMCTFEX_IFSC,1000.00000,20260514F060988001,
20260518,XOF8003,F,COMEX,SIL,Sep 26 ,,,,20260514,B,1,86.945,,-8940.00,0.00,,78.005,USD,,SMCTFEX_IFSC,1000.00000,20260514F060980001,
20260518,XOF8003,F,COMEX,SIL,Sep 26 ,,,,20260514,B,1,87.715,,-9710.00,0.00,,78.005,USD,,SMCTFEX_IFSC,1000.00000,20260514F060975001,
20260518,XOF8003,F,TFEX,GO,Jun 26 ,,,,20260518,B,1,4582.10,,-2670.00,0.00,,4573.2,THB,,SMCTFEX_IFSC,300.00000,20260518F056589001,
20260518,XOF8003,F,TFEX,GO,Jun 26 ,,,,20260518,B,1,4584.30,,-3330.00,0.00,,4573.2,THB,,SMCTFEX_IFSC,300.00000,20260518F056588001,
20260518,XOF8003,F,TFEX,GO,Jun 26 ,,,,20260518,B,1,4585.20,,-3600.00,0.00,,4573.2,THB,,SMCTFEX_IFSC,300.00000,20260518F056540001,
20260518,XOF8003,F,TFEX,GO,Jun 26 ,,,,20260518,B,1,4585.20,,-3600.00,0.00,,4573.2,THB,,SMCTFEX_IFSC,300.00000,20260518F056575001,
20260518,XOF8003,F,TFEX,GO,Jun 26 ,,,,20260518,B,1,4585.40,,-3660.00,0.00,,4573.2,THB,,SMCTFEX_IFSC,300.00000,20260518F056568001,
20260518,XOF8003,F,TFEX,GO,Jun 26 ,,,,20260518,B,1,4585.40,,-3660.00,0.00,,4573.2,THB,,SMCTFEX_IFSC,300.00000,20260518F056573001,
20260518,XOF8003,F,TFEX,GO,Jun 26 ,,,,20260518,B,1,4585.70,,-3750.00,0.00,,4573.2,THB,,SMCTFEX_IFSC,300.00000,20260518F056562001,
20260518,XOF8003,F,TFEX,GO,Jun 26 ,,,,20260518,B,1,4586.00,,-3840.00,0.00,,4573.2,THB,,SMCTFEX_IFSC,300.00000,20260518F056595001,
20260518,XOF8003,F,TFEX,GO,Jun 26 ,,,,20260518,B,1,4586.10,,-3870.00,0.00,,4573.2,THB,,SMCTFEX_IFSC,300.00000,20260518F056539001,
20260518,XOF8003,F,TFEX,GO,Jun 26 ,,,,20260518,B,1,4586.10,,-3870.00,0.00,,4573.2,THB,,SMCTFEX_IFSC,300.00000,20260518F056572001,
20260518,XOF8003,F,TFEX,GO,Jun 26 ,,,,20260518,B,1,4586.30,,-3930.00,0.00,,4573.2,THB,,SMCTFEX_IFSC,300.00000,20260518F056571001,
20260518,XOF8003,F,TFEX,GO,Jun 26 ,,,,20260518,B,1,4586.40,,-3960.00,0.00,,4573.2,THB,,SMCTFEX_IFSC,300.00000,20260518F056584001,
20260518,XOF8003,F,TFEX,GO,Jun 26 ,,,,20260518,B,1,4586.40,,-3960.00,0.00,,4573.2,THB,,SMCTFEX_IFSC,300.00000,20260518F056596001,
20260518,XOF8003,F,TFEX,GO,Jun 26 ,,,,20260518,B,1,4586.50,,-3990.00,0.00,,4573.2,THB,,SMCTFEX_IFSC,300.00000,20260518F056541001,
20260518,XOF8003,F,TFEX,GO,Jun 26 ,,,,20260518,B,1,4586.50,,-3990.00,0.00,,4573.2,THB,,SMCTFEX_IFSC,300.00000,20260518F056594001,
20260518,XOF8003,F,TFEX,GO,Jun 26 ,,,,20260518,B,1,4586.60,,-4020.00,0.00,,4573.2,THB,,SMCTFEX_IFSC,300.00000,20260518F056593001,
20260518,XOF8003,F,TFEX,GO,Jun 26 ,,,,20260518,B,1,4586.80,,-4080.00,0.00,,4573.2,THB,,SMCTFEX_IFSC,300.00000,20260518F056597001,
20260518,XOF8003,F,TFEX,GO,Jun 26 ,,,,20260518,B,1,4586.90,,-4110.00,0.00,,4573.2,THB,,SMCTFEX_IFSC,300.00000,20260518F056578001,
20260518,XOF8003,F,TFEX,GO,Jun 26 ,,,,20260518,B,1,4587.10,,-4170.00,0.00,,4573.2,THB,,SMCTFEX_IFSC,300.00000,20260518F056581001,
20260518,XOF8003,F,TFEX,GO,Jun 26 ,,,,20260518,B,1,4587.10,,-4170.00,0.00,,4573.2,THB,,SMCTFEX_IFSC,300.00000,20260518F056598001,
20260518,XOF8003,F,TFEX,GO,Jun 26 ,,,,20260518,B,1,4587.10,,-4170.00,0.00,,4573.2,THB,,SMCTFEX_IFSC,300.00000,20260518F056599001,
20260518,XOF8003,F,TFEX,GO,Jun 26 ,,,,20260518,B,1,4587.10,,-4170.00,0.00,,4573.2,THB,,SMCTFEX_IFSC,300.00000,20260518F056600001,
20260518,XOF8003,F,TFEX,GO,Jun 26 ,,,,20260518,B,1,4587.10,,-4170.00,0.00,,4573.2,THB,,SMCTFEX_IFSC,300.00000,20260518F056601001,
20260518,XOF8003,F,TFEX,GO,Jun 26 ,,,,20260518,B,1,4587.20,,-4200.00,0.00,,4573.2,THB,,SMCTFEX_IFSC,300.00000,20260518F056560001,
20260518,XOF8003,F,TFEX,GO,Jun 26 ,,,,20260518,B,1,4587.20,,-4200.00,0.00,,4573.2,THB,,SMCTFEX_IFSC,300.00000,20260518F056585001,
20260518,XOF8003,F,TFEX,GO,Jun 26 ,,,,20260518,B,1,4587.30,,-4230.00,0.00,,4573.2,THB,,SMCTFEX_IFSC,300.00000,20260518F056604001,
20260518,XOF8003,F,TFEX,GO,Jun 26 ,,,,20260518,B,1,4587.40,,-4260.00,0.00,,4573.2,THB,,SMCTFEX_IFSC,300.00000,20260518F056602001,
20260518,XOF8003,F,TFEX,GO,Jun 26 ,,,,20260518,B,1,4587.40,,-4260.00,0.00,,4573.2,THB,,SMCTFEX_IFSC,300.00000,20260518F056603001,
20260518,XOF8003,F,TFEX,GO,Jun 26 ,,,,20260518,B,1,4587.40,,-4260.00,0.00,,4573.2,THB,,SMCTFEX_IFSC,300.00000,20260518F056605001,
20260518,XOF8003,F,TFEX,GO,Jun 26 ,,,,20260518,B,1,4587.40,,-4260.00,0.00,,4573.2,THB,,SMCTFEX_IFSC,300.00000,20260518F056606001,
20260518,XOF8003,F,TFEX,GO,Jun 26 ,,,,20260518,B,1,4587.40,,-4260.00,0.00,,4573.2,THB,,SMCTFEX_IFSC,300.00000,20260518F056607001,
20260518,XOF8003,F,TFEX,GO,Jun 26 ,,,,20260518,B,1,4587.40,,-4260.00,0.00,,4573.2,THB,,SMCTFEX_IFSC,300.00000,20260518F056608001,
20260518,XOF8003,F,TFEX,GO,Jun 26 ,,,,20260518,B,1,4587.50,,-4290.00,0.00,,4573.2,THB,,SMCTFEX_IFSC,300.00000,20260518F056577001,
20260518,XOF8003,F,TFEX,GO,Jun 26 ,,,,20260518,B,1,4587.50,,-4290.00,0.00,,4573.2,THB,,SMCTFEX_IFSC,300.00000,20260518F056583001,
20260518,XOF8003,F,TFEX,GO,Jun 26 ,,,,20260518,B,1,4587.60,,-4320.00,0.00,,4573.2,THB,,SMCTFEX_IFSC,300.00000,20260518F056542001,
20260518,XOF8003,F,TFEX,GO,Jun 26 ,,,,20260518,B,1,4587.60,,-4320.00,0.00,,4573.2,THB,,SMCTFEX_IFSC,300.00000,20260518F056576001,
20260518,XOF8003,F,TFEX,GO,Jun 26 ,,,,20260518,B,1,4587.70,,-4350.00,0.00,,4573.2,THB,,SMCTFEX_IFSC,300.00000,20260518F056582001,
20260518,XOF8003,F,TFEX,GO,Jun 26 ,,,,20260518,B,1,4587.80,,-4380.00,0.00,,4573.2,THB,,SMCTFEX_IFSC,300.00000,20260518F056609001,
20260518,XOF8003,F,TFEX,GO,Jun 26 ,,,,20260518,B,1,4587.80,,-4380.00,0.00,,4573.2,THB,,SMCTFEX_IFSC,300.00000,20260518F056610001,
20260518,XOF8003,F,TFEX,GO,Jun 26 ,,,,20260518,B,1,4587.90,,-4410.00,0.00,,4573.2,THB,,SMCTFEX_IFSC,300.00000,20260518F056611001,
20260518,XOF8003,F,TFEX,GO,Jun 26 ,,,,20260518,B,1,4587.90,,-4410.00,0.00,,4573.2,THB,,SMCTFEX_IFSC,300.00000,20260518F056616001,
20260518,XOF8003,F,TFEX,GO,Jun 26 ,,,,20260518,B,1,4588.00,,-4440.00,0.00,,4573.2,THB,,SMCTFEX_IFSC,300.00000,20260518F056579001,
20260518,XOF8003,F,TFEX,GO,Jun 26 ,,,,20260518,B,1,4588.00,,-4440.00,0.00,,4573.2,THB,,SMCTFEX_IFSC,300.00000,20260518F056612001,
20260518,XOF8003,F,TFEX,GO,Jun 26 ,,,,20260518,B,1,4588.00,,-4440.00,0.00,,4573.2,THB,,SMCTFEX_IFSC,300.00000,20260518F056617001,
20260518,XOF8003,F,TFEX,GO,Jun 26 ,,,,20260518,B,1,4588.30,,-4530.00,0.00,,4573.2,THB,,SMCTFEX_IFSC,300.00000,20260518F056580001,
20260518,XOF8003,F,TFEX,GO,Jun 26 ,,,,20260518,B,1,4588.30,,-4530.00,0.00,,4573.2,THB,,SMCTFEX_IFSC,300.00000,20260518F056615001,
20260518,XOF8003,F,TFEX,GO,Jun 26 ,,,,20260518,B,1,4588.40,,-4560.00,0.00,,4573.2,THB,,SMCTFEX_IFSC,300.00000,20260518F056586001,
20260518,XOF8003,F,TFEX,GO,Jun 26 ,,,,20260518,B,1,4588.40,,-4560.00,0.00,,4573.2,THB,,SMCTFEX_IFSC,300.00000,20260518F056618001,
20260518,XOF8003,F,TFEX,GO,Jun 26 ,,,,20260518,B,1,4588.50,,-4590.00,0.00,,4573.2,THB,,SMCTFEX_IFSC,300.00000,20260518F056561001,
20260518,XOF8003,F,TFEX,GO,Jun 26 ,,,,20260518,B,1,4588.60,,-4620.00,0.00,,4573.2,THB,,SMCTFEX_IFSC,300.00000,20260518F056619001,
20260518,XOF8003,F,TFEX,GO,Jun 26 ,,,,20260518,B,1,4588.60,,-4620.00,0.00,,4573.2,THB,,SMCTFEX_IFSC,300.00000,20260518F056620001,
20260518,XOF8003,F,TFEX,GO,Jun 26 ,,,,20260518,B,1,4588.60,,-4620.00,0.00,,4573.2,THB,,SMCTFEX_IFSC,300.00000,20260518F056622001,
20260518,XOF8003,F,TFEX,GO,Jun 26 ,,,,20260518,B,1,4588.70,,-4650.00,0.00,,4573.2,THB,,SMCTFEX_IFSC,300.00000,20260518F056614001,
20260518,XOF8003,F,TFEX,GO,Jun 26 ,,,,20260518,B,1,4588.70,,-4650.00,0.00,,4573.2,THB,,SMCTFEX_IFSC,300.00000,20260518F056621001,
20260518,XOF8003,F,TFEX,GO,Jun 26 ,,,,20260518,B,1,4588.70,,-4650.00,0.00,,4573.2,THB,,SMCTFEX_IFSC,300.00000,20260518F056623001,
20260518,XOF8003,F,TFEX,GO,Jun 26 ,,,,20260518,B,1,4588.80,,-4680.00,0.00,,4573.2,THB,,SMCTFEX_IFSC,300.00000,20260518F056613001,
20260518,XOF8003,F,TFEX,GO,Jun 26 ,,,,20260518,B,1,4588.90,,-4710.00,0.00,,4573.2,THB,,SMCTFEX_IFSC,300.00000,20260518F056564001,
20260518,XOF8003,F,TFEX,GO,Jun 26 ,,,,20260518,B,1,4589.40,,-4860.00,0.00,,4573.2,THB,,SMCTFEX_IFSC,300.00000,20260518F056567001,
20260518,XOF8003,F,TFEX,GO,Jun 26 ,,,,20260518,B,1,4589.60,,-4920.00,0.00,,4573.2,THB,,SMCTFEX_IFSC,300.00000,20260518F056556001,
20260518,XOF8003,F,TFEX,GO,Jun 26 ,,,,20260518,B,1,4590.00,,-5040.00,0.00,,4573.2,THB,,SMCTFEX_IFSC,300.00000,20260518F056624001,
20260518,XOF8003,F,TFEX,GO,Jun 26 ,,,,20260518,B,1,4590.20,,-5100.00,0.00,,4573.2,THB,,SMCTFEX_IFSC,300.00000,20260518F056544001,
20260518,XOF8003,F,TFEX,GO,Jun 26 ,,,,20260518,B,1,4590.40,,-5160.00,0.00,,4573.2,THB,,SMCTFEX_IFSC,300.00000,20260518F056565001,
20260518,XOF8003,F,TFEX,GO,Jun 26 ,,,,20260518,B,1,4590.40,,-5160.00,0.00,,4573.2,THB,,SMCTFEX_IFSC,300.00000,20260518F056566001,
20260518,XOF8003,F,TFEX,GO,Jun 26 ,,,,20260518,B,1,4590.50,,-5190.00,0.00,,4573.2,THB,,SMCTFEX_IFSC,300.00000,20260518F056545001,
20260518,XOF8003,F,TFEX,GO,Jun 26 ,,,,20260518,B,1,4590.70,,-5250.00,0.00,,4573.2,THB,,SMCTFEX_IFSC,300.00000,20260518F056543001,
20260518,XOF8003,F,TFEX,GO,Jun 26 ,,,,20260518,B,1,4590.80,,-5280.00,0.00,,4573.2,THB,,SMCTFEX_IFSC,300.00000,20260518F056626001,
20260518,XOF8003,F,TFEX,GO,Jun 26 ,,,,20260518,B,1,4590.90,,-5310.00,0.00,,4573.2,THB,,SMCTFEX_IFSC,300.00000,20260518F056627001,
20260518,XOF8003,F,TFEX,GO,Jun 26 ,,,,20260518,B,1,4590.90,,-5310.00,0.00,,4573.2,THB,,SMCTFEX_IFSC,300.00000,20260518F056628001,
20260518,XOF8003,F,TFEX,GO,Jun 26 ,,,,20260518,B,1,4591.00,,-5340.00,0.00,,4573.2,THB,,SMCTFEX_IFSC,300.00000,20260518F056625001,
20260518,XOF8003,F,TFEX,GO,Jun 26 ,,,,20260518,B,1,4591.30,,-5430.00,0.00,,4573.2,THB,,SMCTFEX_IFSC,300.00000,20260518F056546001,
20260518,XOF8003,F,TFEX,GO,Jun 26 ,,,,20260518,B,1,4591.30,,-5430.00,0.00,,4573.2,THB,,SMCTFEX_IFSC,300.00000,20260518F056550001,
20260518,XOF8003,F,TFEX,GO,Jun 26 ,,,,20260518,B,1,4591.30,,-5430.00,0.00,,4573.2,THB,,SMCTFEX_IFSC,300.00000,20260518F056555001,
20260518,XOF8003,F,TFEX,GO,Jun 26 ,,,,20260518,B,1,4591.50,,-5490.00,0.00,,4573.2,THB,,SMCTFEX_IFSC,300.00000,20260518F056549001,
20260518,XOF8003,F,TFEX,GO,Jun 26 ,,,,20260518,B,1,4592.20,,-5700.00,0.00,,4573.2,THB,,SMCTFEX_IFSC,300.00000,20260518F056548001,
20260518,XOF8003,F,TFEX,GO,Jun 26 ,,,,20260518,B,1,4592.70,,-5850.00,0.00,,4573.2,THB,,SMCTFEX_IFSC,300.00000,20260518F056547001,
20260518,XOF8003,F,TFEX,GO,Jun 26 ,,,,20260518,B,1,4592.70,,-5850.00,0.00,,4573.2,THB,,SMCTFEX_IFSC,300.00000,20260518F056554001,
20260518,XOF8003,F,TFEX,GO,Jun 26 ,,,,20260518,B,1,4593.80,,-6180.00,0.00,,4573.2,THB,,SMCTFEX_IFSC,300.00000,20260518F056552001,
20260518,XOF8003,F,TFEX,GO,Jun 26 ,,,,20260518,B,1,4594.00,,-6240.00,0.00,,4573.2,THB,,SMCTFEX_IFSC,300.00000,20260518F056551001,
20260518,XOF8003,F,TFEX,GO,Jun 26 ,,,,20260518,B,1,4594.30,,-6330.00,0.00,,4573.2,THB,,SMCTFEX_IFSC,300.00000,20260518F056553001,
20260518,XOF8003,F,TFEX,GO,Sep 26 ,,,,20260518,S,1,4642.20,,1110.00,0.00,,4638.5,THB,,SMCTFEX_IFSC,300.00000,20260518F056515001,
20260518,XOF8003,F,TFEX,GO,Sep 26 ,,,,20260518,S,1,4642.20,,1110.00,0.00,,4638.5,THB,,SMCTFEX_IFSC,300.00000,20260518F056516001,
20260518,XOF8003,F,TFEX,GO,Sep 26 ,,,,20260518,S,1,4642.20,,1110.00,0.00,,4638.5,THB,,SMCTFEX_IFSC,300.00000,20260518F056517001,
20260518,XOF8003,F,TFEX,GO,Sep 26 ,,,,20260518,S,2,4642.20,,2220.00,0.00,,4638.5,THB,,SMCTFEX_IFSC,300.00000,20260518F056518001,
20260518,XOF8003,F,TFEX,GO,Sep 26 ,,,,20260518,S,1,4642.30,,1140.00,0.00,,4638.5,THB,,SMCTFEX_IFSC,300.00000,20260518F056513001,
20260518,XOF8003,F,TFEX,GO,Sep 26 ,,,,20260518,S,2,4642.30,,2280.00,0.00,,4638.5,THB,,SMCTFEX_IFSC,300.00000,20260518F056514001,
20260518,XOF8003,F,TFEX,GO,Sep 26 ,,,,20260518,S,1,4642.60,,1230.00,0.00,,4638.5,THB,,SMCTFEX_IFSC,300.00000,20260518F056510001,
20260518,XOF8003,F,TFEX,GO,Sep 26 ,,,,20260518,S,1,4642.60,,1230.00,0.00,,4638.5,THB,,SMCTFEX_IFSC,300.00000,20260518F056511001,
20260518,XOF8003,F,TFEX,GO,Sep 26 ,,,,20260518,S,1,4642.60,,1230.00,0.00,,4638.5,THB,,SMCTFEX_IFSC,300.00000,20260518F056512001,
20260518,XOF8003,F,TFEX,SVF,Jun 26 ,,,,20260518,S,1,76.32,,30.00,0.00,,76.31,THB,,SMCTFEX_IFSC,3000.00000,20260518F056681001,
20260518,XOF8003,F,TFEX,SVF,Jun 26 ,,,,20260518,S,1,76.98,,2010.00,0.00,,76.31,THB,,SMCTFEX_IFSC,3000.00000,20260518F056714001,
20260518,XOF8003,F,TFEX,SVF,Jun 26 ,,,,20260518,S,11,77.16,,28050.00,0.00,,76.31,THB,,SMCTFEX_IFSC,3000.00000,20260518F056684001,
20260518,XOF8003,F,TFEX,SVF,Jun 26 ,,,,20260518,S,1,77.24,,2790.00,0.00,,76.31,THB,,SMCTFEX_IFSC,3000.00000,20260518F056685001,
20260518,XOF8003,F,TFEX,SVF,Jun 26 ,,,,20260518,S,1,77.24,,2790.00,0.00,,76.31,THB,,SMCTFEX_IFSC,3000.00000,20260518F056686001,
20260518,XOF8003,F,TFEX,SVF,Jun 26 ,,,,20260518,S,2,77.24,,5580.00,0.00,,76.31,THB,,SMCTFEX_IFSC,3000.00000,20260518F056687001,
20260518,XOF8003,F,TFEX,SVF,Jun 26 ,,,,20260518,S,1,77.24,,2790.00,0.00,,76.31,THB,,SMCTFEX_IFSC,3000.00000,20260518F056688001,
20260518,XOF8003,F,TFEX,SVF,Jun 26 ,,,,20260518,S,1,77.24,,2790.00,0.00,,76.31,THB,,SMCTFEX_IFSC,3000.00000,20260518F056689001,
20260518,XOF8003,F,TFEX,SVF,Jun 26 ,,,,20260518,S,1,77.24,,2790.00,0.00,,76.31,THB,,SMCTFEX_IFSC,3000.00000,20260518F056690001,
20260518,XOF8003,F,TFEX,SVF,Jun 26 ,,,,20260518,S,1,77.24,,2790.00,0.00,,76.31,THB,,SMCTFEX_IFSC,3000.00000,20260518F056691001,
20260518,XOF8003,F,TFEX,SVF,Jun 26 ,,,,20260518,S,2,77.24,,5580.00,0.00,,76.31,THB,,SMCTFEX_IFSC,3000.00000,20260518F056692001,
20260518,XOF8003,F,TFEX,SVF,Jun 26 ,,,,20260518,S,1,77.24,,2790.00,0.00,,76.31,THB,,SMCTFEX_IFSC,3000.00000,20260518F056693001,
20260518,XOF8003,F,TFEX,SVF,Jun 26 ,,,,20260518,S,1,77.31,,3000.00,0.00,,76.31,THB,,SMCTFEX_IFSC,3000.00000,20260518F056742001,
20260518,XOF8003,F,TFEX,SVF,Jun 26 ,,,,20260518,S,11,77.36,,34650.00,0.00,,76.31,THB,,SMCTFEX_IFSC,3000.00000,20260518F056716001,
20260518,XOF8003,F,TFEX,SVF,Jun 26 ,,,,20260518,S,1,77.41,,3300.00,0.00,,76.31,THB,,SMCTFEX_IFSC,3000.00000,20260518F056695001,
20260518,XOF8003,F,TFEX,SVF,Jun 26 ,,,,20260518,S,1,77.44,,3390.00,0.00,,76.31,THB,,SMCTFEX_IFSC,3000.00000,20260518F056723001,
20260518,XOF8003,F,TFEX,SVF,Jun 26 ,,,,20260518,S,2,77.44,,6780.00,0.00,,76.31,THB,,SMCTFEX_IFSC,3000.00000,20260518F056747001,
20260518,XOF8003,F,TFEX,SVF,Jun 26 ,,,,20260518,S,2,77.44,,6780.00,0.00,,76.31,THB,,SMCTFEX_IFSC,3000.00000,20260518F056748001,
20260518,XOF8003,F,TFEX,SVF,Jun 26 ,,,,20260518,S,2,77.44,,6780.00,0.00,,76.31,THB,,SMCTFEX_IFSC,3000.00000,20260518F056749001,
20260518,XOF8003,F,TFEX,SVF,Jun 26 ,,,,20260518,S,1,77.44,,3390.00,0.00,,76.31,THB,,SMCTFEX_IFSC,3000.00000,20260518F056750001,
20260518,XOF8003,F,TFEX,SVF,Jun 26 ,,,,20260518,S,2,77.44,,6780.00,0.00,,76.31,THB,,SMCTFEX_IFSC,3000.00000,20260518F056751001,
20260518,XOF8003,F,TFEX,SVF,Jun 26 ,,,,20260518,S,1,77.45,,3420.00,0.00,,76.31,THB,,SMCTFEX_IFSC,3000.00000,20260518F056724001,
20260518,XOF8003,F,TFEX,SVF,Jun 26 ,,,,20260518,S,1,77.45,,3420.00,0.00,,76.31,THB,,SMCTFEX_IFSC,3000.00000,20260518F056725001,
20260518,XOF8003,F,TFEX,SVF,Jun 26 ,,,,20260518,S,8,77.45,,27360.00,0.00,,76.31,THB,,SMCTFEX_IFSC,3000.00000,20260518F056726001,
20260518,XOF8003,F,TFEX,SVF,Jun 26 ,,,,20260518,S,2,77.45,,6840.00,0.00,,76.31,THB,,SMCTFEX_IFSC,3000.00000,20260518F056746001,
20260518,XOF8003,F,TFEX,SVF,Jun 26 ,,,,20260518,S,3,77.50,,10710.00,0.00,,76.31,THB,,SMCTFEX_IFSC,3000.00000,20260518F056727001,
20260518,XOF8003,F,TFEX,SVF,Jun 26 ,,,,20260518,S,3,77.50,,10710.00,0.00,,76.31,THB,,SMCTFEX_IFSC,3000.00000,20260518F056728001,
20260518,XOF8003,F,TFEX,SVF,Jun 26 ,,,,20260518,S,1,77.50,,3570.00,0.00,,76.31,THB,,SMCTFEX_IFSC,3000.00000,20260518F056729001,
20260518,XOF8003,F,TFEX,SVF,Jun 26 ,,,,20260518,S,2,77.50,,7140.00,0.00,,76.31,THB,,SMCTFEX_IFSC,3000.00000,20260518F056730001,
20260518,XOF8003,F,TFEX,SVF,Jun 26 ,,,,20260518,S,1,77.50,,3570.00,0.00,,76.31,THB,,SMCTFEX_IFSC,3000.00000,20260518F056731001,
20260518,XOF8003,F,TFEX,SVF,Jun 26 ,,,,20260518,S,1,77.50,,3570.00,0.00,,76.31,THB,,SMCTFEX_IFSC,3000.00000,20260518F056732001,
20260518,XOF8003,F,TFEX,SVF,Jun 26 ,,,,20260518,S,1,77.70,,4170.00,0.00,,76.31,THB,,SMCTFEX_IFSC,3000.00000,20260518F056697001,
20260518,XOF8003,F,TFEX,SVF,Jun 26 ,,,,20260518,S,11,77.72,,46530.00,0.00,,76.31,THB,,SMCTFEX_IFSC,3000.00000,20260518F056740001,
20260518,XOF8003,F,TFEX,SVF,Jun 26 ,,,,20260518,S,1,77.73,,4260.00,0.00,,76.31,THB,,SMCTFEX_IFSC,3000.00000,20260518F056733001,
20260518,XOF8003,F,TFEX,SVF,Jun 26 ,,,,20260518,S,3,77.73,,12780.00,0.00,,76.31,THB,,SMCTFEX_IFSC,3000.00000,20260518F056734001,
20260518,XOF8003,F,TFEX,SVF,Jun 26 ,,,,20260518,S,11,77.73,,46860.00,0.00,,76.31,THB,,SMCTFEX_IFSC,3000.00000,20260518F056739001,
20260518,XOF8003,F,TFEX,SVF,Jun 26 ,,,,20260518,S,1,77.95,,4920.00,0.00,,76.31,THB,,SMCTFEX_IFSC,3000.00000,20260518F056700001,
20260518,XOF8003,F,TFEX,SVF,Jun 26 ,,,,20260518,S,1,77.95,,4920.00,0.00,,76.31,THB,,SMCTFEX_IFSC,3000.00000,20260518F056701001,
20260518,XOF8003,F,TFEX,SVF,Sep 26 ,,,,20260518,S,1,77.07,,-1920.00,0.00,,77.71,THB,,SMCTFEX_IFSC,3000.00000,20260518F056648001,
20260518,XOF8003,F,TFEX,SVF,Sep 26 ,,,,20260515,S,1,78.24,,1590.00,0.00,,77.71,THB,,SMCTFEX_IFSC,3000.00000,20260515F058873001,
20260518,XOF8003,F,TFEX,SVF,Sep 26 ,,,,20260515,S,1,78.62,,2730.00,0.00,,77.71,THB,,SMCTFEX_IFSC,3000.00000,20260515F058867001,
20260518,XOF8003,F,TFEX,SVF,Sep 26 ,,,,20260515,S,1,78.72,,3030.00,0.00,,77.71,THB,,SMCTFEX_IFSC,3000.00000,20260515F058868001,
20260518,XOF8003,F,TFEX,SVF,Sep 26 ,,,,20260515,S,1,78.83,,3360.00,0.00,,77.71,THB,,SMCTFEX_IFSC,3000.00000,20260515F058875001,
20260518,XOF8003,F,TFEX,SVF,Sep 26 ,,,,20260515,S,1,78.98,,3810.00,0.00,,77.71,THB,,SMCTFEX_IFSC,3000.00000,20260515F058876001,
20260518,XOF8003,F,TFEX,SVF,Sep 26 ,,,,20260515,S,1,78.98,,3810.00,0.00,,77.71,THB,,SMCTFEX_IFSC,3000.00000,20260515F058877001,
20260518,XOF8003,F,TFEX,SVF,Sep 26 ,,,,20260515,S,1,78.98,,3810.00,0.00,,77.71,THB,,SMCTFEX_IFSC,3000.00000,20260515F058878001,
20260518,XOF8003,F,TFEX,SVF,Sep 26 ,,,,20260515,S,1,78.98,,3810.00,0.00,,77.71,THB,,SMCTFEX_IFSC,3000.00000,20260515F058879001,
20260518,XOF8003,F,TFEX,SVF,Sep 26 ,,,,20260515,S,1,79.20,,4470.00,0.00,,77.71,THB,,SMCTFEX_IFSC,3000.00000,20260515F058900001,
20260518,XOF8003,F,TFEX,SVF,Sep 26 ,,,,20260515,S,1,80.11,,7200.00,0.00,,77.71,THB,,SMCTFEX_IFSC,3000.00000,20260515F058863001,
20260518,XOF8003,F,TFEX,SVF,Sep 26 ,,,,20260514,S,1,85.52,,23430.00,0.00,,77.71,THB,,SMCTFEX_IFSC,3000.00000,20260514F061447001,
20260518,XOF8003,F,TFEX,SVF,Sep 26 ,,,,20260514,S,1,85.52,,23430.00,0.00,,77.71,THB,,SMCTFEX_IFSC,3000.00000,20260514F061448001,
20260518,XOF8003,F,TFEX,SVF,Sep 26 ,,,,20260514,S,1,86.36,,25950.00,0.00,,77.71,THB,,SMCTFEX_IFSC,3000.00000,20260514F061416001,
20260518,XOF8003,F,TFEX,SVF,Sep 26 ,,,,20260514,S,1,86.36,,25950.00,0.00,,77.71,THB,,SMCTFEX_IFSC,3000.00000,20260514F061417001,
20260518,XOF8003,F,TFEX,SVF,Sep 26 ,,,,20260514,S,3,86.36,,77850.00,0.00,,77.71,THB,,SMCTFEX_IFSC,3000.00000,20260514F061418001,
20260518,XOF8003,F,TFEX,SVF,Sep 26 ,,,,20260514,S,11,86.36,,285450.00,0.00,,77.71,THB,,SMCTFEX_IFSC,3000.00000,20260514F061419001,
20260518,XOF8003,F,TFEX,SVF,Sep 26 ,,,,20260514,S,2,86.40,,52140.00,0.00,,77.71,THB,,SMCTFEX_IFSC,3000.00000,20260514F061432001,
20260518,XOF8003,F,TFEX,SVF,Sep 26 ,,,,20260514,S,2,86.40,,52140.00,0.00,,77.71,THB,,SMCTFEX_IFSC,3000.00000,20260514F061433001,
20260518,XOF8003,F,TFEX,SVF,Sep 26 ,,,,20260514,S,1,86.40,,26070.00,0.00,,77.71,THB,,SMCTFEX_IFSC,3000.00000,20260514F061434001,
20260518,XOF8003,F,TFEX,SVF,Sep 26 ,,,,20260514,S,1,86.40,,26070.00,0.00,,77.71,THB,,SMCTFEX_IFSC,3000.00000,20260514F061435001,
20260518,XOF8003,F,TFEX,SVF,Sep 26 ,,,,20260514,S,1,86.40,,26070.00,0.00,,77.71,THB,,SMCTFEX_IFSC,3000.00000,20260514F061436001,
20260518,XOF8003,F,TFEX,SVF,Sep 26 ,,,,20260514,S,2,86.40,,52140.00,0.00,,77.71,THB,,SMCTFEX_IFSC,3000.00000,20260514F061437001,
20260518,XOF8003,F,TFEX,SVF,Sep 26 ,,,,20260514,S,1,86.40,,26070.00,0.00,,77.71,THB,,SMCTFEX_IFSC,3000.00000,20260514F061438001,
20260518,XOF8003,F,TFEX,SVF,Sep 26 ,,,,20260514,S,1,86.40,,26070.00,0.00,,77.71,THB,,SMCTFEX_IFSC,3000.00000,20260514F061439001,
20260518,XOF8003,F,TFEX,SVF,Sep 26 ,,,,20260514,S,1,86.42,,26130.00,0.00,,77.71,THB,,SMCTFEX_IFSC,3000.00000,20260514F061410001,
20260518,XOF8003,F,TFEX,SVF,Sep 26 ,,,,20260514,S,1,86.42,,26130.00,0.00,,77.71,THB,,SMCTFEX_IFSC,3000.00000,20260514F061411001,
20260518,XOF8003,F,TFEX,SVF,Sep 26 ,,,,20260514,S,1,86.42,,26130.00,0.00,,77.71,THB,,SMCTFEX_IFSC,3000.00000,20260514F061412001,
20260518,XOF8003,F,TFEX,SVF,Sep 26 ,,,,20260514,S,1,86.42,,26130.00,0.00,,77.71,THB,,SMCTFEX_IFSC,3000.00000,20260514F061413001,
20260518,XOF8003,F,TFEX,SVF,Sep 26 ,,,,20260514,S,1,86.43,,26160.00,0.00,,77.71,THB,,SMCTFEX_IFSC,3000.00000,20260514F061414001,
20260518,XOF8003,F,TFEX,SVF,Sep 26 ,,,,20260514,S,1,86.43,,26160.00,0.00,,77.71,THB,,SMCTFEX_IFSC,3000.00000,20260514F061415001,
20260518,XOF8003,F,TFEX,SVF,Sep 26 ,,,,20260514,S,1,86.46,,26250.00,0.00,,77.71,THB,,SMCTFEX_IFSC,3000.00000,20260514F061424001,
20260518,XOF8003,F,TFEX,SVF,Sep 26 ,,,,20260514,S,1,86.97,,27780.00,0.00,,77.71,THB,,SMCTFEX_IFSC,3000.00000,20260514F061420001,
20260518,XOF8003,F,TFEX,SVF,Sep 26 ,,,,20260514,S,1,86.97,,27780.00,0.00,,77.71,THB,,SMCTFEX_IFSC,3000.00000,20260514F061421001,
20260518,XOF8003,F,TFEX,SVF,Sep 26 ,,,,20260514,S,2,87.99,,61680.00,0.00,,77.71,THB,,SMCTFEX_IFSC,3000.00000,20260514F061394001,
20260518,XOF8003,F,TFEX,SVF,Sep 26 ,,,,20260514,S,2,87.99,,61680.00,0.00,,77.71,THB,,SMCTFEX_IFSC,3000.00000,20260514F061395001,
20260518,XOF8003,F,TFEX,SVF,Sep 26 ,,,,20260514,S,1,88.00,,30870.00,0.00,,77.71,THB,,SMCTFEX_IFSC,3000.00000,20260514F061392001,
20260518,XOF8003,F,TFEX,SVF,Sep 26 ,,,,20260514,S,1,88.00,,30870.00,0.00,,77.71,THB,,SMCTFEX_IFSC,3000.00000,20260514F061393001,
20260518,XOF8007,F,COMEX,MGC,Aug 26 ,,,,20260518,B,1,4587.10,,47.00,0.00,,4591.8,USD,,SMCTFEX_IFSC,10.00000,20260518F057531001,
20260518,XOF8007,F,COMEX,MGC,Aug 26 ,,,,20260518,B,1,4593.30,,-15.00,0.00,,4591.8,USD,,SMCTFEX_IFSC,10.00000,20260518F057533001,
20260518,XOF8007,F,COMEX,SIC,Jul 26 ,,,,20260514,B,1,86.850,,-941.00,0.00,,77.44,USD,,SMCTFEX_IFSC,100.00000,20260514F062470001,
20260518,XOF8007,F,COMEX,SIC,Jul 26 ,,,,20260513,B,1,86.880,,-944.00,0.00,,77.44,USD,,SMCTFEX_IFSC,100.00000,20260513F056595001,
20260518,XOF8007,F,COMEX,SIC,Jul 26 ,,,,20260513,B,1,86.890,,-945.00,0.00,,77.44,USD,,SMCTFEX_IFSC,100.00000,20260513F056594001,
20260518,XOF8007,F,COMEX,SIC,Jul 26 ,,,,20260514,B,1,86.920,,-948.00,0.00,,77.44,USD,,SMCTFEX_IFSC,100.00000,20260514F062471001,
20260518,XOF8007,F,COMEX,SIC,Jul 26 ,,,,20260513,B,1,86.950,,-951.00,0.00,,77.44,USD,,SMCTFEX_IFSC,100.00000,20260513F056596001,
20260518,XOF8007,F,COMEX,SIC,Jul 26 ,,,,20260514,B,1,86.970,,-953.00,0.00,,77.44,USD,,SMCTFEX_IFSC,100.00000,20260514F062468001,
20260518,XOF8007,F,COMEX,SIC,Jul 26 ,,,,20260514,B,1,87.030,,-959.00,0.00,,77.44,USD,,SMCTFEX_IFSC,100.00000,20260514F062469001,
20260518,XOF8007,F,COMEX,SIC,Jul 26 ,,,,20260514,B,1,87.100,,-966.00,0.00,,77.44,USD,,SMCTFEX_IFSC,100.00000,20260514F062472001,
20260518,XOF8007,F,COMEX,SIC,Jul 26 ,,,,20260513,B,1,87.120,,-968.00,0.00,,77.44,USD,,SMCTFEX_IFSC,100.00000,20260513F056598001,
20260518,XOF8007,F,COMEX,SIC,Jul 26 ,,,,20260514,B,1,87.150,,-971.00,0.00,,77.44,USD,,SMCTFEX_IFSC,100.00000,20260514F062473001,
20260518,XOF8007,F,COMEX,SIC,Jul 26 ,,,,20260514,B,1,87.190,,-975.00,0.00,,77.44,USD,,SMCTFEX_IFSC,100.00000,20260514F062474001,
20260518,XOF8007,F,COMEX,SIC,Jul 26 ,,,,20260514,B,1,87.210,,-977.00,0.00,,77.44,USD,,SMCTFEX_IFSC,100.00000,20260514F062475001,
20260518,XOF8007,F,COMEX,SIC,Jul 26 ,,,,20260513,B,1,87.220,,-978.00,0.00,,77.44,USD,,SMCTFEX_IFSC,100.00000,20260513F056597001,
20260518,XOF8007,F,COMEX,SIC,Jul 26 ,,,,20260514,B,1,87.230,,-979.00,0.00,,77.44,USD,,SMCTFEX_IFSC,100.00000,20260514F062476001,
20260518,XOF8007,F,COMEX,SIC,Jul 26 ,,,,20260514,B,1,87.290,,-985.00,0.00,,77.44,USD,,SMCTFEX_IFSC,100.00000,20260514F062477001,
20260518,XOF8007,F,COMEX,SIC,Jul 26 ,,,,20260514,B,1,87.300,,-986.00,0.00,,77.44,USD,,SMCTFEX_IFSC,100.00000,20260514F062479001,
20260518,XOF8007,F,COMEX,SIC,Jul 26 ,,,,20260514,B,1,87.320,,-988.00,0.00,,77.44,USD,,SMCTFEX_IFSC,100.00000,20260514F062478001,
20260518,XOF8007,F,COMEX,SIC,Jul 26 ,,,,20260514,B,1,87.390,,-995.00,0.00,,77.44,USD,,SMCTFEX_IFSC,100.00000,20260514F062480001,
20260518,XOF8007,F,COMEX,SIC,Jul 26 ,,,,20260514,B,1,87.400,,-996.00,0.00,,77.44,USD,,SMCTFEX_IFSC,100.00000,20260514F062481001,
20260518,XOF8007,F,COMEX,SIC,Jul 26 ,,,,20260514,B,1,87.480,,-1004.00,0.00,,77.44,USD,,SMCTFEX_IFSC,100.00000,20260514F062492001,
20260518,XOF8007,F,COMEX,SIC,Jul 26 ,,,,20260514,B,1,87.510,,-1007.00,0.00,,77.44,USD,,SMCTFEX_IFSC,100.00000,20260514F062490001,
20260518,XOF8007,F,COMEX,SIC,Jul 26 ,,,,20260514,B,1,87.740,,-1030.00,0.00,,77.44,USD,,SMCTFEX_IFSC,100.00000,20260514F062493001,
20260518,XOF8007,F,COMEX,SIC,Jul 26 ,,,,20260514,B,1,87.750,,-1031.00,0.00,,77.44,USD,,SMCTFEX_IFSC,100.00000,20260514F062494001,
20260518,XOF8007,F,COMEX,SIC,Jul 26 ,,,,20260514,B,1,87.750,,-1031.00,0.00,,77.44,USD,,SMCTFEX_IFSC,100.00000,20260514F062495001,
20260518,XOF8007,F,COMEX,SIC,Jul 26 ,,,,20260514,B,1,87.820,,-1038.00,0.00,,77.44,USD,,SMCTFEX_IFSC,100.00000,20260514F062501001,
20260518,XOF8007,F,COMEX,SIC,Jul 26 ,,,,20260514,B,1,87.900,,-1046.00,0.00,,77.44,USD,,SMCTFEX_IFSC,100.00000,20260514F062496001,
20260518,XOF8007,F,COMEX,SIC,Jul 26 ,,,,20260514,B,1,87.920,,-1048.00,0.00,,77.44,USD,,SMCTFEX_IFSC,100.00000,20260514F062466001,
20260518,XOF8007,F,COMEX,SIC,Jul 26 ,,,,20260514,B,1,87.930,,-1049.00,0.00,,77.44,USD,,SMCTFEX_IFSC,100.00000,20260514F062497001,
20260518,XOF8007,F,COMEX,SIC,Jul 26 ,,,,20260514,B,1,87.960,,-1052.00,0.00,,77.44,USD,,SMCTFEX_IFSC,100.00000,20260514F062498001,
20260518,XOF8007,F,COMEX,SIC,Jul 26 ,,,,20260514,B,1,87.960,,-1052.00,0.00,,77.44,USD,,SMCTFEX_IFSC,100.00000,20260514F062499001,
20260518,XOF8007,F,COMEX,SIC,Jul 26 ,,,,20260513,B,1,88.000,,-1056.00,0.00,,77.44,USD,,SMCTFEX_IFSC,100.00000,20260513F056599001,
20260518,XOF8007,F,COMEX,SIC,Jul 26 ,,,,20260513,B,1,88.010,,-1057.00,0.00,,77.44,USD,,SMCTFEX_IFSC,100.00000,20260513F056661001,
20260518,XOF8007,F,COMEX,SIC,Jul 26 ,,,,20260514,B,1,88.010,,-1057.00,0.00,,77.44,USD,,SMCTFEX_IFSC,100.00000,20260514F062467001,
20260518,XOF8007,F,COMEX,SIC,Jul 26 ,,,,20260513,B,1,88.040,,-1060.00,0.00,,77.44,USD,,SMCTFEX_IFSC,100.00000,20260513F056600001,
20260518,XOF8007,F,COMEX,SIC,Jul 26 ,,,,20260513,B,1,88.040,,-1060.00,0.00,,77.44,USD,,SMCTFEX_IFSC,100.00000,20260513F056602001,
20260518,XOF8007,F,COMEX,SIC,Jul 26 ,,,,20260513,B,1,88.050,,-1061.00,0.00,,77.44,USD,,SMCTFEX_IFSC,100.00000,20260513F056660001,
20260518,XOF8007,F,COMEX,SIC,Jul 26 ,,,,20260514,B,1,88.050,,-1061.00,0.00,,77.44,USD,,SMCTFEX_IFSC,100.00000,20260514F062500001,
20260518,XOF8007,F,COMEX,SIC,Jul 26 ,,,,20260513,B,1,88.060,,-1062.00,0.00,,77.44,USD,,SMCTFEX_IFSC,100.00000,20260513F056601001,
20260518,XOF8007,F,COMEX,SIC,Jul 26 ,,,,20260513,B,1,88.100,,-1066.00,0.00,,77.44,USD,,SMCTFEX_IFSC,100.00000,20260513F056659001,
20260518,XOF8007,F,COMEX,SIC,Jul 26 ,,,,20260513,B,1,88.110,,-1067.00,0.00,,77.44,USD,,SMCTFEX_IFSC,100.00000,20260513F056662001,
20260518,XOF8007,F,COMEX,SIC,Jul 26 ,,,,20260513,B,1,88.310,,-1087.00,0.00,,77.44,USD,,SMCTFEX_IFSC,100.00000,20260513F056658001,
20260518,XOF8007,F,COMEX,SIC,Jul 26 ,,,,20260513,B,1,88.340,,-1090.00,0.00,,77.44,USD,,SMCTFEX_IFSC,100.00000,20260513F056655001,
20260518,XOF8007,F,COMEX,SIC,Jul 26 ,,,,20260513,B,1,88.350,,-1091.00,0.00,,77.44,USD,,SMCTFEX_IFSC,100.00000,20260513F056649001,
20260518,XOF8007,F,COMEX,SIC,Jul 26 ,,,,20260513,B,1,88.350,,-1091.00,0.00,,77.44,USD,,SMCTFEX_IFSC,100.00000,20260513F056654001,
20260518,XOF8007,F,COMEX,SIC,Jul 26 ,,,,20260513,B,1,88.350,,-1091.00,0.00,,77.44,USD,,SMCTFEX_IFSC,100.00000,20260513F056656001,
20260518,XOF8007,F,COMEX,SIC,Jul 26 ,,,,20260513,B,1,88.360,,-1092.00,0.00,,77.44,USD,,SMCTFEX_IFSC,100.00000,20260513F056650001,
20260518,XOF8007,F,COMEX,SIC,Jul 26 ,,,,20260513,B,1,88.360,,-1092.00,0.00,,77.44,USD,,SMCTFEX_IFSC,100.00000,20260513F056657001,
20260518,XOF8007,F,COMEX,SIC,Jul 26 ,,,,20260513,B,1,88.370,,-1093.00,0.00,,77.44,USD,,SMCTFEX_IFSC,100.00000,20260513F056651001,
20260518,XOF8007,F,COMEX,SIC,Jul 26 ,,,,20260513,B,1,88.370,,-1093.00,0.00,,77.44,USD,,SMCTFEX_IFSC,100.00000,20260513F056653001,
20260518,XOF8007,F,COMEX,SIC,Jul 26 ,,,,20260513,B,1,88.380,,-1094.00,0.00,,77.44,USD,,SMCTFEX_IFSC,100.00000,20260513F056652001,
20260518,XOF8007,F,COMEX,SIC,Jul 26 ,,,,20260513,B,1,88.420,,-1098.00,0.00,,77.44,USD,,SMCTFEX_IFSC,100.00000,20260513F056646001,
20260518,XOF8007,F,COMEX,SIC,Jul 26 ,,,,20260513,B,1,88.420,,-1098.00,0.00,,77.44,USD,,SMCTFEX_IFSC,100.00000,20260513F056648001,
20260518,XOF8007,F,COMEX,SIC,Jul 26 ,,,,20260513,B,1,88.460,,-1102.00,0.00,,77.44,USD,,SMCTFEX_IFSC,100.00000,20260513F056647001,
20260518,XOF8007,F,COMEX,SIC,Jul 26 ,,,,20260513,B,1,88.570,,-1113.00,0.00,,77.44,USD,,SMCTFEX_IFSC,100.00000,20260513F056634001,
20260518,XOF8007,F,COMEX,SIC,Jul 26 ,,,,20260513,B,1,88.570,,-1113.00,0.00,,77.44,USD,,SMCTFEX_IFSC,100.00000,20260513F056645001,
20260518,XOF8007,F,COMEX,SIC,Jul 26 ,,,,20260513,B,1,88.620,,-1118.00,0.00,,77.44,USD,,SMCTFEX_IFSC,100.00000,20260513F056636001,
20260518,XOF8007,F,COMEX,SIC,Jul 26 ,,,,20260513,B,1,88.640,,-1120.00,0.00,,77.44,USD,,SMCTFEX_IFSC,100.00000,20260513F056633001,
20260518,XOF8007,F,COMEX,SIC,Jul 26 ,,,,20260513,B,1,88.640,,-1120.00,0.00,,77.44,USD,,SMCTFEX_IFSC,100.00000,20260513F056635001,
20260518,XOF8007,F,COMEX,SIC,Jul 26 ,,,,20260513,B,1,88.640,,-1120.00,0.00,,77.44,USD,,SMCTFEX_IFSC,100.00000,20260513F056637001,
20260518,XOF8007,F,COMEX,SIC,Jul 26 ,,,,20260513,B,1,88.650,,-1121.00,0.00,,77.44,USD,,SMCTFEX_IFSC,100.00000,20260513F056631001,
20260518,XOF8007,F,COMEX,SIC,Jul 26 ,,,,20260513,B,1,88.650,,-1121.00,0.00,,77.44,USD,,SMCTFEX_IFSC,100.00000,20260513F056632001,
20260518,XOF8007,F,COMEX,SIC,Jul 26 ,,,,20260513,B,1,88.740,,-1130.00,0.00,,77.44,USD,,SMCTFEX_IFSC,100.00000,20260513F056639001,
20260518,XOF8007,F,COMEX,SIC,Jul 26 ,,,,20260513,B,1,88.740,,-1130.00,0.00,,77.44,USD,,SMCTFEX_IFSC,100.00000,20260513F056640001,
20260518,XOF8007,F,COMEX,SIC,Jul 26 ,,,,20260513,B,1,88.740,,-1130.00,0.00,,77.44,USD,,SMCTFEX_IFSC,100.00000,20260513F056641001,
20260518,XOF8007,F,COMEX,SIC,Jul 26 ,,,,20260513,B,1,88.740,,-1130.00,0.00,,77.44,USD,,SMCTFEX_IFSC,100.00000,20260513F056642001,
20260518,XOF8007,F,COMEX,SIC,Jul 26 ,,,,20260513,B,1,88.760,,-1132.00,0.00,,77.44,USD,,SMCTFEX_IFSC,100.00000,20260513F056643001,
20260518,XOF8007,F,COMEX,SIC,Jul 26 ,,,,20260513,B,1,88.780,,-1134.00,0.00,,77.44,USD,,SMCTFEX_IFSC,100.00000,20260513F056644001,
20260518,XOF8007,F,COMEX,SIC,Jul 26 ,,,,20260513,B,1,88.870,,-1143.00,0.00,,77.44,USD,,SMCTFEX_IFSC,100.00000,20260513F056638001,
20260518,XOF8007,F,COMEX,SIC,Jul 26 ,,,,20260513,B,1,89.170,,-1173.00,0.00,,77.44,USD,,SMCTFEX_IFSC,100.00000,20260513F056630001,
20260518,XOF8007,F,COMEX,SIC,Jul 26 ,,,,20260513,B,1,89.200,,-1176.00,0.00,,77.44,USD,,SMCTFEX_IFSC,100.00000,20260513F056629001,
20260518,XOF8007,F,COMEX,SIC,Jul 26 ,,,,20260513,B,1,89.300,,-1186.00,0.00,,77.44,USD,,SMCTFEX_IFSC,100.00000,20260513F056628001,
20260518,XOF8007,F,COMEX,SIC,Jul 26 ,,,,20260513,B,1,89.850,,-1241.00,0.00,,77.44,USD,,SMCTFEX_IFSC,100.00000,20260513F056624001,
20260518,XOF8007,F,COMEX,SIC,Sep 26 ,,,,20260518,B,1,77.500,,51.00,0.00,,78.01,USD,,SMCTFEX_IFSC,100.00000,20260518F057535001,
20260518,XOF8007,F,COMEX,SIC,Sep 26 ,,,,20260515,B,1,79.240,,-123.00,0.00,,78.01,USD,,SMCTFEX_IFSC,100.00000,20260515F059696001,
20260518,XOF8007,F,COMEX,SIC,Sep 26 ,,,,20260515,B,1,79.490,,-148.00,0.00,,78.01,USD,,SMCTFEX_IFSC,100.00000,20260515F059695001,
20260518,XOF8007,F,COMEX,SIC,Sep 26 ,,,,20260515,B,1,82.250,,-424.00,0.00,,78.01,USD,,SMCTFEX_IFSC,100.00000,20260515F059694001,
20260518,XOF8007,F,COMEX,SIC,Sep 26 ,,,,20260514,B,1,86.000,,-799.00,0.00,,78.01,USD,,SMCTFEX_IFSC,100.00000,20260514F062511001,
20260518,XOF8007,F,COMEX,SIC,Sep 26 ,,,,20260514,B,1,87.190,,-918.00,0.00,,78.01,USD,,SMCTFEX_IFSC,100.00000,20260514F062510001,
20260518,XOF8007,F,COMEX,SIC,Sep 26 ,,,,20260514,B,1,87.420,,-941.00,0.00,,78.01,USD,,SMCTFEX_IFSC,100.00000,20260514F062509001,
20260518,XOF8007,F,COMEX,SIC,Sep 26 ,,,,20260514,B,1,87.450,,-944.00,0.00,,78.01,USD,,SMCTFEX_IFSC,100.00000,20260514F062506001,
20260518,XOF8007,F,COMEX,SIC,Sep 26 ,,,,20260514,B,1,87.470,,-946.00,0.00,,78.01,USD,,SMCTFEX_IFSC,100.00000,20260514F062505001,
20260518,XOF8007,F,COMEX,SIC,Sep 26 ,,,,20260514,B,1,87.510,,-950.00,0.00,,78.01,USD,,SMCTFEX_IFSC,100.00000,20260514F062508001,
20260518,XOF8007,F,COMEX,SIC,Sep 26 ,,,,20260514,B,1,87.730,,-972.00,0.00,,78.01,USD,,SMCTFEX_IFSC,100.00000,20260514F062507001,
20260518,XOF8007,F,COMEX,SIC,Sep 26 ,,,,20260514,B,1,87.800,,-979.00,0.00,,78.01,USD,,SMCTFEX_IFSC,100.00000,20260514F062503001,
20260518,XOF8007,F,COMEX,SIC,Sep 26 ,,,,20260514,B,1,87.860,,-985.00,0.00,,78.01,USD,,SMCTFEX_IFSC,100.00000,20260514F062504001,
20260518,XOF8007,F,COMEX,SIC,Sep 26 ,,,,20260514,B,1,88.100,,-1009.00,0.00,,78.01,USD,,SMCTFEX_IFSC,100.00000,20260514F062483001,
20260518,XOF8007,F,COMEX,SIC,Sep 26 ,,,,20260514,B,1,88.100,,-1009.00,0.00,,78.01,USD,,SMCTFEX_IFSC,100.00000,20260514F062484001,
20260518,XOF8007,F,COMEX,SIC,Sep 26 ,,,,20260514,B,1,88.100,,-1009.00,0.00,,78.01,USD,,SMCTFEX_IFSC,100.00000,20260514F062485001,
20260518,XOF8007,F,COMEX,SIC,Sep 26 ,,,,20260514,B,1,88.100,,-1009.00,0.00,,78.01,USD,,SMCTFEX_IFSC,100.00000,20260514F062486001,
20260518,XOF8007,F,COMEX,SIC,Sep 26 ,,,,20260514,B,1,88.110,,-1010.00,0.00,,78.01,USD,,SMCTFEX_IFSC,100.00000,20260514F062487001,
20260518,XOF8007,F,COMEX,SIC,Sep 26 ,,,,20260514,B,1,88.120,,-1011.00,0.00,,78.01,USD,,SMCTFEX_IFSC,100.00000,20260514F062482001,
20260518,XOF8007,F,COMEX,SIC,Sep 26 ,,,,20260514,B,1,88.190,,-1018.00,0.00,,78.01,USD,,SMCTFEX_IFSC,100.00000,20260514F062491001,
20260518,XOF8007,F,COMEX,SIC,Sep 26 ,,,,20260514,B,1,88.190,,-1018.00,0.00,,78.01,USD,,SMCTFEX_IFSC,100.00000,20260514F062502001,
20260518,XOF8007,F,COMEX,SIC,Sep 26 ,,,,20260514,B,1,88.240,,-1023.00,0.00,,78.01,USD,,SMCTFEX_IFSC,100.00000,20260514F062488001,
20260518,XOF8007,F,COMEX,SIC,Sep 26 ,,,,20260514,B,1,88.310,,-1030.00,0.00,,78.01,USD,,SMCTFEX_IFSC,100.00000,20260514F062489001,
20260518,XOF8007,F,COMEX,SIL,Jul 26 ,,,,20260518,B,1,77.455,,-11.00,0.00,,77.444,USD,,SMCTFEX_IFSC,1000.00000,20260518F057537001,
20260518,XOF8007,F,COMEX,SIL,Jul 26 ,,,,20260514,B,1,87.920,,-10476.00,0.00,,77.444,USD,,SMCTFEX_IFSC,1000.00000,20260514F062514001,
20260518,XOF8007,F,COMEX,SIL,Jul 26 ,,,,20260514,B,1,87.945,,-10501.00,0.00,,77.444,USD,,SMCTFEX_IFSC,1000.00000,20260514F062515001,
20260518,XOF8007,F,COMEX,SIL,Jul 26 ,,,,20260514,B,1,87.985,,-10541.00,0.00,,77.444,USD,,SMCTFEX_IFSC,1000.00000,20260514F062516001,
20260518,XOF8007,F,TFEX,GO,Sep 26 ,,,,20260518,S,1,4642.00,,1050.00,0.00,,4638.5,THB,,SMCTFEX_IFSC,300.00000,20260518F057673001,
20260518,XOF8007,F,TFEX,SVF,Jun 26 ,,,,20260518,S,3,77.50,,10710.00,0.00,,76.31,THB,,SMCTFEX_IFSC,3000.00000,20260518F057679001,
20260518,XOF8007,F,TFEX,SVF,Jun 26 ,,,,20260518,S,3,77.50,,10710.00,0.00,,76.31,THB,,SMCTFEX_IFSC,3000.00000,20260518F057680001,
20260518,XOF8007,F,TFEX,SVF,Jun 26 ,,,,20260518,S,3,77.50,,10710.00,0.00,,76.31,THB,,SMCTFEX_IFSC,3000.00000,20260518F057681001,
20260518,XOF8007,F,TFEX,SVF,Jun 26 ,,,,20260518,S,2,77.50,,7140.00,0.00,,76.31,THB,,SMCTFEX_IFSC,3000.00000,20260518F057682001,
20260518,XOF8007,F,TFEX,SVF,Jun 26 ,,,,20260514,S,1,87.09,,32340.00,0.00,,76.31,THB,,SMCTFEX_IFSC,3000.00000,20260514F062745001,
20260518,XOF8007,F,TFEX,SVF,Jun 26 ,,,,20260514,S,1,87.14,,32490.00,0.00,,76.31,THB,,SMCTFEX_IFSC,3000.00000,20260514F062746001,
20260518,XOF8007,F,TFEX,SVF,Jun 26 ,,,,20260514,S,1,87.17,,32580.00,0.00,,76.31,THB,,SMCTFEX_IFSC,3000.00000,20260514F062743001,
20260518,XOF8007,F,TFEX,SVF,Jun 26 ,,,,20260514,S,1,87.18,,32610.00,0.00,,76.31,THB,,SMCTFEX_IFSC,3000.00000,20260514F062747001,
20260518,XOF8007,F,TFEX,SVF,Jun 26 ,,,,20260514,S,1,87.25,,32820.00,0.00,,76.31,THB,,SMCTFEX_IFSC,3000.00000,20260514F062744001,
20260518,XOF8007,F,TFEX,SVF,Jun 26 ,,,,20260514,S,1,87.37,,33180.00,0.00,,76.31,THB,,SMCTFEX_IFSC,3000.00000,20260514F062748001,
20260518,XOF8007,F,TFEX,SVF,Jun 26 ,,,,20260514,S,1,87.41,,33300.00,0.00,,76.31,THB,,SMCTFEX_IFSC,3000.00000,20260514F062749001,
20260518,XOF8007,F,TFEX,SVF,Jun 26 ,,,,20260514,S,1,87.43,,33360.00,0.00,,76.31,THB,,SMCTFEX_IFSC,3000.00000,20260514F062750001,
20260518,XOF8007,F,TFEX,SVF,Jun 26 ,,,,20260514,S,1,87.47,,33480.00,0.00,,76.31,THB,,SMCTFEX_IFSC,3000.00000,20260514F062751001,
20260518,XOF8007,F,TFEX,SVF,Jun 26 ,,,,20260514,S,1,87.53,,33660.00,0.00,,76.31,THB,,SMCTFEX_IFSC,3000.00000,20260514F062752001,
20260518,XOF8007,F,TFEX,SVF,Jun 26 ,,,,20260514,S,1,87.53,,33660.00,0.00,,76.31,THB,,SMCTFEX_IFSC,3000.00000,20260514F062754001,
20260518,XOF8007,F,TFEX,SVF,Jun 26 ,,,,20260514,S,1,87.54,,33690.00,0.00,,76.31,THB,,SMCTFEX_IFSC,3000.00000,20260514F062753001,
20260518,XOF8007,F,TFEX,SVF,Jun 26 ,,,,20260514,S,1,87.61,,33900.00,0.00,,76.31,THB,,SMCTFEX_IFSC,3000.00000,20260514F062755001,
20260518,XOF8007,F,TFEX,SVF,Jun 26 ,,,,20260514,S,1,87.64,,33990.00,0.00,,76.31,THB,,SMCTFEX_IFSC,3000.00000,20260514F062756001,
20260518,XOF8007,F,TFEX,SVF,Jun 26 ,,,,20260514,S,1,87.67,,34080.00,0.00,,76.31,THB,,SMCTFEX_IFSC,3000.00000,20260514F062769001,
20260518,XOF8007,F,TFEX,SVF,Jun 26 ,,,,20260514,S,1,87.73,,34260.00,0.00,,76.31,THB,,SMCTFEX_IFSC,3000.00000,20260514F062767001,
20260518,XOF8007,F,TFEX,SVF,Jun 26 ,,,,20260514,S,1,87.97,,34980.00,0.00,,76.31,THB,,SMCTFEX_IFSC,3000.00000,20260514F062771001,
20260518,XOF8007,F,TFEX,SVF,Jun 26 ,,,,20260514,S,1,87.98,,35010.00,0.00,,76.31,THB,,SMCTFEX_IFSC,3000.00000,20260514F062770001,
20260518,XOF8007,F,TFEX,SVF,Jun 26 ,,,,20260514,S,1,87.98,,35010.00,0.00,,76.31,THB,,SMCTFEX_IFSC,3000.00000,20260514F062772001,
20260518,XOF8007,F,TFEX,SVF,Jun 26 ,,,,20260514,S,1,88.05,,35220.00,0.00,,76.31,THB,,SMCTFEX_IFSC,3000.00000,20260514F062778001,
20260518,XOF8007,F,TFEX,SVF,Jun 26 ,,,,20260514,S,1,88.10,,35370.00,0.00,,76.31,THB,,SMCTFEX_IFSC,3000.00000,20260514F062726001,
20260518,XOF8007,F,TFEX,SVF,Jun 26 ,,,,20260514,S,10,88.10,,353700.00,0.00,,76.31,THB,,SMCTFEX_IFSC,3000.00000,20260514F062727001,
20260518,XOF8007,F,TFEX,SVF,Jun 26 ,,,,20260514,S,11,88.10,,389070.00,0.00,,76.31,THB,,SMCTFEX_IFSC,3000.00000,20260514F062728001,
20260518,XOF8007,F,TFEX,SVF,Jun 26 ,,,,20260514,S,1,88.11,,35400.00,0.00,,76.31,THB,,SMCTFEX_IFSC,3000.00000,20260514F062725001,
20260518,XOF8007,F,TFEX,SVF,Jun 26 ,,,,20260514,S,1,88.11,,35400.00,0.00,,76.31,THB,,SMCTFEX_IFSC,3000.00000,20260514F062729001,
20260518,XOF8007,F,TFEX,SVF,Jun 26 ,,,,20260514,S,3,88.11,,106200.00,0.00,,76.31,THB,,SMCTFEX_IFSC,3000.00000,20260514F062730001,
20260518,XOF8007,F,TFEX,SVF,Jun 26 ,,,,20260514,S,1,88.11,,35400.00,0.00,,76.31,THB,,SMCTFEX_IFSC,3000.00000,20260514F062731001,
20260518,XOF8007,F,TFEX,SVF,Jun 26 ,,,,20260514,S,1,88.11,,35400.00,0.00,,76.31,THB,,SMCTFEX_IFSC,3000.00000,20260514F062732001,
20260518,XOF8007,F,TFEX,SVF,Jun 26 ,,,,20260514,S,1,88.11,,35400.00,0.00,,76.31,THB,,SMCTFEX_IFSC,3000.00000,20260514F062733001,
20260518,XOF8007,F,TFEX,SVF,Jun 26 ,,,,20260514,S,1,88.11,,35400.00,0.00,,76.31,THB,,SMCTFEX_IFSC,3000.00000,20260514F062734001,
20260518,XOF8007,F,TFEX,SVF,Jun 26 ,,,,20260514,S,3,88.11,,106200.00,0.00,,76.31,THB,,SMCTFEX_IFSC,3000.00000,20260514F062735001,
20260518,XOF8007,F,TFEX,SVF,Jun 26 ,,,,20260514,S,5,88.13,,177300.00,0.00,,76.31,THB,,SMCTFEX_IFSC,3000.00000,20260514F062736001,
20260518,XOF8007,F,TFEX,SVF,Jun 26 ,,,,20260514,S,5,88.13,,177300.00,0.00,,76.31,THB,,SMCTFEX_IFSC,3000.00000,20260514F062737001,
20260518,XOF8007,F,TFEX,SVF,Jun 26 ,,,,20260514,S,1,88.13,,35460.00,0.00,,76.31,THB,,SMCTFEX_IFSC,3000.00000,20260514F062738001,
20260518,XOF8007,F,TFEX,SVF,Jun 26 ,,,,20260514,S,1,88.13,,35460.00,0.00,,76.31,THB,,SMCTFEX_IFSC,3000.00000,20260514F062773001,
20260518,XOF8007,F,TFEX,SVF,Jun 26 ,,,,20260514,S,1,88.14,,35490.00,0.00,,76.31,THB,,SMCTFEX_IFSC,3000.00000,20260514F062774001,
20260518,XOF8007,F,TFEX,SVF,Jun 26 ,,,,20260514,S,2,88.15,,71040.00,0.00,,76.31,THB,,SMCTFEX_IFSC,3000.00000,20260514F062739001,
20260518,XOF8007,F,TFEX,SVF,Jun 26 ,,,,20260514,S,5,88.15,,177600.00,0.00,,76.31,THB,,SMCTFEX_IFSC,3000.00000,20260514F062740001,
20260518,XOF8007,F,TFEX,SVF,Jun 26 ,,,,20260514,S,4,88.17,,142320.00,0.00,,76.31,THB,,SMCTFEX_IFSC,3000.00000,20260514F062741001,
20260518,XOF8007,F,TFEX,SVF,Jun 26 ,,,,20260514,S,1,88.18,,35610.00,0.00,,76.31,THB,,SMCTFEX_IFSC,3000.00000,20260514F062775001,
20260518,XOF8007,F,TFEX,SVF,Jun 26 ,,,,20260514,S,1,88.18,,35610.00,0.00,,76.31,THB,,SMCTFEX_IFSC,3000.00000,20260514F062776001,
20260518,XOF8007,F,TFEX,SVF,Jun 26 ,,,,20260513,S,1,88.19,,35640.00,0.00,,76.31,THB,,SMCTFEX_IFSC,3000.00000,20260513F056928001,
20260518,XOF8007,F,TFEX,SVF,Jun 26 ,,,,20260514,S,1,88.19,,35640.00,0.00,,76.31,THB,,SMCTFEX_IFSC,3000.00000,20260514F062742001,
20260518,XOF8007,F,TFEX,SVF,Jun 26 ,,,,20260513,S,1,88.20,,35670.00,0.00,,76.31,THB,,SMCTFEX_IFSC,3000.00000,20260513F056929001,
20260518,XOF8007,F,TFEX,SVF,Jun 26 ,,,,20260514,S,1,88.23,,35760.00,0.00,,76.31,THB,,SMCTFEX_IFSC,3000.00000,20260514F062777001,
20260518,XOF8007,F,TFEX,SVF,Jun 26 ,,,,20260513,S,1,88.25,,35820.00,0.00,,76.31,THB,,SMCTFEX_IFSC,3000.00000,20260513F056927001,
20260518,XOF8007,F,TFEX,SVF,Jun 26 ,,,,20260513,S,1,88.31,,36000.00,0.00,,76.31,THB,,SMCTFEX_IFSC,3000.00000,20260513F056926001,
20260518,XOF8007,F,TFEX,SVF,Jun 26 ,,,,20260513,S,1,88.52,,36630.00,0.00,,76.31,THB,,SMCTFEX_IFSC,3000.00000,20260513F056921001,
20260518,XOF8007,F,TFEX,SVF,Jun 26 ,,,,20260513,S,1,88.52,,36630.00,0.00,,76.31,THB,,SMCTFEX_IFSC,3000.00000,20260513F056922001,
20260518,XOF8007,F,TFEX,SVF,Jun 26 ,,,,20260513,S,1,88.52,,36630.00,0.00,,76.31,THB,,SMCTFEX_IFSC,3000.00000,20260513F056923001,
20260518,XOF8007,F,TFEX,SVF,Jun 26 ,,,,20260513,S,1,88.52,,36630.00,0.00,,76.31,THB,,SMCTFEX_IFSC,3000.00000,20260513F056925001,
20260518,XOF8007,F,TFEX,SVF,Jun 26 ,,,,20260513,S,1,88.53,,36660.00,0.00,,76.31,THB,,SMCTFEX_IFSC,3000.00000,20260513F056919001,
20260518,XOF8007,F,TFEX,SVF,Jun 26 ,,,,20260513,S,1,88.53,,36660.00,0.00,,76.31,THB,,SMCTFEX_IFSC,3000.00000,20260513F056924001,
20260518,XOF8007,F,TFEX,SVF,Jun 26 ,,,,20260513,S,1,88.54,,36690.00,0.00,,76.31,THB,,SMCTFEX_IFSC,3000.00000,20260513F056915001,
20260518,XOF8007,F,TFEX,SVF,Jun 26 ,,,,20260513,S,1,88.54,,36690.00,0.00,,76.31,THB,,SMCTFEX_IFSC,3000.00000,20260513F056916001,
20260518,XOF8007,F,TFEX,SVF,Jun 26 ,,,,20260513,S,1,88.54,,36690.00,0.00,,76.31,THB,,SMCTFEX_IFSC,3000.00000,20260513F056917001,
20260518,XOF8007,F,TFEX,SVF,Jun 26 ,,,,20260513,S,1,88.54,,36690.00,0.00,,76.31,THB,,SMCTFEX_IFSC,3000.00000,20260513F056920001,
20260518,XOF8007,F,TFEX,SVF,Jun 26 ,,,,20260513,S,1,88.56,,36750.00,0.00,,76.31,THB,,SMCTFEX_IFSC,3000.00000,20260513F056918001,
20260518,XOF8007,F,TFEX,SVF,Jun 26 ,,,,20260513,S,1,88.59,,36840.00,0.00,,76.31,THB,,SMCTFEX_IFSC,3000.00000,20260513F056914001,
20260518,XOF8007,F,TFEX,SVF,Jun 26 ,,,,20260513,S,1,88.60,,36870.00,0.00,,76.31,THB,,SMCTFEX_IFSC,3000.00000,20260513F056912001,
20260518,XOF8007,F,TFEX,SVF,Jun 26 ,,,,20260513,S,1,88.62,,36930.00,0.00,,76.31,THB,,SMCTFEX_IFSC,3000.00000,20260513F056913001,
20260518,XOF8007,F,TFEX,SVF,Jun 26 ,,,,20260513,S,1,88.75,,37320.00,0.00,,76.31,THB,,SMCTFEX_IFSC,3000.00000,20260513F056911001,
20260518,XOF8007,F,TFEX,SVF,Jun 26 ,,,,20260513,S,1,88.92,,37830.00,0.00,,76.31,THB,,SMCTFEX_IFSC,3000.00000,20260513F056905001,
20260518,XOF8007,F,TFEX,SVF,Jun 26 ,,,,20260513,S,1,88.92,,37830.00,0.00,,76.31,THB,,SMCTFEX_IFSC,3000.00000,20260513F056906001,
20260518,XOF8007,F,TFEX,SVF,Jun 26 ,,,,20260513,S,1,88.92,,37830.00,0.00,,76.31,THB,,SMCTFEX_IFSC,3000.00000,20260513F056907001,
20260518,XOF8007,F,TFEX,SVF,Jun 26 ,,,,20260513,S,1,88.92,,37830.00,0.00,,76.31,THB,,SMCTFEX_IFSC,3000.00000,20260513F056908001,
20260518,XOF8007,F,TFEX,SVF,Jun 26 ,,,,20260513,S,1,88.92,,37830.00,0.00,,76.31,THB,,SMCTFEX_IFSC,3000.00000,20260513F056909001,
20260518,XOF8007,F,TFEX,SVF,Jun 26 ,,,,20260513,S,1,88.92,,37830.00,0.00,,76.31,THB,,SMCTFEX_IFSC,3000.00000,20260513F056910001,
20260518,XOF8007,F,TFEX,SVF,Jun 26 ,,,,20260513,S,1,88.96,,37950.00,0.00,,76.31,THB,,SMCTFEX_IFSC,3000.00000,20260513F056903001,
20260518,XOF8007,F,TFEX,SVF,Jun 26 ,,,,20260513,S,1,89.04,,38190.00,0.00,,76.31,THB,,SMCTFEX_IFSC,3000.00000,20260513F056904001,
20260518,XOF8007,F,TFEX,SVF,Sep 26 ,,,,20260518,S,1,78.60,,2670.00,0.00,,77.71,THB,,SMCTFEX_IFSC,3000.00000,20260518F057678001,
20260518,XOF8007,F,TFEX,SVF,Sep 26 ,,,,20260515,S,1,80.27,,7680.00,0.00,,77.71,THB,,SMCTFEX_IFSC,3000.00000,20260515F059709001,
20260518,XOF8007,F,TFEX,SVF,Sep 26 ,,,,20260515,S,1,80.53,,8460.00,0.00,,77.71,THB,,SMCTFEX_IFSC,3000.00000,20260515F059708001,
20260518,XOF8007,F,TFEX,SVF,Sep 26 ,,,,20260515,S,1,83.09,,16140.00,0.00,,77.71,THB,,SMCTFEX_IFSC,3000.00000,20260515F059707001,
20260518,XOF8007,F,TFEX,SVF,Sep 26 ,,,,20260514,S,1,87.05,,28020.00,0.00,,77.71,THB,,SMCTFEX_IFSC,3000.00000,20260514F062790001,
20260518,XOF8007,F,TFEX,SVF,Sep 26 ,,,,20260514,S,1,88.21,,31500.00,0.00,,77.71,THB,,SMCTFEX_IFSC,3000.00000,20260514F062788001,
20260518,XOF8007,F,TFEX,SVF,Sep 26 ,,,,20260514,S,1,88.22,,31530.00,0.00,,77.71,THB,,SMCTFEX_IFSC,3000.00000,20260514F062789001,
20260518,XOF8007,F,TFEX,SVF,Sep 26 ,,,,20260514,S,1,88.40,,32070.00,0.00,,77.71,THB,,SMCTFEX_IFSC,3000.00000,20260514F062787001,
20260518,XOF8007,F,TFEX,SVF,Sep 26 ,,,,20260514,S,1,88.44,,32190.00,0.00,,77.71,THB,,SMCTFEX_IFSC,3000.00000,20260514F062784001,
20260518,XOF8007,F,TFEX,SVF,Sep 26 ,,,,20260514,S,1,88.48,,32310.00,0.00,,77.71,THB,,SMCTFEX_IFSC,3000.00000,20260514F062786001,
20260518,XOF8007,F,TFEX,SVF,Sep 26 ,,,,20260514,S,1,88.50,,32370.00,0.00,,77.71,THB,,SMCTFEX_IFSC,3000.00000,20260514F062783001,
20260518,XOF8007,F,TFEX,SVF,Sep 26 ,,,,20260514,S,1,88.72,,33030.00,0.00,,77.71,THB,,SMCTFEX_IFSC,3000.00000,20260514F062785001,
20260518,XOF8007,F,TFEX,SVF,Sep 26 ,,,,20260514,S,1,88.77,,33180.00,0.00,,77.71,THB,,SMCTFEX_IFSC,3000.00000,20260514F062781001,
20260518,XOF8007,F,TFEX,SVF,Sep 26 ,,,,20260514,S,1,88.78,,33210.00,0.00,,77.71,THB,,SMCTFEX_IFSC,3000.00000,20260514F062782001,
20260518,XOF8007,F,TFEX,SVF,Sep 26 ,,,,20260514,S,1,89.05,,34020.00,0.00,,77.71,THB,,SMCTFEX_IFSC,3000.00000,20260514F062757001,
20260518,XOF8007,F,TFEX,SVF,Sep 26 ,,,,20260514,S,1,89.05,,34020.00,0.00,,77.71,THB,,SMCTFEX_IFSC,3000.00000,20260514F062758001,
20260518,XOF8007,F,TFEX,SVF,Sep 26 ,,,,20260514,S,1,89.05,,34020.00,0.00,,77.71,THB,,SMCTFEX_IFSC,3000.00000,20260514F062759001,
20260518,XOF8007,F,TFEX,SVF,Sep 26 ,,,,20260514,S,1,89.05,,34020.00,0.00,,77.71,THB,,SMCTFEX_IFSC,3000.00000,20260514F062760001,
20260518,XOF8007,F,TFEX,SVF,Sep 26 ,,,,20260514,S,1,89.05,,34020.00,0.00,,77.71,THB,,SMCTFEX_IFSC,3000.00000,20260514F062761001,
20260518,XOF8007,F,TFEX,SVF,Sep 26 ,,,,20260514,S,1,89.05,,34020.00,0.00,,77.71,THB,,SMCTFEX_IFSC,3000.00000,20260514F062762001,
20260518,XOF8007,F,TFEX,SVF,Sep 26 ,,,,20260514,S,1,89.11,,34200.00,0.00,,77.71,THB,,SMCTFEX_IFSC,3000.00000,20260514F062763001,
20260518,XOF8007,F,TFEX,SVF,Sep 26 ,,,,20260514,S,1,89.13,,34260.00,0.00,,77.71,THB,,SMCTFEX_IFSC,3000.00000,20260514F062768001,
20260518,XOF8007,F,TFEX,SVF,Sep 26 ,,,,20260514,S,1,89.20,,34470.00,0.00,,77.71,THB,,SMCTFEX_IFSC,3000.00000,20260514F062766001,
20260518,XOF8007,F,TFEX,SVF,Sep 26 ,,,,20260514,S,1,89.20,,34470.00,0.00,,77.71,THB,,SMCTFEX_IFSC,3000.00000,20260514F062780001,
20260518,XOF8007,F,TFEX,SVF,Sep 26 ,,,,20260514,S,1,89.23,,34560.00,0.00,,77.71,THB,,SMCTFEX_IFSC,3000.00000,20260514F062764001,
20260518,XOF8007,F,TFEX,SVF,Sep 26 ,,,,20260514,S,1,89.24,,34590.00,0.00,,77.71,THB,,SMCTFEX_IFSC,3000.00000,20260514F062765001,
20260518,XOF8007,F,TFEX,SVF,Sep 26 ,,,,20260514,S,1,89.32,,34830.00,0.00,,77.71,THB,,SMCTFEX_IFSC,3000.00000,20260514F062779001,
20260518,XOF8008,F,COMEX,GD,Jun 26 ,,,,20260518,S,1,4565.00,,700.00,0.00,,4558,USD,,SMCTFEX_IFSC,100.00000,20260518F057707001,
20260518,XOF8008,F,COMEX,GD,Jun 26 ,,,,20260518,S,1,4567.00,,900.00,0.00,,4558,USD,,SMCTFEX_IFSC,100.00000,20260518F057708001,
20260518,XOF8008,F,COMEX,MGC,Jun 26 ,,,,20260518,S,1,4555.60,,-24.00,0.00,,4558,USD,,SMCTFEX_IFSC,10.00000,20260518F057839001,
20260518,XOF8008,F,COMEX,MGC,Jun 26 ,,,,20260518,S,1,4555.70,,-23.00,0.00,,4558,USD,,SMCTFEX_IFSC,10.00000,20260518F057838001,
20260518,XOF8008,F,COMEX,MGC,Jun 26 ,,,,20260518,S,2,4557.80,,-4.00,0.00,,4558,USD,,SMCTFEX_IFSC,10.00000,20260518F057840001,
20260518,XOF8008,F,COMEX,MGC,Jun 26 ,,,,20260518,S,1,4558.40,,4.00,0.00,,4558,USD,,SMCTFEX_IFSC,10.00000,20260518F057834001,
20260518,XOF8008,F,COMEX,MGC,Jun 26 ,,,,20260518,S,1,4558.50,,5.00,0.00,,4558,USD,,SMCTFEX_IFSC,10.00000,20260518F057833001,
20260518,XOF8008,F,COMEX,MGC,Jun 26 ,,,,20260518,S,2,4558.80,,16.00,0.00,,4558,USD,,SMCTFEX_IFSC,10.00000,20260518F057835001,
20260518,XOF8008,F,COMEX,MGC,Jun 26 ,,,,20260518,S,1,4559.10,,11.00,0.00,,4558,USD,,SMCTFEX_IFSC,10.00000,20260518F057830001,
20260518,XOF8008,F,COMEX,MGC,Jun 26 ,,,,20260518,S,1,4559.90,,19.00,0.00,,4558,USD,,SMCTFEX_IFSC,10.00000,20260518F057836001,
20260518,XOF8008,F,COMEX,MGC,Jun 26 ,,,,20260518,S,1,4559.90,,19.00,0.00,,4558,USD,,SMCTFEX_IFSC,10.00000,20260518F057837001,
20260518,XOF8008,F,COMEX,MGC,Jun 26 ,,,,20260518,S,2,4560.60,,52.00,0.00,,4558,USD,,SMCTFEX_IFSC,10.00000,20260518F057843001,
20260518,XOF8008,F,COMEX,MGC,Jun 26 ,,,,20260518,S,2,4561.00,,60.00,0.00,,4558,USD,,SMCTFEX_IFSC,10.00000,20260518F057842001,
20260518,XOF8008,F,COMEX,MGC,Jun 26 ,,,,20260518,S,2,4561.10,,62.00,0.00,,4558,USD,,SMCTFEX_IFSC,10.00000,20260518F057841001,
20260518,XOF8008,F,COMEX,MGC,Aug 26 ,,,,20260518,B,2,4590.50,,26.00,0.00,,4591.8,USD,,SMCTFEX_IFSC,10.00000,20260518F057831001,
20260518,XOF8008,F,COMEX,SIL,Jul 26 ,,,,20260518,B,1,75.505,,1939.00,0.00,,77.444,USD,,SMCTFEX_IFSC,1000.00000,20260518F057844001,
20260518,XOF8008,F,COMEX,SIL,Jul 26 ,,,,20260515,B,1,76.310,,1134.00,0.00,,77.444,USD,,SMCTFEX_IFSC,1000.00000,20260515F059843001,
20260518,XOF8008,F,COMEX,SIL,Jul 26 ,,,,20260518,B,1,76.385,,1059.00,0.00,,77.444,USD,,SMCTFEX_IFSC,1000.00000,20260518F057845001,
20260518,XOF8008,F,COMEX,SIL,Jul 26 ,,,,20260515,B,1,76.735,,709.00,0.00,,77.444,USD,,SMCTFEX_IFSC,1000.00000,20260515F059847001,
20260518,XOF8008,F,COMEX,SIL,Jul 26 ,,,,20260515,B,1,76.735,,709.00,0.00,,77.444,USD,,SMCTFEX_IFSC,1000.00000,20260515F059848001,
20260518,XOF8008,F,COMEX,SIL,Jul 26 ,,,,20260518,B,1,76.765,,679.00,0.00,,77.444,USD,,SMCTFEX_IFSC,1000.00000,20260518F057847001,
20260518,XOF8008,F,COMEX,SIL,Jul 26 ,,,,20260518,B,1,76.840,,604.00,0.00,,77.444,USD,,SMCTFEX_IFSC,1000.00000,20260518F057846001,
20260518,XOF8008,F,COMEX,SIL,Jul 26 ,,,,20260518,B,1,76.940,,504.00,0.00,,77.444,USD,,SMCTFEX_IFSC,1000.00000,20260518F057849001,
20260518,XOF8008,F,COMEX,SIL,Jul 26 ,,,,20260515,B,1,77.405,,39.00,0.00,,77.444,USD,,SMCTFEX_IFSC,1000.00000,20260515F059846001,
20260518,XOF8008,F,COMEX,SIL,Jul 26 ,,,,20260518,B,1,77.505,,-61.00,0.00,,77.444,USD,,SMCTFEX_IFSC,1000.00000,20260518F057850001,
20260518,XOF8008,F,COMEX,SIL,Jul 26 ,,,,20260518,B,1,77.935,,-491.00,0.00,,77.444,USD,,SMCTFEX_IFSC,1000.00000,20260518F057848001,
20260518,XOF8008,F,TFEX,GO,Jun 26 ,,,,20260518,B,1,4586.10,,-3870.00,0.00,,4573.2,THB,,SMCTFEX_IFSC,300.00000,20260518F058138001,
20260518,XOF8008,F,TFEX,GO,Jun 26 ,,,,20260518,B,1,4586.10,,-3870.00,0.00,,4573.2,THB,,SMCTFEX_IFSC,300.00000,20260518F058139001,
20260518,XOF8008,F,TFEX,GO,Jun 26 ,,,,20260518,B,2,4586.50,,-7980.00,0.00,,4573.2,THB,,SMCTFEX_IFSC,300.00000,20260518F058137001,
20260518,XOF8008,F,TFEX,GO,Jun 26 ,,,,20260518,B,1,4586.60,,-4020.00,0.00,,4573.2,THB,,SMCTFEX_IFSC,300.00000,20260518F058136001,
20260518,XOF8008,F,TFEX,GO,Jun 26 ,,,,20260518,B,1,4589.60,,-4920.00,0.00,,4573.2,THB,,SMCTFEX_IFSC,300.00000,20260518F058142001,
20260518,XOF8008,F,TFEX,GO,Jun 26 ,,,,20260518,B,2,4589.80,,-9960.00,0.00,,4573.2,THB,,SMCTFEX_IFSC,300.00000,20260518F058143001,
20260518,XOF8008,F,TFEX,GO,Jun 26 ,,,,20260518,B,1,4589.90,,-5010.00,0.00,,4573.2,THB,,SMCTFEX_IFSC,300.00000,20260518F058144001,
20260518,XOF8008,F,TFEX,GO,Jun 26 ,,,,20260518,B,1,4589.90,,-5010.00,0.00,,4573.2,THB,,SMCTFEX_IFSC,300.00000,20260518F058145001,
20260518,XOF8008,F,TFEX,GO,Jun 26 ,,,,20260518,B,2,4589.90,,-10020.00,0.00,,4573.2,THB,,SMCTFEX_IFSC,300.00000,20260518F058146001,
20260518,XOF8008,F,TFEX,GO,Jun 26 ,,,,20260518,B,2,4589.90,,-10020.00,0.00,,4573.2,THB,,SMCTFEX_IFSC,300.00000,20260518F058147001,
20260518,XOF8008,F,TFEX,GO,Jun 26 ,,,,20260518,B,2,4589.90,,-10020.00,0.00,,4573.2,THB,,SMCTFEX_IFSC,300.00000,20260518F058148001,
20260518,XOF8008,F,TFEX,GO,Jun 26 ,,,,20260518,B,2,4590.30,,-10260.00,0.00,,4573.2,THB,,SMCTFEX_IFSC,300.00000,20260518F058140001,
20260518,XOF8008,F,TFEX,GO,Jun 26 ,,,,20260518,B,9,4590.30,,-46170.00,0.00,,4573.2,THB,,SMCTFEX_IFSC,300.00000,20260518F058141001,
20260518,XOF8008,F,TFEX,GO,Jun 26 ,,,,20260518,B,11,4590.80,,-58080.00,0.00,,4573.2,THB,,SMCTFEX_IFSC,300.00000,20260518F058149001,
20260518,XOF8008,F,TFEX,GO,Sep 26 ,,,,20260518,S,1,4652.00,,4050.00,0.00,,4638.5,THB,,SMCTFEX_IFSC,300.00000,20260518F058120001,
20260518,XOF8008,F,TFEX,GO,Sep 26 ,,,,20260518,S,1,4652.00,,4050.00,0.00,,4638.5,THB,,SMCTFEX_IFSC,300.00000,20260518F058121001,
20260518,XOF8008,F,TFEX,SVF,Jun 26 ,,,,20260518,S,1,75.85,,-1380.00,0.00,,76.31,THB,,SMCTFEX_IFSC,3000.00000,20260518F058156001,
20260518,XOF8008,F,TFEX,SVF,Jun 26 ,,,,20260518,S,1,75.85,,-1380.00,0.00,,76.31,THB,,SMCTFEX_IFSC,3000.00000,20260518F058157001,
20260518,XOF8008,F,TFEX,SVF,Jun 26 ,,,,20260518,S,1,75.85,,-1380.00,0.00,,76.31,THB,,SMCTFEX_IFSC,3000.00000,20260518F058158001,
20260518,XOF8008,F,TFEX,SVF,Jun 26 ,,,,20260518,S,1,75.85,,-1380.00,0.00,,76.31,THB,,SMCTFEX_IFSC,3000.00000,20260518F058159001,
20260518,XOF8008,F,TFEX,SVF,Jun 26 ,,,,20260518,S,1,75.85,,-1380.00,0.00,,76.31,THB,,SMCTFEX_IFSC,3000.00000,20260518F058160001,
20260518,XOF8008,F,TFEX,SVF,Jun 26 ,,,,20260518,S,2,75.85,,-2760.00,0.00,,76.31,THB,,SMCTFEX_IFSC,3000.00000,20260518F058161001,
20260518,XOF8008,F,TFEX,SVF,Jun 26 ,,,,20260518,S,2,75.85,,-2760.00,0.00,,76.31,THB,,SMCTFEX_IFSC,3000.00000,20260518F058162001,
20260518,XOF8008,F,TFEX,SVF,Jun 26 ,,,,20260518,S,1,75.85,,-1380.00,0.00,,76.31,THB,,SMCTFEX_IFSC,3000.00000,20260518F058163001,
20260518,XOF8008,F,TFEX,SVF,Jun 26 ,,,,20260518,S,1,75.85,,-1380.00,0.00,,76.31,THB,,SMCTFEX_IFSC,3000.00000,20260518F058164001,
20260518,XOF8008,F,TFEX,SVF,Jun 26 ,,,,20260518,S,1,76.63,,960.00,0.00,,76.31,THB,,SMCTFEX_IFSC,3000.00000,20260518F058165001,
20260518,XOF8008,F,TFEX,SVF,Jun 26 ,,,,20260518,S,1,76.65,,1020.00,0.00,,76.31,THB,,SMCTFEX_IFSC,3000.00000,20260518F058166001,
20260518,XOF8008,F,TFEX,SVF,Jun 26 ,,,,20260518,S,1,76.66,,1050.00,0.00,,76.31,THB,,SMCTFEX_IFSC,3000.00000,20260518F058167001,
20260518,XOF8008,F,TFEX,SVF,Jun 26 ,,,,20260518,S,5,76.69,,5700.00,0.00,,76.31,THB,,SMCTFEX_IFSC,3000.00000,20260518F058168001,
20260518,XOF8008,F,TFEX,SVF,Jun 26 ,,,,20260518,S,1,76.69,,1140.00,0.00,,76.31,THB,,SMCTFEX_IFSC,3000.00000,20260518F058169001,
20260518,XOF8008,F,TFEX,SVF,Jun 26 ,,,,20260518,S,1,76.69,,1140.00,0.00,,76.31,THB,,SMCTFEX_IFSC,3000.00000,20260518F058170001,
20260518,XOF8008,F,TFEX,SVF,Jun 26 ,,,,20260518,S,1,76.69,,1140.00,0.00,,76.31,THB,,SMCTFEX_IFSC,3000.00000,20260518F058171001,
20260518,XOF8008,F,TFEX,SVF,Jun 26 ,,,,20260515,S,1,76.76,,1350.00,0.00,,76.31,THB,,SMCTFEX_IFSC,3000.00000,20260515F060074001,
20260518,XOF8008,F,TFEX,SVF,Jun 26 ,,,,20260515,S,1,76.76,,1350.00,0.00,,76.31,THB,,SMCTFEX_IFSC,3000.00000,20260515F060075001,
20260518,XOF8008,F,TFEX,SVF,Jun 26 ,,,,20260515,S,1,76.97,,1980.00,0.00,,76.31,THB,,SMCTFEX_IFSC,3000.00000,20260515F060088001,
20260518,XOF8008,F,TFEX,SVF,Jun 26 ,,,,20260515,S,1,76.97,,1980.00,0.00,,76.31,THB,,SMCTFEX_IFSC,3000.00000,20260515F060089001,
20260518,XOF8008,F,TFEX,SVF,Jun 26 ,,,,20260515,S,5,76.97,,9900.00,0.00,,76.31,THB,,SMCTFEX_IFSC,3000.00000,20260515F060090001,
20260518,XOF8008,F,TFEX,SVF,Jun 26 ,,,,20260515,S,1,76.99,,2040.00,0.00,,76.31,THB,,SMCTFEX_IFSC,3000.00000,20260515F060087001,
20260518,XOF8008,F,TFEX,SVF,Jun 26 ,,,,20260515,S,5,77.00,,10350.00,0.00,,76.31,THB,,SMCTFEX_IFSC,3000.00000,20260515F060061001,
20260518,XOF8008,F,TFEX,SVF,Jun 26 ,,,,20260515,S,1,77.00,,2070.00,0.00,,76.31,THB,,SMCTFEX_IFSC,3000.00000,20260515F060083001,
20260518,XOF8008,F,TFEX,SVF,Jun 26 ,,,,20260515,S,1,77.00,,2070.00,0.00,,76.31,THB,,SMCTFEX_IFSC,3000.00000,20260515F060084001,
20260518,XOF8008,F,TFEX,SVF,Jun 26 ,,,,20260515,S,1,77.00,,2070.00,0.00,,76.31,THB,,SMCTFEX_IFSC,3000.00000,20260515F060085001,
20260518,XOF8008,F,TFEX,SVF,Jun 26 ,,,,20260515,S,1,77.02,,2130.00,0.00,,76.31,THB,,SMCTFEX_IFSC,3000.00000,20260515F060080001,
20260518,XOF8008,F,TFEX,SVF,Jun 26 ,,,,20260515,S,6,77.02,,12780.00,0.00,,76.31,THB,,SMCTFEX_IFSC,3000.00000,20260515F060081001,
20260518,XOF8008,F,TFEX,SVF,Jun 26 ,,,,20260515,S,2,77.02,,4260.00,0.00,,76.31,THB,,SMCTFEX_IFSC,3000.00000,20260515F060082001,
20260518,XOF8008,F,TFEX,SVF,Jun 26 ,,,,20260515,S,2,77.02,,4260.00,0.00,,76.31,THB,,SMCTFEX_IFSC,3000.00000,20260515F060086001,
20260518,XOF8008,F,TFEX,SVF,Jun 26 ,,,,20260518,S,1,77.12,,2430.00,0.00,,76.31,THB,,SMCTFEX_IFSC,3000.00000,20260518F058176001,
20260518,XOF8008,F,TFEX,SVF,Jun 26 ,,,,20260518,S,2,77.12,,4860.00,0.00,,76.31,THB,,SMCTFEX_IFSC,3000.00000,20260518F058177001,
20260518,XOF8008,F,TFEX,SVF,Jun 26 ,,,,20260518,S,1,77.12,,2430.00,0.00,,76.31,THB,,SMCTFEX_IFSC,3000.00000,20260518F058178001,
20260518,XOF8008,F,TFEX,SVF,Jun 26 ,,,,20260518,S,3,77.12,,7290.00,0.00,,76.31,THB,,SMCTFEX_IFSC,3000.00000,20260518F058179001,
20260518,XOF8008,F,TFEX,SVF,Jun 26 ,,,,20260518,S,1,77.12,,2430.00,0.00,,76.31,THB,,SMCTFEX_IFSC,3000.00000,20260518F058180001,
20260518,XOF8008,F,TFEX,SVF,Jun 26 ,,,,20260518,S,2,77.12,,4860.00,0.00,,76.31,THB,,SMCTFEX_IFSC,3000.00000,20260518F058181001,
20260518,XOF8008,F,TFEX,SVF,Jun 26 ,,,,20260518,S,1,77.12,,2430.00,0.00,,76.31,THB,,SMCTFEX_IFSC,3000.00000,20260518F058182001,
20260518,XOF8008,F,TFEX,SVF,Jun 26 ,,,,20260518,S,1,77.14,,2490.00,0.00,,76.31,THB,,SMCTFEX_IFSC,3000.00000,20260518F058172001,
20260518,XOF8008,F,TFEX,SVF,Jun 26 ,,,,20260518,S,1,77.14,,2490.00,0.00,,76.31,THB,,SMCTFEX_IFSC,3000.00000,20260518F058173001,
20260518,XOF8008,F,TFEX,SVF,Jun 26 ,,,,20260518,S,1,77.14,,2490.00,0.00,,76.31,THB,,SMCTFEX_IFSC,3000.00000,20260518F058174001,
20260518,XOF8008,F,TFEX,SVF,Jun 26 ,,,,20260518,S,1,77.14,,2490.00,0.00,,76.31,THB,,SMCTFEX_IFSC,3000.00000,20260518F058175001,
20260518,XOF8008,F,TFEX,SVF,Jun 26 ,,,,20260518,S,3,77.14,,7470.00,0.00,,76.31,THB,,SMCTFEX_IFSC,3000.00000,20260518F058183001,
20260518,XOF8008,F,TFEX,SVF,Jun 26 ,,,,20260518,S,2,77.15,,5040.00,0.00,,76.31,THB,,SMCTFEX_IFSC,3000.00000,20260518F058195001,
20260518,XOF8008,F,TFEX,SVF,Jun 26 ,,,,20260518,S,11,77.18,,28710.00,0.00,,76.31,THB,,SMCTFEX_IFSC,3000.00000,20260518F058194001,
20260518,XOF8008,F,TFEX,SVF,Jun 26 ,,,,20260518,S,1,77.22,,2730.00,0.00,,76.31,THB,,SMCTFEX_IFSC,3000.00000,20260518F058184001,
20260518,XOF8008,F,TFEX,SVF,Jun 26 ,,,,20260518,S,1,77.22,,2730.00,0.00,,76.31,THB,,SMCTFEX_IFSC,3000.00000,20260518F058185001,
20260518,XOF8008,F,TFEX,SVF,Jun 26 ,,,,20260518,S,7,77.41,,23100.00,0.00,,76.31,THB,,SMCTFEX_IFSC,3000.00000,20260518F058200001,
20260518,XOF8008,F,TFEX,SVF,Jun 26 ,,,,20260518,S,2,77.41,,6600.00,0.00,,76.31,THB,,SMCTFEX_IFSC,3000.00000,20260518F058201001,
20260518,XOF8008,F,TFEX,SVF,Jun 26 ,,,,20260518,S,1,77.41,,3300.00,0.00,,76.31,THB,,SMCTFEX_IFSC,3000.00000,20260518F058202001,
20260518,XOF8008,F,TFEX,SVF,Jun 26 ,,,,20260518,S,1,77.67,,4080.00,0.00,,76.31,THB,,SMCTFEX_IFSC,3000.00000,20260518F058196001,
20260518,XOF8008,F,TFEX,SVF,Jun 26 ,,,,20260518,S,1,77.69,,4140.00,0.00,,76.31,THB,,SMCTFEX_IFSC,3000.00000,20260518F058199001,
20260518,XOF8008,F,TFEX,SVF,Jun 26 ,,,,20260515,S,1,77.70,,4170.00,0.00,,76.31,THB,,SMCTFEX_IFSC,3000.00000,20260515F060076001,
20260518,XOF8008,F,TFEX,SVF,Jun 26 ,,,,20260515,S,2,77.70,,8340.00,0.00,,76.31,THB,,SMCTFEX_IFSC,3000.00000,20260515F060077001,
20260518,XOF8008,F,TFEX,SVF,Jun 26 ,,,,20260515,S,6,77.70,,25020.00,0.00,,76.31,THB,,SMCTFEX_IFSC,3000.00000,20260515F060078001,
20260518,XOF8008,F,TFEX,SVF,Jun 26 ,,,,20260515,S,2,77.70,,8340.00,0.00,,76.31,THB,,SMCTFEX_IFSC,3000.00000,20260515F060079001,
20260518,XOF8008,F,TFEX,SVF,Jun 26 ,,,,20260518,S,3,77.92,,14490.00,0.00,,76.31,THB,,SMCTFEX_IFSC,3000.00000,20260518F058186001,
20260518,XOF8008,F,TFEX,SVF,Jun 26 ,,,,20260518,S,2,77.92,,9660.00,0.00,,76.31,THB,,SMCTFEX_IFSC,3000.00000,20260518F058187001,
20260518,XOF8008,F,TFEX,SVF,Jun 26 ,,,,20260518,S,2,77.92,,9660.00,0.00,,76.31,THB,,SMCTFEX_IFSC,3000.00000,20260518F058188001,
20260518,XOF8008,F,TFEX,SVF,Jun 26 ,,,,20260518,S,1,77.92,,4830.00,0.00,,76.31,THB,,SMCTFEX_IFSC,3000.00000,20260518F058189001,
20260518,XOF8008,F,TFEX,SVF,Jun 26 ,,,,20260518,S,1,77.92,,4830.00,0.00,,76.31,THB,,SMCTFEX_IFSC,3000.00000,20260518F058190001,
20260518,XOF8008,F,TFEX,SVF,Jun 26 ,,,,20260518,S,1,77.92,,4830.00,0.00,,76.31,THB,,SMCTFEX_IFSC,3000.00000,20260518F058191001,
20260518,XOF8008,F,TFEX,SVF,Jun 26 ,,,,20260518,S,1,77.92,,4830.00,0.00,,76.31,THB,,SMCTFEX_IFSC,3000.00000,20260518F058192001,
20260518,XOF8008,F,TFEX,SVF,Jun 26 ,,,,20260518,S,1,78.49,,6540.00,0.00,,76.31,THB,,SMCTFEX_IFSC,3000.00000,20260518F058193001,
20260518,XOF8012,F,DGCX,DINR,May 26 ,,,,20260518,B,1,103.7400,,16.00,0.00,,103.82,USD,,DGCX-DMA,200.00000,20260518F066494001,
20260518,XOF8012,F,DGCX,DINR,May 26 ,,,,20260518,B,2,103.7400,,32.00,0.00,,103.82,USD,,DGCX-DMA,200.00000,20260518F066497001,
20260518,XOF8012,F,DGCX,DINR,May 26 ,,,,20260518,B,16,103.7500,,224.00,0.00,,103.82,USD,,DGCX-DMA,200.00000,20260518F066490001,
20260518,XOF8012,F,DGCX,DINR,May 26 ,,,,20260518,B,20,103.7500,,280.00,0.00,,103.82,USD,,DGCX-DMA,200.00000,20260518F066492001,
20260518,XOF8012,F,DGCX,DINR,May 26 ,,,,20260518,B,5,103.7500,,70.00,0.00,,103.82,USD,,DGCX-DMA,200.00000,20260518F066498001,
20260518,XOF8012,F,DGCX,DINR,May 26 ,,,,20260518,B,1,103.7600,,12.00,0.00,,103.82,USD,,DGCX-DMA,200.00000,20260518F066486001,
20260518,XOF8012,F,DGCX,DINR,May 26 ,,,,20260518,B,1,103.7600,,12.00,0.00,,103.82,USD,,DGCX-DMA,200.00000,20260518F066487001,
20260518,XOF8012,F,DGCX,DINR,May 26 ,,,,20260518,B,1,103.7600,,12.00,0.00,,103.82,USD,,DGCX-DMA,200.00000,20260518F066488001,
20260518,XOF8012,F,DGCX,DINR,May 26 ,,,,20260518,B,2,103.7600,,24.00,0.00,,103.82,USD,,DGCX-DMA,200.00000,20260518F066489001,
20260518,XOF8012,F,DGCX,DINR,May 26 ,,,,20260518,B,2,103.7800,,16.00,0.00,,103.82,USD,,DGCX-DMA,200.00000,20260518F066266001,
20260518,XOF8012,F,DGCX,DINR,May 26 ,,,,20260518,B,3,103.7800,,24.00,0.00,,103.82,USD,,DGCX-DMA,200.00000,20260518F066268001,
20260518,XOF8012,F,DGCX,DINR,May 26 ,,,,20260518,B,5,103.7800,,40.00,0.00,,103.82,USD,,DGCX-DMA,200.00000,20260518F066270001,
20260518,XOF8012,F,DGCX,DINR,May 26 ,,,,20260518,B,1,103.7900,,6.00,0.00,,103.82,USD,,DGCX-DMA,200.00000,20260518F066477001,
20260518,XOF8012,F,DGCX,DINR,May 26 ,,,,20260518,B,4,103.7900,,24.00,0.00,,103.82,USD,,DGCX-DMA,200.00000,20260518F066478001,
20260518,XOF8012,F,DGCX,DINR,May 26 ,,,,20260518,B,1,103.7900,,6.00,0.00,,103.82,USD,,DGCX-DMA,200.00000,20260518F066479001,
20260518,XOF8012,F,DGCX,DINR,May 26 ,,,,20260518,B,2,103.7900,,12.00,0.00,,103.82,USD,,DGCX-DMA,200.00000,20260518F066480001,
20260518,XOF8012,F,DGCX,DINR,May 26 ,,,,20260518,B,2,103.7900,,12.00,0.00,,103.82,USD,,DGCX-DMA,200.00000,20260518F066481001,
20260518,XOF8012,F,DGCX,DINR,May 26 ,,,,20260518,B,3,103.7900,,18.00,0.00,,103.82,USD,,DGCX-DMA,200.00000,20260518F066523001,
20260518,XOF8012,F,DGCX,DINR,May 26 ,,,,20260518,B,2,103.7900,,12.00,0.00,,103.82,USD,,DGCX-DMA,200.00000,20260518F066524001,
20260518,XOF8012,F,DGCX,DINR,May 26 ,,,,20260518,B,5,103.8000,,20.00,0.00,,103.82,USD,,DGCX-DMA,200.00000,20260518F066262001,
20260518,XOF8012,F,DGCX,DINR,May 26 ,,,,20260518,B,5,103.8000,,20.00,0.00,,103.82,USD,,DGCX-DMA,200.00000,20260518F066263001,
20260518,XOF8012,F,DGCX,DINR,May 26 ,,,,20260518,B,5,103.8000,,20.00,0.00,,103.82,USD,,DGCX-DMA,200.00000,20260518F066264001,
20260518,XOF8012,F,DGCX,DINR,May 26 ,,,,20260518,B,4,103.8000,,16.00,0.00,,103.82,USD,,DGCX-DMA,200.00000,20260518F066482001,
20260518,XOF8012,F,DGCX,DINR,May 26 ,,,,20260518,B,1,103.8000,,4.00,0.00,,103.82,USD,,DGCX-DMA,200.00000,20260518F066483001,
20260518,XOF8012,F,DGCX,DINR,May 26 ,,,,20260518,B,5,103.8000,,20.00,0.00,,103.82,USD,,DGCX-DMA,200.00000,20260518F066525001,
20260518,XOF8012,F,DGCX,DINR,May 26 ,,,,20260518,B,5,103.8100,,10.00,0.00,,103.82,USD,,DGCX-DMA,200.00000,20260518F066265001,
20260518,XOF8012,F,DGCX,DINR,May 26 ,,,,20260518,B,1,103.8100,,2.00,0.00,,103.82,USD,,DGCX-DMA,200.00000,20260518F066319001,
20260518,XOF8012,F,DGCX,DINR,May 26 ,,,,20260518,B,4,103.8100,,8.00,0.00,,103.82,USD,,DGCX-DMA,200.00000,20260518F066320001,
20260518,XOF8012,F,DGCX,DINR,May 26 ,,,,20260518,B,5,103.8200,,0.00,0.00,,103.82,USD,,DGCX-DMA,200.00000,20260518F066321001,
20260518,XOF8012,F,DGCX,DINR,May 26 ,,,,20260518,B,5,103.8200,,0.00,0.00,,103.82,USD,,DGCX-DMA,200.00000,20260518F066531001,
20260518,XOF8012,F,DGCX,DINR,May 26 ,,,,20260518,B,2,103.8300,,-4.00,0.00,,103.82,USD,,DGCX-DMA,200.00000,20260518F066279001,
20260518,XOF8012,F,DGCX,DINR,May 26 ,,,,20260518,B,3,103.8300,,-6.00,0.00,,103.82,USD,,DGCX-DMA,200.00000,20260518F066280001,
20260518,XOF8012,F,DGCX,DINR,May 26 ,,,,20260518,B,2,103.8300,,-4.00,0.00,,103.82,USD,,DGCX-DMA,200.00000,20260518F066281001,
20260518,XOF8012,F,DGCX,DINR,May 26 ,,,,20260518,B,2,103.8300,,-4.00,0.00,,103.82,USD,,DGCX-DMA,200.00000,20260518F066282001,
20260518,XOF8012,F,DGCX,DINR,May 26 ,,,,20260518,B,1,103.8300,,-2.00,0.00,,103.82,USD,,DGCX-DMA,200.00000,20260518F066283001,
20260518,XOF8012,F,DGCX,DINR,May 26 ,,,,20260518,B,4,103.8300,,-8.00,0.00,,103.82,USD,,DGCX-DMA,200.00000,20260518F066285001,
20260518,XOF8012,F,DGCX,DINR,May 26 ,,,,20260518,B,1,103.8300,,-2.00,0.00,,103.82,USD,,DGCX-DMA,200.00000,20260518F066287001,
20260518,XOF8012,F,DGCX,DINR,May 26 ,,,,20260518,B,5,103.8300,,-10.00,0.00,,103.82,USD,,DGCX-DMA,200.00000,20260518F066294001,
20260518,XOF8012,F,DGCX,DINR,May 26 ,,,,20260518,B,5,103.8300,,-10.00,0.00,,103.82,USD,,DGCX-DMA,200.00000,20260518F066295001,
20260518,XOF8012,F,DGCX,DINR,May 26 ,,,,20260518,B,2,103.8300,,-4.00,0.00,,103.82,USD,,DGCX-DMA,200.00000,20260518F066296001,
20260518,XOF8012,F,DGCX,DINR,May 26 ,,,,20260518,B,5,103.8300,,-10.00,0.00,,103.82,USD,,DGCX-DMA,200.00000,20260518F066298001,
20260518,XOF8012,F,DGCX,DINR,May 26 ,,,,20260518,B,1,103.8300,,-2.00,0.00,,103.82,USD,,DGCX-DMA,200.00000,20260518F066305001,
20260518,XOF8012,F,DGCX,DINR,May 26 ,,,,20260518,B,1,103.8300,,-2.00,0.00,,103.82,USD,,DGCX-DMA,200.00000,20260518F066306001,
20260518,XOF8012,F,DGCX,DINR,May 26 ,,,,20260518,B,1,103.8300,,-2.00,0.00,,103.82,USD,,DGCX-DMA,200.00000,20260518F066312001,
20260518,XOF8012,F,DGCX,DINR,May 26 ,,,,20260518,B,1,103.8300,,-2.00,0.00,,103.82,USD,,DGCX-DMA,200.00000,20260518F066313001,
20260518,XOF8012,F,DGCX,DINR,May 26 ,,,,20260518,B,1,103.8300,,-2.00,0.00,,103.82,USD,,DGCX-DMA,200.00000,20260518F066316001,
20260518,XOF8012,F,DGCX,DINR,May 26 ,,,,20260518,B,1,103.8300,,-2.00,0.00,,103.82,USD,,DGCX-DMA,200.00000,20260518F066317001,
20260518,XOF8012,F,DGCX,DINR,May 26 ,,,,20260518,B,5,103.8300,,-10.00,0.00,,103.82,USD,,DGCX-DMA,200.00000,20260518F066455001,
20260518,XOF8012,F,DGCX,DINR,May 26 ,,,,20260518,B,5,103.8300,,-10.00,0.00,,103.82,USD,,DGCX-DMA,200.00000,20260518F066526001,
20260518,XOF8012,F,DGCX,DINR,May 26 ,,,,20260518,B,3,103.8400,,-12.00,0.00,,103.82,USD,,DGCX-DMA,200.00000,20260518F066297001,
20260518,XOF8012,F,DGCX,DINR,May 26 ,,,,20260518,B,5,103.8400,,-20.00,0.00,,103.82,USD,,DGCX-DMA,200.00000,20260518F066299001,
20260518,XOF8012,F,DGCX,DINR,May 26 ,,,,20260518,B,2,103.8400,,-8.00,0.00,,103.82,USD,,DGCX-DMA,200.00000,20260518F066307001,
20260518,XOF8012,F,DGCX,DINR,May 26 ,,,,20260518,B,1,103.8400,,-4.00,0.00,,103.82,USD,,DGCX-DMA,200.00000,20260518F066308001,
20260518,XOF8012,F,DGCX,DINR,May 26 ,,,,20260518,B,2,103.8400,,-8.00,0.00,,103.82,USD,,DGCX-DMA,200.00000,20260518F066309001,
20260518,XOF8012,F,DGCX,DINR,May 26 ,,,,20260518,B,2,103.8400,,-8.00,0.00,,103.82,USD,,DGCX-DMA,200.00000,20260518F066310001,
20260518,XOF8012,F,DGCX,DINR,May 26 ,,,,20260518,B,1,103.8400,,-4.00,0.00,,103.82,USD,,DGCX-DMA,200.00000,20260518F066311001,
20260518,XOF8012,F,DGCX,DINR,May 26 ,,,,20260518,B,1,103.8400,,-4.00,0.00,,103.82,USD,,DGCX-DMA,200.00000,20260518F066314001,
20260518,XOF8012,F,DGCX,DINR,May 26 ,,,,20260518,B,2,103.8400,,-8.00,0.00,,103.82,USD,,DGCX-DMA,200.00000,20260518F066315001,
20260518,XOF8012,F,DGCX,DINR,May 26 ,,,,20260518,B,3,103.8400,,-12.00,0.00,,103.82,USD,,DGCX-DMA,200.00000,20260518F066318001,
20260518,XOF8012,F,DGCX,DINR,May 26 ,,,,20260518,B,5,103.8500,,-30.00,0.00,,103.82,USD,,DGCX-DMA,200.00000,20260518F066291001,
20260518,XOF8012,F,DGCX,DINR,May 26 ,,,,20260518,B,5,103.8500,,-30.00,0.00,,103.82,USD,,DGCX-DMA,200.00000,20260518F066292001,
20260518,XOF8012,F,DGCX,DINR,May 26 ,,,,20260518,B,5,103.8500,,-30.00,0.00,,103.82,USD,,DGCX-DMA,200.00000,20260518F066301001,
20260518,XOF8012,F,DGCX,DINR,May 26 ,,,,20260518,B,2,103.8500,,-12.00,0.00,,103.82,USD,,DGCX-DMA,200.00000,20260518F066334001,
20260518,XOF8012,F,DGCX,DINR,May 26 ,,,,20260518,B,3,103.8500,,-18.00,0.00,,103.82,USD,,DGCX-DMA,200.00000,20260518F066335001,
20260518,XOF8012,F,DGCX,DINR,May 26 ,,,,20260518,B,5,103.8500,,-30.00,0.00,,103.82,USD,,DGCX-DMA,200.00000,20260518F066336001,
20260518,XOF8012,F,DGCX,DINR,May 26 ,,,,20260518,B,5,103.8500,,-30.00,0.00,,103.82,USD,,DGCX-DMA,200.00000,20260518F066337001,
20260518,XOF8012,F,DGCX,DINR,May 26 ,,,,20260518,B,2,103.8500,,-12.00,0.00,,103.82,USD,,DGCX-DMA,200.00000,20260518F066377001,
20260518,XOF8012,F,DGCX,DINR,May 26 ,,,,20260518,B,5,103.8600,,-40.00,0.00,,103.82,USD,,DGCX-DMA,200.00000,20260518F066293001,
20260518,XOF8012,F,DGCX,DINR,May 26 ,,,,20260518,B,5,103.8600,,-40.00,0.00,,103.82,USD,,DGCX-DMA,200.00000,20260518F066330001,
20260518,XOF8012,F,DGCX,DINR,May 26 ,,,,20260518,B,2,103.8600,,-16.00,0.00,,103.82,USD,,DGCX-DMA,200.00000,20260518F066331001,
20260518,XOF8012,F,DGCX,DINR,May 26 ,,,,20260518,B,3,103.8600,,-24.00,0.00,,103.82,USD,,DGCX-DMA,200.00000,20260518F066332001,
20260518,XOF8012,F,DGCX,DINR,May 26 ,,,,20260518,B,5,103.8600,,-40.00,0.00,,103.82,USD,,DGCX-DMA,200.00000,20260518F066333001,
20260518,XOF8012,F,DGCX,DINR,May 26 ,,,,20260518,B,5,103.8600,,-40.00,0.00,,103.82,USD,,DGCX-DMA,200.00000,20260518F066376001,
20260518,XOF8012,F,DGCX,DINR,May 26 ,,,,20260518,B,3,103.8600,,-24.00,0.00,,103.82,USD,,DGCX-DMA,200.00000,20260518F066378001,
20260518,XOF8012,F,DGCX,DINR,May 26 ,,,,20260518,B,3,103.8600,,-24.00,0.00,,103.82,USD,,DGCX-DMA,200.00000,20260518F066420001,
20260518,XOF8012,F,DGCX,DINR,May 26 ,,,,20260518,B,2,103.8600,,-16.00,0.00,,103.82,USD,,DGCX-DMA,200.00000,20260518F066421001,
20260518,XOF8012,F,DGCX,DINR,May 26 ,,,,20260518,B,5,103.8600,,-40.00,0.00,,103.82,USD,,DGCX-DMA,200.00000,20260518F066422001,
20260518,XOF8012,F,DGCX,DINR,May 26 ,,,,20260518,B,5,103.8600,,-40.00,0.00,,103.82,USD,,DGCX-DMA,200.00000,20260518F066574001,
20260518,XOF8012,F,DGCX,DINR,May 26 ,,,,20260518,B,5,103.8700,,-50.00,0.00,,103.82,USD,,DGCX-DMA,200.00000,20260518F066235001,
20260518,XOF8012,F,DGCX,DINR,May 26 ,,,,20260518,B,3,103.8700,,-30.00,0.00,,103.82,USD,,DGCX-DMA,200.00000,20260518F066236001,
20260518,XOF8012,F,DGCX,DINR,May 26 ,,,,20260518,B,1,103.8700,,-10.00,0.00,,103.82,USD,,DGCX-DMA,200.00000,20260518F066388001,
20260518,XOF8012,F,DGCX,DINR,May 26 ,,,,20260518,B,1,103.8700,,-10.00,0.00,,103.82,USD,,DGCX-DMA,200.00000,20260518F066389001,
20260518,XOF8012,F,DGCX,DINR,May 26 ,,,,20260518,B,3,103.8700,,-30.00,0.00,,103.82,USD,,DGCX-DMA,200.00000,20260518F066414001,
20260518,XOF8012,F,DGCX,DINR,May 26 ,,,,20260518,B,5,103.8700,,-50.00,0.00,,103.82,USD,,DGCX-DMA,200.00000,20260518F066537001,
20260518,XOF8012,F,DGCX,DINR,May 26 ,,,,20260518,B,1,103.8700,,-10.00,0.00,,103.82,USD,,DGCX-DMA,200.00000,20260518F066538001,
20260518,XOF8012,F,DGCX,DINR,May 26 ,,,,20260518,B,4,103.8700,,-40.00,0.00,,103.82,USD,,DGCX-DMA,200.00000,20260518F066539001,
20260518,XOF8012,F,DGCX,DINR,May 26 ,,,,20260518,B,5,103.8800,,-60.00,0.00,,103.82,USD,,DGCX-DMA,200.00000,20260518F066214001,
20260518,XOF8012,F,DGCX,DINR,May 26 ,,,,20260518,B,5,103.8800,,-60.00,0.00,,103.82,USD,,DGCX-DMA,200.00000,20260518F066229001,
20260518,XOF8012,F,DGCX,DINR,May 26 ,,,,20260518,B,4,103.8800,,-48.00,0.00,,103.82,USD,,DGCX-DMA,200.00000,20260518F066230001,
20260518,XOF8012,F,DGCX,DINR,May 26 ,,,,20260518,B,1,103.8800,,-12.00,0.00,,103.82,USD,,DGCX-DMA,200.00000,20260518F066231001,
20260518,XOF8012,F,DGCX,DINR,May 26 ,,,,20260518,B,5,103.8800,,-60.00,0.00,,103.82,USD,,DGCX-DMA,200.00000,20260518F066232001,
20260518,XOF8012,F,DGCX,DINR,May 26 ,,,,20260518,B,2,103.8800,,-24.00,0.00,,103.82,USD,,DGCX-DMA,200.00000,20260518F066233001,
20260518,XOF8012,F,DGCX,DINR,May 26 ,,,,20260518,B,3,103.8800,,-36.00,0.00,,103.82,USD,,DGCX-DMA,200.00000,20260518F066234001,
20260518,XOF8012,F,DGCX,DINR,May 26 ,,,,20260518,B,2,103.8800,,-24.00,0.00,,103.82,USD,,DGCX-DMA,200.00000,20260518F066237001,
20260518,XOF8012,F,DGCX,DINR,May 26 ,,,,20260518,B,3,103.8800,,-36.00,0.00,,103.82,USD,,DGCX-DMA,200.00000,20260518F066390001,
20260518,XOF8012,F,DGCX,DINR,May 26 ,,,,20260518,B,1,103.8800,,-12.00,0.00,,103.82,USD,,DGCX-DMA,200.00000,20260518F066391001,
20260518,XOF8012,F,DGCX,DINR,May 26 ,,,,20260518,B,1,103.8800,,-12.00,0.00,,103.82,USD,,DGCX-DMA,200.00000,20260518F066392001,
20260518,XOF8012,F,DGCX,DINR,May 26 ,,,,20260518,B,1,103.8800,,-12.00,0.00,,103.82,USD,,DGCX-DMA,200.00000,20260518F066393001,
20260518,XOF8012,F,DGCX,DINR,May 26 ,,,,20260518,B,1,103.8800,,-12.00,0.00,,103.82,USD,,DGCX-DMA,200.00000,20260518F066394001,
20260518,XOF8012,F,DGCX,DINR,May 26 ,,,,20260518,B,1,103.8800,,-12.00,0.00,,103.82,USD,,DGCX-DMA,200.00000,20260518F066395001,
20260518,XOF8012,F,DGCX,DINR,May 26 ,,,,20260518,B,1,103.8800,,-12.00,0.00,,103.82,USD,,DGCX-DMA,200.00000,20260518F066396001,
20260518,XOF8012,F,DGCX,DINR,May 26 ,,,,20260518,B,4,103.8800,,-48.00,0.00,,103.82,USD,,DGCX-DMA,200.00000,20260518F066397001,
20260518,XOF8012,F,DGCX,DINR,May 26 ,,,,20260518,B,5,103.8800,,-60.00,0.00,,103.82,USD,,DGCX-DMA,200.00000,20260518F066404001,
20260518,XOF8012,F,DGCX,DINR,May 26 ,,,,20260518,B,2,103.8800,,-24.00,0.00,,103.82,USD,,DGCX-DMA,200.00000,20260518F066416001,
20260518,XOF8012,F,DGCX,DINR,May 26 ,,,,20260518,B,1,103.8900,,-14.00,0.00,,103.82,USD,,DGCX-DMA,200.00000,20260518F066423001,
20260518,XOF8012,F,DGCX,DINR,May 26 ,,,,20260518,B,5,103.9000,,-80.00,0.00,,103.82,USD,,DGCX-DMA,200.00000,20260518F066215001,
20260518,XOF8012,F,DGCX,DINR,May 26 ,,,,20260518,B,1,103.9000,,-16.00,0.00,,103.82,USD,,DGCX-DMA,200.00000,20260518F066399001,
20260518,XOF8012,F,DGCX,DINR,May 26 ,,,,20260518,B,1,103.9000,,-16.00,0.00,,103.82,USD,,DGCX-DMA,200.00000,20260518F066405001,
20260518,XOF8012,F,DGCX,DINR,May 26 ,,,,20260518,B,1,103.9000,,-16.00,0.00,,103.82,USD,,DGCX-DMA,200.00000,20260518F066406001,
20260518,XOF8012,F,DGCX,DINR,May 26 ,,,,20260518,B,4,103.9000,,-64.00,0.00,,103.82,USD,,DGCX-DMA,200.00000,20260518F066424001,
20260518,XOF8012,F,DGCX,DINR,May 26 ,,,,20260518,B,1,103.9100,,-18.00,0.00,,103.82,USD,,DGCX-DMA,200.00000,20260518F066339001,
20260518,XOF8012,F,DGCX,DINR,May 26 ,,,,20260518,B,1,103.9100,,-18.00,0.00,,103.82,USD,,DGCX-DMA,200.00000,20260518F066340001,
20260518,XOF8012,F,DGCX,DINR,May 26 ,,,,20260518,B,1,103.9100,,-18.00,0.00,,103.82,USD,,DGCX-DMA,200.00000,20260518F066341001,
20260518,XOF8012,F,DGCX,DINR,May 26 ,,,,20260518,B,1,103.9100,,-18.00,0.00,,103.82,USD,,DGCX-DMA,200.00000,20260518F066342001,
20260518,XOF8012,F,DGCX,DINR,May 26 ,,,,20260518,B,1,103.9100,,-18.00,0.00,,103.82,USD,,DGCX-DMA,200.00000,20260518F066343001,
20260518,XOF8012,F,DGCX,DINR,May 26 ,,,,20260518,B,1,103.9100,,-18.00,0.00,,103.82,USD,,DGCX-DMA,200.00000,20260518F066344001,
20260518,XOF8012,F,DGCX,DINR,May 26 ,,,,20260518,B,1,103.9100,,-18.00,0.00,,103.82,USD,,DGCX-DMA,200.00000,20260518F066345001,
20260518,XOF8012,F,DGCX,DINR,May 26 ,,,,20260518,B,1,103.9100,,-18.00,0.00,,103.82,USD,,DGCX-DMA,200.00000,20260518F066346001,
20260518,XOF8012,F,DGCX,DINR,May 26 ,,,,20260518,B,2,103.9100,,-36.00,0.00,,103.82,USD,,DGCX-DMA,200.00000,20260518F066347001,
20260518,XOF8012,F,DGCX,DINR,May 26 ,,,,20260518,B,1,103.9100,,-18.00,0.00,,103.82,USD,,DGCX-DMA,200.00000,20260518F066348001,
20260518,XOF8012,F,DGCX,DINR,May 26 ,,,,20260518,B,1,103.9100,,-18.00,0.00,,103.82,USD,,DGCX-DMA,200.00000,20260518F066349001,
20260518,XOF8012,F,DGCX,DINR,May 26 ,,,,20260518,B,1,103.9100,,-18.00,0.00,,103.82,USD,,DGCX-DMA,200.00000,20260518F066352001,
20260518,XOF8012,F,DGCX,DINR,May 26 ,,,,20260518,B,1,103.9100,,-18.00,0.00,,103.82,USD,,DGCX-DMA,200.00000,20260518F066353001,
20260518,XOF8012,F,DGCX,DINR,May 26 ,,,,20260518,B,4,103.9100,,-72.00,0.00,,103.82,USD,,DGCX-DMA,200.00000,20260518F066400001,
20260518,XOF8012,F,DGCX,DINR,May 26 ,,,,20260518,B,1,103.9100,,-18.00,0.00,,103.82,USD,,DGCX-DMA,200.00000,20260518F066401001,
20260518,XOF8012,F,DGCX,DINR,May 26 ,,,,20260518,B,2,103.9100,,-36.00,0.00,,103.82,USD,,DGCX-DMA,200.00000,20260518F066402001,
20260518,XOF8012,F,DGCX,DINR,May 26 ,,,,20260518,B,2,103.9100,,-36.00,0.00,,103.82,USD,,DGCX-DMA,200.00000,20260518F066403001,
20260518,XOF8012,F,DGCX,DINR,May 26 ,,,,20260518,B,1,103.9100,,-18.00,0.00,,103.82,USD,,DGCX-DMA,200.00000,20260518F066407001,
20260518,XOF8012,F,DGCX,DINR,May 26 ,,,,20260518,B,2,103.9100,,-36.00,0.00,,103.82,USD,,DGCX-DMA,200.00000,20260518F066408001,
20260518,XOF8012,F,DGCX,DINR,May 26 ,,,,20260518,B,5,103.9100,,-90.00,0.00,,103.82,USD,,DGCX-DMA,200.00000,20260518F066410001,
20260518,XOF8012,F,DGCX,DINR,May 26 ,,,,20260518,B,1,103.9100,,-18.00,0.00,,103.82,USD,,DGCX-DMA,200.00000,20260518F066428001,
20260518,XOF8012,F,DGCX,DINR,May 26 ,,,,20260518,B,4,103.9100,,-72.00,0.00,,103.82,USD,,DGCX-DMA,200.00000,20260518F066429001,
20260518,XOF8012,F,DGCX,DINR,May 26 ,,,,20260518,B,5,103.9200,,-100.00,0.00,,103.82,USD,,DGCX-DMA,200.00000,20260518F066216001,
20260518,XOF8012,F,DGCX,DINR,May 26 ,,,,20260518,B,1,103.9200,,-20.00,0.00,,103.82,USD,,DGCX-DMA,200.00000,20260518F066350001,
20260518,XOF8012,F,DGCX,DINR,May 26 ,,,,20260518,B,2,103.9200,,-40.00,0.00,,103.82,USD,,DGCX-DMA,200.00000,20260518F066351001,
20260518,XOF8012,F,DGCX,DINR,May 26 ,,,,20260518,B,3,103.9200,,-60.00,0.00,,103.82,USD,,DGCX-DMA,200.00000,20260518F066354001,
20260518,XOF8012,F,DGCX,DINR,May 26 ,,,,20260518,B,1,103.9200,,-20.00,0.00,,103.82,USD,,DGCX-DMA,200.00000,20260518F066359001,
20260518,XOF8012,F,DGCX,DINR,May 26 ,,,,20260518,B,1,103.9200,,-20.00,0.00,,103.82,USD,,DGCX-DMA,200.00000,20260518F066360001,
20260518,XOF8012,F,DGCX,DINR,May 26 ,,,,20260518,B,1,103.9200,,-20.00,0.00,,103.82,USD,,DGCX-DMA,200.00000,20260518F066361001,
20260518,XOF8012,F,DGCX,DINR,May 26 ,,,,20260518,B,1,103.9200,,-20.00,0.00,,103.82,USD,,DGCX-DMA,200.00000,20260518F066362001,
20260518,XOF8012,F,DGCX,DINR,May 26 ,,,,20260518,B,1,103.9200,,-20.00,0.00,,103.82,USD,,DGCX-DMA,200.00000,20260518F066363001,
20260518,XOF8012,F,DGCX,DINR,May 26 ,,,,20260518,B,1,103.9200,,-20.00,0.00,,103.82,USD,,DGCX-DMA,200.00000,20260518F066364001,
20260518,XOF8012,F,DGCX,DINR,May 26 ,,,,20260518,B,1,103.9200,,-20.00,0.00,,103.82,USD,,DGCX-DMA,200.00000,20260518F066365001,
20260518,XOF8012,F,DGCX,DINR,May 26 ,,,,20260518,B,3,103.9300,,-66.00,0.00,,103.82,USD,,DGCX-DMA,200.00000,20260518F066217001,
20260518,XOF8012,F,DGCX,DINR,May 26 ,,,,20260518,B,2,103.9300,,-44.00,0.00,,103.82,USD,,DGCX-DMA,200.00000,20260518F066218001,
20260518,XOF8012,F,DGCX,DINR,May 26 ,,,,20260518,B,1,103.9300,,-22.00,0.00,,103.82,USD,,DGCX-DMA,200.00000,20260518F066366001,
20260518,XOF8012,F,DGCX,DINR,May 26 ,,,,20260518,B,1,103.9300,,-22.00,0.00,,103.82,USD,,DGCX-DMA,200.00000,20260518F066367001,
20260518,XOF8012,F,DGCX,DINR,May 26 ,,,,20260518,B,1,103.9300,,-22.00,0.00,,103.82,USD,,DGCX-DMA,200.00000,20260518F066368001,
20260518,XOF8012,F,DGCX,DINR,May 26 ,,,,20260518,B,5,103.9400,,-120.00,0.00,,103.82,USD,,DGCX-DMA,200.00000,20260518F066221001,
20260518,XOF8012,F,DGCX,DINR,May 26 ,,,,20260518,B,5,103.9400,,-120.00,0.00,,103.82,USD,,DGCX-DMA,200.00000,20260518F066223001,
20260518,XOF8012,F,DGCX,DINR,May 26 ,,,,20260518,B,4,103.9400,,-96.00,0.00,,103.82,USD,,DGCX-DMA,200.00000,20260518F066564001,
20260518,XOF8012,F,DGCX,DINR,May 26 ,,,,20260518,B,1,103.9500,,-26.00,0.00,,103.82,USD,,DGCX-DMA,200.00000,20260518F066566001,
20260518,XOF8012,F,DGCX,DINR,May 26 ,,,,20260518,B,3,103.9500,,-78.00,0.00,,103.82,USD,,DGCX-DMA,200.00000,20260518F066567001,
20260518,XOF8012,F,DGCX,DINR,May 26 ,,,,20260518,B,2,103.9500,,-52.00,0.00,,103.82,USD,,DGCX-DMA,200.00000,20260518F066568001,
20260518,XOF8012,F,DGCX,DINR,May 26 ,,,,20260518,B,5,103.9700,,-150.00,0.00,,103.82,USD,,DGCX-DMA,200.00000,20260518F066556001,
20260518,XOF8012,F,DGCX,DINR,May 26 ,,,,20260518,B,2,103.9700,,-60.00,0.00,,103.82,USD,,DGCX-DMA,200.00000,20260518F066557001,
20260518,XOF8012,F,DGCX,DINR,May 26 ,,,,20260518,B,3,103.9800,,-96.00,0.00,,103.82,USD,,DGCX-DMA,200.00000,20260518F066558001,
20260518,XOF8012,F,DGCX,DINR,May 26 ,,,,20260518,B,5,103.9800,,-160.00,0.00,,103.82,USD,,DGCX-DMA,200.00000,20260518F066559001,
20260518,XOF8012,F,DGCX,DINR,May 26 ,,,,20260515,B,1,104.2400,,-84.00,0.00,,103.82,USD,,DGCX-DMA,200.00000,20260515F068438001,
20260518,XOF8012,F,DGCX,DINR,May 26 ,,,,20260515,B,1,104.2400,,-84.00,0.00,,103.82,USD,,DGCX-DMA,200.00000,20260515F068439001,
20260518,XOF8012,F,DGCX,DINR,May 26 ,,,,20260515,B,1,104.2400,,-84.00,0.00,,103.82,USD,,DGCX-DMA,200.00000,20260515F068440001,
20260518,XOF8012,F,DGCX,DINR,May 26 ,,,,20260515,B,2,104.2400,,-168.00,0.00,,103.82,USD,,DGCX-DMA,200.00000,20260515F068441001,
20260518,XOF8012,F,DGCX,DINR,May 26 ,,,,20260515,B,2,104.2400,,-168.00,0.00,,103.82,USD,,DGCX-DMA,200.00000,20260515F068442001,
20260518,XOF8012,F,DGCX,DINR,May 26 ,,,,20260515,B,1,104.2400,,-84.00,0.00,,103.82,USD,,DGCX-DMA,200.00000,20260515F068443001,
20260518,XOF8012,F,DGCX,DINR,May 26 ,,,,20260515,B,1,104.2400,,-84.00,0.00,,103.82,USD,,DGCX-DMA,200.00000,20260515F068444001,
20260518,XOF8012,F,DGCX,DINR,May 26 ,,,,20260515,B,1,104.2400,,-84.00,0.00,,103.82,USD,,DGCX-DMA,200.00000,20260515F068445001,
20260518,XOF8012,F,DGCX,DINR,May 26 ,,,,20260515,B,2,104.2500,,-172.00,0.00,,103.82,USD,,DGCX-DMA,200.00000,20260515F068435001,
20260518,XOF8012,F,DGCX,DINR,May 26 ,,,,20260515,B,5,104.2500,,-430.00,0.00,,103.82,USD,,DGCX-DMA,200.00000,20260515F068446001,
20260518,XOF8012,F,DGCX,DINR,May 26 ,,,,20260515,B,5,104.2600,,-440.00,0.00,,103.82,USD,,DGCX-DMA,200.00000,20260515F068447001,
20260518,XOF8012,F,DGCX,DINR,May 26 ,,,,20260515,B,1,104.2800,,-92.00,0.00,,103.82,USD,,DGCX-DMA,200.00000,20260515F068448001,
20260518,XOF8012,F,DGCX,DINR,May 26 ,,,,20260515,B,1,104.2800,,-92.00,0.00,,103.82,USD,,DGCX-DMA,200.00000,20260515F068449001,
20260518,XOF8012,F,DGCX,DINR,May 26 ,,,,20260515,B,3,104.2800,,-276.00,0.00,,103.82,USD,,DGCX-DMA,200.00000,20260515F068450001,
20260518,XOF8012,F,DGCX,DINR,Jun 26 ,,,,20260518,S,1,103.3600,,-16.00,0.00,,103.44,USD,,DGCX-DMA,200.00000,20260518F066495001,
20260518,XOF8012,F,DGCX,DINR,Jun 26 ,,,,20260518,S,2,103.3600,,-32.00,0.00,,103.44,USD,,DGCX-DMA,200.00000,20260518F066496001,
20260518,XOF8012,F,DGCX,DINR,Jun 26 ,,,,20260518,S,16,103.3700,,-224.00,0.00,,103.44,USD,,DGCX-DMA,200.00000,20260518F066491001,
20260518,XOF8012,F,DGCX,DINR,Jun 26 ,,,,20260518,S,20,103.3700,,-280.00,0.00,,103.44,USD,,DGCX-DMA,200.00000,20260518F066493001,
20260518,XOF8012,F,DGCX,DINR,Jun 26 ,,,,20260518,S,1,103.4000,,-8.00,0.00,,103.44,USD,,DGCX-DMA,200.00000,20260518F066271001,
20260518,XOF8012,F,DGCX,DINR,Jun 26 ,,,,20260518,S,1,103.4000,,-8.00,0.00,,103.44,USD,,DGCX-DMA,200.00000,20260518F066272001,
20260518,XOF8012,F,DGCX,DINR,Jun 26 ,,,,20260518,S,2,103.4000,,-16.00,0.00,,103.44,USD,,DGCX-DMA,200.00000,20260518F066274001,
20260518,XOF8012,F,DGCX,DINR,Jun 26 ,,,,20260518,S,1,103.4000,,-8.00,0.00,,103.44,USD,,DGCX-DMA,200.00000,20260518F066276001,
20260518,XOF8012,F,DGCX,DINR,Jun 26 ,,,,20260518,S,4,103.4000,,-32.00,0.00,,103.44,USD,,DGCX-DMA,200.00000,20260518F066476001,
20260518,XOF8012,F,DGCX,DINR,Jun 26 ,,,,20260518,S,1,103.4100,,-6.00,0.00,,103.44,USD,,DGCX-DMA,200.00000,20260518F066458001,
20260518,XOF8012,F,DGCX,DINR,Jun 26 ,,,,20260518,S,1,103.4100,,-6.00,0.00,,103.44,USD,,DGCX-DMA,200.00000,20260518F066459001,
20260518,XOF8012,F,DGCX,DINR,Jun 26 ,,,,20260518,S,1,103.4100,,-6.00,0.00,,103.44,USD,,DGCX-DMA,200.00000,20260518F066460001,
20260518,XOF8012,F,DGCX,DINR,Jun 26 ,,,,20260518,S,2,103.4100,,-12.00,0.00,,103.44,USD,,DGCX-DMA,200.00000,20260518F066461001,
20260518,XOF8012,F,DGCX,DINR,Jun 26 ,,,,20260518,S,3,103.4100,,-18.00,0.00,,103.44,USD,,DGCX-DMA,200.00000,20260518F066462001,
20260518,XOF8012,F,DGCX,DINR,Jun 26 ,,,,20260518,S,1,103.4100,,-6.00,0.00,,103.44,USD,,DGCX-DMA,200.00000,20260518F066463001,
20260518,XOF8012,F,DGCX,DINR,Jun 26 ,,,,20260518,S,1,103.4100,,-6.00,0.00,,103.44,USD,,DGCX-DMA,200.00000,20260518F066464001,
20260518,XOF8012,F,DGCX,DINR,Jun 26 ,,,,20260518,S,1,103.4100,,-6.00,0.00,,103.44,USD,,DGCX-DMA,200.00000,20260518F066465001,
20260518,XOF8012,F,DGCX,DINR,Jun 26 ,,,,20260518,S,1,103.4100,,-6.00,0.00,,103.44,USD,,DGCX-DMA,200.00000,20260518F066466001,
20260518,XOF8012,F,DGCX,DINR,Jun 26 ,,,,20260518,S,1,103.4100,,-6.00,0.00,,103.44,USD,,DGCX-DMA,200.00000,20260518F066467001,
20260518,XOF8012,F,DGCX,DINR,Jun 26 ,,,,20260518,S,1,103.4100,,-6.00,0.00,,103.44,USD,,DGCX-DMA,200.00000,20260518F066468001,
20260518,XOF8012,F,DGCX,DINR,Jun 26 ,,,,20260518,S,1,103.4100,,-6.00,0.00,,103.44,USD,,DGCX-DMA,200.00000,20260518F066469001,
20260518,XOF8012,F,DGCX,DINR,Jun 26 ,,,,20260518,S,1,103.4100,,-6.00,0.00,,103.44,USD,,DGCX-DMA,200.00000,20260518F066470001,
20260518,XOF8012,F,DGCX,DINR,Jun 26 ,,,,20260518,S,1,103.4100,,-6.00,0.00,,103.44,USD,,DGCX-DMA,200.00000,20260518F066471001,
20260518,XOF8012,F,DGCX,DINR,Jun 26 ,,,,20260518,S,1,103.4100,,-6.00,0.00,,103.44,USD,,DGCX-DMA,200.00000,20260518F066472001,
20260518,XOF8012,F,DGCX,DINR,Jun 26 ,,,,20260518,S,1,103.4100,,-6.00,0.00,,103.44,USD,,DGCX-DMA,200.00000,20260518F066473001,
20260518,XOF8012,F,DGCX,DINR,Jun 26 ,,,,20260518,S,1,103.4100,,-6.00,0.00,,103.44,USD,,DGCX-DMA,200.00000,20260518F066474001,
20260518,XOF8012,F,DGCX,DINR,Jun 26 ,,,,20260518,S,1,103.4100,,-6.00,0.00,,103.44,USD,,DGCX-DMA,200.00000,20260518F066475001,
20260518,XOF8012,F,DGCX,DINR,Jun 26 ,,,,20260518,S,1,103.4200,,-4.00,0.00,,103.44,USD,,DGCX-DMA,200.00000,20260518F066527001,
20260518,XOF8012,F,DGCX,DINR,Jun 26 ,,,,20260518,S,4,103.4200,,-16.00,0.00,,103.44,USD,,DGCX-DMA,200.00000,20260518F066529001,
20260518,XOF8012,F,DGCX,DINR,Jun 26 ,,,,20260518,S,5,103.4300,,-10.00,0.00,,103.44,USD,,DGCX-DMA,200.00000,20260518F066300001,
20260518,XOF8012,F,DGCX,DINR,Jun 26 ,,,,20260518,S,1,103.4300,,-2.00,0.00,,103.44,USD,,DGCX-DMA,200.00000,20260518F066387001,
20260518,XOF8012,F,DGCX,DINR,Jun 26 ,,,,20260518,S,5,103.4400,,0.00,0.00,,103.44,USD,,DGCX-DMA,200.00000,20260518F066290001,
20260518,XOF8012,F,DGCX,DINR,Jun 26 ,,,,20260518,S,2,103.4400,,0.00,0.00,,103.44,USD,,DGCX-DMA,200.00000,20260518F066385001,
20260518,XOF8012,F,DGCX,DINR,Jun 26 ,,,,20260518,S,2,103.4400,,0.00,0.00,,103.44,USD,,DGCX-DMA,200.00000,20260518F066386001,
20260518,XOF8012,F,DGCX,DINR,Jun 26 ,,,,20260518,S,1,103.4400,,0.00,0.00,,103.44,USD,,DGCX-DMA,200.00000,20260518F066456001,
20260518,XOF8012,F,DGCX,DINR,Jun 26 ,,,,20260518,S,4,103.4400,,0.00,0.00,,103.44,USD,,DGCX-DMA,200.00000,20260518F066457001,
20260518,XOF8012,F,DGCX,DINR,Jun 26 ,,,,20260518,S,5,103.4500,,10.00,0.00,,103.44,USD,,DGCX-DMA,200.00000,20260518F066302001,
20260518,XOF8012,F,DGCX,DINR,Jun 26 ,,,,20260518,S,5,103.4500,,10.00,0.00,,103.44,USD,,DGCX-DMA,200.00000,20260518F066383001,
20260518,XOF8012,F,DGCX,DINR,Jun 26 ,,,,20260518,S,5,103.4500,,10.00,0.00,,103.44,USD,,DGCX-DMA,200.00000,20260518F066384001,
20260518,XOF8012,F,DGCX,DINR,Jun 26 ,,,,20260518,S,3,103.4500,,6.00,0.00,,103.44,USD,,DGCX-DMA,200.00000,20260518F066418001,
20260518,XOF8012,F,DGCX,DINR,Jun 26 ,,,,20260518,S,2,103.4500,,4.00,0.00,,103.44,USD,,DGCX-DMA,200.00000,20260518F066419001,
20260518,XOF8012,F,DGCX,DINR,Jun 26 ,,,,20260518,S,4,103.4500,,8.00,0.00,,103.44,USD,,DGCX-DMA,200.00000,20260518F066536001,
20260518,XOF8012,F,DGCX,DINR,Jun 26 ,,,,20260518,S,5,103.4600,,20.00,0.00,,103.44,USD,,DGCX-DMA,200.00000,20260518F066373001,
20260518,XOF8012,F,DGCX,DINR,Jun 26 ,,,,20260518,S,5,103.4600,,20.00,0.00,,103.44,USD,,DGCX-DMA,200.00000,20260518F066374001,
20260518,XOF8012,F,DGCX,DINR,Jun 26 ,,,,20260518,S,4,103.4600,,16.00,0.00,,103.44,USD,,DGCX-DMA,200.00000,20260518F066379001,
20260518,XOF8012,F,DGCX,DINR,Jun 26 ,,,,20260518,S,1,103.4600,,4.00,0.00,,103.44,USD,,DGCX-DMA,200.00000,20260518F066380001,
20260518,XOF8012,F,DGCX,DINR,Jun 26 ,,,,20260518,S,1,103.4600,,4.00,0.00,,103.44,USD,,DGCX-DMA,200.00000,20260518F066381001,
20260518,XOF8012,F,DGCX,DINR,Jun 26 ,,,,20260518,S,4,103.4600,,16.00,0.00,,103.44,USD,,DGCX-DMA,200.00000,20260518F066382001,
20260518,XOF8012,F,DGCX,DINR,Jun 26 ,,,,20260518,S,4,103.4600,,16.00,0.00,,103.44,USD,,DGCX-DMA,200.00000,20260518F066417001,
20260518,XOF8012,F,DGCX,DINR,Jun 26 ,,,,20260518,S,2,103.4600,,8.00,0.00,,103.44,USD,,DGCX-DMA,200.00000,20260518F066435001,
20260518,XOF8012,F,DGCX,DINR,Jun 26 ,,,,20260518,S,3,103.4600,,12.00,0.00,,103.44,USD,,DGCX-DMA,200.00000,20260518F066436001,
20260518,XOF8012,F,DGCX,DINR,Jun 26 ,,,,20260518,S,1,103.4600,,4.00,0.00,,103.44,USD,,DGCX-DMA,200.00000,20260518F066533001,
20260518,XOF8012,F,DGCX,DINR,Jun 26 ,,,,20260518,S,3,103.4600,,12.00,0.00,,103.44,USD,,DGCX-DMA,200.00000,20260518F066534001,
20260518,XOF8012,F,DGCX,DINR,Jun 26 ,,,,20260518,S,1,103.4600,,4.00,0.00,,103.44,USD,,DGCX-DMA,200.00000,20260518F066535001,
20260518,XOF8012,F,DGCX,DINR,Jun 26 ,,,,20260518,S,4,103.4600,,16.00,0.00,,103.44,USD,,DGCX-DMA,200.00000,20260518F066573001,
20260518,XOF8012,F,DGCX,DINR,Jun 26 ,,,,20260518,S,5,103.4700,,30.00,0.00,,103.44,USD,,DGCX-DMA,200.00000,20260518F066371001,
20260518,XOF8012,F,DGCX,DINR,Jun 26 ,,,,20260518,S,1,103.4700,,6.00,0.00,,103.44,USD,,DGCX-DMA,200.00000,20260518F066372001,
20260518,XOF8012,F,DGCX,DINR,Jun 26 ,,,,20260518,S,5,103.4700,,30.00,0.00,,103.44,USD,,DGCX-DMA,200.00000,20260518F066375001,
20260518,XOF8012,F,DGCX,DINR,Jun 26 ,,,,20260518,S,1,103.4700,,6.00,0.00,,103.44,USD,,DGCX-DMA,200.00000,20260518F066532001,
20260518,XOF8012,F,DGCX,DINR,Jun 26 ,,,,20260518,S,1,103.4700,,6.00,0.00,,103.44,USD,,DGCX-DMA,200.00000,20260518F066571001,
20260518,XOF8012,F,DGCX,DINR,Jun 26 ,,,,20260518,S,5,103.4800,,40.00,0.00,,103.44,USD,,DGCX-DMA,200.00000,20260518F066370001,
20260518,XOF8012,F,DGCX,DINR,Jun 26 ,,,,20260518,S,1,103.4900,,10.00,0.00,,103.44,USD,,DGCX-DMA,200.00000,20260518F066411001,
20260518,XOF8012,F,DGCX,DINR,Jun 26 ,,,,20260518,S,5,103.5100,,70.00,0.00,,103.44,USD,,DGCX-DMA,200.00000,20260518F066369001,
20260518,XOF8012,F,DGCX,DINR,Jun 26 ,,,,20260518,S,1,103.5600,,24.00,0.00,,103.44,USD,,DGCX-DMA,200.00000,20260518F066563001,
20260518,XOF8012,F,DGCX,DINR,Jun 26 ,,,,20260518,S,4,103.5600,,96.00,0.00,,103.44,USD,,DGCX-DMA,200.00000,20260518F066565001,
20260518,XOF8012,F,DGCX,DINR,Jun 26 ,,,,20260515,S,5,103.6400,,200.00,0.00,,103.44,USD,,DGCX-DMA,200.00000,20260515F068302001,
20260518,XOF8012,F,DGCX,DINR,Jun 26 ,,,,20260515,S,1,103.6400,,40.00,0.00,,103.44,USD,,DGCX-DMA,200.00000,20260515F068303001,
20260518,XOF8012,F,DGCX,DINR,Jun 26 ,,,,20260515,S,1,103.6400,,40.00,0.00,,103.44,USD,,DGCX-DMA,200.00000,20260515F068304001,
20260518,XOF8012,F,DGCX,DINR,Jun 26 ,,,,20260515,S,3,103.6400,,120.00,0.00,,103.44,USD,,DGCX-DMA,200.00000,20260515F068306001,
20260518,XOF8012,F,DGCX,DINR,Jun 26 ,,,,20260515,S,5,103.6600,,220.00,0.00,,103.44,USD,,DGCX-DMA,200.00000,20260515F068312001,
20260518,XOF8012,F,DGCX,DINR,Jun 26 ,,,,20260515,S,1,103.6600,,44.00,0.00,,103.44,USD,,DGCX-DMA,200.00000,20260515F068317001,
20260518,XOF8012,F,DGCX,DINR,Jun 26 ,,,,20260515,S,3,103.6600,,132.00,0.00,,103.44,USD,,DGCX-DMA,200.00000,20260515F068319001,
20260518,XOF8012,F,DGCX,DINR,Jun 26 ,,,,20260515,S,2,103.6700,,92.00,0.00,,103.44,USD,,DGCX-DMA,200.00000,20260515F068309001,
20260518,XOF8012,F,DGCX,DINR,Jun 26 ,,,,20260515,S,1,103.6700,,46.00,0.00,,103.44,USD,,DGCX-DMA,200.00000,20260515F068310001,
20260518,XOF8012,F,DGCX,DINR,Jun 26 ,,,,20260515,S,1,103.6700,,46.00,0.00,,103.44,USD,,DGCX-DMA,200.00000,20260515F068314001,
20260518,XOF8012,F,DGCX,DINR,Jun 26 ,,,,20260515,S,2,103.6800,,96.00,0.00,,103.44,USD,,DGCX-DMA,200.00000,20260515F068307001,
20260518,XOF8012,F,DGCX,DINR,Jun 26 ,,,,20260515,S,3,103.6900,,150.00,0.00,,103.44,USD,,DGCX-DMA,200.00000,20260515F068324001,
20260518,XOF8012,F,DGCX,DINR,Jun 26 ,,,,20260515,S,25,103.6900,,1250.00,0.00,,103.44,USD,,DGCX-DMA,200.00000,20260515F068326001,
20260518,XOF8012,F,DGCX,DINR,Jun 26 ,,,,20260515,S,20,103.6900,,1000.00,0.00,,103.44,USD,,DGCX-DMA,200.00000,20260515F068327001,
20260518,XOF8012,F,DGCX,DINR,Jun 26 ,,,,20260515,S,1,103.7000,,52.00,0.00,,103.44,USD,,DGCX-DMA,200.00000,20260515F068298001,
20260518,XOF8012,F,DGCX,DINR,Jun 26 ,,,,20260515,S,1,103.7000,,52.00,0.00,,103.44,USD,,DGCX-DMA,200.00000,20260515F068300001,
20260518,XOF8012,F,DGCX,DINR,Jun 26 ,,,,20260515,S,4,103.7000,,208.00,0.00,,103.44,USD,,DGCX-DMA,200.00000,20260515F068330001,
20260518,XOF8012,F,DGCX,DINR,Jun 26 ,,,,20260515,S,2,103.7100,,108.00,0.00,,103.44,USD,,DGCX-DMA,200.00000,20260515F068295001,
20260518,XOF8012,F,DGCX,DINR,Jun 26 ,,,,20260515,S,1,103.7100,,54.00,0.00,,103.44,USD,,DGCX-DMA,200.00000,20260515F068296001,
20260518,XOF8012,F,DGCX,DINR,Jun 26 ,,,,20260515,S,3,103.7200,,168.00,0.00,,103.44,USD,,DGCX-DMA,200.00000,20260515F068466001,
20260518,XOF8012,F,DGCX,DINR,Jun 26 ,,,,20260515,S,2,103.7200,,112.00,0.00,,103.44,USD,,DGCX-DMA,200.00000,20260515F068467001,
20260518,XOF8012,F,DGCX,DINR,Jun 26 ,,,,20260515,S,1,103.7300,,58.00,0.00,,103.44,USD,,DGCX-DMA,200.00000,20260515F068463001,
20260518,XOF8012,F,DGCX,DINR,Jun 26 ,,,,20260515,S,1,103.7300,,58.00,0.00,,103.44,USD,,DGCX-DMA,200.00000,20260515F068465001,
20260518,XOF8012,F,DGCX,DINR,Jun 26 ,,,,20260515,S,1,103.7400,,60.00,0.00,,103.44,USD,,DGCX-DMA,200.00000,20260515F068291001,
20260518,XOF8012,F,DGCX,DINR,Jun 26 ,,,,20260515,S,4,103.7400,,240.00,0.00,,103.44,USD,,DGCX-DMA,200.00000,20260515F068293001,
20260518,XOF8012,F,DGCX,DINR,Jun 26 ,,,,20260515,S,3,103.7400,,180.00,0.00,,103.44,USD,,DGCX-DMA,200.00000,20260515F068459001,
20260518,XOF8012,F,DGCX,DINR,Jun 26 ,,,,20260515,S,1,103.7400,,60.00,0.00,,103.44,USD,,DGCX-DMA,200.00000,20260515F068460001,
20260518,XOF8012,F,DGCX,DINR,Jun 26 ,,,,20260515,S,1,103.7400,,60.00,0.00,,103.44,USD,,DGCX-DMA,200.00000,20260515F068461001,
20260518,XOF8012,F,DGCX,DINR,Jun 26 ,,,,20260515,S,1,103.7400,,60.00,0.00,,103.44,USD,,DGCX-DMA,200.00000,20260515F068462001,
20260518,XOF8012,F,DGCX,DINR,Jun 26 ,,,,20260515,S,1,103.7400,,60.00,0.00,,103.44,USD,,DGCX-DMA,200.00000,20260515F068464001,
20260518,XOF8012,F,DGCX,DINR,Jun 26 ,,,,20260515,S,1,103.7500,,62.00,0.00,,103.44,USD,,DGCX-DMA,200.00000,20260515F068458001,
20260518,XOF8012,F,DGCX,DINR,Jun 26 ,,,,20260515,S,4,103.7600,,256.00,0.00,,103.44,USD,,DGCX-DMA,200.00000,20260515F068456001,
20260518,XOF8012,F,DGCX,DINR,Jun 26 ,,,,20260515,S,5,103.7600,,320.00,0.00,,103.44,USD,,DGCX-DMA,200.00000,20260515F068457001,
20260518,XOF8012,F,DGCX,DINR,Jun 26 ,,,,20260515,S,3,103.7700,,198.00,0.00,,103.44,USD,,DGCX-DMA,200.00000,20260515F068454001,
20260518,XOF8012,F,DGCX,DINR,Jun 26 ,,,,20260515,S,1,103.7700,,66.00,0.00,,103.44,USD,,DGCX-DMA,200.00000,20260515F068455001,
20260518,XOF8012,F,DGCX,DINR,Jun 26 ,,,,20260515,S,5,103.7800,,340.00,0.00,,103.44,USD,,DGCX-DMA,200.00000,20260515F068152001,
20260518,XOF8012,F,DGCX,DINR,Jun 26 ,,,,20260515,S,2,103.7800,,136.00,0.00,,103.44,USD,,DGCX-DMA,200.00000,20260515F068153001,
20260518,XOF8012,F,DGCX,DINR,Jun 26 ,,,,20260515,S,1,103.7800,,68.00,0.00,,103.44,USD,,DGCX-DMA,200.00000,20260515F068154001,
20260518,XOF8012,F,DGCX,DINR,Jun 26 ,,,,20260515,S,2,103.7800,,136.00,0.00,,103.44,USD,,DGCX-DMA,200.00000,20260515F068155001,
20260518,XOF8012,F,DGCX,DINR,Jun 26 ,,,,20260515,S,1,103.7800,,68.00,0.00,,103.44,USD,,DGCX-DMA,200.00000,20260515F068453001,
20260518,XOF8012,F,DGCX,DINR,Jun 26 ,,,,20260515,S,5,103.7900,,350.00,0.00,,103.44,USD,,DGCX-DMA,200.00000,20260515F068278001,
20260518,XOF8012,F,DGCX,DINR,Jun 26 ,,,,20260515,S,1,103.7900,,70.00,0.00,,103.44,USD,,DGCX-DMA,200.00000,20260515F068452001,
20260518,XOF8012,F,DGCX,DINR,Jun 26 ,,,,20260515,S,1,103.8100,,74.00,0.00,,103.44,USD,,DGCX-DMA,200.00000,20260515F068145001,
20260518,XOF8012,F,DGCX,DINR,Jun 26 ,,,,20260515,S,1,103.8100,,74.00,0.00,,103.44,USD,,DGCX-DMA,200.00000,20260515F068146001,
20260518,XOF8012,F,DGCX,DINR,Jun 26 ,,,,20260515,S,3,103.8100,,222.00,0.00,,103.44,USD,,DGCX-DMA,200.00000,20260515F068147001,
20260518,XOF8012,F,DGCX,DINR,Jun 26 ,,,,20260515,S,5,103.8100,,370.00,0.00,,103.44,USD,,DGCX-DMA,200.00000,20260515F068151001,
20260518,XOF8012,F,DGCX,DINR,Jun 26 ,,,,20260515,S,5,103.8100,,370.00,0.00,,103.44,USD,,DGCX-DMA,200.00000,20260515F068235001,
20260518,XOF8012,F,DGCX,DINR,Jun 26 ,,,,20260515,S,5,103.8200,,380.00,0.00,,103.44,USD,,DGCX-DMA,200.00000,20260515F068148001,
20260518,XOF8012,F,DGCX,DINR,Jun 26 ,,,,20260515,S,2,103.8200,,152.00,0.00,,103.44,USD,,DGCX-DMA,200.00000,20260515F068149001,
20260518,XOF8012,F,DGCX,DINR,Jun 26 ,,,,20260515,S,3,103.8200,,228.00,0.00,,103.44,USD,,DGCX-DMA,200.00000,20260515F068150001,
20260518,XOF8012,F,DGCX,DINR,Jun 26 ,,,,20260515,S,4,103.8400,,320.00,0.00,,103.44,USD,,DGCX-DMA,200.00000,20260515F068252001,
20260518,XOF8012,F,DGCX,DINR,Jun 26 ,,,,20260515,S,1,103.8400,,80.00,0.00,,103.44,USD,,DGCX-DMA,200.00000,20260515F068259001,
20260518,XOF8012,F,DGCX,DINR,Jun 26 ,,,,20260515,S,1,103.8400,,80.00,0.00,,103.44,USD,,DGCX-DMA,200.00000,20260515F068260001,
20260518,XOF8012,F,DGCX,DINR,Jun 26 ,,,,20260515,S,2,103.8400,,160.00,0.00,,103.44,USD,,DGCX-DMA,200.00000,20260515F068261001,
20260518,XOF8012,F,DGCX,DINR,Jun 26 ,,,,20260515,S,1,103.8500,,82.00,0.00,,103.44,USD,,DGCX-DMA,200.00000,20260515F068254001,
20260518,XOF8012,F,DGCX,DINR,Jun 26 ,,,,20260515,S,1,103.8500,,82.00,0.00,,103.44,USD,,DGCX-DMA,200.00000,20260515F068258001,
20260518,XOF8012,F,DGCX,DINR,Jun 26 ,,,,20260515,S,1,103.8600,,84.00,0.00,,103.44,USD,,DGCX-DMA,200.00000,20260515F068264001,
20260518,XOF8012,F,DGCX,DINR,Jun 26 ,,,,20260515,S,4,103.8600,,336.00,0.00,,103.44,USD,,DGCX-DMA,200.00000,20260515F068265001,
20260518,XOF8012,F,DGCX,DINR,Jun 26 ,,,,20260515,S,1,103.8600,,84.00,0.00,,103.44,USD,,DGCX-DMA,200.00000,20260515F068415001,
20260518,XOF8012,F,DGCX,DINR,Jun 26 ,,,,20260515,S,5,103.8700,,430.00,0.00,,103.44,USD,,DGCX-DMA,200.00000,20260515F068228001,
20260518,XOF8012,F,DGCX,DINR,Jun 26 ,,,,20260515,S,4,103.8700,,344.00,0.00,,103.44,USD,,DGCX-DMA,200.00000,20260515F068412001,
20260518,XOF8012,F,DGCX,DINR,Jun 26 ,,,,20260515,S,3,103.8700,,258.00,0.00,,103.44,USD,,DGCX-DMA,200.00000,20260515F068413001,
20260518,XOF8012,F,DGCX,DINR,Jun 26 ,,,,20260515,S,1,103.8700,,86.00,0.00,,103.44,USD,,DGCX-DMA,200.00000,20260515F068414001,
20260518,XOF8012,F,DGCX,DINR,Jun 26 ,,,,20260515,S,1,103.8700,,86.00,0.00,,103.44,USD,,DGCX-DMA,200.00000,20260515F068416001,
20260518,XOF8012,F,DGCX,DINR,Jun 26 ,,,,20260515,S,4,103.8700,,344.00,0.00,,103.44,USD,,DGCX-DMA,200.00000,20260515F068417001,
20260518,XOF8012,F,DGCX,DINR,Jun 26 ,,,,20260515,S,1,103.8800,,88.00,0.00,,103.44,USD,,DGCX-DMA,200.00000,20260515F068411001,
20260518,XOF8012,F,DGCX,DINR,Jun 26 ,,,,20260515,S,1,103.8900,,90.00,0.00,,103.44,USD,,DGCX-DMA,200.00000,20260515F068408001,
20260518,XOF8012,F,DGCX,DINR,Jun 26 ,,,,20260515,S,1,103.8900,,90.00,0.00,,103.44,USD,,DGCX-DMA,200.00000,20260515F068409001,
20260518,XOF8012,F,DGCX,DINR,Jun 26 ,,,,20260515,S,2,103.8900,,180.00,0.00,,103.44,USD,,DGCX-DMA,200.00000,20260515F068410001,
20260518,XOF8012,F,DGCX,DINR,Jun 26 ,,,,20260515,S,1,103.9000,,92.00,0.00,,103.44,USD,,DGCX-DMA,200.00000,20260515F068403001,
20260518,XOF8012,F,DGCX,DINR,Jun 26 ,,,,20260515,S,4,103.9000,,368.00,0.00,,103.44,USD,,DGCX-DMA,200.00000,20260515F068405001,
20260518,XOF8012,F,DGCX,DINR,Jun 26 ,,,,20260515,S,1,103.9000,,92.00,0.00,,103.44,USD,,DGCX-DMA,200.00000,20260515F068407001,
20260518,XOF8012,F,DGCX,DINR,Jun 26 ,,,,20260514,S,2,103.9200,,192.00,0.00,,103.44,USD,,DGCX-DMA,200.00000,20260514F073141001,
20260518,XOF8012,F,DGCX,DINR,Jun 26 ,,,,20260514,S,3,103.9200,,288.00,0.00,,103.44,USD,,DGCX-DMA,200.00000,20260514F073142001,
20260518,XOF8012,F,DGCX,DINR,Jun 26 ,,,,20260514,S,5,103.9300,,490.00,0.00,,103.44,USD,,DGCX-DMA,200.00000,20260514F073139001,
20260518,XOF8012,F,DGCX,DINR,Jun 26 ,,,,20260514,S,5,103.9300,,490.00,0.00,,103.44,USD,,DGCX-DMA,200.00000,20260514F073144001,
20260518,XOF8012,F,DGCX,DINR,Jun 26 ,,,,20260514,S,5,103.9300,,490.00,0.00,,103.44,USD,,DGCX-DMA,200.00000,20260514F073145001,
20260518,XOF8012,F,DGCX,DINR,Jun 26 ,,,,20260514,S,5,103.9500,,510.00,0.00,,103.44,USD,,DGCX-DMA,200.00000,20260514F073171001,
20260518,XOF8012,F,DGCX,DINR,Jun 26 ,,,,20260514,S,5,103.9500,,510.00,0.00,,103.44,USD,,DGCX-DMA,200.00000,20260514F073173001,
20260518,XOF8012,F,DGCX,DINR,Jun 26 ,,,,20260514,S,1,103.9600,,104.00,0.00,,103.44,USD,,DGCX-DMA,200.00000,20260514F073168001,
20260518,XOF8012,F,DGCX,DINR,Jun 26 ,,,,20260514,S,4,103.9600,,416.00,0.00,,103.44,USD,,DGCX-DMA,200.00000,20260514F073169001,
20260518,XOF8012,F,DGCX,DINR,Jun 26 ,,,,20260514,S,5,103.9600,,520.00,0.00,,103.44,USD,,DGCX-DMA,200.00000,20260514F073170001,
20260518,XOF8012,F,DGCX,DINR,Jun 26 ,,,,20260514,S,5,103.9700,,530.00,0.00,,103.44,USD,,DGCX-DMA,200.00000,20260514F073151001,
20260518,XOF8012,F,DGCX,DINR,Jun 26 ,,,,20260514,S,5,103.9700,,530.00,0.00,,103.44,USD,,DGCX-DMA,200.00000,20260514F073152001,
20260518,XOF8012,F,DGCX,DINR,Jun 26 ,,,,20260514,S,1,103.9700,,106.00,0.00,,103.44,USD,,DGCX-DMA,200.00000,20260514F073181001,
20260518,XOF8012,F,DGCX,DINR,Jun 26 ,,,,20260514,S,2,103.9700,,212.00,0.00,,103.44,USD,,DGCX-DMA,200.00000,20260514F073183001,
20260518,XOF8012,F,DGCX,DINR,Jun 26 ,,,,20260514,S,2,103.9800,,216.00,0.00,,103.44,USD,,DGCX-DMA,200.00000,20260514F073174001,
20260518,XOF8012,F,DGCX,DINR,Jun 26 ,,,,20260514,S,2,103.9800,,216.00,0.00,,103.44,USD,,DGCX-DMA,200.00000,20260514F073175001,
20260518,XOF8012,F,DGCX,DINR,Jun 26 ,,,,20260514,S,1,103.9800,,108.00,0.00,,103.44,USD,,DGCX-DMA,200.00000,20260514F073177001,
20260518,XOF8012,F,DGCX,DINR,Jun 26 ,,,,20260514,S,2,103.9800,,216.00,0.00,,103.44,USD,,DGCX-DMA,200.00000,20260514F073179001,
20260518,XOF8012,F,DGCX,DINR,Jun 26 ,,,,20260514,S,1,104.0000,,112.00,0.00,,103.44,USD,,DGCX-DMA,200.00000,20260514F073200001,
20260518,XOF8012,F,DGCX,DINR,Jun 26 ,,,,20260514,S,4,104.0000,,448.00,0.00,,103.44,USD,,DGCX-DMA,200.00000,20260514F073201001,
20260518,XOF8012,F,DGCX,DINR,Jun 26 ,,,,20260514,S,5,104.0100,,570.00,0.00,,103.44,USD,,DGCX-DMA,200.00000,20260514F073092001,
20260518,XOF8012,F,DGCX,DINR,Jun 26 ,,,,20260514,S,5,104.0100,,570.00,0.00,,103.44,USD,,DGCX-DMA,200.00000,20260514F073093001,
20260518,XOF8012,F,DGCX,DINR,Jun 26 ,,,,20260514,S,5,104.0100,,570.00,0.00,,103.44,USD,,DGCX-DMA,200.00000,20260514F073137001,
20260518,XOF8012,F,DGCX,DINR,Jun 26 ,,,,20260514,S,3,104.0200,,348.00,0.00,,103.44,USD,,DGCX-DMA,200.00000,20260514F073134001,
20260518,XOF8012,F,DGCX,DINR,Jun 26 ,,,,20260514,S,2,104.0200,,232.00,0.00,,103.44,USD,,DGCX-DMA,200.00000,20260514F073135001,
20260518,XOF8012,F,DGCX,DINR,Jun 26 ,,,,20260514,S,5,104.0200,,580.00,0.00,,103.44,USD,,DGCX-DMA,200.00000,20260514F073136001,
20260518,XOF8012,F,DGCX,DINR,Jun 26 ,,,,20260514,S,1,104.0400,,120.00,0.00,,103.44,USD,,DGCX-DMA,200.00000,20260514F073084001,
20260518,XOF8012,F,DGCX,DINR,Jun 26 ,,,,20260514,S,4,104.0400,,480.00,0.00,,103.44,USD,,DGCX-DMA,200.00000,20260514F073085001,
20260518,XOF8012,F,DGCX,DINR,Jun 26 ,,,,20260514,S,1,104.0400,,120.00,0.00,,103.44,USD,,DGCX-DMA,200.00000,20260514F073210001,
20260518,XOF8012,F,DGCX,DINR,Jun 26 ,,,,20260514,S,4,104.0400,,480.00,0.00,,103.44,USD,,DGCX-DMA,200.00000,20260514F073212001,
20260518,XOF8012,F,DGCX,DINR,Jun 26 ,,,,20260514,S,1,104.0400,,120.00,0.00,,103.44,USD,,DGCX-DMA,200.00000,20260514F073215001,
20260518,XOF8012,F,DGCX,DINR,Jun 26 ,,,,20260514,S,3,104.0400,,360.00,0.00,,103.44,USD,,DGCX-DMA,200.00000,20260514F073217001,
20260518,XOF8012,F,DGCX,DINR,Jun 26 ,,,,20260514,S,4,104.0400,,480.00,0.00,,103.44,USD,,DGCX-DMA,200.00000,20260514F073224001,
20260518,XOF8012,F,DGCX,DINR,Jun 26 ,,,,20260514,S,1,104.0400,,120.00,0.00,,103.44,USD,,DGCX-DMA,200.00000,20260514F073225001,
20260518,XOF8012,F,DGCX,DINR,Jun 26 ,,,,20260514,S,1,104.0500,,122.00,0.00,,103.44,USD,,DGCX-DMA,200.00000,20260514F073213001,
20260518,XOF8012,F,DGCX,DINR,Jun 26 ,,,,20260514,S,3,104.0500,,366.00,0.00,,103.44,USD,,DGCX-DMA,200.00000,20260514F073220001,
20260518,XOF8012,F,DGCX,DINR,Jun 26 ,,,,20260514,S,1,104.0500,,122.00,0.00,,103.44,USD,,DGCX-DMA,200.00000,20260514F073221001,
20260518,XOF8012,F,DGCX,DINR,Jun 26 ,,,,20260514,S,1,104.0500,,122.00,0.00,,103.44,USD,,DGCX-DMA,200.00000,20260514F073222001,
20260518,XOF8012,F,DGCX,DINR,Jun 26 ,,,,20260514,S,1,104.0500,,122.00,0.00,,103.44,USD,,DGCX-DMA,200.00000,20260514F073223001,
20260518,XOF8012,F,DGCX,DINR,Jun 26 ,,,,20260514,S,2,104.0600,,248.00,0.00,,103.44,USD,,DGCX-DMA,200.00000,20260514F073218001,
20260518,XOF8012,F,DGCX,DINR,Jun 26 ,,,,20260514,S,1,104.0800,,128.00,0.00,,103.44,USD,,DGCX-DMA,200.00000,20260514F073079001,
20260518,XOF8012,F,DGCX,DINR,Jun 26 ,,,,20260514,S,4,104.0800,,512.00,0.00,,103.44,USD,,DGCX-DMA,200.00000,20260514F073081001,
20260518,XOF8012,F,DGCX,DINR,Jun 26 ,,,,20260514,S,3,104.0800,,384.00,0.00,,103.44,USD,,DGCX-DMA,200.00000,20260514F073131001,
20260518,XOF8012,F,DGCX,DINR,Jun 26 ,,,,20260514,S,2,104.0800,,256.00,0.00,,103.44,USD,,DGCX-DMA,200.00000,20260514F073133001,
20260518,XOF8012,F,DGCX,DINR,Jun 26 ,,,,20260514,S,1,104.0900,,130.00,0.00,,103.44,USD,,DGCX-DMA,200.00000,20260514F073122001,
20260518,XOF8012,F,DGCX,DINR,Jun 26 ,,,,20260514,S,1,104.0900,,130.00,0.00,,103.44,USD,,DGCX-DMA,200.00000,20260514F073125001,
20260518,XOF8012,F,DGCX,DINR,Jun 26 ,,,,20260515,S,5,104.0900,,650.00,0.00,,103.44,USD,,DGCX-DMA,200.00000,20260515F068376001,
20260518,XOF8012,F,DGCX,DINR,Jun 26 ,,,,20260515,S,1,104.0900,,130.00,0.00,,103.44,USD,,DGCX-DMA,200.00000,20260515F068397001,
20260518,XOF8012,F,DGCX,DINR,Jun 26 ,,,,20260515,S,4,104.0900,,520.00,0.00,,103.44,USD,,DGCX-DMA,200.00000,20260515F068398001,
20260518,XOF8012,F,DGCX,DINR,Jun 26 ,,,,20260514,S,1,104.1000,,132.00,0.00,,103.44,USD,,DGCX-DMA,200.00000,20260514F073117001,
20260518,XOF8012,F,DGCX,DINR,Jun 26 ,,,,20260514,S,3,104.1000,,396.00,0.00,,103.44,USD,,DGCX-DMA,200.00000,20260514F073119001,
20260518,XOF8012,F,DGCX,DINR,Jun 26 ,,,,20260514,S,4,104.1000,,528.00,0.00,,103.44,USD,,DGCX-DMA,200.00000,20260514F073123001,
20260518,XOF8012,F,DGCX,DINR,Jun 26 ,,,,20260515,S,3,104.1000,,396.00,0.00,,103.44,USD,,DGCX-DMA,200.00000,20260515F068374001,
20260518,XOF8012,F,DGCX,DINR,Jun 26 ,,,,20260515,S,3,104.1000,,396.00,0.00,,103.44,USD,,DGCX-DMA,200.00000,20260515F068390001,
20260518,XOF8012,F,DGCX,DINR,Jun 26 ,,,,20260515,S,3,104.1000,,396.00,0.00,,103.44,USD,,DGCX-DMA,200.00000,20260515F068394001,
20260518,XOF8012,F,DGCX,DINR,Jun 26 ,,,,20260515,S,1,104.1000,,132.00,0.00,,103.44,USD,,DGCX-DMA,200.00000,20260515F068395001,
20260518,XOF8012,F,DGCX,DINR,Jun 26 ,,,,20260515,S,1,104.1000,,132.00,0.00,,103.44,USD,,DGCX-DMA,200.00000,20260515F068396001,
20260518,XOF8012,F,DGCX,DINR,Jun 26 ,,,,20260515,S,2,104.1100,,268.00,0.00,,103.44,USD,,DGCX-DMA,200.00000,20260515F068372001,
20260518,XOF8012,F,DGCX,DINR,Jun 26 ,,,,20260515,S,1,104.1100,,134.00,0.00,,103.44,USD,,DGCX-DMA,200.00000,20260515F068387001,
20260518,XOF8012,F,DGCX,DINR,Jun 26 ,,,,20260515,S,1,104.1100,,134.00,0.00,,103.44,USD,,DGCX-DMA,200.00000,20260515F068388001,
20260518,XOF8012,F,DGCX,DINR,Jun 26 ,,,,20260515,S,2,104.1100,,268.00,0.00,,103.44,USD,,DGCX-DMA,200.00000,20260515F068389001,
20260518,XOF8012,F,DGCX,DINR,Jun 26 ,,,,20260515,S,1,104.1200,,136.00,0.00,,103.44,USD,,DGCX-DMA,200.00000,20260515F068386001,
20260518,XOF8012,F,DGCX,DINR,Jun 26 ,,,,20260515,S,2,104.1400,,280.00,0.00,,103.44,USD,,DGCX-DMA,200.00000,20260515F068383001,
20260518,XOF8012,F,DGCX,DINR,Jun 26 ,,,,20260514,S,1,104.1500,,142.00,0.00,,103.44,USD,,DGCX-DMA,200.00000,20260514F073068001,
20260518,XOF8012,F,DGCX,DINR,Jun 26 ,,,,20260514,S,5,104.1500,,710.00,0.00,,103.44,USD,,DGCX-DMA,200.00000,20260514F073070001,
20260518,XOF8012,F,DGCX,DINR,Jun 26 ,,,,20260514,S,2,104.2100,,308.00,0.00,,103.44,USD,,DGCX-DMA,200.00000,20260514F073252001,
20260518,XOF8012,F,DGCX,DINR,Jun 26 ,,,,20260514,S,2,104.2100,,308.00,0.00,,103.44,USD,,DGCX-DMA,200.00000,20260514F073254001,
20260518,XOF8012,F,DGCX,DINR,Jun 26 ,,,,20260514,S,1,104.2300,,158.00,0.00,,103.44,USD,,DGCX-DMA,200.00000,20260514F073250001,
20260518,XOF8012,F,SGX,IU,May 26 ,,,,20260518,B,1,103.820,,-10.00,0.00,,103.77,USD,,,200.00000,20260518F111302001,
20260518,XOF8012,F,SGX,IU,May 26 ,,,,20260518,B,40,103.930,,-1280.00,0.00,,103.77,USD,,,200.00000,20260518F111131001,
20260518,XOF8012,F,SGX,IU,May 26 ,,,,20260518,B,25,103.930,,-800.00,0.00,,103.77,USD,,,200.00000,20260518F111133001,
20260518,XOF8012,F,SGX,IU,May 26 ,,,,20260518,B,3,103.940,,-102.00,0.00,,103.77,USD,,,200.00000,20260518F111134001,
20260518,XOF8012,F,SGX,IU,Jun 26 ,,,,20260518,B,2,103.440,,-56.00,0.00,,103.3,USD,,,200.00000,20260518F111263001,
20260518,XOF8012,F,SGX,IU,Jun 26 ,,,,20260518,B,3,103.440,,-84.00,0.00,,103.3,USD,,,200.00000,20260518F111265001,
20260518,XOF8012,F,SGX,IU,Jun 26 ,,,,20260518,B,7,103.450,,-210.00,0.00,,103.3,USD,,,200.00000,20260518F111262001,
20260518,XOF8012,F,SGX,IU,Jul 26 ,,,,20260518,B,1,102.990,,-10.00,0.00,,102.94,USD,,,200.00000,20260518F110757001,
20260518,XOF8012,F,SGX,IU,Jul 26 ,,,,20260518,B,1,102.990,,-10.00,0.00,,102.94,USD,,,200.00000,20260518F110759001,
20260518,XOF8012,F,SGX,IU,Jul 26 ,,,,20260518,B,1,102.990,,-10.00,0.00,,102.94,USD,,,200.00000,20260518F110761001,
20260518,XOF8012,F,SGX,IU,Jul 26 ,,,,20260518,B,1,102.990,,-10.00,0.00,,102.94,USD,,,200.00000,20260518F110797001,
20260518,XOF8012,F,SGX,IU,Jul 26 ,,,,20260518,B,1,103.010,,-14.00,0.00,,102.94,USD,,,200.00000,20260518F110802001,
20260518,XOF8012,F,SGX,IU,Jul 26 ,,,,20260515,B,1,103.450,,-102.00,0.00,,102.94,USD,,,200.00000,20260515F114388001,
20260518,XOF8012,F,SGX,IU,Jul 26 ,,,,20260515,B,2,103.460,,-208.00,0.00,,102.94,USD,,,200.00000,20260515F114359001,
20260518,XOF8012,F,SGX,IU,Jul 26 ,,,,20260515,B,1,103.460,,-104.00,0.00,,102.94,USD,,,200.00000,20260515F114363001,
20260518,XOF8012,F,SGX,IU,Jul 26 ,,,,20260515,B,1,103.470,,-106.00,0.00,,102.94,USD,,,200.00000,20260515F114361001,
20260518,XOF8012,F,SGX,IU,Jul 26 ,,,,20260513,B,1,103.590,,-130.00,0.00,,102.94,USD,,,200.00000,20260513F018546001,
20260518,XOF8012,F,SGX,IU,Jul 26 ,,,,20260513,B,1,103.600,,-132.00,0.00,,102.94,USD,,,200.00000,20260513F018543001,
20260518,XOF8012,F,SGX,IU,Jul 26 ,,,,20260513,B,1,103.620,,-136.00,0.00,,102.94,USD,,,200.00000,20260513F019348001,
20260518,XOF8012,F,SGX,IU,Jul 26 ,,,,20260513,B,1,103.650,,-142.00,0.00,,102.94,USD,,,200.00000,20260513F114504001,
20260518,XOF8013,F,SGX,IU,May 26 ,,,,20260518,B,12,103.790,,-48.00,0.00,,103.77,USD,,,200.00000,20260518F110779001,
20260518,XOF8013,F,SGX,IU,May 26 ,,,,20260518,B,12,103.790,,-48.00,0.00,,103.77,USD,,,200.00000,20260518F110781001,
20260518,XOF8013,F,SGX,IU,May 26 ,,,,20260518,B,24,103.790,,-96.00,0.00,,103.77,USD,,,200.00000,20260518F110791001,
20260518,XOF8013,F,SGX,IU,May 26 ,,,,20260518,B,1,103.800,,-6.00,0.00,,103.77,USD,,,200.00000,20260518F110782001,
20260518,XOF8013,F,SGX,IU,May 26 ,,,,20260518,B,1,103.800,,-6.00,0.00,,103.77,USD,,,200.00000,20260518F110784001,
20260518,XOF8013,F,SGX,IU,May 26 ,,,,20260518,B,10,103.890,,-240.00,0.00,,103.77,USD,,,200.00000,20260518F111001001,
20260518,XOF8013,F,SGX,IU,May 26 ,,,,20260518,B,5,103.890,,-120.00,0.00,,103.77,USD,,,200.00000,20260518F111003001,
20260518,XOF8013,F,SGX,IU,May 26 ,,,,20260518,B,20,103.890,,-480.00,0.00,,103.77,USD,,,200.00000,20260518F111005001,
20260518,XOF8013,F,SGX,IU,May 26 ,,,,20260518,B,15,103.890,,-360.00,0.00,,103.77,USD,,,200.00000,20260518F111007001,
20260518,XOF8013,F,SGX,IU,May 26 ,,,,20260518,B,21,103.910,,-588.00,0.00,,103.77,USD,,,200.00000,20260518F110972001,
20260518,XOF8013,F,SGX,IU,May 26 ,,,,20260518,B,20,103.910,,-560.00,0.00,,103.77,USD,,,200.00000,20260518F110974001,
20260518,XOF8013,F,SGX,IU,May 26 ,,,,20260518,B,23,103.910,,-644.00,0.00,,103.77,USD,,,200.00000,20260518F110976001,
20260518,XOF8013,F,SGX,IU,May 26 ,,,,20260518,B,36,103.910,,-1008.00,0.00,,103.77,USD,,,200.00000,20260518F110978001,
20260518,XOF8013,F,SGX,IU,Jun 26 ,,,,20260518,B,24,103.450,,-720.00,0.00,,103.3,USD,,,200.00000,20260518F111299001,
20260518,XOF8013,F,SGX,IU,Jun 26 ,,,,20260518,B,19,103.450,,-570.00,0.00,,103.3,USD,,,200.00000,20260518F111301001,
20260518,XOF8013,F,SGX,IU,Jul 26 ,,,,20260518,S,4,103.030,,72.00,0.00,,102.94,USD,,,200.00000,20260518F111179001,
20260518,XOF8013,F,SGX,IU,Jul 26 ,,,,20260518,S,1,103.030,,18.00,0.00,,102.94,USD,,,200.00000,20260518F111181001,
20260518,XOF8013,F,SGX,IU,Jul 26 ,,,,20260518,S,2,103.040,,40.00,0.00,,102.94,USD,,,200.00000,20260518F111175001,
20260518,XOF8013,F,SGX,IU,Jul 26 ,,,,20260518,S,2,103.040,,40.00,0.00,,102.94,USD,,,200.00000,20260518F111228001,
20260518,XOF8013,F,SGX,IU,Jul 26 ,,,,20260518,S,3,103.050,,66.00,0.00,,102.94,USD,,,200.00000,20260518F111171001,
20260518,XOF8013,F,SGX,IU,Jul 26 ,,,,20260518,S,4,103.050,,88.00,0.00,,102.94,USD,,,200.00000,20260518F111177001,
20260518,XOF8013,F,SGX,IU,Jul 26 ,,,,20260518,S,4,103.050,,88.00,0.00,,102.94,USD,,,200.00000,20260518F111187001,
20260518,XOF8013,F,SGX,IU,Jul 26 ,,,,20260518,S,1,103.050,,22.00,0.00,,102.94,USD,,,200.00000,20260518F111189001,
20260518,XOF8013,F,SGX,IU,Jul 26 ,,,,20260518,S,1,103.050,,22.00,0.00,,102.94,USD,,,200.00000,20260518F111191001,
20260518,XOF8013,F,SGX,IU,Jul 26 ,,,,20260518,S,1,103.050,,22.00,0.00,,102.94,USD,,,200.00000,20260518F111195001,
20260518,XOF8013,F,SGX,IU,Jul 26 ,,,,20260518,S,1,103.050,,22.00,0.00,,102.94,USD,,,200.00000,20260518F111199001,
20260518,XOF8013,F,SGX,IU,Jul 26 ,,,,20260518,S,4,103.060,,96.00,0.00,,102.94,USD,,,200.00000,20260518F110880001,
20260518,XOF8013,F,SGX,IU,Jul 26 ,,,,20260518,S,1,103.060,,24.00,0.00,,102.94,USD,,,200.00000,20260518F110882001,
20260518,XOF8013,F,SGX,IU,Jul 26 ,,,,20260518,S,1,103.060,,24.00,0.00,,102.94,USD,,,200.00000,20260518F111173001,
20260518,XOF8013,F,SGX,IU,Jul 26 ,,,,20260518,S,1,103.060,,24.00,0.00,,102.94,USD,,,200.00000,20260518F111197001,
20260518,XOF8013,F,SGX,IU,Jul 26 ,,,,20260518,S,4,103.060,,96.00,0.00,,102.94,USD,,,200.00000,20260518F111223001,
20260518,XOF8013,F,SGX,IU,Jul 26 ,,,,20260518,S,1,103.070,,26.00,0.00,,102.94,USD,,,200.00000,20260518F016150001,
20260518,XOF8013,F,SGX,IU,Jul 26 ,,,,20260518,S,1,103.070,,26.00,0.00,,102.94,USD,,,200.00000,20260518F020370001,
20260518,XOF8013,F,SGX,IU,Jul 26 ,,,,20260518,S,4,103.070,,104.00,0.00,,102.94,USD,,,200.00000,20260518F111226001,
20260518,XOF8013,F,SGX,IU,Jul 26 ,,,,20260518,S,1,103.070,,26.00,0.00,,102.94,USD,,,200.00000,20260518F111268001,
20260518,XOF8013,F,SGX,IU,Jul 26 ,,,,20260518,S,1,103.070,,26.00,0.00,,102.94,USD,,,200.00000,20260518F111271001,
20260518,XOF8013,F,SGX,IU,Jul 26 ,,,,20260518,S,1,103.080,,28.00,0.00,,102.94,USD,,,200.00000,20260518F016147001,
20260518,XOF8013,F,SGX,IU,Jul 26 ,,,,20260518,S,1,103.080,,28.00,0.00,,102.94,USD,,,200.00000,20260518F019808001,
20260518,XOF8013,F,SGX,IU,Jul 26 ,,,,20260518,S,1,103.080,,28.00,0.00,,102.94,USD,,,200.00000,20260518F020853001,
20260518,XOF8013,F,SGX,IU,Jul 26 ,,,,20260518,S,1,103.080,,28.00,0.00,,102.94,USD,,,200.00000,20260518F028202001,
20260518,XOF8013,F,SGX,IU,Jul 26 ,,,,20260518,S,1,103.080,,28.00,0.00,,102.94,USD,,,200.00000,20260518F111221001,
20260518,XOF8013,F,SGX,IU,Jul 26 ,,,,20260518,S,1,103.090,,30.00,0.00,,102.94,USD,,,200.00000,20260518F011996001,
20260518,XOF8013,F,SGX,IU,Jul 26 ,,,,20260518,S,1,103.090,,30.00,0.00,,102.94,USD,,,200.00000,20260518F017823001,
20260518,XOF8013,F,SGX,IU,Jul 26 ,,,,20260518,S,1,103.090,,30.00,0.00,,102.94,USD,,,200.00000,20260518F019955001,
20260518,XOF8013,F,SGX,IU,Jul 26 ,,,,20260518,S,1,103.090,,30.00,0.00,,102.94,USD,,,200.00000,20260518F110886001,
20260518,XOF8013,F,SGX,IU,Jul 26 ,,,,20260518,S,1,103.090,,30.00,0.00,,102.94,USD,,,200.00000,20260518F110888001,
20260518,XOF8013,F,SGX,IU,Jul 26 ,,,,20260518,S,1,103.090,,30.00,0.00,,102.94,USD,,,200.00000,20260518F111248001,
20260518,XOF8013,F,SGX,IU,Jul 26 ,,,,20260518,S,1,103.100,,32.00,0.00,,102.94,USD,,,200.00000,20260518F015262001,
20260518,XOF8013,F,SGX,IU,Jul 26 ,,,,20260518,S,1,103.100,,32.00,0.00,,102.94,USD,,,200.00000,20260518F026933001,
20260518,XOF8013,F,SGX,IU,Jul 26 ,,,,20260518,S,1,103.100,,32.00,0.00,,102.94,USD,,,200.00000,20260518F110890001,
20260518,XOF8013,F,SGX,IU,Jul 26 ,,,,20260518,S,1,103.100,,32.00,0.00,,102.94,USD,,,200.00000,20260518F111231001,
20260518,XOF8013,F,SGX,IU,Jul 26 ,,,,20260518,S,1,103.100,,32.00,0.00,,102.94,USD,,,200.00000,20260518F111234001,
20260518,XOF8013,F,SGX,IU,Jul 26 ,,,,20260518,S,1,103.100,,32.00,0.00,,102.94,USD,,,200.00000,20260518F111236001,
20260518,XOF8013,F,SGX,IU,Jul 26 ,,,,20260518,S,1,103.100,,32.00,0.00,,102.94,USD,,,200.00000,20260518F111287001,
20260518,XOF8013,F,SGX,IU,Jul 26 ,,,,20260518,S,1,103.100,,32.00,0.00,,102.94,USD,,,200.00000,20260518F111289001,
20260518,XOF8013,F,SGX,IU,Jul 26 ,,,,20260518,S,2,103.120,,72.00,0.00,,102.94,USD,,,200.00000,20260518F110901001,
20260518,XOF8013,F,SGX,IU,Jul 26 ,,,,20260518,S,2,103.120,,72.00,0.00,,102.94,USD,,,200.00000,20260518F110903001,
20260518,XOF8013,F,SGX,IU,Jul 26 ,,,,20260518,S,1,103.130,,38.00,0.00,,102.94,USD,,,200.00000,20260518F022079001,
20260518,XOF8013,F,SGX,IU,Jul 26 ,,,,20260518,S,1,103.140,,40.00,0.00,,102.94,USD,,,200.00000,20260518F021902001,
20260518,XOF8013,F,SGX,IU,Jul 26 ,,,,20260518,S,1,103.140,,40.00,0.00,,102.94,USD,,,200.00000,20260518F028680001,
20260518,XOF8013,F,SGX,IU,Jul 26 ,,,,20260518,S,1,103.150,,42.00,0.00,,102.94,USD,,,200.00000,20260518F028156001,
20260518,XOF8013,F,SGX,IU,Jul 26 ,,,,20260518,S,1,103.150,,42.00,0.00,,102.94,USD,,,200.00000,20260518F028679001,
20260518,XOF8013,F,SGX,IU,Jul 26 ,,,,20260518,S,1,103.150,,42.00,0.00,,102.94,USD,,,200.00000,20260518F028688001,
20260518,XOF8013,F,SGX,IU,Jul 26 ,,,,20260518,S,3,103.160,,132.00,0.00,,102.94,USD,,,200.00000,20260518F110989001,
20260518,XOF8013,F,SGX,IU,Jul 26 ,,,,20260518,S,4,103.200,,208.00,0.00,,102.94,USD,,,200.00000,20260518F110928001,
20260518,XOF8013,F,SGX,IU,Jul 26 ,,,,20260518,S,1,103.210,,54.00,0.00,,102.94,USD,,,200.00000,20260518F003843001,
20260518,XOF8013,F,SGX,IU,Jul 26 ,,,,20260518,S,1,103.220,,56.00,0.00,,102.94,USD,,,200.00000,20260518F003262001,
20260518,XOF8013,F,SGX,IU,Jul 26 ,,,,20260518,S,1,103.220,,56.00,0.00,,102.94,USD,,,200.00000,20260518F003846001,
20260518,XOF8013,F,SGX,IU,Jul 26 ,,,,20260518,S,1,103.230,,58.00,0.00,,102.94,USD,,,200.00000,20260518F003152001,
20260518,XOF8013,F,SGX,IU,Jul 26 ,,,,20260518,S,1,103.230,,58.00,0.00,,102.94,USD,,,200.00000,20260518F003204001,
20260518,XOF8013,F,SGX,IU,Jul 26 ,,,,20260518,S,1,103.230,,58.00,0.00,,102.94,USD,,,200.00000,20260518F003215001,
20260518,XOF8013,F,SGX,IU,Jul 26 ,,,,20260518,S,1,103.230,,58.00,0.00,,102.94,USD,,,200.00000,20260518F003562001,
20260518,XOF8013,F,SGX,IU,Jul 26 ,,,,20260518,S,1,103.230,,58.00,0.00,,102.94,USD,,,200.00000,20260518F004616001,
20260518,XOF8013,F,SGX,IU,Jul 26 ,,,,20260518,S,1,103.240,,60.00,0.00,,102.94,USD,,,200.00000,20260518F003210001,
20260518,XOF8013,F,SGX,IU,Jul 26 ,,,,20260518,S,1,103.240,,60.00,0.00,,102.94,USD,,,200.00000,20260518F110940001,
20260518,XOF8013,F,SGX,IU,Jul 26 ,,,,20260518,S,1,103.250,,62.00,0.00,,102.94,USD,,,200.00000,20260518F003147001,
20260518,XOF8013,F,SGX,IU,Jul 26 ,,,,20260518,S,1,103.250,,62.00,0.00,,102.94,USD,,,200.00000,20260518F003259001,
20260518,XOF8013,F,SGX,IU,Jul 26 ,,,,20260518,S,1,103.250,,62.00,0.00,,102.94,USD,,,200.00000,20260518F005575001,
20260518,XOF8013,F,SGX,IU,Jul 26 ,,,,20260518,S,1,103.250,,62.00,0.00,,102.94,USD,,,200.00000,20260518F005915001,
20260518,XOF8013,F,SGX,IU,Jul 26 ,,,,20260518,S,1,103.260,,64.00,0.00,,102.94,USD,,,200.00000,20260518F003257001,
20260518,XOF8013,F,SGX,IU,Jul 26 ,,,,20260518,S,1,103.260,,64.00,0.00,,102.94,USD,,,200.00000,20260518F005619001,
20260518,XOF8013,F,SGX,IU,Jul 26 ,,,,20260518,S,1,103.260,,64.00,0.00,,102.94,USD,,,200.00000,20260518F005627001,
20260518,XOF8013,F,SGX,IU,Jul 26 ,,,,20260518,S,2,103.260,,128.00,0.00,,102.94,USD,,,200.00000,20260518F005880001,
20260518,XOF8013,F,SGX,IU,Jul 26 ,,,,20260518,S,1,103.260,,64.00,0.00,,102.94,USD,,,200.00000,20260518F008224001,
20260518,XOF8013,F,SGX,IU,Jul 26 ,,,,20260518,S,1,103.260,,64.00,0.00,,102.94,USD,,,200.00000,20260518F008320001,
20260518,XOF8013,F,SGX,IU,Jul 26 ,,,,20260518,S,1,103.280,,68.00,0.00,,102.94,USD,,,200.00000,20260518F003255001,
20260518,XOF8013,F,SGX,IU,Jul 26 ,,,,20260518,S,1,103.280,,68.00,0.00,,102.94,USD,,,200.00000,20260518F008504001,
20260518,XOF8013,F,SGX,IU,Jul 26 ,,,,20260518,S,1,103.290,,70.00,0.00,,102.94,USD,,,200.00000,20260518F003252001,
20260518,XOF8013,F,SGX,IU,Jul 26 ,,,,20260518,S,1,103.290,,70.00,0.00,,102.94,USD,,,200.00000,20260518F008492001,
20260518,XOF8013,F,SGX,IU,Jul 26 ,,,,20260518,S,1,103.300,,72.00,0.00,,102.94,USD,,,200.00000,20260518F009706001,
20260518,XOF8013,F,SGX,IU,Jul 26 ,,,,20260515,S,4,103.450,,408.00,0.00,,102.94,USD,,,200.00000,20260515F114510001,
20260518,XOF8013,F,SGX,IU,Jul 26 ,,,,20260515,S,4,103.450,,408.00,0.00,,102.94,USD,,,200.00000,20260515F114523001,
20260518,XOF8013,F,SGX,IU,Jul 26 ,,,,20260515,S,1,103.450,,102.00,0.00,,102.94,USD,,,200.00000,20260515F114525001,
20260518,XOF8013,F,SGX,IU,Jul 26 ,,,,20260515,S,4,103.450,,408.00,0.00,,102.94,USD,,,200.00000,20260515F114533001,
20260518,XOF8013,F,SGX,IU,Jul 26 ,,,,20260515,S,4,103.450,,408.00,0.00,,102.94,USD,,,200.00000,20260515F114539001,
20260518,XOF8013,F,SGX,IU,Jul 26 ,,,,20260515,S,3,103.460,,312.00,0.00,,102.94,USD,,,200.00000,20260515F018479001,
20260518,XOF8013,F,SGX,IU,Jul 26 ,,,,20260515,S,1,103.460,,104.00,0.00,,102.94,USD,,,200.00000,20260515F018480001,
20260518,XOF8013,F,SGX,IU,Jul 26 ,,,,20260515,S,1,103.460,,104.00,0.00,,102.94,USD,,,200.00000,20260515F114529001,
20260518,XOF8013,F,SGX,IU,Jul 26 ,,,,20260515,S,1,103.460,,104.00,0.00,,102.94,USD,,,200.00000,20260515F114531001,
20260518,XOF8013,F,SGX,IU,Jul 26 ,,,,20260515,S,1,103.460,,104.00,0.00,,102.94,USD,,,200.00000,20260515F114536001,
20260518,XOF8013,F,SGX,IU,Jul 26 ,,,,20260515,S,4,103.470,,424.00,0.00,,102.94,USD,,,200.00000,20260515F017386001,
20260518,XOF8013,F,SGX,IU,Jul 26 ,,,,20260515,S,4,103.470,,424.00,0.00,,102.94,USD,,,200.00000,20260515F018487001,
20260518,XOF8013,F,SGX,IU,Jul 26 ,,,,20260515,S,1,103.470,,106.00,0.00,,102.94,USD,,,200.00000,20260515F018491001,
20260518,XOF8013,F,SGX,IU,Jul 26 ,,,,20260515,S,1,103.470,,106.00,0.00,,102.94,USD,,,200.00000,20260515F114512001,
20260518,XOF8013,F,SGX,IU,Jul 26 ,,,,20260515,S,4,103.470,,424.00,0.00,,102.94,USD,,,200.00000,20260515F114534001,
20260518,XOF8013,F,SGX,IU,Jul 26 ,,,,20260515,S,3,103.480,,324.00,0.00,,102.94,USD,,,200.00000,20260515F114527001,
20260518,XOF8013,F,SGX,IU,Jul 26 ,,,,20260515,S,1,103.490,,110.00,0.00,,102.94,USD,,,200.00000,20260515F114513001,
20260518,XOF8013,F,SGX,IU,Jul 26 ,,,,20260515,S,4,103.490,,440.00,0.00,,102.94,USD,,,200.00000,20260515F114516001,
20260518,XOF8013,F,SGX,IU,Jul 26 ,,,,20260515,S,1,103.490,,110.00,0.00,,102.94,USD,,,200.00000,20260515F114520001,
20260518,XOF8013,F,SGX,IU,Jul 26 ,,,,20260515,S,1,103.500,,112.00,0.00,,102.94,USD,,,200.00000,20260515F114443001,
20260518,XOF8013,F,SGX,IU,Jul 26 ,,,,20260515,S,4,103.500,,448.00,0.00,,102.94,USD,,,200.00000,20260515F114518001,
20260518,XOF8013,F,SGX,IU,Jul 26 ,,,,20260515,S,1,103.520,,116.00,0.00,,102.94,USD,,,200.00000,20260515F114448001,
20260518,XOF8013,F,SGX,IU,Jul 26 ,,,,20260515,S,2,103.530,,236.00,0.00,,102.94,USD,,,200.00000,20260515F114477001,
20260518,XOF8013,F,SGX,IU,Jul 26 ,,,,20260515,S,2,103.530,,236.00,0.00,,102.94,USD,,,200.00000,20260515F114506001,
20260518,XOF8013,F,SGX,IU,Jul 26 ,,,,20260515,S,1,103.530,,118.00,0.00,,102.94,USD,,,200.00000,20260515F114508001,
20260518,XOF8013,F,SGX,IU,Jul 26 ,,,,20260515,S,4,103.540,,480.00,0.00,,102.94,USD,,,200.00000,20260515F114498001,
20260518,XOF8013,F,SGX,IU,Jul 26 ,,,,20260515,S,4,103.540,,480.00,0.00,,102.94,USD,,,200.00000,20260515F114500001,
20260518,XOF8013,F,SGX,IU,Jul 26 ,,,,20260515,S,4,103.540,,480.00,0.00,,102.94,USD,,,200.00000,20260515F114504001,
20260518,XOF8013,F,SGX,IU,Jul 26 ,,,,20260515,S,4,103.550,,488.00,0.00,,102.94,USD,,,200.00000,20260515F025014001,
20260518,XOF8013,F,SGX,IU,Jul 26 ,,,,20260515,S,1,103.560,,124.00,0.00,,102.94,USD,,,200.00000,20260515F114502001,
20260518,XOF8013,F,SGX,IU,Jul 26 ,,,,20260512,S,3,103.620,,408.00,0.00,,102.94,USD,,,200.00000,20260512F027101001,
20260518,XOF8013,F,SGX,IU,Jul 26 ,,,,20260512,S,1,103.620,,136.00,0.00,,102.94,USD,,,200.00000,20260512F027103001,
20260518,XOF8013,F,SGX,IU,Jul 26 ,,,,20260515,S,5,103.620,,680.00,0.00,,102.94,USD,,,200.00000,20260515F026151001,
20260518,XOF8013,F,SGX,IU,Jul 26 ,,,,20260513,S,2,103.630,,276.00,0.00,,102.94,USD,,,200.00000,20260513F114719001,
20260518,XOF8013,F,SGX,IU,Jul 26 ,,,,20260515,S,1,103.640,,140.00,0.00,,102.94,USD,,,200.00000,20260515F025094001,
20260518,XOF8013,F,SGX,IU,Jul 26 ,,,,20260513,S,1,103.650,,142.00,0.00,,102.94,USD,,,200.00000,20260513F114724001,
20260518,XOF8013,F,SGX,IU,Jul 26 ,,,,20260512,S,4,103.660,,576.00,0.00,,102.94,USD,,,200.00000,20260512F026472001,
20260518,XOF8013,F,SGX,IU,Jul 26 ,,,,20260514,S,1,103.660,,144.00,0.00,,102.94,USD,,,200.00000,20260514F025016001,
20260518,XOF8013,F,SGX,IU,Jul 26 ,,,,20260515,S,4,103.670,,584.00,0.00,,102.94,USD,,,200.00000,20260515F025065001,
20260518,XOF8013,F,SGX,IU,Jul 26 ,,,,20260514,S,4,103.690,,600.00,0.00,,102.94,USD,,,200.00000,20260514F124791001,
20260518,XOF8013,F,SGX,IU,Jul 26 ,,,,20260514,S,1,103.760,,164.00,0.00,,102.94,USD,,,200.00000,20260514F124785001,
20260518,XOF8013,F,SGX,IU,Jul 26 ,,,,20260514,S,4,103.770,,664.00,0.00,,102.94,USD,,,200.00000,20260514F124787001,
20260518,XOF8013,F,SGX,IU,Jul 26 ,,,,20260514,S,4,103.800,,688.00,0.00,,102.94,USD,,,200.00000,20260514F124789001,
20260518,XOF8013,F,SGX,IU,Jul 26 ,,,,20260511,S,3,104.050,,666.00,0.00,,102.94,USD,,,200.00000,20260511F100274001,
20260518,XOF8013,F,SGX,IU,Jul 26 ,,,,20260511,S,4,104.060,,896.00,0.00,,102.94,USD,,,200.00000,20260511F100266001,
20260518,XOF8013,F,SGX,IU,Jul 26 ,,,,20260511,S,1,104.060,,224.00,0.00,,102.94,USD,,,200.00000,20260511F100268001,
20260518,XOF8013,F,SGX,IU,Jul 26 ,,,,20260511,S,4,104.080,,912.00,0.00,,102.94,USD,,,200.00000,20260511F100270001,
20260518,XOF8013,F,SGX,IU,Jul 26 ,,,,20260511,S,1,104.080,,228.00,0.00,,102.94,USD,,,200.00000,20260511F100276001,
20260518,XOF8013,F,SGX,IU,Jul 26 ,,,,20260511,S,1,104.080,,228.00,0.00,,102.94,USD,,,200.00000,20260511F100278001,
20260518,XOF8013,F,SGX,IU,Jul 26 ,,,,20260511,S,1,104.090,,230.00,0.00,,102.94,USD,,,200.00000,20260511F100272001,
20260518,XOF8013,F,SGX,IU,Jul 26 ,,,,20260511,S,1,104.100,,232.00,0.00,,102.94,USD,,,200.00000,20260511F100238001,
20260518,XOF8013,F,SGX,IU,Jul 26 ,,,,20260511,S,1,104.100,,232.00,0.00,,102.94,USD,,,200.00000,20260511F100255001,
20260518,XOF8013,F,SGX,IU,Jul 26 ,,,,20260511,S,1,104.130,,238.00,0.00,,102.94,USD,,,200.00000,20260511F100232001,
20260518,XOF8013,F,SGX,IU,Jul 26 ,,,,20260511,S,1,104.130,,238.00,0.00,,102.94,USD,,,200.00000,20260511F100234001,
20260518,XOF8013,F,SGX,IU,Jul 26 ,,,,20260511,S,1,104.130,,238.00,0.00,,102.94,USD,,,200.00000,20260511F100239001,
20260518,XOF8013,F,SGX,IU,Jul 26 ,,,,20260511,S,1,104.130,,238.00,0.00,,102.94,USD,,,200.00000,20260511F100240001,
20260518,XOF8013,F,SGX,IU,Jul 26 ,,,,20260511,S,4,104.150,,968.00,0.00,,102.94,USD,,,200.00000,20260511F015705001,
20260518,XOF8013,F,SGX,IU,Jul 26 ,,,,20260511,S,3,104.160,,732.00,0.00,,102.94,USD,,,200.00000,20260511F015703001,
20260518,XOF8014,F,DGCX,DINR,May 26 ,,,,20260515,S,1,104.1700,,70.00,0.00,,103.82,USD,,DGCX-DMA,200.00000,20260515F068471001,
20260518,XOF8014,F,DGCX,DINR,May 26 ,,,,20260515,S,1,104.1700,,70.00,0.00,,103.82,USD,,DGCX-DMA,200.00000,20260515F068472001,
20260518,XOF8014,F,DGCX,DINR,May 26 ,,,,20260515,S,1,104.2800,,92.00,0.00,,103.82,USD,,DGCX-DMA,200.00000,20260515F068473001,
20260518,XOF8014,F,DGCX,DINR,May 26 ,,,,20260515,S,1,104.2800,,92.00,0.00,,103.82,USD,,DGCX-DMA,200.00000,20260515F068474001,
20260518,XOF8014,F,SGX,IU,May 26 ,,,,20260518,B,4,103.880,,-88.00,0.00,,103.77,USD,,,200.00000,20260518F022147001,
20260518,XOF8017,F,DGCX,DINR,May 26 ,,,,20260518,S,3,103.8000,,-12.00,0.00,,103.82,USD,,DGCX-DMA,200.00000,20260518F066577001,
20260518,XOF8017,F,DGCX,DINR,Jun 26 ,,,,20260515,S,5,103.9000,,460.00,0.00,,103.44,USD,,DGCX-DMA,200.00000,20260515F068525001,
20260518,XOF8017,F,SGX,IU,May 26 ,,,,20260518,B,3,103.890,,-72.00,0.00,,103.77,USD,,,200.00000,20260518F022487001,
20260518,XOF8017,F,SGX,IU,Jun 26 ,,,,20260518,B,5,103.480,,-180.00,0.00,,103.3,USD,,,200.00000,20260518F024768001,
20260518,XOF8018,F,DGCX,DINR,May 26 ,,,,20260514,B,1,104.5100,,-138.00,0.00,,103.82,USD,,DGCX-DMA,200.00000,20260514F073561001,
20260518,XOF8018,F,DGCX,DINR,May 26 ,,,,20260514,B,5,104.5200,,-700.00,0.00,,103.82,USD,,DGCX-DMA,200.00000,20260514F073562001,
20260518,XOF8018,F,DGCX,DINR,May 26 ,,,,20260514,B,5,104.5200,,-700.00,0.00,,103.82,USD,,DGCX-DMA,200.00000,20260514F073563001,
20260518,XOF8018,F,DGCX,DINR,May 26 ,,,,20260514,B,3,104.5200,,-420.00,0.00,,103.82,USD,,DGCX-DMA,200.00000,20260514F073564001,
20260518,XOF8018,F,DGCX,DINR,May 26 ,,,,20260514,B,2,104.5200,,-280.00,0.00,,103.82,USD,,DGCX-DMA,200.00000,20260514F073565001,
20260518,XOF8018,F,SGX,IU,May 26 ,,,,20260515,S,16,104.260,,1568.00,0.00,,103.77,USD,,,200.00000,20260515F018020001,
20260518,XOF8019,F,DGCX,DINR,May 26 ,,,,20260518,B,23,103.7800,,184.00,0.00,,103.82,USD,,DGCX-DMA,200.00000,20260518F066591001,
20260518,XOF8019,F,DGCX,DINR,May 26 ,,,,20260518,B,40,103.8400,,-160.00,0.00,,103.82,USD,,DGCX-DMA,200.00000,20260518F066586001,
20260518,XOF8019,F,DGCX,DINR,May 26 ,,,,20260518,B,1,103.8800,,-12.00,0.00,,103.82,USD,,DGCX-DMA,200.00000,20260518F066597001,
20260518,XOF8019,F,DGCX,DINR,May 26 ,,,,20260518,B,1,103.8800,,-12.00,0.00,,103.82,USD,,DGCX-DMA,200.00000,20260518F066600001,
20260518,XOF8019,F,DGCX,DINR,May 26 ,,,,20260518,B,5,103.8800,,-60.00,0.00,,103.82,USD,,DGCX-DMA,200.00000,20260518F066602001,
20260518,XOF8019,F,DGCX,DINR,May 26 ,,,,20260518,B,1,103.8800,,-12.00,0.00,,103.82,USD,,DGCX-DMA,200.00000,20260518F066603001,
20260518,XOF8019,F,DGCX,DINR,May 26 ,,,,20260518,B,1,103.8800,,-12.00,0.00,,103.82,USD,,DGCX-DMA,200.00000,20260518F066605001,
20260518,XOF8019,F,DGCX,DINR,May 26 ,,,,20260518,B,1,103.9000,,-16.00,0.00,,103.82,USD,,DGCX-DMA,200.00000,20260518F066595001,
20260518,XOF8019,F,DGCX,DINR,May 26 ,,,,20260518,B,42,103.9200,,-840.00,0.00,,103.82,USD,,DGCX-DMA,200.00000,20260518F066594001,
20260518,XOF8019,F,DGCX,DINR,Jun 26 ,,,,20260518,S,23,103.4500,,46.00,0.00,,103.44,USD,,DGCX-DMA,200.00000,20260518F066585001,
20260518,XOF8019,F,DGCX,DINR,Jun 26 ,,,,20260518,S,56,103.4500,,112.00,0.00,,103.44,USD,,DGCX-DMA,200.00000,20260518F066587001,
20260518,XOF8019,F,DGCX,DINR,Jun 26 ,,,,20260518,S,1,103.5000,,12.00,0.00,,103.44,USD,,DGCX-DMA,200.00000,20260518F066598001,
20260518,XOF8019,F,DGCX,DINR,Jun 26 ,,,,20260518,S,1,103.5000,,12.00,0.00,,103.44,USD,,DGCX-DMA,200.00000,20260518F066599001,
20260518,XOF8019,F,DGCX,DINR,Jun 26 ,,,,20260518,S,5,103.5000,,60.00,0.00,,103.44,USD,,DGCX-DMA,200.00000,20260518F066601001,
20260518,XOF8019,F,DGCX,DINR,Jun 26 ,,,,20260518,S,1,103.5000,,12.00,0.00,,103.44,USD,,DGCX-DMA,200.00000,20260518F066604001,
20260518,XOF8019,F,DGCX,DINR,Jun 26 ,,,,20260518,S,1,103.5000,,12.00,0.00,,103.44,USD,,DGCX-DMA,200.00000,20260518F066606001,
20260518,XOF8019,F,DGCX,DINR,Jun 26 ,,,,20260518,S,1,103.5100,,14.00,0.00,,103.44,USD,,DGCX-DMA,200.00000,20260518F066596001,
20260518,XOF8019,F,DGCX,DINR,Jun 26 ,,,,20260518,S,5,103.5300,,90.00,0.00,,103.44,USD,,DGCX-DMA,200.00000,20260518F066592001,
20260518,XOF8019,F,DGCX,DINR,Jun 26 ,,,,20260518,S,42,103.5400,,840.00,0.00,,103.44,USD,,DGCX-DMA,200.00000,20260518F066593001,
20260518,XOF8019,F,SGX,IU,May 26 ,,,,20260518,S,63,103.880,,1386.00,0.00,,103.77,USD,,,200.00000,20260518F024619001,
20260518,XOF8019,F,SGX,IU,Jun 26 ,,,,20260518,B,79,103.500,,-3160.00,0.00,,103.3,USD,,,200.00000,20260518F024620001,
20260518,XOF8019,F,SGX,IU,Jun 26 ,,,,20260518,B,4,103.510,,-168.00,0.00,,103.3,USD,,,200.00000,20260518F110915001,
20260518,XOF8019,F,SGX,IU,Jun 26 ,,,,20260518,B,1,103.510,,-42.00,0.00,,103.3,USD,,,200.00000,20260518F110916001,
20260518,XOF9000,F,COMEX,GD,Jun 26 ,, ,,,S,2,0.00,,0.00,0.00,0,4558,USD,,,100.00000,SPS02202001,0.00
20260518,XOF9000,F,COMEX,GD,Aug 26 ,, ,,,B,1,0.00,,0.00,0.00,0,4591.8,USD,,,100.00000,SPB02433001,0.00
20260518,XOF9000,F,COMEX,MGC,Jun 26 ,, ,,,S,108,0.00,,0.00,0.00,0,4558,USD,,,10.00000,SPS02373001,0.00
20260518,XOF9000,F,COMEX,MGC,Aug 26 ,, ,,,B,4,0.00,,0.00,0.00,0,4591.8,USD,,,10.00000,SPB02374001,0.00
20260518,XOF9000,F,COMEX,SIC,Jul 26 ,, ,,,B,72,0.000,,0.00,0.00,0,77.44,USD,,,100.00000,SPB02434001,0.00
20260518,XOF9000,F,COMEX,SIC,Sep 26 ,, ,,,B,23,0.000,,0.00,0.00,0,78.01,USD,,,100.00000,SPB02375001,0.00
20260518,XOF9000,F,COMEX,SIL,Jul 26 ,, ,,,B,26,0.000,,0.00,0.00,0,77.444,USD,,,1000.00000,SPB02401001,0.00
20260518,XOF9000,F,COMEX,SIL,Sep 26 ,, ,,,B,5,0.000,,0.00,0.00,0,78.005,USD,,,1000.00000,SPB02477001,0.00
20260518,XOF9000,F,DGCX,DINR,May 26 ,, ,,,B,595,0.0000,,0.00,0.00,0,103.82,USD,,,200.00000,SPB02203001,0.00
20260518,XOF9000,F,DGCX,DINR,Jun 26 ,, ,,,S,707,0.0000,,0.00,0.00,0,103.44,USD,,,200.00000,SPS02478001,0.00
20260518,XOF9000,F,SGX,IU,May 26 ,, ,,,B,197,0.000,,0.00,0.00,0,103.77,USD,,,200.00000,SPB02788001,0.00
20260518,XOF9000,F,SGX,IU,Jun 26 ,, ,,,B,144,0.000,,0.00,0.00,0,103.3,USD,,,200.00000,SPB02342001,0.00
20260518,XOF9000,F,SGX,IU,Jul 26 ,, ,,,S,229,0.000,,0.00,0.00,0,102.94,USD,,,200.00000,SPS02343001,0.00
20260518,XOF9000,F,TFEX,GO,Jun 26 ,, ,,,B,137,0.00,,0.00,0.00,0,4573.2,THB,,,300.00000,SPB02204001,0.00
20260518,XOF9000,F,TFEX,GO,Sep 26 ,, ,,,S,14,0.00,,0.00,0.00,0,4638.5,THB,,,300.00000,SPS02305001,0.00
20260518,XOF9000,F,TFEX,SVF,Jun 26 ,, ,,,S,338,0.00,,0.00,0.00,0,76.31,THB,,,3000.00000,SPS02205001,0.00
20260518,XOF9000,F,TFEX,SVF,Sep 26 ,, ,,,S,104,0.00,,0.00,0.00,0,77.71,THB,,,3000.00000,SPS02344001,0.00
